aoi_group_id,aoi_name,shape_id,reference_id,shape_type,x_min,y_min,x_max,y_max,center_x,center_y,radius,participant,trial_id,condition,phase,time_start,time_end,time_start_event,time_end_event,priority,enabled,rel_start_ms,rel_end_ms,ue_time_start_sec,ue_time_end_sec,viewport_width,viewport_height,source_component,projection_valid,is_clamped,time_mode,session_start_world_sec,session_rel_start_ms,session_rel_end_ms,recording_active,recording_start_world_sec,recording_start_unix_ms,recording_file,video_time_start_ms,video_time_end_ms,time_ms,unix_start_ms,unix_end_ms,bjt_start,bjt_end,loading_start_world_sec,experiment_code,aoi_scope,target_content_index,target_display_index,slot_permutation
"exp2_table_objects","实验二桌面四模型总体区域","Exp2_002_exp2_table_objects_0001","video_relative_to_recording_start",rectangle,0,284,1919,1045,,,,"A017_2","Exp2_002","E1_SPATIAL_PROGRESSIVE",loading,,,,,1,TRUE,0.000,50.000,353.671143,353.721130,1920,1046,"ObjectSlot1-4",1,1,"video_relative_to_screen_recording_start",36.078785,317592.344,317642.344,1,36.078785,"1781266396475","../../../../../../Project/UE5/Gallery/Saved/ScreenRecordings/A017_2_20260612_201316_screen.mkv",317592.344,317642.344,317617.344,"1781266714066","1781266714116","2026-06-12T20:18:34.066+08:00","2026-06-12T20:18:34.116+08:00",353.671143,EXP2,"exp2_table",3,2,"1:4|2:3|3:1|4:2"
"exp2_target_object","实验二当前目标模型_脖子","Exp2_002_exp2_target_object_0002","video_relative_to_recording_start",rectangle,337,319,827,844,,,,"A017_2","Exp2_002","E1_SPATIAL_PROGRESSIVE",loading,,,,,1,TRUE,0.000,50.000,353.671143,353.721130,1920,1046,"ObjectSlot2",1,0,"video_relative_to_screen_recording_start",36.078785,317592.344,317642.344,1,36.078785,"1781266396475","../../../../../../Project/UE5/Gallery/Saved/ScreenRecordings/A017_2_20260612_201316_screen.mkv",317592.344,317642.344,317617.344,"1781266714066","1781266714116","2026-06-12T20:18:34.066+08:00","2026-06-12T20:18:34.116+08:00",353.671143,EXP2,"exp2_target",3,2,"1:4|2:3|3:1|4:2"
"exp2_table_objects","实验二桌面四模型总体区域","Exp2_002_exp2_table_objects_0003","video_relative_to_recording_start",rectangle,0,284,1919,1045,,,,"A017_2","Exp2_002","E1_SPATIAL_PROGRESSIVE",loading,,,,,1,TRUE,50.000,100.000,353.721130,353.771149,1920,1046,"ObjectSlot1-4",1,1,"video_relative_to_screen_recording_start",36.078785,317642.344,317692.344,1,36.078785,"1781266396475","../../../../../../Project/UE5/Gallery/Saved/ScreenRecordings/A017_2_20260612_201316_screen.mkv",317642.344,317692.344,317667.344,"1781266714116","1781266714166","2026-06-12T20:18:34.116+08:00","2026-06-12T20:18:34.166+08:00",353.671143,EXP2,"exp2_table",3,2,"1:4|2:3|3:1|4:2"
"exp2_target_object","实验二当前目标模型_脖子","Exp2_002_exp2_target_object_0004","video_relative_to_recording_start",rectangle,337,319,827,844,,,,"A017_2","Exp2_002","E1_SPATIAL_PROGRESSIVE",loading,,,,,1,TRUE,50.000,100.000,353.721130,353.771149,1920,1046,"ObjectSlot2",1,0,"video_relative_to_screen_recording_start",36.078785,317642.344,317692.344,1,36.078785,"1781266396475","../../../../../../Project/UE5/Gallery/Saved/ScreenRecordings/A017_2_20260612_201316_screen.mkv",317642.344,317692.344,317667.344,"1781266714116","1781266714166","2026-06-12T20:18:34.116+08:00","2026-06-12T20:18:34.166+08:00",353.671143,EXP2,"exp2_target",3,2,"1:4|2:3|3:1|4:2"
"exp2_table_objects","实验二桌面四模型总体区域","Exp2_002_exp2_table_objects_0005","video_relative_to_recording_start",rectangle,0,284,1919,1045,,,,"A017_2","Exp2_002","E1_SPATIAL_PROGRESSIVE",loading,,,,,1,TRUE,100.000,150.000,353.771149,353.821136,1920,1046,"ObjectSlot1-4",1,1,"video_relative_to_screen_recording_start",36.078785,317692.344,317742.344,1,36.078785,"1781266396475","../../../../../../Project/UE5/Gallery/Saved/ScreenRecordings/A017_2_20260612_201316_screen.mkv",317692.344,317742.344,317717.344,"1781266714166","1781266714216","2026-06-12T20:18:34.166+08:00","2026-06-12T20:18:34.216+08:00",353.671143,EXP2,"exp2_table",3,2,"1:4|2:3|3:1|4:2"
"exp2_target_object","实验二当前目标模型_脖子","Exp2_002_exp2_target_object_0006","video_relative_to_recording_start",rectangle,337,319,827,844,,,,"A017_2","Exp2_002","E1_SPATIAL_PROGRESSIVE",loading,,,,,1,TRUE,100.000,150.000,353.771149,353.821136,1920,1046,"ObjectSlot2",1,0,"video_relative_to_screen_recording_start",36.078785,317692.344,317742.344,1,36.078785,"1781266396475","../../../../../../Project/UE5/Gallery/Saved/ScreenRecordings/A017_2_20260612_201316_screen.mkv",317692.344,317742.344,317717.344,"1781266714166","1781266714216","2026-06-12T20:18:34.166+08:00","2026-06-12T20:18:34.216+08:00",353.671143,EXP2,"exp2_target",3,2,"1:4|2:3|3:1|4:2"
"exp2_table_objects","实验二桌面四模型总体区域","Exp2_002_exp2_table_objects_0007","video_relative_to_recording_start",rectangle,0,284,1919,1045,,,,"A017_2","Exp2_002","E1_SPATIAL_PROGRESSIVE",loading,,,,,1,TRUE,150.000,200.000,353.821136,353.871155,1920,1046,"ObjectSlot1-4",1,1,"video_relative_to_screen_recording_start",36.078785,317742.344,317792.344,1,36.078785,"1781266396475","../../../../../../Project/UE5/Gallery/Saved/ScreenRecordings/A017_2_20260612_201316_screen.mkv",317742.344,317792.344,317767.344,"1781266714216","1781266714266","2026-06-12T20:18:34.216+08:00","2026-06-12T20:18:34.266+08:00",353.671143,EXP2,"exp2_table",3,2,"1:4|2:3|3:1|4:2"
"exp2_target_object","实验二当前目标模型_脖子","Exp2_002_exp2_target_object_0008","video_relative_to_recording_start",rectangle,337,319,827,844,,,,"A017_2","Exp2_002","E1_SPATIAL_PROGRESSIVE",loading,,,,,1,TRUE,150.000,200.000,353.821136,353.871155,1920,1046,"ObjectSlot2",1,0,"video_relative_to_screen_recording_start",36.078785,317742.344,317792.344,1,36.078785,"1781266396475","../../../../../../Project/UE5/Gallery/Saved/ScreenRecordings/A017_2_20260612_201316_screen.mkv",317742.344,317792.344,317767.344,"1781266714216","1781266714266","2026-06-12T20:18:34.216+08:00","2026-06-12T20:18:34.266+08:00",353.671143,EXP2,"exp2_target",3,2,"1:4|2:3|3:1|4:2"
"exp2_table_objects","实验二桌面四模型总体区域","Exp2_002_exp2_table_objects_0009","video_relative_to_recording_start",rectangle,0,284,1919,1045,,,,"A017_2","Exp2_002","E1_SPATIAL_PROGRESSIVE",loading,,,,,1,TRUE,200.000,250.000,353.871155,353.921143,1920,1046,"ObjectSlot1-4",1,1,"video_relative_to_screen_recording_start",36.078785,317792.344,317842.344,1,36.078785,"1781266396475","../../../../../../Project/UE5/Gallery/Saved/ScreenRecordings/A017_2_20260612_201316_screen.mkv",317792.344,317842.344,317817.344,"1781266714266","1781266714316","2026-06-12T20:18:34.266+08:00","2026-06-12T20:18:34.316+08:00",353.671143,EXP2,"exp2_table",3,2,"1:4|2:3|3:1|4:2"
"exp2_target_object","实验二当前目标模型_脖子","Exp2_002_exp2_target_object_0010","video_relative_to_recording_start",rectangle,337,319,827,844,,,,"A017_2","Exp2_002","E1_SPATIAL_PROGRESSIVE",loading,,,,,1,TRUE,200.000,250.000,353.871155,353.921143,1920,1046,"ObjectSlot2",1,0,"video_relative_to_screen_recording_start",36.078785,317792.344,317842.344,1,36.078785,"1781266396475","../../../../../../Project/UE5/Gallery/Saved/ScreenRecordings/A017_2_20260612_201316_screen.mkv",317792.344,317842.344,317817.344,"1781266714266","1781266714316","2026-06-12T20:18:34.266+08:00","2026-06-12T20:18:34.316+08:00",353.671143,EXP2,"exp2_target",3,2,"1:4|2:3|3:1|4:2"
"exp2_table_objects","实验二桌面四模型总体区域","Exp2_002_exp2_table_objects_0011","video_relative_to_recording_start",rectangle,0,284,1919,1045,,,,"A017_2","Exp2_002","E1_SPATIAL_PROGRESSIVE",loading,,,,,1,TRUE,250.000,300.000,353.921143,353.971130,1920,1046,"ObjectSlot1-4",1,1,"video_relative_to_screen_recording_start",36.078785,317842.344,317892.344,1,36.078785,"1781266396475","../../../../../../Project/UE5/Gallery/Saved/ScreenRecordings/A017_2_20260612_201316_screen.mkv",317842.344,317892.344,317867.344,"1781266714316","1781266714366","2026-06-12T20:18:34.316+08:00","2026-06-12T20:18:34.366+08:00",353.671143,EXP2,"exp2_table",3,2,"1:4|2:3|3:1|4:2"
"exp2_target_object","实验二当前目标模型_脖子","Exp2_002_exp2_target_object_0012","video_relative_to_recording_start",rectangle,337,319,827,844,,,,"A017_2","Exp2_002","E1_SPATIAL_PROGRESSIVE",loading,,,,,1,TRUE,250.000,300.000,353.921143,353.971130,1920,1046,"ObjectSlot2",1,0,"video_relative_to_screen_recording_start",36.078785,317842.344,317892.344,1,36.078785,"1781266396475","../../../../../../Project/UE5/Gallery/Saved/ScreenRecordings/A017_2_20260612_201316_screen.mkv",317842.344,317892.344,317867.344,"1781266714316","1781266714366","2026-06-12T20:18:34.316+08:00","2026-06-12T20:18:34.366+08:00",353.671143,EXP2,"exp2_target",3,2,"1:4|2:3|3:1|4:2"
"exp2_table_objects","实验二桌面四模型总体区域","Exp2_002_exp2_table_objects_0013","video_relative_to_recording_start",rectangle,0,284,1919,1045,,,,"A017_2","Exp2_002","E1_SPATIAL_PROGRESSIVE",loading,,,,,1,TRUE,300.000,350.000,353.971130,354.021149,1920,1046,"ObjectSlot1-4",1,1,"video_relative_to_screen_recording_start",36.078785,317892.344,317942.344,1,36.078785,"1781266396475","../../../../../../Project/UE5/Gallery/Saved/ScreenRecordings/A017_2_20260612_201316_screen.mkv",317892.344,317942.344,317917.344,"1781266714366","1781266714416","2026-06-12T20:18:34.366+08:00","2026-06-12T20:18:34.416+08:00",353.671143,EXP2,"exp2_table",3,2,"1:4|2:3|3:1|4:2"
"exp2_target_object","实验二当前目标模型_脖子","Exp2_002_exp2_target_object_0014","video_relative_to_recording_start",rectangle,337,319,827,844,,,,"A017_2","Exp2_002","E1_SPATIAL_PROGRESSIVE",loading,,,,,1,TRUE,300.000,350.000,353.971130,354.021149,1920,1046,"ObjectSlot2",1,0,"video_relative_to_screen_recording_start",36.078785,317892.344,317942.344,1,36.078785,"1781266396475","../../../../../../Project/UE5/Gallery/Saved/ScreenRecordings/A017_2_20260612_201316_screen.mkv",317892.344,317942.344,317917.344,"1781266714366","1781266714416","2026-06-12T20:18:34.366+08:00","2026-06-12T20:18:34.416+08:00",353.671143,EXP2,"exp2_target",3,2,"1:4|2:3|3:1|4:2"
"exp2_table_objects","实验二桌面四模型总体区域","Exp2_002_exp2_table_objects_0015","video_relative_to_recording_start",rectangle,0,284,1919,1045,,,,"A017_2","Exp2_002","E1_SPATIAL_PROGRESSIVE",loading,,,,,1,TRUE,350.000,400.000,354.021149,354.071136,1920,1046,"ObjectSlot1-4",1,1,"video_relative_to_screen_recording_start",36.078785,317942.344,317992.344,1,36.078785,"1781266396475","../../../../../../Project/UE5/Gallery/Saved/ScreenRecordings/A017_2_20260612_201316_screen.mkv",317942.344,317992.344,317967.344,"1781266714416","1781266714466","2026-06-12T20:18:34.416+08:00","2026-06-12T20:18:34.466+08:00",353.671143,EXP2,"exp2_table",3,2,"1:4|2:3|3:1|4:2"
"exp2_target_object","实验二当前目标模型_脖子","Exp2_002_exp2_target_object_0016","video_relative_to_recording_start",rectangle,337,319,827,844,,,,"A017_2","Exp2_002","E1_SPATIAL_PROGRESSIVE",loading,,,,,1,TRUE,350.000,400.000,354.021149,354.071136,1920,1046,"ObjectSlot2",1,0,"video_relative_to_screen_recording_start",36.078785,317942.344,317992.344,1,36.078785,"1781266396475","../../../../../../Project/UE5/Gallery/Saved/ScreenRecordings/A017_2_20260612_201316_screen.mkv",317942.344,317992.344,317967.344,"1781266714416","1781266714466","2026-06-12T20:18:34.416+08:00","2026-06-12T20:18:34.466+08:00",353.671143,EXP2,"exp2_target",3,2,"1:4|2:3|3:1|4:2"
"exp2_table_objects","实验二桌面四模型总体区域","Exp2_002_exp2_table_objects_0017","video_relative_to_recording_start",rectangle,0,284,1919,1045,,,,"A017_2","Exp2_002","E1_SPATIAL_PROGRESSIVE",loading,,,,,1,TRUE,400.000,450.000,354.071136,354.121155,1920,1046,"ObjectSlot1-4",1,1,"video_relative_to_screen_recording_start",36.078785,317992.344,318042.344,1,36.078785,"1781266396475","../../../../../../Project/UE5/Gallery/Saved/ScreenRecordings/A017_2_20260612_201316_screen.mkv",317992.344,318042.344,318017.344,"1781266714466","1781266714516","2026-06-12T20:18:34.466+08:00","2026-06-12T20:18:34.516+08:00",353.671143,EXP2,"exp2_table",3,2,"1:4|2:3|3:1|4:2"
"exp2_target_object","实验二当前目标模型_脖子","Exp2_002_exp2_target_object_0018","video_relative_to_recording_start",rectangle,337,319,827,844,,,,"A017_2","Exp2_002","E1_SPATIAL_PROGRESSIVE",loading,,,,,1,TRUE,400.000,450.000,354.071136,354.121155,1920,1046,"ObjectSlot2",1,0,"video_relative_to_screen_recording_start",36.078785,317992.344,318042.344,1,36.078785,"1781266396475","../../../../../../Project/UE5/Gallery/Saved/ScreenRecordings/A017_2_20260612_201316_screen.mkv",317992.344,318042.344,318017.344,"1781266714466","1781266714516","2026-06-12T20:18:34.466+08:00","2026-06-12T20:18:34.516+08:00",353.671143,EXP2,"exp2_target",3,2,"1:4|2:3|3:1|4:2"
"exp2_table_objects","实验二桌面四模型总体区域","Exp2_002_exp2_table_objects_0019","video_relative_to_recording_start",rectangle,0,284,1919,1045,,,,"A017_2","Exp2_002","E1_SPATIAL_PROGRESSIVE",loading,,,,,1,TRUE,450.000,500.000,354.121155,354.171143,1920,1046,"ObjectSlot1-4",1,1,"video_relative_to_screen_recording_start",36.078785,318042.344,318092.344,1,36.078785,"1781266396475","../../../../../../Project/UE5/Gallery/Saved/ScreenRecordings/A017_2_20260612_201316_screen.mkv",318042.344,318092.344,318067.344,"1781266714516","1781266714566","2026-06-12T20:18:34.516+08:00","2026-06-12T20:18:34.566+08:00",353.671143,EXP2,"exp2_table",3,2,"1:4|2:3|3:1|4:2"
"exp2_target_object","实验二当前目标模型_脖子","Exp2_002_exp2_target_object_0020","video_relative_to_recording_start",rectangle,337,319,827,844,,,,"A017_2","Exp2_002","E1_SPATIAL_PROGRESSIVE",loading,,,,,1,TRUE,450.000,500.000,354.121155,354.171143,1920,1046,"ObjectSlot2",1,0,"video_relative_to_screen_recording_start",36.078785,318042.344,318092.344,1,36.078785,"1781266396475","../../../../../../Project/UE5/Gallery/Saved/ScreenRecordings/A017_2_20260612_201316_screen.mkv",318042.344,318092.344,318067.344,"1781266714516","1781266714566","2026-06-12T20:18:34.516+08:00","2026-06-12T20:18:34.566+08:00",353.671143,EXP2,"exp2_target",3,2,"1:4|2:3|3:1|4:2"
"exp2_table_objects","实验二桌面四模型总体区域","Exp2_002_exp2_table_objects_0021","video_relative_to_recording_start",rectangle,0,284,1919,1045,,,,"A017_2","Exp2_002","E1_SPATIAL_PROGRESSIVE",loading,,,,,1,TRUE,500.000,550.000,354.171143,354.221130,1920,1046,"ObjectSlot1-4",1,1,"video_relative_to_screen_recording_start",36.078785,318092.344,318142.344,1,36.078785,"1781266396475","../../../../../../Project/UE5/Gallery/Saved/ScreenRecordings/A017_2_20260612_201316_screen.mkv",318092.344,318142.344,318117.344,"1781266714566","1781266714616","2026-06-12T20:18:34.566+08:00","2026-06-12T20:18:34.616+08:00",353.671143,EXP2,"exp2_table",3,2,"1:4|2:3|3:1|4:2"
"exp2_target_object","实验二当前目标模型_脖子","Exp2_002_exp2_target_object_0022","video_relative_to_recording_start",rectangle,337,319,827,844,,,,"A017_2","Exp2_002","E1_SPATIAL_PROGRESSIVE",loading,,,,,1,TRUE,500.000,550.000,354.171143,354.221130,1920,1046,"ObjectSlot2",1,0,"video_relative_to_screen_recording_start",36.078785,318092.344,318142.344,1,36.078785,"1781266396475","../../../../../../Project/UE5/Gallery/Saved/ScreenRecordings/A017_2_20260612_201316_screen.mkv",318092.344,318142.344,318117.344,"1781266714566","1781266714616","2026-06-12T20:18:34.566+08:00","2026-06-12T20:18:34.616+08:00",353.671143,EXP2,"exp2_target",3,2,"1:4|2:3|3:1|4:2"
"exp2_table_objects","实验二桌面四模型总体区域","Exp2_002_exp2_table_objects_0023","video_relative_to_recording_start",rectangle,0,282,1919,1045,,,,"A017_2","Exp2_002","E1_SPATIAL_PROGRESSIVE",loading,,,,,1,TRUE,550.000,600.000,354.221130,354.271149,1920,1046,"ObjectSlot1-4",1,1,"video_relative_to_screen_recording_start",36.078785,318142.344,318192.344,1,36.078785,"1781266396475","../../../../../../Project/UE5/Gallery/Saved/ScreenRecordings/A017_2_20260612_201316_screen.mkv",318142.344,318192.344,318167.344,"1781266714616","1781266714666","2026-06-12T20:18:34.616+08:00","2026-06-12T20:18:34.666+08:00",353.671143,EXP2,"exp2_table",3,2,"1:4|2:3|3:1|4:2"
"exp2_target_object","实验二当前目标模型_脖子","Exp2_002_exp2_target_object_0024","video_relative_to_recording_start",rectangle,339,318,829,843,,,,"A017_2","Exp2_002","E1_SPATIAL_PROGRESSIVE",loading,,,,,1,TRUE,550.000,600.000,354.221130,354.271149,1920,1046,"ObjectSlot2",1,0,"video_relative_to_screen_recording_start",36.078785,318142.344,318192.344,1,36.078785,"1781266396475","../../../../../../Project/UE5/Gallery/Saved/ScreenRecordings/A017_2_20260612_201316_screen.mkv",318142.344,318192.344,318167.344,"1781266714616","1781266714666","2026-06-12T20:18:34.616+08:00","2026-06-12T20:18:34.666+08:00",353.671143,EXP2,"exp2_target",3,2,"1:4|2:3|3:1|4:2"
"exp2_table_objects","实验二桌面四模型总体区域","Exp2_002_exp2_table_objects_0025","video_relative_to_recording_start",rectangle,0,279,1919,1045,,,,"A017_2","Exp2_002","E1_SPATIAL_PROGRESSIVE",loading,,,,,1,TRUE,600.000,650.000,354.271149,354.321136,1920,1046,"ObjectSlot1-4",1,1,"video_relative_to_screen_recording_start",36.078785,318192.344,318242.344,1,36.078785,"1781266396475","../../../../../../Project/UE5/Gallery/Saved/ScreenRecordings/A017_2_20260612_201316_screen.mkv",318192.344,318242.344,318217.344,"1781266714666","1781266714716","2026-06-12T20:18:34.666+08:00","2026-06-12T20:18:34.716+08:00",353.671143,EXP2,"exp2_table",3,2,"1:4|2:3|3:1|4:2"
"exp2_target_object","实验二当前目标模型_脖子","Exp2_002_exp2_target_object_0026","video_relative_to_recording_start",rectangle,347,315,835,840,,,,"A017_2","Exp2_002","E1_SPATIAL_PROGRESSIVE",loading,,,,,1,TRUE,600.000,650.000,354.271149,354.321136,1920,1046,"ObjectSlot2",1,0,"video_relative_to_screen_recording_start",36.078785,318192.344,318242.344,1,36.078785,"1781266396475","../../../../../../Project/UE5/Gallery/Saved/ScreenRecordings/A017_2_20260612_201316_screen.mkv",318192.344,318242.344,318217.344,"1781266714666","1781266714716","2026-06-12T20:18:34.666+08:00","2026-06-12T20:18:34.716+08:00",353.671143,EXP2,"exp2_target",3,2,"1:4|2:3|3:1|4:2"
"exp2_table_objects","实验二桌面四模型总体区域","Exp2_002_exp2_table_objects_0027","video_relative_to_recording_start",rectangle,0,275,1919,1045,,,,"A017_2","Exp2_002","E1_SPATIAL_PROGRESSIVE",loading,,,,,1,TRUE,650.000,700.000,354.321136,354.371155,1920,1046,"ObjectSlot1-4",1,1,"video_relative_to_screen_recording_start",36.078785,318242.344,318292.344,1,36.078785,"1781266396475","../../../../../../Project/UE5/Gallery/Saved/ScreenRecordings/A017_2_20260612_201316_screen.mkv",318242.344,318292.344,318267.344,"1781266714716","1781266714766","2026-06-12T20:18:34.716+08:00","2026-06-12T20:18:34.766+08:00",353.671143,EXP2,"exp2_table",3,2,"1:4|2:3|3:1|4:2"
"exp2_target_object","实验二当前目标模型_脖子","Exp2_002_exp2_target_object_0028","video_relative_to_recording_start",rectangle,358,312,844,836,,,,"A017_2","Exp2_002","E1_SPATIAL_PROGRESSIVE",loading,,,,,1,TRUE,650.000,700.000,354.321136,354.371155,1920,1046,"ObjectSlot2",1,0,"video_relative_to_screen_recording_start",36.078785,318242.344,318292.344,1,36.078785,"1781266396475","../../../../../../Project/UE5/Gallery/Saved/ScreenRecordings/A017_2_20260612_201316_screen.mkv",318242.344,318292.344,318267.344,"1781266714716","1781266714766","2026-06-12T20:18:34.716+08:00","2026-06-12T20:18:34.766+08:00",353.671143,EXP2,"exp2_target",3,2,"1:4|2:3|3:1|4:2"
"exp2_table_objects","实验二桌面四模型总体区域","Exp2_002_exp2_table_objects_0029","video_relative_to_recording_start",rectangle,0,270,1919,1045,,,,"A017_2","Exp2_002","E1_SPATIAL_PROGRESSIVE",loading,,,,,1,TRUE,700.000,750.000,354.371155,354.421143,1920,1046,"ObjectSlot1-4",1,1,"video_relative_to_screen_recording_start",36.078785,318292.344,318342.344,1,36.078785,"1781266396475","../../../../../../Project/UE5/Gallery/Saved/ScreenRecordings/A017_2_20260612_201316_screen.mkv",318292.344,318342.344,318317.344,"1781266714766","1781266714816","2026-06-12T20:18:34.766+08:00","2026-06-12T20:18:34.816+08:00",353.671143,EXP2,"exp2_table",3,2,"1:4|2:3|3:1|4:2"
"exp2_target_object","实验二当前目标模型_脖子","Exp2_002_exp2_target_object_0030","video_relative_to_recording_start",rectangle,389,311,868,833,,,,"A017_2","Exp2_002","E1_SPATIAL_PROGRESSIVE",loading,,,,,1,TRUE,700.000,750.000,354.371155,354.421143,1920,1046,"ObjectSlot2",1,0,"video_relative_to_screen_recording_start",36.078785,318292.344,318342.344,1,36.078785,"1781266396475","../../../../../../Project/UE5/Gallery/Saved/ScreenRecordings/A017_2_20260612_201316_screen.mkv",318292.344,318342.344,318317.344,"1781266714766","1781266714816","2026-06-12T20:18:34.766+08:00","2026-06-12T20:18:34.816+08:00",353.671143,EXP2,"exp2_target",3,2,"1:4|2:3|3:1|4:2"
"exp2_table_objects","实验二桌面四模型总体区域","Exp2_002_exp2_table_objects_0031","video_relative_to_recording_start",rectangle,0,270,1919,1045,,,,"A017_2","Exp2_002","E1_SPATIAL_PROGRESSIVE",loading,,,,,1,TRUE,750.000,800.000,354.421143,354.471130,1920,1046,"ObjectSlot1-4",1,1,"video_relative_to_screen_recording_start",36.078785,318342.344,318392.344,1,36.078785,"1781266396475","../../../../../../Project/UE5/Gallery/Saved/ScreenRecordings/A017_2_20260612_201316_screen.mkv",318342.344,318392.344,318367.344,"1781266714816","1781266714866","2026-06-12T20:18:34.816+08:00","2026-06-12T20:18:34.866+08:00",353.671143,EXP2,"exp2_table",3,2,"1:4|2:3|3:1|4:2"
"exp2_target_object","实验二当前目标模型_脖子","Exp2_002_exp2_target_object_0032","video_relative_to_recording_start",rectangle,389,311,868,833,,,,"A017_2","Exp2_002","E1_SPATIAL_PROGRESSIVE",loading,,,,,1,TRUE,750.000,800.000,354.421143,354.471130,1920,1046,"ObjectSlot2",1,0,"video_relative_to_screen_recording_start",36.078785,318342.344,318392.344,1,36.078785,"1781266396475","../../../../../../Project/UE5/Gallery/Saved/ScreenRecordings/A017_2_20260612_201316_screen.mkv",318342.344,318392.344,318367.344,"1781266714816","1781266714866","2026-06-12T20:18:34.816+08:00","2026-06-12T20:18:34.866+08:00",353.671143,EXP2,"exp2_target",3,2,"1:4|2:3|3:1|4:2"
"exp2_table_objects","实验二桌面四模型总体区域","Exp2_002_exp2_table_objects_0033","video_relative_to_recording_start",rectangle,0,267,1919,1045,,,,"A017_2","Exp2_002","E1_SPATIAL_PROGRESSIVE",loading,,,,,1,TRUE,800.000,850.000,354.471130,354.521149,1920,1046,"ObjectSlot1-4",1,1,"video_relative_to_screen_recording_start",36.078785,318392.344,318442.344,1,36.078785,"1781266396475","../../../../../../Project/UE5/Gallery/Saved/ScreenRecordings/A017_2_20260612_201316_screen.mkv",318392.344,318442.344,318417.344,"1781266714866","1781266714916","2026-06-12T20:18:34.866+08:00","2026-06-12T20:18:34.916+08:00",353.671143,EXP2,"exp2_table",3,2,"1:4|2:3|3:1|4:2"
"exp2_target_object","实验二当前目标模型_脖子","Exp2_002_exp2_target_object_0034","video_relative_to_recording_start",rectangle,414,311,887,832,,,,"A017_2","Exp2_002","E1_SPATIAL_PROGRESSIVE",loading,,,,,1,TRUE,800.000,850.000,354.471130,354.521149,1920,1046,"ObjectSlot2",1,0,"video_relative_to_screen_recording_start",36.078785,318392.344,318442.344,1,36.078785,"1781266396475","../../../../../../Project/UE5/Gallery/Saved/ScreenRecordings/A017_2_20260612_201316_screen.mkv",318392.344,318442.344,318417.344,"1781266714866","1781266714916","2026-06-12T20:18:34.866+08:00","2026-06-12T20:18:34.916+08:00",353.671143,EXP2,"exp2_target",3,2,"1:4|2:3|3:1|4:2"
"exp2_table_objects","实验二桌面四模型总体区域","Exp2_002_exp2_table_objects_0035","video_relative_to_recording_start",rectangle,0,264,1919,1045,,,,"A017_2","Exp2_002","E1_SPATIAL_PROGRESSIVE",loading,,,,,1,TRUE,850.000,900.000,354.521149,354.571136,1920,1046,"ObjectSlot1-4",1,1,"video_relative_to_screen_recording_start",36.078785,318442.344,318492.344,1,36.078785,"1781266396475","../../../../../../Project/UE5/Gallery/Saved/ScreenRecordings/A017_2_20260612_201316_screen.mkv",318442.344,318492.344,318467.344,"1781266714916","1781266714966","2026-06-12T20:18:34.916+08:00","2026-06-12T20:18:34.966+08:00",353.671143,EXP2,"exp2_table",3,2,"1:4|2:3|3:1|4:2"
"exp2_target_object","实验二当前目标模型_脖子","Exp2_002_exp2_target_object_0036","video_relative_to_recording_start",rectangle,437,311,905,831,,,,"A017_2","Exp2_002","E1_SPATIAL_PROGRESSIVE",loading,,,,,1,TRUE,850.000,900.000,354.521149,354.571136,1920,1046,"ObjectSlot2",1,0,"video_relative_to_screen_recording_start",36.078785,318442.344,318492.344,1,36.078785,"1781266396475","../../../../../../Project/UE5/Gallery/Saved/ScreenRecordings/A017_2_20260612_201316_screen.mkv",318442.344,318492.344,318467.344,"1781266714916","1781266714966","2026-06-12T20:18:34.916+08:00","2026-06-12T20:18:34.966+08:00",353.671143,EXP2,"exp2_target",3,2,"1:4|2:3|3:1|4:2"
"exp2_table_objects","实验二桌面四模型总体区域","Exp2_002_exp2_table_objects_0037","video_relative_to_recording_start",rectangle,0,264,1919,1045,,,,"A017_2","Exp2_002","E1_SPATIAL_PROGRESSIVE",loading,,,,,1,TRUE,900.000,950.000,354.571136,354.621155,1920,1046,"ObjectSlot1-4",1,1,"video_relative_to_screen_recording_start",36.078785,318492.344,318542.344,1,36.078785,"1781266396475","../../../../../../Project/UE5/Gallery/Saved/ScreenRecordings/A017_2_20260612_201316_screen.mkv",318492.344,318542.344,318517.344,"1781266714966","1781266715016","2026-06-12T20:18:34.966+08:00","2026-06-12T20:18:35.016+08:00",353.671143,EXP2,"exp2_table",3,2,"1:4|2:3|3:1|4:2"
"exp2_target_object","实验二当前目标模型_脖子","Exp2_002_exp2_target_object_0038","video_relative_to_recording_start",rectangle,452,313,916,832,,,,"A017_2","Exp2_002","E1_SPATIAL_PROGRESSIVE",loading,,,,,1,TRUE,900.000,950.000,354.571136,354.621155,1920,1046,"ObjectSlot2",1,0,"video_relative_to_screen_recording_start",36.078785,318492.344,318542.344,1,36.078785,"1781266396475","../../../../../../Project/UE5/Gallery/Saved/ScreenRecordings/A017_2_20260612_201316_screen.mkv",318492.344,318542.344,318517.344,"1781266714966","1781266715016","2026-06-12T20:18:34.966+08:00","2026-06-12T20:18:35.016+08:00",353.671143,EXP2,"exp2_target",3,2,"1:4|2:3|3:1|4:2"
"exp2_table_objects","实验二桌面四模型总体区域","Exp2_002_exp2_table_objects_0039","video_relative_to_recording_start",rectangle,0,268,1919,1045,,,,"A017_2","Exp2_002","E1_SPATIAL_PROGRESSIVE",loading,,,,,1,TRUE,950.000,1000.000,354.621155,354.671143,1920,1046,"ObjectSlot1-4",1,1,"video_relative_to_screen_recording_start",36.078785,318542.344,318592.344,1,36.078785,"1781266396475","../../../../../../Project/UE5/Gallery/Saved/ScreenRecordings/A017_2_20260612_201316_screen.mkv",318542.344,318592.344,318567.344,"1781266715016","1781266715066","2026-06-12T20:18:35.016+08:00","2026-06-12T20:18:35.066+08:00",353.671143,EXP2,"exp2_table",3,2,"1:4|2:3|3:1|4:2"
"exp2_target_object","实验二当前目标模型_脖子","Exp2_002_exp2_target_object_0040","video_relative_to_recording_start",rectangle,463,318,925,838,,,,"A017_2","Exp2_002","E1_SPATIAL_PROGRESSIVE",loading,,,,,1,TRUE,950.000,1000.000,354.621155,354.671143,1920,1046,"ObjectSlot2",1,0,"video_relative_to_screen_recording_start",36.078785,318542.344,318592.344,1,36.078785,"1781266396475","../../../../../../Project/UE5/Gallery/Saved/ScreenRecordings/A017_2_20260612_201316_screen.mkv",318542.344,318592.344,318567.344,"1781266715016","1781266715066","2026-06-12T20:18:35.016+08:00","2026-06-12T20:18:35.066+08:00",353.671143,EXP2,"exp2_target",3,2,"1:4|2:3|3:1|4:2"
"exp2_table_objects","实验二桌面四模型总体区域","Exp2_002_exp2_table_objects_0041","video_relative_to_recording_start",rectangle,0,284,1919,1045,,,,"A017_2","Exp2_002","E1_SPATIAL_PROGRESSIVE",loading,,,,,1,TRUE,1000.000,1050.000,354.671143,354.721130,1920,1046,"ObjectSlot1-4",1,1,"video_relative_to_screen_recording_start",36.078785,318592.344,318642.344,1,36.078785,"1781266396475","../../../../../../Project/UE5/Gallery/Saved/ScreenRecordings/A017_2_20260612_201316_screen.mkv",318592.344,318642.344,318617.344,"1781266715066","1781266715116","2026-06-12T20:18:35.066+08:00","2026-06-12T20:18:35.116+08:00",353.671143,EXP2,"exp2_table",3,2,"1:4|2:3|3:1|4:2"
"exp2_target_object","实验二当前目标模型_脖子","Exp2_002_exp2_target_object_0042","video_relative_to_recording_start",rectangle,482,336,939,856,,,,"A017_2","Exp2_002","E1_SPATIAL_PROGRESSIVE",loading,,,,,1,TRUE,1000.000,1050.000,354.671143,354.721130,1920,1046,"ObjectSlot2",1,0,"video_relative_to_screen_recording_start",36.078785,318592.344,318642.344,1,36.078785,"1781266396475","../../../../../../Project/UE5/Gallery/Saved/ScreenRecordings/A017_2_20260612_201316_screen.mkv",318592.344,318642.344,318617.344,"1781266715066","1781266715116","2026-06-12T20:18:35.066+08:00","2026-06-12T20:18:35.116+08:00",353.671143,EXP2,"exp2_target",3,2,"1:4|2:3|3:1|4:2"
"exp2_table_objects","实验二桌面四模型总体区域","Exp2_002_exp2_table_objects_0043","video_relative_to_recording_start",rectangle,0,300,1919,1045,,,,"A017_2","Exp2_002","E1_SPATIAL_PROGRESSIVE",loading,,,,,1,TRUE,1050.000,1100.000,354.721130,354.771149,1920,1046,"ObjectSlot1-4",1,1,"video_relative_to_screen_recording_start",36.078785,318642.344,318692.344,1,36.078785,"1781266396475","../../../../../../Project/UE5/Gallery/Saved/ScreenRecordings/A017_2_20260612_201316_screen.mkv",318642.344,318692.344,318667.344,"1781266715116","1781266715166","2026-06-12T20:18:35.116+08:00","2026-06-12T20:18:35.166+08:00",353.671143,EXP2,"exp2_table",3,2,"1:4|2:3|3:1|4:2"
"exp2_target_object","实验二当前目标模型_脖子","Exp2_002_exp2_target_object_0044","video_relative_to_recording_start",rectangle,496,354,950,874,,,,"A017_2","Exp2_002","E1_SPATIAL_PROGRESSIVE",loading,,,,,1,TRUE,1050.000,1100.000,354.721130,354.771149,1920,1046,"ObjectSlot2",1,0,"video_relative_to_screen_recording_start",36.078785,318642.344,318692.344,1,36.078785,"1781266396475","../../../../../../Project/UE5/Gallery/Saved/ScreenRecordings/A017_2_20260612_201316_screen.mkv",318642.344,318692.344,318667.344,"1781266715116","1781266715166","2026-06-12T20:18:35.116+08:00","2026-06-12T20:18:35.166+08:00",353.671143,EXP2,"exp2_target",3,2,"1:4|2:3|3:1|4:2"
"exp2_table_objects","实验二桌面四模型总体区域","Exp2_002_exp2_table_objects_0045","video_relative_to_recording_start",rectangle,0,314,1919,1045,,,,"A017_2","Exp2_002","E1_SPATIAL_PROGRESSIVE",loading,,,,,1,TRUE,1100.000,1150.000,354.771149,354.821136,1920,1046,"ObjectSlot1-4",1,1,"video_relative_to_screen_recording_start",36.078785,318692.344,318742.344,1,36.078785,"1781266396475","../../../../../../Project/UE5/Gallery/Saved/ScreenRecordings/A017_2_20260612_201316_screen.mkv",318692.344,318742.344,318717.344,"1781266715166","1781266715216","2026-06-12T20:18:35.166+08:00","2026-06-12T20:18:35.216+08:00",353.671143,EXP2,"exp2_table",3,2,"1:4|2:3|3:1|4:2"
"exp2_target_object","实验二当前目标模型_脖子","Exp2_002_exp2_target_object_0046","video_relative_to_recording_start",rectangle,501,369,954,890,,,,"A017_2","Exp2_002","E1_SPATIAL_PROGRESSIVE",loading,,,,,1,TRUE,1100.000,1150.000,354.771149,354.821136,1920,1046,"ObjectSlot2",1,0,"video_relative_to_screen_recording_start",36.078785,318692.344,318742.344,1,36.078785,"1781266396475","../../../../../../Project/UE5/Gallery/Saved/ScreenRecordings/A017_2_20260612_201316_screen.mkv",318692.344,318742.344,318717.344,"1781266715166","1781266715216","2026-06-12T20:18:35.166+08:00","2026-06-12T20:18:35.216+08:00",353.671143,EXP2,"exp2_target",3,2,"1:4|2:3|3:1|4:2"
"exp2_table_objects","实验二桌面四模型总体区域","Exp2_002_exp2_table_objects_0047","video_relative_to_recording_start",rectangle,0,321,1919,1045,,,,"A017_2","Exp2_002","E1_SPATIAL_PROGRESSIVE",loading,,,,,1,TRUE,1150.000,1200.000,354.821136,354.871155,1920,1046,"ObjectSlot1-4",1,1,"video_relative_to_screen_recording_start",36.078785,318742.344,318792.344,1,36.078785,"1781266396475","../../../../../../Project/UE5/Gallery/Saved/ScreenRecordings/A017_2_20260612_201316_screen.mkv",318742.344,318792.344,318767.344,"1781266715216","1781266715266","2026-06-12T20:18:35.216+08:00","2026-06-12T20:18:35.266+08:00",353.671143,EXP2,"exp2_table",3,2,"1:4|2:3|3:1|4:2"
"exp2_target_object","实验二当前目标模型_脖子","Exp2_002_exp2_target_object_0048","video_relative_to_recording_start",rectangle,504,376,955,898,,,,"A017_2","Exp2_002","E1_SPATIAL_PROGRESSIVE",loading,,,,,1,TRUE,1150.000,1200.000,354.821136,354.871155,1920,1046,"ObjectSlot2",1,0,"video_relative_to_screen_recording_start",36.078785,318742.344,318792.344,1,36.078785,"1781266396475","../../../../../../Project/UE5/Gallery/Saved/ScreenRecordings/A017_2_20260612_201316_screen.mkv",318742.344,318792.344,318767.344,"1781266715216","1781266715266","2026-06-12T20:18:35.216+08:00","2026-06-12T20:18:35.266+08:00",353.671143,EXP2,"exp2_target",3,2,"1:4|2:3|3:1|4:2"
"exp2_table_objects","实验二桌面四模型总体区域","Exp2_002_exp2_table_objects_0049","video_relative_to_recording_start",rectangle,0,323,1919,1045,,,,"A017_2","Exp2_002","E1_SPATIAL_PROGRESSIVE",loading,,,,,1,TRUE,1200.000,1250.000,354.871155,354.921143,1920,1046,"ObjectSlot1-4",1,1,"video_relative_to_screen_recording_start",36.078785,318792.344,318842.344,1,36.078785,"1781266396475","../../../../../../Project/UE5/Gallery/Saved/ScreenRecordings/A017_2_20260612_201316_screen.mkv",318792.344,318842.344,318817.344,"1781266715266","1781266715316","2026-06-12T20:18:35.266+08:00","2026-06-12T20:18:35.316+08:00",353.671143,EXP2,"exp2_table",3,2,"1:4|2:3|3:1|4:2"
"exp2_target_object","实验二当前目标模型_脖子","Exp2_002_exp2_target_object_0050","video_relative_to_recording_start",rectangle,504,378,955,900,,,,"A017_2","Exp2_002","E1_SPATIAL_PROGRESSIVE",loading,,,,,1,TRUE,1200.000,1250.000,354.871155,354.921143,1920,1046,"ObjectSlot2",1,0,"video_relative_to_screen_recording_start",36.078785,318792.344,318842.344,1,36.078785,"1781266396475","../../../../../../Project/UE5/Gallery/Saved/ScreenRecordings/A017_2_20260612_201316_screen.mkv",318792.344,318842.344,318817.344,"1781266715266","1781266715316","2026-06-12T20:18:35.266+08:00","2026-06-12T20:18:35.316+08:00",353.671143,EXP2,"exp2_target",3,2,"1:4|2:3|3:1|4:2"
"exp2_table_objects","实验二桌面四模型总体区域","Exp2_002_exp2_table_objects_0051","video_relative_to_recording_start",rectangle,0,323,1919,1045,,,,"A017_2","Exp2_002","E1_SPATIAL_PROGRESSIVE",loading,,,,,1,TRUE,1250.000,1300.000,354.921143,354.971130,1920,1046,"ObjectSlot1-4",1,1,"video_relative_to_screen_recording_start",36.078785,318842.344,318892.344,1,36.078785,"1781266396475","../../../../../../Project/UE5/Gallery/Saved/ScreenRecordings/A017_2_20260612_201316_screen.mkv",318842.344,318892.344,318867.344,"1781266715316","1781266715366","2026-06-12T20:18:35.316+08:00","2026-06-12T20:18:35.366+08:00",353.671143,EXP2,"exp2_table",3,2,"1:4|2:3|3:1|4:2"
"exp2_target_object","实验二当前目标模型_脖子","Exp2_002_exp2_target_object_0052","video_relative_to_recording_start",rectangle,504,378,955,900,,,,"A017_2","Exp2_002","E1_SPATIAL_PROGRESSIVE",loading,,,,,1,TRUE,1250.000,1300.000,354.921143,354.971130,1920,1046,"ObjectSlot2",1,0,"video_relative_to_screen_recording_start",36.078785,318842.344,318892.344,1,36.078785,"1781266396475","../../../../../../Project/UE5/Gallery/Saved/ScreenRecordings/A017_2_20260612_201316_screen.mkv",318842.344,318892.344,318867.344,"1781266715316","1781266715366","2026-06-12T20:18:35.316+08:00","2026-06-12T20:18:35.366+08:00",353.671143,EXP2,"exp2_target",3,2,"1:4|2:3|3:1|4:2"
"exp2_table_objects","实验二桌面四模型总体区域","Exp2_002_exp2_table_objects_0053","video_relative_to_recording_start",rectangle,0,323,1919,1045,,,,"A017_2","Exp2_002","E1_SPATIAL_PROGRESSIVE",loading,,,,,1,TRUE,1300.000,1350.000,354.971130,355.021149,1920,1046,"ObjectSlot1-4",1,1,"video_relative_to_screen_recording_start",36.078785,318892.344,318942.344,1,36.078785,"1781266396475","../../../../../../Project/UE5/Gallery/Saved/ScreenRecordings/A017_2_20260612_201316_screen.mkv",318892.344,318942.344,318917.344,"1781266715366","1781266715416","2026-06-12T20:18:35.366+08:00","2026-06-12T20:18:35.416+08:00",353.671143,EXP2,"exp2_table",3,2,"1:4|2:3|3:1|4:2"
"exp2_target_object","实验二当前目标模型_脖子","Exp2_002_exp2_target_object_0054","video_relative_to_recording_start",rectangle,509,379,959,901,,,,"A017_2","Exp2_002","E1_SPATIAL_PROGRESSIVE",loading,,,,,1,TRUE,1300.000,1350.000,354.971130,355.021149,1920,1046,"ObjectSlot2",1,0,"video_relative_to_screen_recording_start",36.078785,318892.344,318942.344,1,36.078785,"1781266396475","../../../../../../Project/UE5/Gallery/Saved/ScreenRecordings/A017_2_20260612_201316_screen.mkv",318892.344,318942.344,318917.344,"1781266715366","1781266715416","2026-06-12T20:18:35.366+08:00","2026-06-12T20:18:35.416+08:00",353.671143,EXP2,"exp2_target",3,2,"1:4|2:3|3:1|4:2"
"exp2_table_objects","实验二桌面四模型总体区域","Exp2_002_exp2_table_objects_0055","video_relative_to_recording_start",rectangle,0,323,1919,1045,,,,"A017_2","Exp2_002","E1_SPATIAL_PROGRESSIVE",loading,,,,,1,TRUE,1350.000,1400.000,355.021149,355.071136,1920,1046,"ObjectSlot1-4",1,1,"video_relative_to_screen_recording_start",36.078785,318942.344,318992.344,1,36.078785,"1781266396475","../../../../../../Project/UE5/Gallery/Saved/ScreenRecordings/A017_2_20260612_201316_screen.mkv",318942.344,318992.344,318967.344,"1781266715416","1781266715466","2026-06-12T20:18:35.416+08:00","2026-06-12T20:18:35.466+08:00",353.671143,EXP2,"exp2_table",3,2,"1:4|2:3|3:1|4:2"
"exp2_target_object","实验二当前目标模型_脖子","Exp2_002_exp2_target_object_0056","video_relative_to_recording_start",rectangle,509,379,959,901,,,,"A017_2","Exp2_002","E1_SPATIAL_PROGRESSIVE",loading,,,,,1,TRUE,1350.000,1400.000,355.021149,355.071136,1920,1046,"ObjectSlot2",1,0,"video_relative_to_screen_recording_start",36.078785,318942.344,318992.344,1,36.078785,"1781266396475","../../../../../../Project/UE5/Gallery/Saved/ScreenRecordings/A017_2_20260612_201316_screen.mkv",318942.344,318992.344,318967.344,"1781266715416","1781266715466","2026-06-12T20:18:35.416+08:00","2026-06-12T20:18:35.466+08:00",353.671143,EXP2,"exp2_target",3,2,"1:4|2:3|3:1|4:2"
"exp2_table_objects","实验二桌面四模型总体区域","Exp2_002_exp2_table_objects_0057","video_relative_to_recording_start",rectangle,0,318,1919,1045,,,,"A017_2","Exp2_002","E1_SPATIAL_PROGRESSIVE",loading,,,,,1,TRUE,1400.000,1450.000,355.071136,355.121155,1920,1046,"ObjectSlot1-4",1,1,"video_relative_to_screen_recording_start",36.078785,318992.344,319042.344,1,36.078785,"1781266396475","../../../../../../Project/UE5/Gallery/Saved/ScreenRecordings/A017_2_20260612_201316_screen.mkv",318992.344,319042.344,319017.344,"1781266715466","1781266715516","2026-06-12T20:18:35.466+08:00","2026-06-12T20:18:35.516+08:00",353.671143,EXP2,"exp2_table",3,2,"1:4|2:3|3:1|4:2"
"exp2_target_object","实验二当前目标模型_脖子","Exp2_002_exp2_target_object_0058","video_relative_to_recording_start",rectangle,521,376,970,897,,,,"A017_2","Exp2_002","E1_SPATIAL_PROGRESSIVE",loading,,,,,1,TRUE,1400.000,1450.000,355.071136,355.121155,1920,1046,"ObjectSlot2",1,0,"video_relative_to_screen_recording_start",36.078785,318992.344,319042.344,1,36.078785,"1781266396475","../../../../../../Project/UE5/Gallery/Saved/ScreenRecordings/A017_2_20260612_201316_screen.mkv",318992.344,319042.344,319017.344,"1781266715466","1781266715516","2026-06-12T20:18:35.466+08:00","2026-06-12T20:18:35.516+08:00",353.671143,EXP2,"exp2_target",3,2,"1:4|2:3|3:1|4:2"
"exp2_table_objects","实验二桌面四模型总体区域","Exp2_002_exp2_table_objects_0059","video_relative_to_recording_start",rectangle,37,300,1919,1045,,,,"A017_2","Exp2_002","E1_SPATIAL_PROGRESSIVE",loading,,,,,1,TRUE,1450.000,1500.000,355.121155,355.171143,1920,1046,"ObjectSlot1-4",1,1,"video_relative_to_screen_recording_start",36.078785,319042.344,319092.344,1,36.078785,"1781266396475","../../../../../../Project/UE5/Gallery/Saved/ScreenRecordings/A017_2_20260612_201316_screen.mkv",319042.344,319092.344,319067.344,"1781266715516","1781266715566","2026-06-12T20:18:35.516+08:00","2026-06-12T20:18:35.566+08:00",353.671143,EXP2,"exp2_table",3,2,"1:4|2:3|3:1|4:2"
"exp2_target_object","实验二当前目标模型_脖子","Exp2_002_exp2_target_object_0060","video_relative_to_recording_start",rectangle,551,364,997,884,,,,"A017_2","Exp2_002","E1_SPATIAL_PROGRESSIVE",loading,,,,,1,TRUE,1450.000,1500.000,355.121155,355.171143,1920,1046,"ObjectSlot2",1,0,"video_relative_to_screen_recording_start",36.078785,319042.344,319092.344,1,36.078785,"1781266396475","../../../../../../Project/UE5/Gallery/Saved/ScreenRecordings/A017_2_20260612_201316_screen.mkv",319042.344,319092.344,319067.344,"1781266715516","1781266715566","2026-06-12T20:18:35.516+08:00","2026-06-12T20:18:35.566+08:00",353.671143,EXP2,"exp2_target",3,2,"1:4|2:3|3:1|4:2"
"exp2_table_objects","实验二桌面四模型总体区域","Exp2_002_exp2_table_objects_0061","video_relative_to_recording_start",rectangle,70,287,1919,1045,,,,"A017_2","Exp2_002","E1_SPATIAL_PROGRESSIVE",loading,,,,,1,TRUE,1500.000,1550.000,355.171143,355.221130,1920,1046,"ObjectSlot1-4",1,1,"video_relative_to_screen_recording_start",36.078785,319092.344,319142.344,1,36.078785,"1781266396475","../../../../../../Project/UE5/Gallery/Saved/ScreenRecordings/A017_2_20260612_201316_screen.mkv",319092.344,319142.344,319117.344,"1781266715566","1781266715616","2026-06-12T20:18:35.566+08:00","2026-06-12T20:18:35.616+08:00",353.671143,EXP2,"exp2_table",3,2,"1:4|2:3|3:1|4:2"
"exp2_target_object","实验二当前目标模型_脖子","Exp2_002_exp2_target_object_0062","video_relative_to_recording_start",rectangle,574,355,1018,874,,,,"A017_2","Exp2_002","E1_SPATIAL_PROGRESSIVE",loading,,,,,1,TRUE,1500.000,1550.000,355.171143,355.221130,1920,1046,"ObjectSlot2",1,0,"video_relative_to_screen_recording_start",36.078785,319092.344,319142.344,1,36.078785,"1781266396475","../../../../../../Project/UE5/Gallery/Saved/ScreenRecordings/A017_2_20260612_201316_screen.mkv",319092.344,319142.344,319117.344,"1781266715566","1781266715616","2026-06-12T20:18:35.566+08:00","2026-06-12T20:18:35.616+08:00",353.671143,EXP2,"exp2_target",3,2,"1:4|2:3|3:1|4:2"
"exp2_table_objects","实验二桌面四模型总体区域","Exp2_002_exp2_table_objects_0063","video_relative_to_recording_start",rectangle,95,275,1919,1045,,,,"A017_2","Exp2_002","E1_SPATIAL_PROGRESSIVE",loading,,,,,1,TRUE,1550.000,1600.000,355.221130,355.271149,1920,1046,"ObjectSlot1-4",1,1,"video_relative_to_screen_recording_start",36.078785,319142.344,319192.344,1,36.078785,"1781266396475","../../../../../../Project/UE5/Gallery/Saved/ScreenRecordings/A017_2_20260612_201316_screen.mkv",319142.344,319192.344,319167.344,"1781266715616","1781266715666","2026-06-12T20:18:35.616+08:00","2026-06-12T20:18:35.666+08:00",353.671143,EXP2,"exp2_table",3,2,"1:4|2:3|3:1|4:2"
"exp2_target_object","实验二当前目标模型_脖子","Exp2_002_exp2_target_object_0064","video_relative_to_recording_start",rectangle,591,347,1033,865,,,,"A017_2","Exp2_002","E1_SPATIAL_PROGRESSIVE",loading,,,,,1,TRUE,1550.000,1600.000,355.221130,355.271149,1920,1046,"ObjectSlot2",1,0,"video_relative_to_screen_recording_start",36.078785,319142.344,319192.344,1,36.078785,"1781266396475","../../../../../../Project/UE5/Gallery/Saved/ScreenRecordings/A017_2_20260612_201316_screen.mkv",319142.344,319192.344,319167.344,"1781266715616","1781266715666","2026-06-12T20:18:35.616+08:00","2026-06-12T20:18:35.666+08:00",353.671143,EXP2,"exp2_target",3,2,"1:4|2:3|3:1|4:2"
"exp2_table_objects","实验二桌面四模型总体区域","Exp2_002_exp2_table_objects_0065","video_relative_to_recording_start",rectangle,119,261,1919,1045,,,,"A017_2","Exp2_002","E1_SPATIAL_PROGRESSIVE",loading,,,,,1,TRUE,1600.000,1650.000,355.271149,355.321136,1920,1046,"ObjectSlot1-4",1,1,"video_relative_to_screen_recording_start",36.078785,319192.344,319242.344,1,36.078785,"1781266396475","../../../../../../Project/UE5/Gallery/Saved/ScreenRecordings/A017_2_20260612_201316_screen.mkv",319192.344,319242.344,319217.344,"1781266715666","1781266715716","2026-06-12T20:18:35.666+08:00","2026-06-12T20:18:35.716+08:00",353.671143,EXP2,"exp2_table",3,2,"1:4|2:3|3:1|4:2"
"exp2_target_object","实验二当前目标模型_脖子","Exp2_002_exp2_target_object_0066","video_relative_to_recording_start",rectangle,608,338,1049,856,,,,"A017_2","Exp2_002","E1_SPATIAL_PROGRESSIVE",loading,,,,,1,TRUE,1600.000,1650.000,355.271149,355.321136,1920,1046,"ObjectSlot2",1,0,"video_relative_to_screen_recording_start",36.078785,319192.344,319242.344,1,36.078785,"1781266396475","../../../../../../Project/UE5/Gallery/Saved/ScreenRecordings/A017_2_20260612_201316_screen.mkv",319192.344,319242.344,319217.344,"1781266715666","1781266715716","2026-06-12T20:18:35.666+08:00","2026-06-12T20:18:35.716+08:00",353.671143,EXP2,"exp2_target",3,2,"1:4|2:3|3:1|4:2"
"exp2_table_objects","实验二桌面四模型总体区域","Exp2_002_exp2_table_objects_0067","video_relative_to_recording_start",rectangle,141,250,1919,1045,,,,"A017_2","Exp2_002","E1_SPATIAL_PROGRESSIVE",loading,,,,,1,TRUE,1650.000,1700.000,355.321136,355.371155,1920,1046,"ObjectSlot1-4",1,1,"video_relative_to_screen_recording_start",36.078785,319242.344,319292.344,1,36.078785,"1781266396475","../../../../../../Project/UE5/Gallery/Saved/ScreenRecordings/A017_2_20260612_201316_screen.mkv",319242.344,319292.344,319267.344,"1781266715716","1781266715766","2026-06-12T20:18:35.716+08:00","2026-06-12T20:18:35.766+08:00",353.671143,EXP2,"exp2_table",3,2,"1:4|2:3|3:1|4:2"
"exp2_target_object","实验二当前目标模型_脖子","Exp2_002_exp2_target_object_0068","video_relative_to_recording_start",rectangle,623,330,1064,848,,,,"A017_2","Exp2_002","E1_SPATIAL_PROGRESSIVE",loading,,,,,1,TRUE,1650.000,1700.000,355.321136,355.371155,1920,1046,"ObjectSlot2",1,0,"video_relative_to_screen_recording_start",36.078785,319242.344,319292.344,1,36.078785,"1781266396475","../../../../../../Project/UE5/Gallery/Saved/ScreenRecordings/A017_2_20260612_201316_screen.mkv",319242.344,319292.344,319267.344,"1781266715716","1781266715766","2026-06-12T20:18:35.716+08:00","2026-06-12T20:18:35.766+08:00",353.671143,EXP2,"exp2_target",3,2,"1:4|2:3|3:1|4:2"
"exp2_table_objects","实验二桌面四模型总体区域","Exp2_002_exp2_table_objects_0069","video_relative_to_recording_start",rectangle,141,250,1919,1045,,,,"A017_2","Exp2_002","E1_SPATIAL_PROGRESSIVE",loading,,,,,1,TRUE,1700.000,1750.000,355.371155,355.421143,1920,1046,"ObjectSlot1-4",1,1,"video_relative_to_screen_recording_start",36.078785,319292.344,319342.344,1,36.078785,"1781266396475","../../../../../../Project/UE5/Gallery/Saved/ScreenRecordings/A017_2_20260612_201316_screen.mkv",319292.344,319342.344,319317.344,"1781266715766","1781266715816","2026-06-12T20:18:35.766+08:00","2026-06-12T20:18:35.816+08:00",353.671143,EXP2,"exp2_table",3,2,"1:4|2:3|3:1|4:2"
"exp2_target_object","实验二当前目标模型_脖子","Exp2_002_exp2_target_object_0070","video_relative_to_recording_start",rectangle,623,330,1064,848,,,,"A017_2","Exp2_002","E1_SPATIAL_PROGRESSIVE",loading,,,,,1,TRUE,1700.000,1750.000,355.371155,355.421143,1920,1046,"ObjectSlot2",1,0,"video_relative_to_screen_recording_start",36.078785,319292.344,319342.344,1,36.078785,"1781266396475","../../../../../../Project/UE5/Gallery/Saved/ScreenRecordings/A017_2_20260612_201316_screen.mkv",319292.344,319342.344,319317.344,"1781266715766","1781266715816","2026-06-12T20:18:35.766+08:00","2026-06-12T20:18:35.816+08:00",353.671143,EXP2,"exp2_target",3,2,"1:4|2:3|3:1|4:2"
"exp2_table_objects","实验二桌面四模型总体区域","Exp2_002_exp2_table_objects_0071","video_relative_to_recording_start",rectangle,167,236,1919,1045,,,,"A017_2","Exp2_002","E1_SPATIAL_PROGRESSIVE",loading,,,,,1,TRUE,1750.000,1800.000,355.421143,355.471130,1920,1046,"ObjectSlot1-4",1,1,"video_relative_to_screen_recording_start",36.078785,319342.344,319392.344,1,36.078785,"1781266396475","../../../../../../Project/UE5/Gallery/Saved/ScreenRecordings/A017_2_20260612_201316_screen.mkv",319342.344,319392.344,319367.344,"1781266715816","1781266715866","2026-06-12T20:18:35.816+08:00","2026-06-12T20:18:35.866+08:00",353.671143,EXP2,"exp2_table",3,2,"1:4|2:3|3:1|4:2"
"exp2_target_object","实验二当前目标模型_脖子","Exp2_002_exp2_target_object_0072","video_relative_to_recording_start",rectangle,642,322,1083,839,,,,"A017_2","Exp2_002","E1_SPATIAL_PROGRESSIVE",loading,,,,,1,TRUE,1750.000,1800.000,355.421143,355.471130,1920,1046,"ObjectSlot2",1,0,"video_relative_to_screen_recording_start",36.078785,319342.344,319392.344,1,36.078785,"1781266396475","../../../../../../Project/UE5/Gallery/Saved/ScreenRecordings/A017_2_20260612_201316_screen.mkv",319342.344,319392.344,319367.344,"1781266715816","1781266715866","2026-06-12T20:18:35.816+08:00","2026-06-12T20:18:35.866+08:00",353.671143,EXP2,"exp2_target",3,2,"1:4|2:3|3:1|4:2"
"exp2_table_objects","实验二桌面四模型总体区域","Exp2_002_exp2_table_objects_0073","video_relative_to_recording_start",rectangle,184,225,1919,1045,,,,"A017_2","Exp2_002","E1_SPATIAL_PROGRESSIVE",loading,,,,,1,TRUE,1800.000,1850.000,355.471130,355.521149,1920,1046,"ObjectSlot1-4",1,1,"video_relative_to_screen_recording_start",36.078785,319392.344,319442.344,1,36.078785,"1781266396475","../../../../../../Project/UE5/Gallery/Saved/ScreenRecordings/A017_2_20260612_201316_screen.mkv",319392.344,319442.344,319417.344,"1781266715866","1781266715916","2026-06-12T20:18:35.866+08:00","2026-06-12T20:18:35.916+08:00",353.671143,EXP2,"exp2_table",3,2,"1:4|2:3|3:1|4:2"
"exp2_target_object","实验二当前目标模型_脖子","Exp2_002_exp2_target_object_0074","video_relative_to_recording_start",rectangle,655,314,1095,832,,,,"A017_2","Exp2_002","E1_SPATIAL_PROGRESSIVE",loading,,,,,1,TRUE,1800.000,1850.000,355.471130,355.521149,1920,1046,"ObjectSlot2",1,0,"video_relative_to_screen_recording_start",36.078785,319392.344,319442.344,1,36.078785,"1781266396475","../../../../../../Project/UE5/Gallery/Saved/ScreenRecordings/A017_2_20260612_201316_screen.mkv",319392.344,319442.344,319417.344,"1781266715866","1781266715916","2026-06-12T20:18:35.866+08:00","2026-06-12T20:18:35.916+08:00",353.671143,EXP2,"exp2_target",3,2,"1:4|2:3|3:1|4:2"
"exp2_table_objects","实验二桌面四模型总体区域","Exp2_002_exp2_table_objects_0075","video_relative_to_recording_start",rectangle,188,224,1919,1045,,,,"A017_2","Exp2_002","E1_SPATIAL_PROGRESSIVE",loading,,,,,1,TRUE,1850.000,1900.000,355.521149,355.571136,1920,1046,"ObjectSlot1-4",1,1,"video_relative_to_screen_recording_start",36.078785,319442.344,319492.344,1,36.078785,"1781266396475","../../../../../../Project/UE5/Gallery/Saved/ScreenRecordings/A017_2_20260612_201316_screen.mkv",319442.344,319492.344,319467.344,"1781266715916","1781266715966","2026-06-12T20:18:35.916+08:00","2026-06-12T20:18:35.966+08:00",353.671143,EXP2,"exp2_table",3,2,"1:4|2:3|3:1|4:2"
"exp2_target_object","实验二当前目标模型_脖子","Exp2_002_exp2_target_object_0076","video_relative_to_recording_start",rectangle,658,314,1098,832,,,,"A017_2","Exp2_002","E1_SPATIAL_PROGRESSIVE",loading,,,,,1,TRUE,1850.000,1900.000,355.521149,355.571136,1920,1046,"ObjectSlot2",1,0,"video_relative_to_screen_recording_start",36.078785,319442.344,319492.344,1,36.078785,"1781266396475","../../../../../../Project/UE5/Gallery/Saved/ScreenRecordings/A017_2_20260612_201316_screen.mkv",319442.344,319492.344,319467.344,"1781266715916","1781266715966","2026-06-12T20:18:35.916+08:00","2026-06-12T20:18:35.966+08:00",353.671143,EXP2,"exp2_target",3,2,"1:4|2:3|3:1|4:2"
"exp2_table_objects","实验二桌面四模型总体区域","Exp2_002_exp2_table_objects_0077","video_relative_to_recording_start",rectangle,188,224,1919,1045,,,,"A017_2","Exp2_002","E1_SPATIAL_PROGRESSIVE",loading,,,,,1,TRUE,1900.000,1950.000,355.571136,355.621155,1920,1046,"ObjectSlot1-4",1,1,"video_relative_to_screen_recording_start",36.078785,319492.344,319542.344,1,36.078785,"1781266396475","../../../../../../Project/UE5/Gallery/Saved/ScreenRecordings/A017_2_20260612_201316_screen.mkv",319492.344,319542.344,319517.344,"1781266715966","1781266716016","2026-06-12T20:18:35.966+08:00","2026-06-12T20:18:36.016+08:00",353.671143,EXP2,"exp2_table",3,2,"1:4|2:3|3:1|4:2"
"exp2_target_object","实验二当前目标模型_脖子","Exp2_002_exp2_target_object_0078","video_relative_to_recording_start",rectangle,658,314,1098,832,,,,"A017_2","Exp2_002","E1_SPATIAL_PROGRESSIVE",loading,,,,,1,TRUE,1900.000,1950.000,355.571136,355.621155,1920,1046,"ObjectSlot2",1,0,"video_relative_to_screen_recording_start",36.078785,319492.344,319542.344,1,36.078785,"1781266396475","../../../../../../Project/UE5/Gallery/Saved/ScreenRecordings/A017_2_20260612_201316_screen.mkv",319492.344,319542.344,319517.344,"1781266715966","1781266716016","2026-06-12T20:18:35.966+08:00","2026-06-12T20:18:36.016+08:00",353.671143,EXP2,"exp2_target",3,2,"1:4|2:3|3:1|4:2"
"exp2_table_objects","实验二桌面四模型总体区域","Exp2_002_exp2_table_objects_0079","video_relative_to_recording_start",rectangle,188,224,1919,1045,,,,"A017_2","Exp2_002","E1_SPATIAL_PROGRESSIVE",loading,,,,,1,TRUE,1950.000,2000.000,355.621155,355.671143,1920,1046,"ObjectSlot1-4",1,1,"video_relative_to_screen_recording_start",36.078785,319542.344,319592.344,1,36.078785,"1781266396475","../../../../../../Project/UE5/Gallery/Saved/ScreenRecordings/A017_2_20260612_201316_screen.mkv",319542.344,319592.344,319567.344,"1781266716016","1781266716066","2026-06-12T20:18:36.016+08:00","2026-06-12T20:18:36.066+08:00",353.671143,EXP2,"exp2_table",3,2,"1:4|2:3|3:1|4:2"
"exp2_target_object","实验二当前目标模型_脖子","Exp2_002_exp2_target_object_0080","video_relative_to_recording_start",rectangle,658,314,1098,832,,,,"A017_2","Exp2_002","E1_SPATIAL_PROGRESSIVE",loading,,,,,1,TRUE,1950.000,2000.000,355.621155,355.671143,1920,1046,"ObjectSlot2",1,0,"video_relative_to_screen_recording_start",36.078785,319542.344,319592.344,1,36.078785,"1781266396475","../../../../../../Project/UE5/Gallery/Saved/ScreenRecordings/A017_2_20260612_201316_screen.mkv",319542.344,319592.344,319567.344,"1781266716016","1781266716066","2026-06-12T20:18:36.016+08:00","2026-06-12T20:18:36.066+08:00",353.671143,EXP2,"exp2_target",3,2,"1:4|2:3|3:1|4:2"
"exp2_table_objects","实验二桌面四模型总体区域","Exp2_002_exp2_table_objects_0081","video_relative_to_recording_start",rectangle,211,224,1919,1045,,,,"A017_2","Exp2_002","E1_SPATIAL_PROGRESSIVE",loading,,,,,1,TRUE,2000.000,2050.000,355.671143,355.721130,1920,1046,"ObjectSlot1-4",1,1,"video_relative_to_screen_recording_start",36.078785,319592.344,319642.344,1,36.078785,"1781266396475","../../../../../../Project/UE5/Gallery/Saved/ScreenRecordings/A017_2_20260612_201316_screen.mkv",319592.344,319642.344,319617.344,"1781266716066","1781266716116","2026-06-12T20:18:36.066+08:00","2026-06-12T20:18:36.116+08:00",353.671143,EXP2,"exp2_table",3,2,"1:4|2:3|3:1|4:2"
"exp2_target_object","实验二当前目标模型_脖子","Exp2_002_exp2_target_object_0082","video_relative_to_recording_start",rectangle,677,314,1113,832,,,,"A017_2","Exp2_002","E1_SPATIAL_PROGRESSIVE",loading,,,,,1,TRUE,2000.000,2050.000,355.671143,355.721130,1920,1046,"ObjectSlot2",1,0,"video_relative_to_screen_recording_start",36.078785,319592.344,319642.344,1,36.078785,"1781266396475","../../../../../../Project/UE5/Gallery/Saved/ScreenRecordings/A017_2_20260612_201316_screen.mkv",319592.344,319642.344,319617.344,"1781266716066","1781266716116","2026-06-12T20:18:36.066+08:00","2026-06-12T20:18:36.116+08:00",353.671143,EXP2,"exp2_target",3,2,"1:4|2:3|3:1|4:2"
"exp2_table_objects","实验二桌面四模型总体区域","Exp2_002_exp2_table_objects_0083","video_relative_to_recording_start",rectangle,254,228,1919,1045,,,,"A017_2","Exp2_002","E1_SPATIAL_PROGRESSIVE",loading,,,,,1,TRUE,2050.000,2100.000,355.721130,355.771149,1920,1046,"ObjectSlot1-4",1,1,"video_relative_to_screen_recording_start",36.078785,319642.344,319692.344,1,36.078785,"1781266396475","../../../../../../Project/UE5/Gallery/Saved/ScreenRecordings/A017_2_20260612_201316_screen.mkv",319642.344,319692.344,319667.344,"1781266716116","1781266716166","2026-06-12T20:18:36.116+08:00","2026-06-12T20:18:36.166+08:00",353.671143,EXP2,"exp2_table",3,2,"1:4|2:3|3:1|4:2"
"exp2_target_object","实验二当前目标模型_脖子","Exp2_002_exp2_target_object_0084","video_relative_to_recording_start",rectangle,715,315,1141,832,,,,"A017_2","Exp2_002","E1_SPATIAL_PROGRESSIVE",loading,,,,,1,TRUE,2050.000,2100.000,355.721130,355.771149,1920,1046,"ObjectSlot2",1,0,"video_relative_to_screen_recording_start",36.078785,319642.344,319692.344,1,36.078785,"1781266396475","../../../../../../Project/UE5/Gallery/Saved/ScreenRecordings/A017_2_20260612_201316_screen.mkv",319642.344,319692.344,319667.344,"1781266716116","1781266716166","2026-06-12T20:18:36.116+08:00","2026-06-12T20:18:36.166+08:00",353.671143,EXP2,"exp2_target",3,2,"1:4|2:3|3:1|4:2"
"exp2_table_objects","实验二桌面四模型总体区域","Exp2_002_exp2_table_objects_0085","video_relative_to_recording_start",rectangle,254,228,1919,1045,,,,"A017_2","Exp2_002","E1_SPATIAL_PROGRESSIVE",loading,,,,,1,TRUE,2100.000,2150.000,355.771149,355.821136,1920,1046,"ObjectSlot1-4",1,1,"video_relative_to_screen_recording_start",36.078785,319692.344,319742.344,1,36.078785,"1781266396475","../../../../../../Project/UE5/Gallery/Saved/ScreenRecordings/A017_2_20260612_201316_screen.mkv",319692.344,319742.344,319717.344,"1781266716166","1781266716216","2026-06-12T20:18:36.166+08:00","2026-06-12T20:18:36.216+08:00",353.671143,EXP2,"exp2_table",3,2,"1:4|2:3|3:1|4:2"
"exp2_target_object","实验二当前目标模型_脖子","Exp2_002_exp2_target_object_0086","video_relative_to_recording_start",rectangle,715,315,1141,832,,,,"A017_2","Exp2_002","E1_SPATIAL_PROGRESSIVE",loading,,,,,1,TRUE,2100.000,2150.000,355.771149,355.821136,1920,1046,"ObjectSlot2",1,0,"video_relative_to_screen_recording_start",36.078785,319692.344,319742.344,1,36.078785,"1781266396475","../../../../../../Project/UE5/Gallery/Saved/ScreenRecordings/A017_2_20260612_201316_screen.mkv",319692.344,319742.344,319717.344,"1781266716166","1781266716216","2026-06-12T20:18:36.166+08:00","2026-06-12T20:18:36.216+08:00",353.671143,EXP2,"exp2_target",3,2,"1:4|2:3|3:1|4:2"
"exp2_table_objects","实验二桌面四模型总体区域","Exp2_002_exp2_table_objects_0087","video_relative_to_recording_start",rectangle,317,238,1919,1045,,,,"A017_2","Exp2_002","E1_SPATIAL_PROGRESSIVE",loading,,,,,1,TRUE,2150.000,2200.000,355.821136,355.871155,1920,1046,"ObjectSlot1-4",1,1,"video_relative_to_screen_recording_start",36.078785,319742.344,319792.344,1,36.078785,"1781266396475","../../../../../../Project/UE5/Gallery/Saved/ScreenRecordings/A017_2_20260612_201316_screen.mkv",319742.344,319792.344,319767.344,"1781266716216","1781266716266","2026-06-12T20:18:36.216+08:00","2026-06-12T20:18:36.266+08:00",353.671143,EXP2,"exp2_table",3,2,"1:4|2:3|3:1|4:2"
"exp2_target_object","实验二当前目标模型_脖子","Exp2_002_exp2_target_object_0088","video_relative_to_recording_start",rectangle,770,314,1177,828,,,,"A017_2","Exp2_002","E1_SPATIAL_PROGRESSIVE",loading,,,,,1,TRUE,2150.000,2200.000,355.821136,355.871155,1920,1046,"ObjectSlot2",1,0,"video_relative_to_screen_recording_start",36.078785,319742.344,319792.344,1,36.078785,"1781266396475","../../../../../../Project/UE5/Gallery/Saved/ScreenRecordings/A017_2_20260612_201316_screen.mkv",319742.344,319792.344,319767.344,"1781266716216","1781266716266","2026-06-12T20:18:36.216+08:00","2026-06-12T20:18:36.266+08:00",353.671143,EXP2,"exp2_target",3,2,"1:4|2:3|3:1|4:2"
"exp2_table_objects","实验二桌面四模型总体区域","Exp2_002_exp2_table_objects_0089","video_relative_to_recording_start",rectangle,406,247,1919,1045,,,,"A017_2","Exp2_002","E1_SPATIAL_PROGRESSIVE",loading,,,,,1,TRUE,2200.000,2250.000,355.871155,355.921143,1920,1046,"ObjectSlot1-4",1,1,"video_relative_to_screen_recording_start",36.078785,319792.344,319842.344,1,36.078785,"1781266396475","../../../../../../Project/UE5/Gallery/Saved/ScreenRecordings/A017_2_20260612_201316_screen.mkv",319792.344,319842.344,319817.344,"1781266716266","1781266716316","2026-06-12T20:18:36.266+08:00","2026-06-12T20:18:36.316+08:00",353.671143,EXP2,"exp2_table",3,2,"1:4|2:3|3:1|4:2"
"exp2_target_object","实验二当前目标模型_脖子","Exp2_002_exp2_target_object_0090","video_relative_to_recording_start",rectangle,843,310,1239,817,,,,"A017_2","Exp2_002","E1_SPATIAL_PROGRESSIVE",loading,,,,,1,TRUE,2200.000,2250.000,355.871155,355.921143,1920,1046,"ObjectSlot2",1,0,"video_relative_to_screen_recording_start",36.078785,319792.344,319842.344,1,36.078785,"1781266396475","../../../../../../Project/UE5/Gallery/Saved/ScreenRecordings/A017_2_20260612_201316_screen.mkv",319792.344,319842.344,319817.344,"1781266716266","1781266716316","2026-06-12T20:18:36.266+08:00","2026-06-12T20:18:36.316+08:00",353.671143,EXP2,"exp2_target",3,2,"1:4|2:3|3:1|4:2"
"exp2_table_objects","实验二桌面四模型总体区域","Exp2_002_exp2_table_objects_0091","video_relative_to_recording_start",rectangle,490,187,1919,1045,,,,"A017_2","Exp2_002","E1_SPATIAL_PROGRESSIVE",loading,,,,,1,TRUE,2250.000,2300.000,355.921143,355.971130,1920,1046,"ObjectSlot1-4",1,1,"video_relative_to_screen_recording_start",36.078785,319842.344,319892.344,1,36.078785,"1781266396475","../../../../../../Project/UE5/Gallery/Saved/ScreenRecordings/A017_2_20260612_201316_screen.mkv",319842.344,319892.344,319867.344,"1781266716316","1781266716366","2026-06-12T20:18:36.316+08:00","2026-06-12T20:18:36.366+08:00",353.671143,EXP2,"exp2_table",3,2,"1:4|2:3|3:1|4:2"
"exp2_target_object","实验二当前目标模型_脖子","Exp2_002_exp2_target_object_0092","video_relative_to_recording_start",rectangle,908,262,1305,761,,,,"A017_2","Exp2_002","E1_SPATIAL_PROGRESSIVE",loading,,,,,1,TRUE,2250.000,2300.000,355.921143,355.971130,1920,1046,"ObjectSlot2",1,0,"video_relative_to_screen_recording_start",36.078785,319842.344,319892.344,1,36.078785,"1781266396475","../../../../../../Project/UE5/Gallery/Saved/ScreenRecordings/A017_2_20260612_201316_screen.mkv",319842.344,319892.344,319867.344,"1781266716316","1781266716366","2026-06-12T20:18:36.316+08:00","2026-06-12T20:18:36.366+08:00",353.671143,EXP2,"exp2_target",3,2,"1:4|2:3|3:1|4:2"
"exp2_table_objects","实验二桌面四模型总体区域","Exp2_002_exp2_table_objects_0093","video_relative_to_recording_start",rectangle,576,178,1919,904,,,,"A017_2","Exp2_002","E1_SPATIAL_PROGRESSIVE",loading,,,,,1,TRUE,2300.000,2350.000,355.971130,356.021149,1920,1046,"ObjectSlot1-4",1,1,"video_relative_to_screen_recording_start",36.078785,319892.344,319942.344,1,36.078785,"1781266396475","../../../../../../Project/UE5/Gallery/Saved/ScreenRecordings/A017_2_20260612_201316_screen.mkv",319892.344,319942.344,319917.344,"1781266716366","1781266716416","2026-06-12T20:18:36.366+08:00","2026-06-12T20:18:36.416+08:00",353.671143,EXP2,"exp2_table",3,2,"1:4|2:3|3:1|4:2"
"exp2_target_object","实验二当前目标模型_脖子","Exp2_002_exp2_target_object_0094","video_relative_to_recording_start",rectangle,961,234,1349,714,,,,"A017_2","Exp2_002","E1_SPATIAL_PROGRESSIVE",loading,,,,,1,TRUE,2300.000,2350.000,355.971130,356.021149,1920,1046,"ObjectSlot2",1,0,"video_relative_to_screen_recording_start",36.078785,319892.344,319942.344,1,36.078785,"1781266396475","../../../../../../Project/UE5/Gallery/Saved/ScreenRecordings/A017_2_20260612_201316_screen.mkv",319892.344,319942.344,319917.344,"1781266716366","1781266716416","2026-06-12T20:18:36.366+08:00","2026-06-12T20:18:36.416+08:00",353.671143,EXP2,"exp2_target",3,2,"1:4|2:3|3:1|4:2"
"exp2_table_objects","实验二桌面四模型总体区域","Exp2_002_exp2_table_objects_0095","video_relative_to_recording_start",rectangle,597,184,1919,827,,,,"A017_2","Exp2_002","E1_SPATIAL_PROGRESSIVE",loading,,,,,1,TRUE,2350.000,2400.000,356.021149,356.071136,1920,1046,"ObjectSlot1-4",1,1,"video_relative_to_screen_recording_start",36.078785,319942.344,319992.344,1,36.078785,"1781266396475","../../../../../../Project/UE5/Gallery/Saved/ScreenRecordings/A017_2_20260612_201316_screen.mkv",319942.344,319992.344,319967.344,"1781266716416","1781266716466","2026-06-12T20:18:36.416+08:00","2026-06-12T20:18:36.466+08:00",353.671143,EXP2,"exp2_table",3,2,"1:4|2:3|3:1|4:2"
"exp2_target_object","实验二当前目标模型_脖子","Exp2_002_exp2_target_object_0096","video_relative_to_recording_start",rectangle,942,222,1331,694,,,,"A017_2","Exp2_002","E1_SPATIAL_PROGRESSIVE",loading,,,,,1,TRUE,2350.000,2400.000,356.021149,356.071136,1920,1046,"ObjectSlot2",1,0,"video_relative_to_screen_recording_start",36.078785,319942.344,319992.344,1,36.078785,"1781266396475","../../../../../../Project/UE5/Gallery/Saved/ScreenRecordings/A017_2_20260612_201316_screen.mkv",319942.344,319992.344,319967.344,"1781266716416","1781266716466","2026-06-12T20:18:36.416+08:00","2026-06-12T20:18:36.466+08:00",353.671143,EXP2,"exp2_target",3,2,"1:4|2:3|3:1|4:2"
"exp2_table_objects","实验二桌面四模型总体区域","Exp2_002_exp2_table_objects_0097","video_relative_to_recording_start",rectangle,563,182,1919,807,,,,"A017_2","Exp2_002","E1_SPATIAL_PROGRESSIVE",loading,,,,,1,TRUE,2400.000,2450.000,356.071136,356.121155,1920,1046,"ObjectSlot1-4",1,1,"video_relative_to_screen_recording_start",36.078785,319992.344,320042.344,1,36.078785,"1781266396475","../../../../../../Project/UE5/Gallery/Saved/ScreenRecordings/A017_2_20260612_201316_screen.mkv",319992.344,320042.344,320017.344,"1781266716466","1781266716516","2026-06-12T20:18:36.466+08:00","2026-06-12T20:18:36.516+08:00",353.671143,EXP2,"exp2_table",3,2,"1:4|2:3|3:1|4:2"
"exp2_target_object","实验二当前目标模型_脖子","Exp2_002_exp2_target_object_0098","video_relative_to_recording_start",rectangle,904,222,1292,693,,,,"A017_2","Exp2_002","E1_SPATIAL_PROGRESSIVE",loading,,,,,1,TRUE,2400.000,2450.000,356.071136,356.121155,1920,1046,"ObjectSlot2",1,0,"video_relative_to_screen_recording_start",36.078785,319992.344,320042.344,1,36.078785,"1781266396475","../../../../../../Project/UE5/Gallery/Saved/ScreenRecordings/A017_2_20260612_201316_screen.mkv",319992.344,320042.344,320017.344,"1781266716466","1781266716516","2026-06-12T20:18:36.466+08:00","2026-06-12T20:18:36.516+08:00",353.671143,EXP2,"exp2_target",3,2,"1:4|2:3|3:1|4:2"
"exp2_table_objects","实验二桌面四模型总体区域","Exp2_002_exp2_table_objects_0099","video_relative_to_recording_start",rectangle,566,186,1919,812,,,,"A017_2","Exp2_002","E1_SPATIAL_PROGRESSIVE",loading,,,,,1,TRUE,2450.000,2500.000,356.121155,356.171143,1920,1046,"ObjectSlot1-4",1,1,"video_relative_to_screen_recording_start",36.078785,320042.344,320092.344,1,36.078785,"1781266396475","../../../../../../Project/UE5/Gallery/Saved/ScreenRecordings/A017_2_20260612_201316_screen.mkv",320042.344,320092.344,320067.344,"1781266716516","1781266716566","2026-06-12T20:18:36.516+08:00","2026-06-12T20:18:36.566+08:00",353.671143,EXP2,"exp2_table",3,2,"1:4|2:3|3:1|4:2"
"exp2_target_object","实验二当前目标模型_脖子","Exp2_002_exp2_target_object_0100","video_relative_to_recording_start",rectangle,906,227,1293,697,,,,"A017_2","Exp2_002","E1_SPATIAL_PROGRESSIVE",loading,,,,,1,TRUE,2450.000,2500.000,356.121155,356.171143,1920,1046,"ObjectSlot2",1,0,"video_relative_to_screen_recording_start",36.078785,320042.344,320092.344,1,36.078785,"1781266396475","../../../../../../Project/UE5/Gallery/Saved/ScreenRecordings/A017_2_20260612_201316_screen.mkv",320042.344,320092.344,320067.344,"1781266716516","1781266716566","2026-06-12T20:18:36.516+08:00","2026-06-12T20:18:36.566+08:00",353.671143,EXP2,"exp2_target",3,2,"1:4|2:3|3:1|4:2"
"exp2_table_objects","实验二桌面四模型总体区域","Exp2_002_exp2_table_objects_0101","video_relative_to_recording_start",rectangle,566,186,1919,812,,,,"A017_2","Exp2_002","E1_SPATIAL_PROGRESSIVE",loading,,,,,1,TRUE,2500.000,2550.000,356.171143,356.221130,1920,1046,"ObjectSlot1-4",1,1,"video_relative_to_screen_recording_start",36.078785,320092.344,320142.344,1,36.078785,"1781266396475","../../../../../../Project/UE5/Gallery/Saved/ScreenRecordings/A017_2_20260612_201316_screen.mkv",320092.344,320142.344,320117.344,"1781266716566","1781266716616","2026-06-12T20:18:36.566+08:00","2026-06-12T20:18:36.616+08:00",353.671143,EXP2,"exp2_table",3,2,"1:4|2:3|3:1|4:2"
"exp2_target_object","实验二当前目标模型_脖子","Exp2_002_exp2_target_object_0102","video_relative_to_recording_start",rectangle,906,227,1293,697,,,,"A017_2","Exp2_002","E1_SPATIAL_PROGRESSIVE",loading,,,,,1,TRUE,2500.000,2550.000,356.171143,356.221130,1920,1046,"ObjectSlot2",1,0,"video_relative_to_screen_recording_start",36.078785,320092.344,320142.344,1,36.078785,"1781266396475","../../../../../../Project/UE5/Gallery/Saved/ScreenRecordings/A017_2_20260612_201316_screen.mkv",320092.344,320142.344,320117.344,"1781266716566","1781266716616","2026-06-12T20:18:36.566+08:00","2026-06-12T20:18:36.616+08:00",353.671143,EXP2,"exp2_target",3,2,"1:4|2:3|3:1|4:2"
"exp2_table_objects","实验二桌面四模型总体区域","Exp2_002_exp2_table_objects_0103","video_relative_to_recording_start",rectangle,566,186,1919,812,,,,"A017_2","Exp2_002","E1_SPATIAL_PROGRESSIVE",loading,,,,,1,TRUE,2550.000,2600.000,356.221130,356.271149,1920,1046,"ObjectSlot1-4",1,1,"video_relative_to_screen_recording_start",36.078785,320142.344,320192.344,1,36.078785,"1781266396475","../../../../../../Project/UE5/Gallery/Saved/ScreenRecordings/A017_2_20260612_201316_screen.mkv",320142.344,320192.344,320167.344,"1781266716616","1781266716666","2026-06-12T20:18:36.616+08:00","2026-06-12T20:18:36.666+08:00",353.671143,EXP2,"exp2_table",3,2,"1:4|2:3|3:1|4:2"
"exp2_target_object","实验二当前目标模型_脖子","Exp2_002_exp2_target_object_0104","video_relative_to_recording_start",rectangle,906,227,1293,697,,,,"A017_2","Exp2_002","E1_SPATIAL_PROGRESSIVE",loading,,,,,1,TRUE,2550.000,2600.000,356.221130,356.271149,1920,1046,"ObjectSlot2",1,0,"video_relative_to_screen_recording_start",36.078785,320142.344,320192.344,1,36.078785,"1781266396475","../../../../../../Project/UE5/Gallery/Saved/ScreenRecordings/A017_2_20260612_201316_screen.mkv",320142.344,320192.344,320167.344,"1781266716616","1781266716666","2026-06-12T20:18:36.616+08:00","2026-06-12T20:18:36.666+08:00",353.671143,EXP2,"exp2_target",3,2,"1:4|2:3|3:1|4:2"
"exp2_table_objects","实验二桌面四模型总体区域","Exp2_002_exp2_table_objects_0105","video_relative_to_recording_start",rectangle,538,182,1919,811,,,,"A017_2","Exp2_002","E1_SPATIAL_PROGRESSIVE",loading,,,,,1,TRUE,2600.000,2650.000,356.271149,356.321136,1920,1046,"ObjectSlot1-4",1,1,"video_relative_to_screen_recording_start",36.078785,320192.344,320242.344,1,36.078785,"1781266396475","../../../../../../Project/UE5/Gallery/Saved/ScreenRecordings/A017_2_20260612_201316_screen.mkv",320192.344,320242.344,320217.344,"1781266716666","1781266716716","2026-06-12T20:18:36.666+08:00","2026-06-12T20:18:36.716+08:00",353.671143,EXP2,"exp2_table",3,2,"1:4|2:3|3:1|4:2"
"exp2_target_object","实验二当前目标模型_脖子","Exp2_002_exp2_target_object_0106","video_relative_to_recording_start",rectangle,882,223,1268,695,,,,"A017_2","Exp2_002","E1_SPATIAL_PROGRESSIVE",loading,,,,,1,TRUE,2600.000,2650.000,356.271149,356.321136,1920,1046,"ObjectSlot2",1,0,"video_relative_to_screen_recording_start",36.078785,320192.344,320242.344,1,36.078785,"1781266396475","../../../../../../Project/UE5/Gallery/Saved/ScreenRecordings/A017_2_20260612_201316_screen.mkv",320192.344,320242.344,320217.344,"1781266716666","1781266716716","2026-06-12T20:18:36.666+08:00","2026-06-12T20:18:36.716+08:00",353.671143,EXP2,"exp2_target",3,2,"1:4|2:3|3:1|4:2"
"exp2_table_objects","实验二桌面四模型总体区域","Exp2_002_exp2_table_objects_0107","video_relative_to_recording_start",rectangle,538,182,1919,811,,,,"A017_2","Exp2_002","E1_SPATIAL_PROGRESSIVE",loading,,,,,1,TRUE,2650.000,2700.000,356.321136,356.371155,1920,1046,"ObjectSlot1-4",1,1,"video_relative_to_screen_recording_start",36.078785,320242.344,320292.344,1,36.078785,"1781266396475","../../../../../../Project/UE5/Gallery/Saved/ScreenRecordings/A017_2_20260612_201316_screen.mkv",320242.344,320292.344,320267.344,"1781266716716","1781266716766","2026-06-12T20:18:36.716+08:00","2026-06-12T20:18:36.766+08:00",353.671143,EXP2,"exp2_table",3,2,"1:4|2:3|3:1|4:2"
"exp2_target_object","实验二当前目标模型_脖子","Exp2_002_exp2_target_object_0108","video_relative_to_recording_start",rectangle,882,223,1268,695,,,,"A017_2","Exp2_002","E1_SPATIAL_PROGRESSIVE",loading,,,,,1,TRUE,2650.000,2700.000,356.321136,356.371155,1920,1046,"ObjectSlot2",1,0,"video_relative_to_screen_recording_start",36.078785,320242.344,320292.344,1,36.078785,"1781266396475","../../../../../../Project/UE5/Gallery/Saved/ScreenRecordings/A017_2_20260612_201316_screen.mkv",320242.344,320292.344,320267.344,"1781266716716","1781266716766","2026-06-12T20:18:36.716+08:00","2026-06-12T20:18:36.766+08:00",353.671143,EXP2,"exp2_target",3,2,"1:4|2:3|3:1|4:2"
"exp2_table_objects","实验二桌面四模型总体区域","Exp2_002_exp2_table_objects_0109","video_relative_to_recording_start",rectangle,449,187,1919,834,,,,"A017_2","Exp2_002","E1_SPATIAL_PROGRESSIVE",loading,,,,,1,TRUE,2700.000,2750.000,356.371155,356.421143,1920,1046,"ObjectSlot1-4",1,1,"video_relative_to_screen_recording_start",36.078785,320292.344,320342.344,1,36.078785,"1781266396475","../../../../../../Project/UE5/Gallery/Saved/ScreenRecordings/A017_2_20260612_201316_screen.mkv",320292.344,320342.344,320317.344,"1781266716766","1781266716816","2026-06-12T20:18:36.766+08:00","2026-06-12T20:18:36.816+08:00",353.671143,EXP2,"exp2_table",3,2,"1:4|2:3|3:1|4:2"
"exp2_target_object","实验二当前目标模型_脖子","Exp2_002_exp2_target_object_0110","video_relative_to_recording_start",rectangle,803,232,1184,706,,,,"A017_2","Exp2_002","E1_SPATIAL_PROGRESSIVE",loading,,,,,1,TRUE,2700.000,2750.000,356.371155,356.421143,1920,1046,"ObjectSlot2",1,0,"video_relative_to_screen_recording_start",36.078785,320292.344,320342.344,1,36.078785,"1781266396475","../../../../../../Project/UE5/Gallery/Saved/ScreenRecordings/A017_2_20260612_201316_screen.mkv",320292.344,320342.344,320317.344,"1781266716766","1781266716816","2026-06-12T20:18:36.766+08:00","2026-06-12T20:18:36.816+08:00",353.671143,EXP2,"exp2_target",3,2,"1:4|2:3|3:1|4:2"
"exp2_table_objects","实验二桌面四模型总体区域","Exp2_002_exp2_table_objects_0111","video_relative_to_recording_start",rectangle,402,184,1919,841,,,,"A017_2","Exp2_002","E1_SPATIAL_PROGRESSIVE",loading,,,,,1,TRUE,2750.000,2800.000,356.421143,356.471130,1920,1046,"ObjectSlot1-4",1,1,"video_relative_to_screen_recording_start",36.078785,320342.344,320392.344,1,36.078785,"1781266396475","../../../../../../Project/UE5/Gallery/Saved/ScreenRecordings/A017_2_20260612_201316_screen.mkv",320342.344,320392.344,320367.344,"1781266716816","1781266716866","2026-06-12T20:18:36.816+08:00","2026-06-12T20:18:36.866+08:00",353.671143,EXP2,"exp2_table",3,2,"1:4|2:3|3:1|4:2"
"exp2_target_object","实验二当前目标模型_脖子","Exp2_002_exp2_target_object_0112","video_relative_to_recording_start",rectangle,764,232,1145,707,,,,"A017_2","Exp2_002","E1_SPATIAL_PROGRESSIVE",loading,,,,,1,TRUE,2750.000,2800.000,356.421143,356.471130,1920,1046,"ObjectSlot2",1,0,"video_relative_to_screen_recording_start",36.078785,320342.344,320392.344,1,36.078785,"1781266396475","../../../../../../Project/UE5/Gallery/Saved/ScreenRecordings/A017_2_20260612_201316_screen.mkv",320342.344,320392.344,320367.344,"1781266716816","1781266716866","2026-06-12T20:18:36.816+08:00","2026-06-12T20:18:36.866+08:00",353.671143,EXP2,"exp2_target",3,2,"1:4|2:3|3:1|4:2"
"exp2_table_objects","实验二桌面四模型总体区域","Exp2_002_exp2_table_objects_0113","video_relative_to_recording_start",rectangle,416,180,1919,837,,,,"A017_2","Exp2_002","E1_SPATIAL_PROGRESSIVE",loading,,,,,1,TRUE,2800.000,2850.000,356.471130,356.521149,1920,1046,"ObjectSlot1-4",1,1,"video_relative_to_screen_recording_start",36.078785,320392.344,320442.344,1,36.078785,"1781266396475","../../../../../../Project/UE5/Gallery/Saved/ScreenRecordings/A017_2_20260612_201316_screen.mkv",320392.344,320442.344,320417.344,"1781266716866","1781266716916","2026-06-12T20:18:36.866+08:00","2026-06-12T20:18:36.916+08:00",353.671143,EXP2,"exp2_table",3,2,"1:4|2:3|3:1|4:2"
"exp2_target_object","实验二当前目标模型_脖子","Exp2_002_exp2_target_object_0114","video_relative_to_recording_start",rectangle,770,227,1154,703,,,,"A017_2","Exp2_002","E1_SPATIAL_PROGRESSIVE",loading,,,,,1,TRUE,2800.000,2850.000,356.471130,356.521149,1920,1046,"ObjectSlot2",1,0,"video_relative_to_screen_recording_start",36.078785,320392.344,320442.344,1,36.078785,"1781266396475","../../../../../../Project/UE5/Gallery/Saved/ScreenRecordings/A017_2_20260612_201316_screen.mkv",320392.344,320442.344,320417.344,"1781266716866","1781266716916","2026-06-12T20:18:36.866+08:00","2026-06-12T20:18:36.916+08:00",353.671143,EXP2,"exp2_target",3,2,"1:4|2:3|3:1|4:2"
"exp2_table_objects","实验二桌面四模型总体区域","Exp2_002_exp2_table_objects_0115","video_relative_to_recording_start",rectangle,479,164,1919,825,,,,"A017_2","Exp2_002","E1_SPATIAL_PROGRESSIVE",loading,,,,,1,TRUE,2850.000,2900.000,356.521149,356.571136,1920,1046,"ObjectSlot1-4",1,1,"video_relative_to_screen_recording_start",36.078785,320442.344,320492.344,1,36.078785,"1781266396475","../../../../../../Project/UE5/Gallery/Saved/ScreenRecordings/A017_2_20260612_201316_screen.mkv",320442.344,320492.344,320467.344,"1781266716916","1781266716966","2026-06-12T20:18:36.916+08:00","2026-06-12T20:18:36.966+08:00",353.671143,EXP2,"exp2_table",3,2,"1:4|2:3|3:1|4:2"
"exp2_target_object","实验二当前目标模型_脖子","Exp2_002_exp2_target_object_0116","video_relative_to_recording_start",rectangle,799,213,1194,690,,,,"A017_2","Exp2_002","E1_SPATIAL_PROGRESSIVE",loading,,,,,1,TRUE,2850.000,2900.000,356.521149,356.571136,1920,1046,"ObjectSlot2",1,0,"video_relative_to_screen_recording_start",36.078785,320442.344,320492.344,1,36.078785,"1781266396475","../../../../../../Project/UE5/Gallery/Saved/ScreenRecordings/A017_2_20260612_201316_screen.mkv",320442.344,320492.344,320467.344,"1781266716916","1781266716966","2026-06-12T20:18:36.916+08:00","2026-06-12T20:18:36.966+08:00",353.671143,EXP2,"exp2_target",3,2,"1:4|2:3|3:1|4:2"
"exp2_table_objects","实验二桌面四模型总体区域","Exp2_002_exp2_table_objects_0117","video_relative_to_recording_start",rectangle,479,164,1919,825,,,,"A017_2","Exp2_002","E1_SPATIAL_PROGRESSIVE",loading,,,,,1,TRUE,2900.000,2950.000,356.571136,356.621155,1920,1046,"ObjectSlot1-4",1,1,"video_relative_to_screen_recording_start",36.078785,320492.344,320542.344,1,36.078785,"1781266396475","../../../../../../Project/UE5/Gallery/Saved/ScreenRecordings/A017_2_20260612_201316_screen.mkv",320492.344,320542.344,320517.344,"1781266716966","1781266717016","2026-06-12T20:18:36.966+08:00","2026-06-12T20:18:37.016+08:00",353.671143,EXP2,"exp2_table",3,2,"1:4|2:3|3:1|4:2"
"exp2_target_object","实验二当前目标模型_脖子","Exp2_002_exp2_target_object_0118","video_relative_to_recording_start",rectangle,799,213,1194,690,,,,"A017_2","Exp2_002","E1_SPATIAL_PROGRESSIVE",loading,,,,,1,TRUE,2900.000,2950.000,356.571136,356.621155,1920,1046,"ObjectSlot2",1,0,"video_relative_to_screen_recording_start",36.078785,320492.344,320542.344,1,36.078785,"1781266396475","../../../../../../Project/UE5/Gallery/Saved/ScreenRecordings/A017_2_20260612_201316_screen.mkv",320492.344,320542.344,320517.344,"1781266716966","1781266717016","2026-06-12T20:18:36.966+08:00","2026-06-12T20:18:37.016+08:00",353.671143,EXP2,"exp2_target",3,2,"1:4|2:3|3:1|4:2"
"exp2_table_objects","实验二桌面四模型总体区域","Exp2_002_exp2_table_objects_0119","video_relative_to_recording_start",rectangle,567,145,1919,823,,,,"A017_2","Exp2_002","E1_SPATIAL_PROGRESSIVE",loading,,,,,1,TRUE,2950.000,3000.000,356.621155,356.671143,1920,1046,"ObjectSlot1-4",1,1,"video_relative_to_screen_recording_start",36.078785,320542.344,320592.344,1,36.078785,"1781266396475","../../../../../../Project/UE5/Gallery/Saved/ScreenRecordings/A017_2_20260612_201316_screen.mkv",320542.344,320592.344,320567.344,"1781266717016","1781266717066","2026-06-12T20:18:37.016+08:00","2026-06-12T20:18:37.066+08:00",353.671143,EXP2,"exp2_table",3,2,"1:4|2:3|3:1|4:2"
"exp2_target_object","实验二当前目标模型_脖子","Exp2_002_exp2_target_object_0120","video_relative_to_recording_start",rectangle,841,197,1258,682,,,,"A017_2","Exp2_002","E1_SPATIAL_PROGRESSIVE",loading,,,,,1,TRUE,2950.000,3000.000,356.621155,356.671143,1920,1046,"ObjectSlot2",1,0,"video_relative_to_screen_recording_start",36.078785,320542.344,320592.344,1,36.078785,"1781266396475","../../../../../../Project/UE5/Gallery/Saved/ScreenRecordings/A017_2_20260612_201316_screen.mkv",320542.344,320592.344,320567.344,"1781266717016","1781266717066","2026-06-12T20:18:37.016+08:00","2026-06-12T20:18:37.066+08:00",353.671143,EXP2,"exp2_target",3,2,"1:4|2:3|3:1|4:2"
"exp2_table_objects","实验二桌面四模型总体区域","Exp2_002_exp2_table_objects_0121","video_relative_to_recording_start",rectangle,658,97,1919,848,,,,"A017_2","Exp2_002","E1_SPATIAL_PROGRESSIVE",loading,,,,,1,TRUE,3000.000,3050.000,356.671143,356.721130,1920,1046,"ObjectSlot1-4",1,1,"video_relative_to_screen_recording_start",36.078785,320592.344,320642.344,1,36.078785,"1781266396475","../../../../../../Project/UE5/Gallery/Saved/ScreenRecordings/A017_2_20260612_201316_screen.mkv",320592.344,320642.344,320617.344,"1781266717066","1781266717116","2026-06-12T20:18:37.066+08:00","2026-06-12T20:18:37.116+08:00",353.671143,EXP2,"exp2_table",3,2,"1:4|2:3|3:1|4:2"
"exp2_target_object","实验二当前目标模型_脖子","Exp2_002_exp2_target_object_0122","video_relative_to_recording_start",rectangle,893,161,1358,681,,,,"A017_2","Exp2_002","E1_SPATIAL_PROGRESSIVE",loading,,,,,1,TRUE,3000.000,3050.000,356.671143,356.721130,1920,1046,"ObjectSlot2",1,0,"video_relative_to_screen_recording_start",36.078785,320592.344,320642.344,1,36.078785,"1781266396475","../../../../../../Project/UE5/Gallery/Saved/ScreenRecordings/A017_2_20260612_201316_screen.mkv",320592.344,320642.344,320617.344,"1781266717066","1781266717116","2026-06-12T20:18:37.066+08:00","2026-06-12T20:18:37.116+08:00",353.671143,EXP2,"exp2_target",3,2,"1:4|2:3|3:1|4:2"
"exp2_table_objects","实验二桌面四模型总体区域","Exp2_002_exp2_table_objects_0123","video_relative_to_recording_start",rectangle,727,52,1919,893,,,,"A017_2","Exp2_002","E1_SPATIAL_PROGRESSIVE",loading,,,,,1,TRUE,3050.000,3100.000,356.721130,356.771149,1920,1046,"ObjectSlot1-4",1,1,"video_relative_to_screen_recording_start",36.078785,320642.344,320692.344,1,36.078785,"1781266396475","../../../../../../Project/UE5/Gallery/Saved/ScreenRecordings/A017_2_20260612_201316_screen.mkv",320642.344,320692.344,320667.344,"1781266717116","1781266717166","2026-06-12T20:18:37.116+08:00","2026-06-12T20:18:37.166+08:00",353.671143,EXP2,"exp2_table",3,2,"1:4|2:3|3:1|4:2"
"exp2_target_object","实验二当前目标模型_脖子","Exp2_002_exp2_target_object_0124","video_relative_to_recording_start",rectangle,950,134,1468,692,,,,"A017_2","Exp2_002","E1_SPATIAL_PROGRESSIVE",loading,,,,,1,TRUE,3050.000,3100.000,356.721130,356.771149,1920,1046,"ObjectSlot2",1,0,"video_relative_to_screen_recording_start",36.078785,320642.344,320692.344,1,36.078785,"1781266396475","../../../../../../Project/UE5/Gallery/Saved/ScreenRecordings/A017_2_20260612_201316_screen.mkv",320642.344,320692.344,320667.344,"1781266717116","1781266717166","2026-06-12T20:18:37.116+08:00","2026-06-12T20:18:37.166+08:00",353.671143,EXP2,"exp2_target",3,2,"1:4|2:3|3:1|4:2"
"exp2_table_objects","实验二桌面四模型总体区域","Exp2_002_exp2_table_objects_0125","video_relative_to_recording_start",rectangle,721,25,1919,902,,,,"A017_2","Exp2_002","E1_SPATIAL_PROGRESSIVE",loading,,,,,1,TRUE,3100.000,3150.000,356.771149,356.821136,1920,1046,"ObjectSlot1-4",1,1,"video_relative_to_screen_recording_start",36.078785,320692.344,320742.344,1,36.078785,"1781266396475","../../../../../../Project/UE5/Gallery/Saved/ScreenRecordings/A017_2_20260612_201316_screen.mkv",320692.344,320742.344,320717.344,"1781266717166","1781266717216","2026-06-12T20:18:37.166+08:00","2026-06-12T20:18:37.216+08:00",353.671143,EXP2,"exp2_table",3,2,"1:4|2:3|3:1|4:2"
"exp2_target_object","实验二当前目标模型_脖子","Exp2_002_exp2_target_object_0126","video_relative_to_recording_start",rectangle,937,115,1468,685,,,,"A017_2","Exp2_002","E1_SPATIAL_PROGRESSIVE",loading,,,,,1,TRUE,3100.000,3150.000,356.771149,356.821136,1920,1046,"ObjectSlot2",1,0,"video_relative_to_screen_recording_start",36.078785,320692.344,320742.344,1,36.078785,"1781266396475","../../../../../../Project/UE5/Gallery/Saved/ScreenRecordings/A017_2_20260612_201316_screen.mkv",320692.344,320742.344,320717.344,"1781266717166","1781266717216","2026-06-12T20:18:37.166+08:00","2026-06-12T20:18:37.216+08:00",353.671143,EXP2,"exp2_target",3,2,"1:4|2:3|3:1|4:2"
"exp2_table_objects","实验二桌面四模型总体区域","Exp2_002_exp2_table_objects_0127","video_relative_to_recording_start",rectangle,681,16,1919,898,,,,"A017_2","Exp2_002","E1_SPATIAL_PROGRESSIVE",loading,,,,,1,TRUE,3150.000,3200.000,356.821136,356.871155,1920,1046,"ObjectSlot1-4",1,1,"video_relative_to_screen_recording_start",36.078785,320742.344,320792.344,1,36.078785,"1781266396475","../../../../../../Project/UE5/Gallery/Saved/ScreenRecordings/A017_2_20260612_201316_screen.mkv",320742.344,320792.344,320767.344,"1781266717216","1781266717266","2026-06-12T20:18:37.216+08:00","2026-06-12T20:18:37.266+08:00",353.671143,EXP2,"exp2_table",3,2,"1:4|2:3|3:1|4:2"
"exp2_target_object","实验二当前目标模型_脖子","Exp2_002_exp2_target_object_0128","video_relative_to_recording_start",rectangle,898,108,1424,677,,,,"A017_2","Exp2_002","E1_SPATIAL_PROGRESSIVE",loading,,,,,1,TRUE,3150.000,3200.000,356.821136,356.871155,1920,1046,"ObjectSlot2",1,0,"video_relative_to_screen_recording_start",36.078785,320742.344,320792.344,1,36.078785,"1781266396475","../../../../../../Project/UE5/Gallery/Saved/ScreenRecordings/A017_2_20260612_201316_screen.mkv",320742.344,320792.344,320767.344,"1781266717216","1781266717266","2026-06-12T20:18:37.216+08:00","2026-06-12T20:18:37.266+08:00",353.671143,EXP2,"exp2_target",3,2,"1:4|2:3|3:1|4:2"
"exp2_table_objects","实验二桌面四模型总体区域","Exp2_002_exp2_table_objects_0129","video_relative_to_recording_start",rectangle,681,16,1919,898,,,,"A017_2","Exp2_002","E1_SPATIAL_PROGRESSIVE",loading,,,,,1,TRUE,3200.000,3250.000,356.871155,356.921143,1920,1046,"ObjectSlot1-4",1,1,"video_relative_to_screen_recording_start",36.078785,320792.344,320842.344,1,36.078785,"1781266396475","../../../../../../Project/UE5/Gallery/Saved/ScreenRecordings/A017_2_20260612_201316_screen.mkv",320792.344,320842.344,320817.344,"1781266717266","1781266717316","2026-06-12T20:18:37.266+08:00","2026-06-12T20:18:37.316+08:00",353.671143,EXP2,"exp2_table",3,2,"1:4|2:3|3:1|4:2"
"exp2_target_object","实验二当前目标模型_脖子","Exp2_002_exp2_target_object_0130","video_relative_to_recording_start",rectangle,898,108,1424,677,,,,"A017_2","Exp2_002","E1_SPATIAL_PROGRESSIVE",loading,,,,,1,TRUE,3200.000,3250.000,356.871155,356.921143,1920,1046,"ObjectSlot2",1,0,"video_relative_to_screen_recording_start",36.078785,320792.344,320842.344,1,36.078785,"1781266396475","../../../../../../Project/UE5/Gallery/Saved/ScreenRecordings/A017_2_20260612_201316_screen.mkv",320792.344,320842.344,320817.344,"1781266717266","1781266717316","2026-06-12T20:18:37.266+08:00","2026-06-12T20:18:37.316+08:00",353.671143,EXP2,"exp2_target",3,2,"1:4|2:3|3:1|4:2"
"exp2_table_objects","实验二桌面四模型总体区域","Exp2_002_exp2_table_objects_0131","video_relative_to_recording_start",rectangle,680,16,1919,898,,,,"A017_2","Exp2_002","E1_SPATIAL_PROGRESSIVE",loading,,,,,1,TRUE,3250.000,3300.000,356.921143,356.971130,1920,1046,"ObjectSlot1-4",1,1,"video_relative_to_screen_recording_start",36.078785,320842.344,320892.344,1,36.078785,"1781266396475","../../../../../../Project/UE5/Gallery/Saved/ScreenRecordings/A017_2_20260612_201316_screen.mkv",320842.344,320892.344,320867.344,"1781266717316","1781266717366","2026-06-12T20:18:37.316+08:00","2026-06-12T20:18:37.366+08:00",353.671143,EXP2,"exp2_table",3,2,"1:4|2:3|3:1|4:2"
"exp2_target_object","实验二当前目标模型_脖子","Exp2_002_exp2_target_object_0132","video_relative_to_recording_start",rectangle,897,108,1422,677,,,,"A017_2","Exp2_002","E1_SPATIAL_PROGRESSIVE",loading,,,,,1,TRUE,3250.000,3300.000,356.921143,356.971130,1920,1046,"ObjectSlot2",1,0,"video_relative_to_screen_recording_start",36.078785,320842.344,320892.344,1,36.078785,"1781266396475","../../../../../../Project/UE5/Gallery/Saved/ScreenRecordings/A017_2_20260612_201316_screen.mkv",320842.344,320892.344,320867.344,"1781266717316","1781266717366","2026-06-12T20:18:37.316+08:00","2026-06-12T20:18:37.366+08:00",353.671143,EXP2,"exp2_target",3,2,"1:4|2:3|3:1|4:2"
"exp2_table_objects","实验二桌面四模型总体区域","Exp2_002_exp2_table_objects_0133","video_relative_to_recording_start",rectangle,680,16,1919,898,,,,"A017_2","Exp2_002","E1_SPATIAL_PROGRESSIVE",loading,,,,,1,TRUE,3300.000,3350.000,356.971130,357.021149,1920,1046,"ObjectSlot1-4",1,1,"video_relative_to_screen_recording_start",36.078785,320892.344,320942.344,1,36.078785,"1781266396475","../../../../../../Project/UE5/Gallery/Saved/ScreenRecordings/A017_2_20260612_201316_screen.mkv",320892.344,320942.344,320917.344,"1781266717366","1781266717416","2026-06-12T20:18:37.366+08:00","2026-06-12T20:18:37.416+08:00",353.671143,EXP2,"exp2_table",3,2,"1:4|2:3|3:1|4:2"
"exp2_target_object","实验二当前目标模型_脖子","Exp2_002_exp2_target_object_0134","video_relative_to_recording_start",rectangle,897,108,1422,677,,,,"A017_2","Exp2_002","E1_SPATIAL_PROGRESSIVE",loading,,,,,1,TRUE,3300.000,3350.000,356.971130,357.021149,1920,1046,"ObjectSlot2",1,0,"video_relative_to_screen_recording_start",36.078785,320892.344,320942.344,1,36.078785,"1781266396475","../../../../../../Project/UE5/Gallery/Saved/ScreenRecordings/A017_2_20260612_201316_screen.mkv",320892.344,320942.344,320917.344,"1781266717366","1781266717416","2026-06-12T20:18:37.366+08:00","2026-06-12T20:18:37.416+08:00",353.671143,EXP2,"exp2_target",3,2,"1:4|2:3|3:1|4:2"
"exp2_table_objects","实验二桌面四模型总体区域","Exp2_002_exp2_table_objects_0135","video_relative_to_recording_start",rectangle,680,16,1919,898,,,,"A017_2","Exp2_002","E1_SPATIAL_PROGRESSIVE",loading,,,,,1,TRUE,3350.000,3400.000,357.021149,357.071136,1920,1046,"ObjectSlot1-4",1,1,"video_relative_to_screen_recording_start",36.078785,320942.344,320992.344,1,36.078785,"1781266396475","../../../../../../Project/UE5/Gallery/Saved/ScreenRecordings/A017_2_20260612_201316_screen.mkv",320942.344,320992.344,320967.344,"1781266717416","1781266717466","2026-06-12T20:18:37.416+08:00","2026-06-12T20:18:37.466+08:00",353.671143,EXP2,"exp2_table",3,2,"1:4|2:3|3:1|4:2"
"exp2_target_object","实验二当前目标模型_脖子","Exp2_002_exp2_target_object_0136","video_relative_to_recording_start",rectangle,897,108,1422,677,,,,"A017_2","Exp2_002","E1_SPATIAL_PROGRESSIVE",loading,,,,,1,TRUE,3350.000,3400.000,357.021149,357.071136,1920,1046,"ObjectSlot2",1,0,"video_relative_to_screen_recording_start",36.078785,320942.344,320992.344,1,36.078785,"1781266396475","../../../../../../Project/UE5/Gallery/Saved/ScreenRecordings/A017_2_20260612_201316_screen.mkv",320942.344,320992.344,320967.344,"1781266717416","1781266717466","2026-06-12T20:18:37.416+08:00","2026-06-12T20:18:37.466+08:00",353.671143,EXP2,"exp2_target",3,2,"1:4|2:3|3:1|4:2"
"exp2_table_objects","实验二桌面四模型总体区域","Exp2_002_exp2_table_objects_0137","video_relative_to_recording_start",rectangle,680,16,1919,898,,,,"A017_2","Exp2_002","E1_SPATIAL_PROGRESSIVE",loading,,,,,1,TRUE,3400.000,3450.000,357.071136,357.121155,1920,1046,"ObjectSlot1-4",1,1,"video_relative_to_screen_recording_start",36.078785,320992.344,321042.344,1,36.078785,"1781266396475","../../../../../../Project/UE5/Gallery/Saved/ScreenRecordings/A017_2_20260612_201316_screen.mkv",320992.344,321042.344,321017.344,"1781266717466","1781266717516","2026-06-12T20:18:37.466+08:00","2026-06-12T20:18:37.516+08:00",353.671143,EXP2,"exp2_table",3,2,"1:4|2:3|3:1|4:2"
"exp2_target_object","实验二当前目标模型_脖子","Exp2_002_exp2_target_object_0138","video_relative_to_recording_start",rectangle,897,108,1422,677,,,,"A017_2","Exp2_002","E1_SPATIAL_PROGRESSIVE",loading,,,,,1,TRUE,3400.000,3450.000,357.071136,357.121155,1920,1046,"ObjectSlot2",1,0,"video_relative_to_screen_recording_start",36.078785,320992.344,321042.344,1,36.078785,"1781266396475","../../../../../../Project/UE5/Gallery/Saved/ScreenRecordings/A017_2_20260612_201316_screen.mkv",320992.344,321042.344,321017.344,"1781266717466","1781266717516","2026-06-12T20:18:37.466+08:00","2026-06-12T20:18:37.516+08:00",353.671143,EXP2,"exp2_target",3,2,"1:4|2:3|3:1|4:2"
"exp2_table_objects","实验二桌面四模型总体区域","Exp2_002_exp2_table_objects_0139","video_relative_to_recording_start",rectangle,610,6,1919,896,,,,"A017_2","Exp2_002","E1_SPATIAL_PROGRESSIVE",loading,,,,,1,TRUE,3450.000,3500.000,357.121155,357.171143,1920,1046,"ObjectSlot1-4",1,1,"video_relative_to_screen_recording_start",36.078785,321042.344,321092.344,1,36.078785,"1781266396475","../../../../../../Project/UE5/Gallery/Saved/ScreenRecordings/A017_2_20260612_201316_screen.mkv",321042.344,321092.344,321067.344,"1781266717516","1781266717566","2026-06-12T20:18:37.516+08:00","2026-06-12T20:18:37.566+08:00",353.671143,EXP2,"exp2_table",3,2,"1:4|2:3|3:1|4:2"
"exp2_target_object","实验二当前目标模型_脖子","Exp2_002_exp2_target_object_0140","video_relative_to_recording_start",rectangle,832,102,1350,670,,,,"A017_2","Exp2_002","E1_SPATIAL_PROGRESSIVE",loading,,,,,1,TRUE,3450.000,3500.000,357.121155,357.171143,1920,1046,"ObjectSlot2",1,0,"video_relative_to_screen_recording_start",36.078785,321042.344,321092.344,1,36.078785,"1781266396475","../../../../../../Project/UE5/Gallery/Saved/ScreenRecordings/A017_2_20260612_201316_screen.mkv",321042.344,321092.344,321067.344,"1781266717516","1781266717566","2026-06-12T20:18:37.516+08:00","2026-06-12T20:18:37.566+08:00",353.671143,EXP2,"exp2_target",3,2,"1:4|2:3|3:1|4:2"
"exp2_table_objects","实验二桌面四模型总体区域","Exp2_002_exp2_table_objects_0141","video_relative_to_recording_start",rectangle,590,1,1919,893,,,,"A017_2","Exp2_002","E1_SPATIAL_PROGRESSIVE",loading,,,,,1,TRUE,3500.000,3550.000,357.171143,357.221130,1920,1046,"ObjectSlot1-4",1,1,"video_relative_to_screen_recording_start",36.078785,321092.344,321142.344,1,36.078785,"1781266396475","../../../../../../Project/UE5/Gallery/Saved/ScreenRecordings/A017_2_20260612_201316_screen.mkv",321092.344,321142.344,321117.344,"1781266717566","1781266717616","2026-06-12T20:18:37.566+08:00","2026-06-12T20:18:37.616+08:00",353.671143,EXP2,"exp2_table",3,2,"1:4|2:3|3:1|4:2"
"exp2_target_object","实验二当前目标模型_脖子","Exp2_002_exp2_target_object_0142","video_relative_to_recording_start",rectangle,814,97,1331,665,,,,"A017_2","Exp2_002","E1_SPATIAL_PROGRESSIVE",loading,,,,,1,TRUE,3500.000,3550.000,357.171143,357.221130,1920,1046,"ObjectSlot2",1,0,"video_relative_to_screen_recording_start",36.078785,321092.344,321142.344,1,36.078785,"1781266396475","../../../../../../Project/UE5/Gallery/Saved/ScreenRecordings/A017_2_20260612_201316_screen.mkv",321092.344,321142.344,321117.344,"1781266717566","1781266717616","2026-06-12T20:18:37.566+08:00","2026-06-12T20:18:37.616+08:00",353.671143,EXP2,"exp2_target",3,2,"1:4|2:3|3:1|4:2"
"exp2_table_objects","实验二桌面四模型总体区域","Exp2_002_exp2_table_objects_0143","video_relative_to_recording_start",rectangle,589,0,1919,892,,,,"A017_2","Exp2_002","E1_SPATIAL_PROGRESSIVE",loading,,,,,1,TRUE,3550.000,3600.000,357.221130,357.271149,1920,1046,"ObjectSlot1-4",1,1,"video_relative_to_screen_recording_start",36.078785,321142.344,321192.344,1,36.078785,"1781266396475","../../../../../../Project/UE5/Gallery/Saved/ScreenRecordings/A017_2_20260612_201316_screen.mkv",321142.344,321192.344,321167.344,"1781266717616","1781266717666","2026-06-12T20:18:37.616+08:00","2026-06-12T20:18:37.666+08:00",353.671143,EXP2,"exp2_table",3,2,"1:4|2:3|3:1|4:2"
"exp2_target_object","实验二当前目标模型_脖子","Exp2_002_exp2_target_object_0144","video_relative_to_recording_start",rectangle,813,96,1330,664,,,,"A017_2","Exp2_002","E1_SPATIAL_PROGRESSIVE",loading,,,,,1,TRUE,3550.000,3600.000,357.221130,357.271149,1920,1046,"ObjectSlot2",1,0,"video_relative_to_screen_recording_start",36.078785,321142.344,321192.344,1,36.078785,"1781266396475","../../../../../../Project/UE5/Gallery/Saved/ScreenRecordings/A017_2_20260612_201316_screen.mkv",321142.344,321192.344,321167.344,"1781266717616","1781266717666","2026-06-12T20:18:37.616+08:00","2026-06-12T20:18:37.666+08:00",353.671143,EXP2,"exp2_target",3,2,"1:4|2:3|3:1|4:2"
"exp2_table_objects","实验二桌面四模型总体区域","Exp2_002_exp2_table_objects_0145","video_relative_to_recording_start",rectangle,589,0,1919,892,,,,"A017_2","Exp2_002","E1_SPATIAL_PROGRESSIVE",loading,,,,,1,TRUE,3600.000,3650.000,357.271149,357.321136,1920,1046,"ObjectSlot1-4",1,1,"video_relative_to_screen_recording_start",36.078785,321192.344,321242.344,1,36.078785,"1781266396475","../../../../../../Project/UE5/Gallery/Saved/ScreenRecordings/A017_2_20260612_201316_screen.mkv",321192.344,321242.344,321217.344,"1781266717666","1781266717716","2026-06-12T20:18:37.666+08:00","2026-06-12T20:18:37.716+08:00",353.671143,EXP2,"exp2_table",3,2,"1:4|2:3|3:1|4:2"
"exp2_target_object","实验二当前目标模型_脖子","Exp2_002_exp2_target_object_0146","video_relative_to_recording_start",rectangle,813,96,1330,664,,,,"A017_2","Exp2_002","E1_SPATIAL_PROGRESSIVE",loading,,,,,1,TRUE,3600.000,3650.000,357.271149,357.321136,1920,1046,"ObjectSlot2",1,0,"video_relative_to_screen_recording_start",36.078785,321192.344,321242.344,1,36.078785,"1781266396475","../../../../../../Project/UE5/Gallery/Saved/ScreenRecordings/A017_2_20260612_201316_screen.mkv",321192.344,321242.344,321217.344,"1781266717666","1781266717716","2026-06-12T20:18:37.666+08:00","2026-06-12T20:18:37.716+08:00",353.671143,EXP2,"exp2_target",3,2,"1:4|2:3|3:1|4:2"
"exp2_table_objects","实验二桌面四模型总体区域","Exp2_002_exp2_table_objects_0147","video_relative_to_recording_start",rectangle,589,0,1919,892,,,,"A017_2","Exp2_002","E1_SPATIAL_PROGRESSIVE",loading,,,,,1,TRUE,3650.000,3700.000,357.321136,357.371155,1920,1046,"ObjectSlot1-4",1,1,"video_relative_to_screen_recording_start",36.078785,321242.344,321292.344,1,36.078785,"1781266396475","../../../../../../Project/UE5/Gallery/Saved/ScreenRecordings/A017_2_20260612_201316_screen.mkv",321242.344,321292.344,321267.344,"1781266717716","1781266717766","2026-06-12T20:18:37.716+08:00","2026-06-12T20:18:37.766+08:00",353.671143,EXP2,"exp2_table",3,2,"1:4|2:3|3:1|4:2"
"exp2_target_object","实验二当前目标模型_脖子","Exp2_002_exp2_target_object_0148","video_relative_to_recording_start",rectangle,813,96,1330,664,,,,"A017_2","Exp2_002","E1_SPATIAL_PROGRESSIVE",loading,,,,,1,TRUE,3650.000,3700.000,357.321136,357.371155,1920,1046,"ObjectSlot2",1,0,"video_relative_to_screen_recording_start",36.078785,321242.344,321292.344,1,36.078785,"1781266396475","../../../../../../Project/UE5/Gallery/Saved/ScreenRecordings/A017_2_20260612_201316_screen.mkv",321242.344,321292.344,321267.344,"1781266717716","1781266717766","2026-06-12T20:18:37.716+08:00","2026-06-12T20:18:37.766+08:00",353.671143,EXP2,"exp2_target",3,2,"1:4|2:3|3:1|4:2"
"exp2_table_objects","实验二桌面四模型总体区域","Exp2_002_exp2_table_objects_0149","video_relative_to_recording_start",rectangle,589,0,1919,892,,,,"A017_2","Exp2_002","E1_SPATIAL_PROGRESSIVE",loading,,,,,1,TRUE,3700.000,3750.000,357.371155,357.421143,1920,1046,"ObjectSlot1-4",1,1,"video_relative_to_screen_recording_start",36.078785,321292.344,321342.344,1,36.078785,"1781266396475","../../../../../../Project/UE5/Gallery/Saved/ScreenRecordings/A017_2_20260612_201316_screen.mkv",321292.344,321342.344,321317.344,"1781266717766","1781266717816","2026-06-12T20:18:37.766+08:00","2026-06-12T20:18:37.816+08:00",353.671143,EXP2,"exp2_table",3,2,"1:4|2:3|3:1|4:2"
"exp2_target_object","实验二当前目标模型_脖子","Exp2_002_exp2_target_object_0150","video_relative_to_recording_start",rectangle,813,96,1330,664,,,,"A017_2","Exp2_002","E1_SPATIAL_PROGRESSIVE",loading,,,,,1,TRUE,3700.000,3750.000,357.371155,357.421143,1920,1046,"ObjectSlot2",1,0,"video_relative_to_screen_recording_start",36.078785,321292.344,321342.344,1,36.078785,"1781266396475","../../../../../../Project/UE5/Gallery/Saved/ScreenRecordings/A017_2_20260612_201316_screen.mkv",321292.344,321342.344,321317.344,"1781266717766","1781266717816","2026-06-12T20:18:37.766+08:00","2026-06-12T20:18:37.816+08:00",353.671143,EXP2,"exp2_target",3,2,"1:4|2:3|3:1|4:2"
"exp2_table_objects","实验二桌面四模型总体区域","Exp2_002_exp2_table_objects_0151","video_relative_to_recording_start",rectangle,589,0,1919,892,,,,"A017_2","Exp2_002","E1_SPATIAL_PROGRESSIVE",loading,,,,,1,TRUE,3750.000,3800.000,357.421143,357.471130,1920,1046,"ObjectSlot1-4",1,1,"video_relative_to_screen_recording_start",36.078785,321342.344,321392.344,1,36.078785,"1781266396475","../../../../../../Project/UE5/Gallery/Saved/ScreenRecordings/A017_2_20260612_201316_screen.mkv",321342.344,321392.344,321367.344,"1781266717816","1781266717866","2026-06-12T20:18:37.816+08:00","2026-06-12T20:18:37.866+08:00",353.671143,EXP2,"exp2_table",3,2,"1:4|2:3|3:1|4:2"
"exp2_target_object","实验二当前目标模型_脖子","Exp2_002_exp2_target_object_0152","video_relative_to_recording_start",rectangle,813,96,1330,664,,,,"A017_2","Exp2_002","E1_SPATIAL_PROGRESSIVE",loading,,,,,1,TRUE,3750.000,3800.000,357.421143,357.471130,1920,1046,"ObjectSlot2",1,0,"video_relative_to_screen_recording_start",36.078785,321342.344,321392.344,1,36.078785,"1781266396475","../../../../../../Project/UE5/Gallery/Saved/ScreenRecordings/A017_2_20260612_201316_screen.mkv",321342.344,321392.344,321367.344,"1781266717816","1781266717866","2026-06-12T20:18:37.816+08:00","2026-06-12T20:18:37.866+08:00",353.671143,EXP2,"exp2_target",3,2,"1:4|2:3|3:1|4:2"
"exp2_table_objects","实验二桌面四模型总体区域","Exp2_002_exp2_table_objects_0153","video_relative_to_recording_start",rectangle,566,16,1919,907,,,,"A017_2","Exp2_002","E1_SPATIAL_PROGRESSIVE",loading,,,,,1,TRUE,3800.000,3850.000,357.471130,357.521149,1920,1046,"ObjectSlot1-4",1,1,"video_relative_to_screen_recording_start",36.078785,321392.344,321442.344,1,36.078785,"1781266396475","../../../../../../Project/UE5/Gallery/Saved/ScreenRecordings/A017_2_20260612_201316_screen.mkv",321392.344,321442.344,321417.344,"1781266717866","1781266717916","2026-06-12T20:18:37.866+08:00","2026-06-12T20:18:37.916+08:00",353.671143,EXP2,"exp2_table",3,2,"1:4|2:3|3:1|4:2"
"exp2_target_object","实验二当前目标模型_脖子","Exp2_002_exp2_target_object_0154","video_relative_to_recording_start",rectangle,797,111,1308,678,,,,"A017_2","Exp2_002","E1_SPATIAL_PROGRESSIVE",loading,,,,,1,TRUE,3800.000,3850.000,357.471130,357.521149,1920,1046,"ObjectSlot2",1,0,"video_relative_to_screen_recording_start",36.078785,321392.344,321442.344,1,36.078785,"1781266396475","../../../../../../Project/UE5/Gallery/Saved/ScreenRecordings/A017_2_20260612_201316_screen.mkv",321392.344,321442.344,321417.344,"1781266717866","1781266717916","2026-06-12T20:18:37.866+08:00","2026-06-12T20:18:37.916+08:00",353.671143,EXP2,"exp2_target",3,2,"1:4|2:3|3:1|4:2"
"exp2_table_objects","实验二桌面四模型总体区域","Exp2_002_exp2_table_objects_0155","video_relative_to_recording_start",rectangle,519,34,1919,920,,,,"A017_2","Exp2_002","E1_SPATIAL_PROGRESSIVE",loading,,,,,1,TRUE,3850.000,3900.000,357.521149,357.571136,1920,1046,"ObjectSlot1-4",1,1,"video_relative_to_screen_recording_start",36.078785,321442.344,321492.344,1,36.078785,"1781266396475","../../../../../../Project/UE5/Gallery/Saved/ScreenRecordings/A017_2_20260612_201316_screen.mkv",321442.344,321492.344,321467.344,"1781266717916","1781266717966","2026-06-12T20:18:37.916+08:00","2026-06-12T20:18:37.966+08:00",353.671143,EXP2,"exp2_table",3,2,"1:4|2:3|3:1|4:2"
"exp2_target_object","实验二当前目标模型_脖子","Exp2_002_exp2_target_object_0156","video_relative_to_recording_start",rectangle,765,127,1268,692,,,,"A017_2","Exp2_002","E1_SPATIAL_PROGRESSIVE",loading,,,,,1,TRUE,3850.000,3900.000,357.521149,357.571136,1920,1046,"ObjectSlot2",1,0,"video_relative_to_screen_recording_start",36.078785,321442.344,321492.344,1,36.078785,"1781266396475","../../../../../../Project/UE5/Gallery/Saved/ScreenRecordings/A017_2_20260612_201316_screen.mkv",321442.344,321492.344,321467.344,"1781266717916","1781266717966","2026-06-12T20:18:37.916+08:00","2026-06-12T20:18:37.966+08:00",353.671143,EXP2,"exp2_target",3,2,"1:4|2:3|3:1|4:2"
"exp2_table_objects","实验二桌面四模型总体区域","Exp2_002_exp2_table_objects_0157","video_relative_to_recording_start",rectangle,428,49,1919,931,,,,"A017_2","Exp2_002","E1_SPATIAL_PROGRESSIVE",loading,,,,,1,TRUE,3900.000,3950.000,357.571136,357.621155,1920,1046,"ObjectSlot1-4",1,1,"video_relative_to_screen_recording_start",36.078785,321492.344,321542.344,1,36.078785,"1781266396475","../../../../../../Project/UE5/Gallery/Saved/ScreenRecordings/A017_2_20260612_201316_screen.mkv",321492.344,321542.344,321517.344,"1781266717966","1781266718016","2026-06-12T20:18:37.966+08:00","2026-06-12T20:18:38.016+08:00",353.671143,EXP2,"exp2_table",3,2,"1:4|2:3|3:1|4:2"
"exp2_target_object","实验二当前目标模型_脖子","Exp2_002_exp2_target_object_0158","video_relative_to_recording_start",rectangle,702,141,1190,704,,,,"A017_2","Exp2_002","E1_SPATIAL_PROGRESSIVE",loading,,,,,1,TRUE,3900.000,3950.000,357.571136,357.621155,1920,1046,"ObjectSlot2",1,0,"video_relative_to_screen_recording_start",36.078785,321492.344,321542.344,1,36.078785,"1781266396475","../../../../../../Project/UE5/Gallery/Saved/ScreenRecordings/A017_2_20260612_201316_screen.mkv",321492.344,321542.344,321517.344,"1781266717966","1781266718016","2026-06-12T20:18:37.966+08:00","2026-06-12T20:18:38.016+08:00",353.671143,EXP2,"exp2_target",3,2,"1:4|2:3|3:1|4:2"
"exp2_table_objects","实验二桌面四模型总体区域","Exp2_002_exp2_table_objects_0159","video_relative_to_recording_start",rectangle,239,68,1919,938,,,,"A017_2","Exp2_002","E1_SPATIAL_PROGRESSIVE",loading,,,,,1,TRUE,3950.000,4000.000,357.621155,357.671143,1920,1046,"ObjectSlot1-4",1,1,"video_relative_to_screen_recording_start",36.078785,321542.344,321592.344,1,36.078785,"1781266396475","../../../../../../Project/UE5/Gallery/Saved/ScreenRecordings/A017_2_20260612_201316_screen.mkv",321542.344,321592.344,321567.344,"1781266718016","1781266718066","2026-06-12T20:18:38.016+08:00","2026-06-12T20:18:38.066+08:00",353.671143,EXP2,"exp2_table",3,2,"1:4|2:3|3:1|4:2"
"exp2_target_object","实验二当前目标模型_脖子","Exp2_002_exp2_target_object_0160","video_relative_to_recording_start",rectangle,621,157,1085,714,,,,"A017_2","Exp2_002","E1_SPATIAL_PROGRESSIVE",loading,,,,,1,TRUE,3950.000,4000.000,357.621155,357.671143,1920,1046,"ObjectSlot2",1,0,"video_relative_to_screen_recording_start",36.078785,321542.344,321592.344,1,36.078785,"1781266396475","../../../../../../Project/UE5/Gallery/Saved/ScreenRecordings/A017_2_20260612_201316_screen.mkv",321542.344,321592.344,321567.344,"1781266718016","1781266718066","2026-06-12T20:18:38.016+08:00","2026-06-12T20:18:38.066+08:00",353.671143,EXP2,"exp2_target",3,2,"1:4|2:3|3:1|4:2"
"exp2_table_objects","实验二桌面四模型总体区域","Exp2_002_exp2_table_objects_0161","video_relative_to_recording_start",rectangle,0,43,1919,1011,,,,"A017_2","Exp2_002","E1_SPATIAL_PROGRESSIVE",loading,,,,,1,TRUE,4000.000,4050.000,357.671143,357.721130,1920,1046,"ObjectSlot1-4",1,1,"video_relative_to_screen_recording_start",36.078785,321592.344,321642.344,1,36.078785,"1781266396475","../../../../../../Project/UE5/Gallery/Saved/ScreenRecordings/A017_2_20260612_201316_screen.mkv",321592.344,321642.344,321617.344,"1781266718066","1781266718116","2026-06-12T20:18:38.066+08:00","2026-06-12T20:18:38.116+08:00",353.671143,EXP2,"exp2_table",3,2,"1:4|2:3|3:1|4:2"
"exp2_target_object","实验二当前目标模型_脖子","Exp2_002_exp2_target_object_0162","video_relative_to_recording_start",rectangle,515,150,987,747,,,,"A017_2","Exp2_002","E1_SPATIAL_PROGRESSIVE",loading,,,,,1,TRUE,4000.000,4050.000,357.671143,357.721130,1920,1046,"ObjectSlot2",1,0,"video_relative_to_screen_recording_start",36.078785,321592.344,321642.344,1,36.078785,"1781266396475","../../../../../../Project/UE5/Gallery/Saved/ScreenRecordings/A017_2_20260612_201316_screen.mkv",321592.344,321642.344,321617.344,"1781266718066","1781266718116","2026-06-12T20:18:38.066+08:00","2026-06-12T20:18:38.116+08:00",353.671143,EXP2,"exp2_target",3,2,"1:4|2:3|3:1|4:2"
"exp2_table_objects","实验二桌面四模型总体区域","Exp2_002_exp2_table_objects_0163","video_relative_to_recording_start",rectangle,0,0,1919,1045,,,,"A017_2","Exp2_002","E1_SPATIAL_PROGRESSIVE",loading,,,,,1,TRUE,4050.000,4100.000,357.721130,357.771149,1920,1046,"ObjectSlot1-4",1,1,"video_relative_to_screen_recording_start",36.078785,321642.344,321692.344,1,36.078785,"1781266396475","../../../../../../Project/UE5/Gallery/Saved/ScreenRecordings/A017_2_20260612_201316_screen.mkv",321642.344,321692.344,321667.344,"1781266718116","1781266718166","2026-06-12T20:18:38.116+08:00","2026-06-12T20:18:38.166+08:00",353.671143,EXP2,"exp2_table",3,2,"1:4|2:3|3:1|4:2"
"exp2_target_object","实验二当前目标模型_脖子","Exp2_002_exp2_target_object_0164","video_relative_to_recording_start",rectangle,417,132,937,809,,,,"A017_2","Exp2_002","E1_SPATIAL_PROGRESSIVE",loading,,,,,1,TRUE,4050.000,4100.000,357.721130,357.771149,1920,1046,"ObjectSlot2",1,0,"video_relative_to_screen_recording_start",36.078785,321642.344,321692.344,1,36.078785,"1781266396475","../../../../../../Project/UE5/Gallery/Saved/ScreenRecordings/A017_2_20260612_201316_screen.mkv",321642.344,321692.344,321667.344,"1781266718116","1781266718166","2026-06-12T20:18:38.116+08:00","2026-06-12T20:18:38.166+08:00",353.671143,EXP2,"exp2_target",3,2,"1:4|2:3|3:1|4:2"
"exp2_table_objects","实验二桌面四模型总体区域","Exp2_002_exp2_table_objects_0165","video_relative_to_recording_start",rectangle,0,0,1919,1045,,,,"A017_2","Exp2_002","E1_SPATIAL_PROGRESSIVE",loading,,,,,1,TRUE,4100.000,4150.000,357.771149,357.821136,1920,1046,"ObjectSlot1-4",1,1,"video_relative_to_screen_recording_start",36.078785,321692.344,321742.344,1,36.078785,"1781266396475","../../../../../../Project/UE5/Gallery/Saved/ScreenRecordings/A017_2_20260612_201316_screen.mkv",321692.344,321742.344,321717.344,"1781266718166","1781266718216","2026-06-12T20:18:38.166+08:00","2026-06-12T20:18:38.216+08:00",353.671143,EXP2,"exp2_table",3,2,"1:4|2:3|3:1|4:2"
"exp2_target_object","实验二当前目标模型_脖子","Exp2_002_exp2_target_object_0166","video_relative_to_recording_start",rectangle,417,132,937,809,,,,"A017_2","Exp2_002","E1_SPATIAL_PROGRESSIVE",loading,,,,,1,TRUE,4100.000,4150.000,357.771149,357.821136,1920,1046,"ObjectSlot2",1,0,"video_relative_to_screen_recording_start",36.078785,321692.344,321742.344,1,36.078785,"1781266396475","../../../../../../Project/UE5/Gallery/Saved/ScreenRecordings/A017_2_20260612_201316_screen.mkv",321692.344,321742.344,321717.344,"1781266718166","1781266718216","2026-06-12T20:18:38.166+08:00","2026-06-12T20:18:38.216+08:00",353.671143,EXP2,"exp2_target",3,2,"1:4|2:3|3:1|4:2"
"exp2_table_objects","实验二桌面四模型总体区域","Exp2_002_exp2_table_objects_0167","video_relative_to_recording_start",rectangle,0,0,1919,1045,,,,"A017_2","Exp2_002","E1_SPATIAL_PROGRESSIVE",loading,,,,,1,TRUE,4150.000,4200.000,357.821136,357.871155,1920,1046,"ObjectSlot1-4",1,1,"video_relative_to_screen_recording_start",36.078785,321742.344,321792.344,1,36.078785,"1781266396475","../../../../../../Project/UE5/Gallery/Saved/ScreenRecordings/A017_2_20260612_201316_screen.mkv",321742.344,321792.344,321767.344,"1781266718216","1781266718266","2026-06-12T20:18:38.216+08:00","2026-06-12T20:18:38.266+08:00",353.671143,EXP2,"exp2_table",3,2,"1:4|2:3|3:1|4:2"
"exp2_target_object","实验二当前目标模型_脖子","Exp2_002_exp2_target_object_0168","video_relative_to_recording_start",rectangle,322,120,921,872,,,,"A017_2","Exp2_002","E1_SPATIAL_PROGRESSIVE",loading,,,,,1,TRUE,4150.000,4200.000,357.821136,357.871155,1920,1046,"ObjectSlot2",1,0,"video_relative_to_screen_recording_start",36.078785,321742.344,321792.344,1,36.078785,"1781266396475","../../../../../../Project/UE5/Gallery/Saved/ScreenRecordings/A017_2_20260612_201316_screen.mkv",321742.344,321792.344,321767.344,"1781266718216","1781266718266","2026-06-12T20:18:38.216+08:00","2026-06-12T20:18:38.266+08:00",353.671143,EXP2,"exp2_target",3,2,"1:4|2:3|3:1|4:2"
"exp2_table_objects","实验二桌面四模型总体区域","Exp2_002_exp2_table_objects_0169","video_relative_to_recording_start",rectangle,0,0,1919,1045,,,,"A017_2","Exp2_002","E1_SPATIAL_PROGRESSIVE",loading,,,,,1,TRUE,4200.000,4250.000,357.871155,357.921143,1920,1046,"ObjectSlot1-4",1,1,"video_relative_to_screen_recording_start",36.078785,321792.344,321842.344,1,36.078785,"1781266396475","../../../../../../Project/UE5/Gallery/Saved/ScreenRecordings/A017_2_20260612_201316_screen.mkv",321792.344,321842.344,321817.344,"1781266718266","1781266718316","2026-06-12T20:18:38.266+08:00","2026-06-12T20:18:38.316+08:00",353.671143,EXP2,"exp2_table",3,2,"1:4|2:3|3:1|4:2"
"exp2_target_object","实验二当前目标模型_脖子","Exp2_002_exp2_target_object_0170","video_relative_to_recording_start",rectangle,345,124,942,867,,,,"A017_2","Exp2_002","E1_SPATIAL_PROGRESSIVE",loading,,,,,1,TRUE,4200.000,4250.000,357.871155,357.921143,1920,1046,"ObjectSlot2",1,0,"video_relative_to_screen_recording_start",36.078785,321792.344,321842.344,1,36.078785,"1781266396475","../../../../../../Project/UE5/Gallery/Saved/ScreenRecordings/A017_2_20260612_201316_screen.mkv",321792.344,321842.344,321817.344,"1781266718266","1781266718316","2026-06-12T20:18:38.266+08:00","2026-06-12T20:18:38.316+08:00",353.671143,EXP2,"exp2_target",3,2,"1:4|2:3|3:1|4:2"
"exp2_table_objects","实验二桌面四模型总体区域","Exp2_002_exp2_table_objects_0171","video_relative_to_recording_start",rectangle,0,0,1919,1045,,,,"A017_2","Exp2_002","E1_SPATIAL_PROGRESSIVE",loading,,,,,1,TRUE,4250.000,4300.000,357.921143,357.971130,1920,1046,"ObjectSlot1-4",1,1,"video_relative_to_screen_recording_start",36.078785,321842.344,321892.344,1,36.078785,"1781266396475","../../../../../../Project/UE5/Gallery/Saved/ScreenRecordings/A017_2_20260612_201316_screen.mkv",321842.344,321892.344,321867.344,"1781266718316","1781266718366","2026-06-12T20:18:38.316+08:00","2026-06-12T20:18:38.366+08:00",353.671143,EXP2,"exp2_table",3,2,"1:4|2:3|3:1|4:2"
"exp2_target_object","实验二当前目标模型_脖子","Exp2_002_exp2_target_object_0172","video_relative_to_recording_start",rectangle,417,120,998,845,,,,"A017_2","Exp2_002","E1_SPATIAL_PROGRESSIVE",loading,,,,,1,TRUE,4250.000,4300.000,357.921143,357.971130,1920,1046,"ObjectSlot2",1,0,"video_relative_to_screen_recording_start",36.078785,321842.344,321892.344,1,36.078785,"1781266396475","../../../../../../Project/UE5/Gallery/Saved/ScreenRecordings/A017_2_20260612_201316_screen.mkv",321842.344,321892.344,321867.344,"1781266718316","1781266718366","2026-06-12T20:18:38.316+08:00","2026-06-12T20:18:38.366+08:00",353.671143,EXP2,"exp2_target",3,2,"1:4|2:3|3:1|4:2"
"exp2_table_objects","实验二桌面四模型总体区域","Exp2_002_exp2_table_objects_0173","video_relative_to_recording_start",rectangle,0,0,1919,1045,,,,"A017_2","Exp2_002","E1_SPATIAL_PROGRESSIVE",loading,,,,,1,TRUE,4300.000,4350.000,357.971130,358.021149,1920,1046,"ObjectSlot1-4",1,1,"video_relative_to_screen_recording_start",36.078785,321892.344,321942.344,1,36.078785,"1781266396475","../../../../../../Project/UE5/Gallery/Saved/ScreenRecordings/A017_2_20260612_201316_screen.mkv",321892.344,321942.344,321917.344,"1781266718366","1781266718416","2026-06-12T20:18:38.366+08:00","2026-06-12T20:18:38.416+08:00",353.671143,EXP2,"exp2_table",3,2,"1:4|2:3|3:1|4:2"
"exp2_target_object","实验二当前目标模型_脖子","Exp2_002_exp2_target_object_0174","video_relative_to_recording_start",rectangle,484,106,1057,816,,,,"A017_2","Exp2_002","E1_SPATIAL_PROGRESSIVE",loading,,,,,1,TRUE,4300.000,4350.000,357.971130,358.021149,1920,1046,"ObjectSlot2",1,0,"video_relative_to_screen_recording_start",36.078785,321892.344,321942.344,1,36.078785,"1781266396475","../../../../../../Project/UE5/Gallery/Saved/ScreenRecordings/A017_2_20260612_201316_screen.mkv",321892.344,321942.344,321917.344,"1781266718366","1781266718416","2026-06-12T20:18:38.366+08:00","2026-06-12T20:18:38.416+08:00",353.671143,EXP2,"exp2_target",3,2,"1:4|2:3|3:1|4:2"
"exp2_table_objects","实验二桌面四模型总体区域","Exp2_002_exp2_table_objects_0175","video_relative_to_recording_start",rectangle,0,0,1919,1045,,,,"A017_2","Exp2_002","E1_SPATIAL_PROGRESSIVE",loading,,,,,1,TRUE,4350.000,4400.000,358.021149,358.071136,1920,1046,"ObjectSlot1-4",1,1,"video_relative_to_screen_recording_start",36.078785,321942.344,321992.344,1,36.078785,"1781266396475","../../../../../../Project/UE5/Gallery/Saved/ScreenRecordings/A017_2_20260612_201316_screen.mkv",321942.344,321992.344,321967.344,"1781266718416","1781266718466","2026-06-12T20:18:38.416+08:00","2026-06-12T20:18:38.466+08:00",353.671143,EXP2,"exp2_table",3,2,"1:4|2:3|3:1|4:2"
"exp2_target_object","实验二当前目标模型_脖子","Exp2_002_exp2_target_object_0176","video_relative_to_recording_start",rectangle,506,97,1077,803,,,,"A017_2","Exp2_002","E1_SPATIAL_PROGRESSIVE",loading,,,,,1,TRUE,4350.000,4400.000,358.021149,358.071136,1920,1046,"ObjectSlot2",1,0,"video_relative_to_screen_recording_start",36.078785,321942.344,321992.344,1,36.078785,"1781266396475","../../../../../../Project/UE5/Gallery/Saved/ScreenRecordings/A017_2_20260612_201316_screen.mkv",321942.344,321992.344,321967.344,"1781266718416","1781266718466","2026-06-12T20:18:38.416+08:00","2026-06-12T20:18:38.466+08:00",353.671143,EXP2,"exp2_target",3,2,"1:4|2:3|3:1|4:2"
"exp2_table_objects","实验二桌面四模型总体区域","Exp2_002_exp2_table_objects_0177","video_relative_to_recording_start",rectangle,0,0,1919,1045,,,,"A017_2","Exp2_002","E1_SPATIAL_PROGRESSIVE",loading,,,,,1,TRUE,4400.000,4450.000,358.071136,358.121155,1920,1046,"ObjectSlot1-4",1,1,"video_relative_to_screen_recording_start",36.078785,321992.344,322042.344,1,36.078785,"1781266396475","../../../../../../Project/UE5/Gallery/Saved/ScreenRecordings/A017_2_20260612_201316_screen.mkv",321992.344,322042.344,322017.344,"1781266718466","1781266718516","2026-06-12T20:18:38.466+08:00","2026-06-12T20:18:38.516+08:00",353.671143,EXP2,"exp2_table",3,2,"1:4|2:3|3:1|4:2"
"exp2_target_object","实验二当前目标模型_脖子","Exp2_002_exp2_target_object_0178","video_relative_to_recording_start",rectangle,506,97,1077,803,,,,"A017_2","Exp2_002","E1_SPATIAL_PROGRESSIVE",loading,,,,,1,TRUE,4400.000,4450.000,358.071136,358.121155,1920,1046,"ObjectSlot2",1,0,"video_relative_to_screen_recording_start",36.078785,321992.344,322042.344,1,36.078785,"1781266396475","../../../../../../Project/UE5/Gallery/Saved/ScreenRecordings/A017_2_20260612_201316_screen.mkv",321992.344,322042.344,322017.344,"1781266718466","1781266718516","2026-06-12T20:18:38.466+08:00","2026-06-12T20:18:38.516+08:00",353.671143,EXP2,"exp2_target",3,2,"1:4|2:3|3:1|4:2"
"exp2_table_objects","实验二桌面四模型总体区域","Exp2_002_exp2_table_objects_0179","video_relative_to_recording_start",rectangle,0,0,1919,1045,,,,"A017_2","Exp2_002","E1_SPATIAL_PROGRESSIVE",loading,,,,,1,TRUE,4450.000,4500.000,358.121155,358.171143,1920,1046,"ObjectSlot1-4",1,1,"video_relative_to_screen_recording_start",36.078785,322042.344,322092.344,1,36.078785,"1781266396475","../../../../../../Project/UE5/Gallery/Saved/ScreenRecordings/A017_2_20260612_201316_screen.mkv",322042.344,322092.344,322067.344,"1781266718516","1781266718566","2026-06-12T20:18:38.516+08:00","2026-06-12T20:18:38.566+08:00",353.671143,EXP2,"exp2_table",3,2,"1:4|2:3|3:1|4:2"
"exp2_target_object","实验二当前目标模型_脖子","Exp2_002_exp2_target_object_0180","video_relative_to_recording_start",rectangle,506,97,1077,803,,,,"A017_2","Exp2_002","E1_SPATIAL_PROGRESSIVE",loading,,,,,1,TRUE,4450.000,4500.000,358.121155,358.171143,1920,1046,"ObjectSlot2",1,0,"video_relative_to_screen_recording_start",36.078785,322042.344,322092.344,1,36.078785,"1781266396475","../../../../../../Project/UE5/Gallery/Saved/ScreenRecordings/A017_2_20260612_201316_screen.mkv",322042.344,322092.344,322067.344,"1781266718516","1781266718566","2026-06-12T20:18:38.516+08:00","2026-06-12T20:18:38.566+08:00",353.671143,EXP2,"exp2_target",3,2,"1:4|2:3|3:1|4:2"
"exp2_table_objects","实验二桌面四模型总体区域","Exp2_002_exp2_table_objects_0181","video_relative_to_recording_start",rectangle,0,0,1919,1045,,,,"A017_2","Exp2_002","E1_SPATIAL_PROGRESSIVE",loading,,,,,1,TRUE,4500.000,4550.000,358.171143,358.221130,1920,1046,"ObjectSlot1-4",1,1,"video_relative_to_screen_recording_start",36.078785,322092.344,322142.344,1,36.078785,"1781266396475","../../../../../../Project/UE5/Gallery/Saved/ScreenRecordings/A017_2_20260612_201316_screen.mkv",322092.344,322142.344,322117.344,"1781266718566","1781266718616","2026-06-12T20:18:38.566+08:00","2026-06-12T20:18:38.616+08:00",353.671143,EXP2,"exp2_table",3,2,"1:4|2:3|3:1|4:2"
"exp2_target_object","实验二当前目标模型_脖子","Exp2_002_exp2_target_object_0182","video_relative_to_recording_start",rectangle,506,97,1077,803,,,,"A017_2","Exp2_002","E1_SPATIAL_PROGRESSIVE",loading,,,,,1,TRUE,4500.000,4550.000,358.171143,358.221130,1920,1046,"ObjectSlot2",1,0,"video_relative_to_screen_recording_start",36.078785,322092.344,322142.344,1,36.078785,"1781266396475","../../../../../../Project/UE5/Gallery/Saved/ScreenRecordings/A017_2_20260612_201316_screen.mkv",322092.344,322142.344,322117.344,"1781266718566","1781266718616","2026-06-12T20:18:38.566+08:00","2026-06-12T20:18:38.616+08:00",353.671143,EXP2,"exp2_target",3,2,"1:4|2:3|3:1|4:2"
"exp2_table_objects","实验二桌面四模型总体区域","Exp2_002_exp2_table_objects_0183","video_relative_to_recording_start",rectangle,0,0,1919,1045,,,,"A017_2","Exp2_002","E1_SPATIAL_PROGRESSIVE",loading,,,,,1,TRUE,4550.000,4600.000,358.221130,358.271149,1920,1046,"ObjectSlot1-4",1,1,"video_relative_to_screen_recording_start",36.078785,322142.344,322192.344,1,36.078785,"1781266396475","../../../../../../Project/UE5/Gallery/Saved/ScreenRecordings/A017_2_20260612_201316_screen.mkv",322142.344,322192.344,322167.344,"1781266718616","1781266718666","2026-06-12T20:18:38.616+08:00","2026-06-12T20:18:38.666+08:00",353.671143,EXP2,"exp2_table",3,2,"1:4|2:3|3:1|4:2"
"exp2_target_object","实验二当前目标模型_脖子","Exp2_002_exp2_target_object_0184","video_relative_to_recording_start",rectangle,506,97,1077,803,,,,"A017_2","Exp2_002","E1_SPATIAL_PROGRESSIVE",loading,,,,,1,TRUE,4550.000,4600.000,358.221130,358.271149,1920,1046,"ObjectSlot2",1,0,"video_relative_to_screen_recording_start",36.078785,322142.344,322192.344,1,36.078785,"1781266396475","../../../../../../Project/UE5/Gallery/Saved/ScreenRecordings/A017_2_20260612_201316_screen.mkv",322142.344,322192.344,322167.344,"1781266718616","1781266718666","2026-06-12T20:18:38.616+08:00","2026-06-12T20:18:38.666+08:00",353.671143,EXP2,"exp2_target",3,2,"1:4|2:3|3:1|4:2"
"exp2_table_objects","实验二桌面四模型总体区域","Exp2_002_exp2_table_objects_0185","video_relative_to_recording_start",rectangle,0,0,1919,1045,,,,"A017_2","Exp2_002","E1_SPATIAL_PROGRESSIVE",loading,,,,,1,TRUE,4600.000,4650.000,358.271149,358.321136,1920,1046,"ObjectSlot1-4",1,1,"video_relative_to_screen_recording_start",36.078785,322192.344,322242.344,1,36.078785,"1781266396475","../../../../../../Project/UE5/Gallery/Saved/ScreenRecordings/A017_2_20260612_201316_screen.mkv",322192.344,322242.344,322217.344,"1781266718666","1781266718716","2026-06-12T20:18:38.666+08:00","2026-06-12T20:18:38.716+08:00",353.671143,EXP2,"exp2_table",3,2,"1:4|2:3|3:1|4:2"
"exp2_target_object","实验二当前目标模型_脖子","Exp2_002_exp2_target_object_0186","video_relative_to_recording_start",rectangle,506,97,1077,803,,,,"A017_2","Exp2_002","E1_SPATIAL_PROGRESSIVE",loading,,,,,1,TRUE,4600.000,4650.000,358.271149,358.321136,1920,1046,"ObjectSlot2",1,0,"video_relative_to_screen_recording_start",36.078785,322192.344,322242.344,1,36.078785,"1781266396475","../../../../../../Project/UE5/Gallery/Saved/ScreenRecordings/A017_2_20260612_201316_screen.mkv",322192.344,322242.344,322217.344,"1781266718666","1781266718716","2026-06-12T20:18:38.666+08:00","2026-06-12T20:18:38.716+08:00",353.671143,EXP2,"exp2_target",3,2,"1:4|2:3|3:1|4:2"
"exp2_table_objects","实验二桌面四模型总体区域","Exp2_002_exp2_table_objects_0187","video_relative_to_recording_start",rectangle,0,0,1919,1045,,,,"A017_2","Exp2_002","E1_SPATIAL_PROGRESSIVE",loading,,,,,1,TRUE,4650.000,4700.000,358.321136,358.371155,1920,1046,"ObjectSlot1-4",1,1,"video_relative_to_screen_recording_start",36.078785,322242.344,322292.344,1,36.078785,"1781266396475","../../../../../../Project/UE5/Gallery/Saved/ScreenRecordings/A017_2_20260612_201316_screen.mkv",322242.344,322292.344,322267.344,"1781266718716","1781266718766","2026-06-12T20:18:38.716+08:00","2026-06-12T20:18:38.766+08:00",353.671143,EXP2,"exp2_table",3,2,"1:4|2:3|3:1|4:2"
"exp2_target_object","实验二当前目标模型_脖子","Exp2_002_exp2_target_object_0188","video_relative_to_recording_start",rectangle,506,97,1077,803,,,,"A017_2","Exp2_002","E1_SPATIAL_PROGRESSIVE",loading,,,,,1,TRUE,4650.000,4700.000,358.321136,358.371155,1920,1046,"ObjectSlot2",1,0,"video_relative_to_screen_recording_start",36.078785,322242.344,322292.344,1,36.078785,"1781266396475","../../../../../../Project/UE5/Gallery/Saved/ScreenRecordings/A017_2_20260612_201316_screen.mkv",322242.344,322292.344,322267.344,"1781266718716","1781266718766","2026-06-12T20:18:38.716+08:00","2026-06-12T20:18:38.766+08:00",353.671143,EXP2,"exp2_target",3,2,"1:4|2:3|3:1|4:2"
"exp2_table_objects","实验二桌面四模型总体区域","Exp2_002_exp2_table_objects_0189","video_relative_to_recording_start",rectangle,0,0,1919,1045,,,,"A017_2","Exp2_002","E1_SPATIAL_PROGRESSIVE",loading,,,,,1,TRUE,4700.000,4750.000,358.371155,358.421143,1920,1046,"ObjectSlot1-4",1,1,"video_relative_to_screen_recording_start",36.078785,322292.344,322342.344,1,36.078785,"1781266396475","../../../../../../Project/UE5/Gallery/Saved/ScreenRecordings/A017_2_20260612_201316_screen.mkv",322292.344,322342.344,322317.344,"1781266718766","1781266718816","2026-06-12T20:18:38.766+08:00","2026-06-12T20:18:38.816+08:00",353.671143,EXP2,"exp2_table",3,2,"1:4|2:3|3:1|4:2"
"exp2_target_object","实验二当前目标模型_脖子","Exp2_002_exp2_target_object_0190","video_relative_to_recording_start",rectangle,506,97,1077,803,,,,"A017_2","Exp2_002","E1_SPATIAL_PROGRESSIVE",loading,,,,,1,TRUE,4700.000,4750.000,358.371155,358.421143,1920,1046,"ObjectSlot2",1,0,"video_relative_to_screen_recording_start",36.078785,322292.344,322342.344,1,36.078785,"1781266396475","../../../../../../Project/UE5/Gallery/Saved/ScreenRecordings/A017_2_20260612_201316_screen.mkv",322292.344,322342.344,322317.344,"1781266718766","1781266718816","2026-06-12T20:18:38.766+08:00","2026-06-12T20:18:38.816+08:00",353.671143,EXP2,"exp2_target",3,2,"1:4|2:3|3:1|4:2"
"exp2_table_objects","实验二桌面四模型总体区域","Exp2_002_exp2_table_objects_0191","video_relative_to_recording_start",rectangle,0,0,1919,1045,,,,"A017_2","Exp2_002","E1_SPATIAL_PROGRESSIVE",loading,,,,,1,TRUE,4750.000,4800.000,358.421143,358.471130,1920,1046,"ObjectSlot1-4",1,1,"video_relative_to_screen_recording_start",36.078785,322342.344,322392.344,1,36.078785,"1781266396475","../../../../../../Project/UE5/Gallery/Saved/ScreenRecordings/A017_2_20260612_201316_screen.mkv",322342.344,322392.344,322367.344,"1781266718816","1781266718866","2026-06-12T20:18:38.816+08:00","2026-06-12T20:18:38.866+08:00",353.671143,EXP2,"exp2_table",3,2,"1:4|2:3|3:1|4:2"
"exp2_target_object","实验二当前目标模型_脖子","Exp2_002_exp2_target_object_0192","video_relative_to_recording_start",rectangle,474,97,1048,803,,,,"A017_2","Exp2_002","E1_SPATIAL_PROGRESSIVE",loading,,,,,1,TRUE,4750.000,4800.000,358.421143,358.471130,1920,1046,"ObjectSlot2",1,0,"video_relative_to_screen_recording_start",36.078785,322342.344,322392.344,1,36.078785,"1781266396475","../../../../../../Project/UE5/Gallery/Saved/ScreenRecordings/A017_2_20260612_201316_screen.mkv",322342.344,322392.344,322367.344,"1781266718816","1781266718866","2026-06-12T20:18:38.816+08:00","2026-06-12T20:18:38.866+08:00",353.671143,EXP2,"exp2_target",3,2,"1:4|2:3|3:1|4:2"
"exp2_table_objects","实验二桌面四模型总体区域","Exp2_002_exp2_table_objects_0193","video_relative_to_recording_start",rectangle,0,0,1919,1045,,,,"A017_2","Exp2_002","E1_SPATIAL_PROGRESSIVE",loading,,,,,1,TRUE,4800.000,4850.000,358.471130,358.521149,1920,1046,"ObjectSlot1-4",1,1,"video_relative_to_screen_recording_start",36.078785,322392.344,322442.344,1,36.078785,"1781266396475","../../../../../../Project/UE5/Gallery/Saved/ScreenRecordings/A017_2_20260612_201316_screen.mkv",322392.344,322442.344,322417.344,"1781266718866","1781266718916","2026-06-12T20:18:38.866+08:00","2026-06-12T20:18:38.916+08:00",353.671143,EXP2,"exp2_table",3,2,"1:4|2:3|3:1|4:2"
"exp2_target_object","实验二当前目标模型_脖子","Exp2_002_exp2_target_object_0194","video_relative_to_recording_start",rectangle,387,97,968,803,,,,"A017_2","Exp2_002","E1_SPATIAL_PROGRESSIVE",loading,,,,,1,TRUE,4800.000,4850.000,358.471130,358.521149,1920,1046,"ObjectSlot2",1,0,"video_relative_to_screen_recording_start",36.078785,322392.344,322442.344,1,36.078785,"1781266396475","../../../../../../Project/UE5/Gallery/Saved/ScreenRecordings/A017_2_20260612_201316_screen.mkv",322392.344,322442.344,322417.344,"1781266718866","1781266718916","2026-06-12T20:18:38.866+08:00","2026-06-12T20:18:38.916+08:00",353.671143,EXP2,"exp2_target",3,2,"1:4|2:3|3:1|4:2"
"exp2_table_objects","实验二桌面四模型总体区域","Exp2_002_exp2_table_objects_0195","video_relative_to_recording_start",rectangle,0,0,1919,1045,,,,"A017_2","Exp2_002","E1_SPATIAL_PROGRESSIVE",loading,,,,,1,TRUE,4850.000,4900.000,358.521149,358.571136,1920,1046,"ObjectSlot1-4",1,1,"video_relative_to_screen_recording_start",36.078785,322442.344,322492.344,1,36.078785,"1781266396475","../../../../../../Project/UE5/Gallery/Saved/ScreenRecordings/A017_2_20260612_201316_screen.mkv",322442.344,322492.344,322467.344,"1781266718916","1781266718966","2026-06-12T20:18:38.916+08:00","2026-06-12T20:18:38.966+08:00",353.671143,EXP2,"exp2_table",3,2,"1:4|2:3|3:1|4:2"
"exp2_target_object","实验二当前目标模型_脖子","Exp2_002_exp2_target_object_0196","video_relative_to_recording_start",rectangle,252,97,858,803,,,,"A017_2","Exp2_002","E1_SPATIAL_PROGRESSIVE",loading,,,,,1,TRUE,4850.000,4900.000,358.521149,358.571136,1920,1046,"ObjectSlot2",1,0,"video_relative_to_screen_recording_start",36.078785,322442.344,322492.344,1,36.078785,"1781266396475","../../../../../../Project/UE5/Gallery/Saved/ScreenRecordings/A017_2_20260612_201316_screen.mkv",322442.344,322492.344,322467.344,"1781266718916","1781266718966","2026-06-12T20:18:38.916+08:00","2026-06-12T20:18:38.966+08:00",353.671143,EXP2,"exp2_target",3,2,"1:4|2:3|3:1|4:2"
"exp2_table_objects","实验二桌面四模型总体区域","Exp2_002_exp2_table_objects_0197","video_relative_to_recording_start",rectangle,0,0,1919,1045,,,,"A017_2","Exp2_002","E1_SPATIAL_PROGRESSIVE",loading,,,,,1,TRUE,4900.000,4950.000,358.571136,358.621155,1920,1046,"ObjectSlot1-4",1,1,"video_relative_to_screen_recording_start",36.078785,322492.344,322542.344,1,36.078785,"1781266396475","../../../../../../Project/UE5/Gallery/Saved/ScreenRecordings/A017_2_20260612_201316_screen.mkv",322492.344,322542.344,322517.344,"1781266718966","1781266719016","2026-06-12T20:18:38.966+08:00","2026-06-12T20:18:39.016+08:00",353.671143,EXP2,"exp2_table",3,2,"1:4|2:3|3:1|4:2"
"exp2_target_object","实验二当前目标模型_脖子","Exp2_002_exp2_target_object_0198","video_relative_to_recording_start",rectangle,79,107,729,810,,,,"A017_2","Exp2_002","E1_SPATIAL_PROGRESSIVE",loading,,,,,1,TRUE,4900.000,4950.000,358.571136,358.621155,1920,1046,"ObjectSlot2",1,0,"video_relative_to_screen_recording_start",36.078785,322492.344,322542.344,1,36.078785,"1781266396475","../../../../../../Project/UE5/Gallery/Saved/ScreenRecordings/A017_2_20260612_201316_screen.mkv",322492.344,322542.344,322517.344,"1781266718966","1781266719016","2026-06-12T20:18:38.966+08:00","2026-06-12T20:18:39.016+08:00",353.671143,EXP2,"exp2_target",3,2,"1:4|2:3|3:1|4:2"
"exp2_table_objects","实验二桌面四模型总体区域","Exp2_002_exp2_table_objects_0199","video_relative_to_recording_start",rectangle,0,42,1919,1045,,,,"A017_2","Exp2_002","E1_SPATIAL_PROGRESSIVE",loading,,,,,1,TRUE,4950.000,5000.000,358.621155,358.671143,1920,1046,"ObjectSlot1-4",1,1,"video_relative_to_screen_recording_start",36.078785,322542.344,322592.344,1,36.078785,"1781266396475","../../../../../../Project/UE5/Gallery/Saved/ScreenRecordings/A017_2_20260612_201316_screen.mkv",322542.344,322592.344,322567.344,"1781266719016","1781266719066","2026-06-12T20:18:39.016+08:00","2026-06-12T20:18:39.066+08:00",353.671143,EXP2,"exp2_table",3,2,"1:4|2:3|3:1|4:2"
"exp2_target_object","实验二当前目标模型_脖子","Exp2_002_exp2_target_object_0200","video_relative_to_recording_start",rectangle,0,144,591,839,,,,"A017_2","Exp2_002","E1_SPATIAL_PROGRESSIVE",loading,,,,,1,TRUE,4950.000,5000.000,358.621155,358.671143,1920,1046,"ObjectSlot2",1,1,"video_relative_to_screen_recording_start",36.078785,322542.344,322592.344,1,36.078785,"1781266396475","../../../../../../Project/UE5/Gallery/Saved/ScreenRecordings/A017_2_20260612_201316_screen.mkv",322542.344,322592.344,322567.344,"1781266719016","1781266719066","2026-06-12T20:18:39.016+08:00","2026-06-12T20:18:39.066+08:00",353.671143,EXP2,"exp2_target",3,2,"1:4|2:3|3:1|4:2"
"exp2_table_objects","实验二桌面四模型总体区域","Exp2_002_exp2_table_objects_0201","video_relative_to_recording_start",rectangle,0,38,1919,1045,,,,"A017_2","Exp2_002","E1_SPATIAL_PROGRESSIVE",loading,,,,,1,TRUE,5000.000,5050.000,358.671143,358.721130,1920,1046,"ObjectSlot1-4",1,1,"video_relative_to_screen_recording_start",36.078785,322592.344,322642.344,1,36.078785,"1781266396475","../../../../../../Project/UE5/Gallery/Saved/ScreenRecordings/A017_2_20260612_201316_screen.mkv",322592.344,322642.344,322617.344,"1781266719066","1781266719116","2026-06-12T20:18:39.066+08:00","2026-06-12T20:18:39.116+08:00",353.671143,EXP2,"exp2_table",3,2,"1:4|2:3|3:1|4:2"
"exp2_target_object","实验二当前目标模型_脖子","Exp2_002_exp2_target_object_0202","video_relative_to_recording_start",rectangle,0,141,514,837,,,,"A017_2","Exp2_002","E1_SPATIAL_PROGRESSIVE",loading,,,,,1,TRUE,5000.000,5050.000,358.671143,358.721130,1920,1046,"ObjectSlot2",1,1,"video_relative_to_screen_recording_start",36.078785,322592.344,322642.344,1,36.078785,"1781266396475","../../../../../../Project/UE5/Gallery/Saved/ScreenRecordings/A017_2_20260612_201316_screen.mkv",322592.344,322642.344,322617.344,"1781266719066","1781266719116","2026-06-12T20:18:39.066+08:00","2026-06-12T20:18:39.116+08:00",353.671143,EXP2,"exp2_target",3,2,"1:4|2:3|3:1|4:2"
"exp2_table_objects","实验二桌面四模型总体区域","Exp2_002_exp2_table_objects_0203","video_relative_to_recording_start",rectangle,0,38,1919,1045,,,,"A017_2","Exp2_002","E1_SPATIAL_PROGRESSIVE",loading,,,,,1,TRUE,5050.000,5100.000,358.721130,358.771149,1920,1046,"ObjectSlot1-4",1,1,"video_relative_to_screen_recording_start",36.078785,322642.344,322692.344,1,36.078785,"1781266396475","../../../../../../Project/UE5/Gallery/Saved/ScreenRecordings/A017_2_20260612_201316_screen.mkv",322642.344,322692.344,322667.344,"1781266719116","1781266719166","2026-06-12T20:18:39.116+08:00","2026-06-12T20:18:39.166+08:00",353.671143,EXP2,"exp2_table",3,2,"1:4|2:3|3:1|4:2"
"exp2_target_object","实验二当前目标模型_脖子","Exp2_002_exp2_target_object_0204","video_relative_to_recording_start",rectangle,0,141,514,837,,,,"A017_2","Exp2_002","E1_SPATIAL_PROGRESSIVE",loading,,,,,1,TRUE,5050.000,5100.000,358.721130,358.771149,1920,1046,"ObjectSlot2",1,1,"video_relative_to_screen_recording_start",36.078785,322642.344,322692.344,1,36.078785,"1781266396475","../../../../../../Project/UE5/Gallery/Saved/ScreenRecordings/A017_2_20260612_201316_screen.mkv",322642.344,322692.344,322667.344,"1781266719116","1781266719166","2026-06-12T20:18:39.116+08:00","2026-06-12T20:18:39.166+08:00",353.671143,EXP2,"exp2_target",3,2,"1:4|2:3|3:1|4:2"
"exp2_table_objects","实验二桌面四模型总体区域","Exp2_002_exp2_table_objects_0205","video_relative_to_recording_start",rectangle,0,34,1919,1045,,,,"A017_2","Exp2_002","E1_SPATIAL_PROGRESSIVE",loading,,,,,1,TRUE,5100.000,5150.000,358.771149,358.821136,1920,1046,"ObjectSlot1-4",1,1,"video_relative_to_screen_recording_start",36.078785,322692.344,322742.344,1,36.078785,"1781266396475","../../../../../../Project/UE5/Gallery/Saved/ScreenRecordings/A017_2_20260612_201316_screen.mkv",322692.344,322742.344,322717.344,"1781266719166","1781266719216","2026-06-12T20:18:39.166+08:00","2026-06-12T20:18:39.216+08:00",353.671143,EXP2,"exp2_table",3,2,"1:4|2:3|3:1|4:2"
"exp2_target_object","实验二当前目标模型_脖子","Exp2_002_exp2_target_object_0206","video_relative_to_recording_start",rectangle,0,139,509,835,,,,"A017_2","Exp2_002","E1_SPATIAL_PROGRESSIVE",loading,,,,,1,TRUE,5100.000,5150.000,358.771149,358.821136,1920,1046,"ObjectSlot2",1,1,"video_relative_to_screen_recording_start",36.078785,322692.344,322742.344,1,36.078785,"1781266396475","../../../../../../Project/UE5/Gallery/Saved/ScreenRecordings/A017_2_20260612_201316_screen.mkv",322692.344,322742.344,322717.344,"1781266719166","1781266719216","2026-06-12T20:18:39.166+08:00","2026-06-12T20:18:39.216+08:00",353.671143,EXP2,"exp2_target",3,2,"1:4|2:3|3:1|4:2"
"exp2_table_objects","实验二桌面四模型总体区域","Exp2_002_exp2_table_objects_0207","video_relative_to_recording_start",rectangle,0,42,1919,1045,,,,"A017_2","Exp2_002","E1_SPATIAL_PROGRESSIVE",loading,,,,,1,TRUE,5150.000,5200.000,358.821136,358.871155,1920,1046,"ObjectSlot1-4",1,1,"video_relative_to_screen_recording_start",36.078785,322742.344,322792.344,1,36.078785,"1781266396475","../../../../../../Project/UE5/Gallery/Saved/ScreenRecordings/A017_2_20260612_201316_screen.mkv",322742.344,322792.344,322767.344,"1781266719216","1781266719266","2026-06-12T20:18:39.216+08:00","2026-06-12T20:18:39.266+08:00",353.671143,EXP2,"exp2_table",3,2,"1:4|2:3|3:1|4:2"
"exp2_target_object","实验二当前目标模型_脖子","Exp2_002_exp2_target_object_0208","video_relative_to_recording_start",rectangle,0,137,535,818,,,,"A017_2","Exp2_002","E1_SPATIAL_PROGRESSIVE",loading,,,,,1,TRUE,5150.000,5200.000,358.821136,358.871155,1920,1046,"ObjectSlot2",1,1,"video_relative_to_screen_recording_start",36.078785,322742.344,322792.344,1,36.078785,"1781266396475","../../../../../../Project/UE5/Gallery/Saved/ScreenRecordings/A017_2_20260612_201316_screen.mkv",322742.344,322792.344,322767.344,"1781266719216","1781266719266","2026-06-12T20:18:39.216+08:00","2026-06-12T20:18:39.266+08:00",353.671143,EXP2,"exp2_target",3,2,"1:4|2:3|3:1|4:2"
"exp2_table_objects","实验二桌面四模型总体区域","Exp2_002_exp2_table_objects_0209","video_relative_to_recording_start",rectangle,0,53,1919,1045,,,,"A017_2","Exp2_002","E1_SPATIAL_PROGRESSIVE",loading,,,,,1,TRUE,5200.000,5250.000,358.871155,358.921143,1920,1046,"ObjectSlot1-4",1,1,"video_relative_to_screen_recording_start",36.078785,322792.344,322842.344,1,36.078785,"1781266396475","../../../../../../Project/UE5/Gallery/Saved/ScreenRecordings/A017_2_20260612_201316_screen.mkv",322792.344,322842.344,322817.344,"1781266719266","1781266719316","2026-06-12T20:18:39.266+08:00","2026-06-12T20:18:39.316+08:00",353.671143,EXP2,"exp2_table",3,2,"1:4|2:3|3:1|4:2"
"exp2_target_object","实验二当前目标模型_脖子","Exp2_002_exp2_target_object_0210","video_relative_to_recording_start",rectangle,0,135,577,795,,,,"A017_2","Exp2_002","E1_SPATIAL_PROGRESSIVE",loading,,,,,1,TRUE,5200.000,5250.000,358.871155,358.921143,1920,1046,"ObjectSlot2",1,1,"video_relative_to_screen_recording_start",36.078785,322792.344,322842.344,1,36.078785,"1781266396475","../../../../../../Project/UE5/Gallery/Saved/ScreenRecordings/A017_2_20260612_201316_screen.mkv",322792.344,322842.344,322817.344,"1781266719266","1781266719316","2026-06-12T20:18:39.266+08:00","2026-06-12T20:18:39.316+08:00",353.671143,EXP2,"exp2_target",3,2,"1:4|2:3|3:1|4:2"
"exp2_table_objects","实验二桌面四模型总体区域","Exp2_002_exp2_table_objects_0211","video_relative_to_recording_start",rectangle,0,55,1919,1045,,,,"A017_2","Exp2_002","E1_SPATIAL_PROGRESSIVE",loading,,,,,1,TRUE,5250.000,5300.000,358.921143,358.971130,1920,1046,"ObjectSlot1-4",1,1,"video_relative_to_screen_recording_start",36.078785,322842.344,322892.344,1,36.078785,"1781266396475","../../../../../../Project/UE5/Gallery/Saved/ScreenRecordings/A017_2_20260612_201316_screen.mkv",322842.344,322892.344,322867.344,"1781266719316","1781266719366","2026-06-12T20:18:39.316+08:00","2026-06-12T20:18:39.366+08:00",353.671143,EXP2,"exp2_table",3,2,"1:4|2:3|3:1|4:2"
"exp2_target_object","实验二当前目标模型_脖子","Exp2_002_exp2_target_object_0212","video_relative_to_recording_start",rectangle,0,134,588,788,,,,"A017_2","Exp2_002","E1_SPATIAL_PROGRESSIVE",loading,,,,,1,TRUE,5250.000,5300.000,358.921143,358.971130,1920,1046,"ObjectSlot2",1,1,"video_relative_to_screen_recording_start",36.078785,322842.344,322892.344,1,36.078785,"1781266396475","../../../../../../Project/UE5/Gallery/Saved/ScreenRecordings/A017_2_20260612_201316_screen.mkv",322842.344,322892.344,322867.344,"1781266719316","1781266719366","2026-06-12T20:18:39.316+08:00","2026-06-12T20:18:39.366+08:00",353.671143,EXP2,"exp2_target",3,2,"1:4|2:3|3:1|4:2"
"exp2_table_objects","实验二桌面四模型总体区域","Exp2_002_exp2_table_objects_0213","video_relative_to_recording_start",rectangle,0,50,1919,1039,,,,"A017_2","Exp2_002","E1_SPATIAL_PROGRESSIVE",loading,,,,,1,TRUE,5300.000,5350.000,358.971130,359.021149,1920,1046,"ObjectSlot1-4",1,1,"video_relative_to_screen_recording_start",36.078785,322892.344,322942.344,1,36.078785,"1781266396475","../../../../../../Project/UE5/Gallery/Saved/ScreenRecordings/A017_2_20260612_201316_screen.mkv",322892.344,322942.344,322917.344,"1781266719366","1781266719416","2026-06-12T20:18:39.366+08:00","2026-06-12T20:18:39.416+08:00",353.671143,EXP2,"exp2_table",3,2,"1:4|2:3|3:1|4:2"
"exp2_target_object","实验二当前目标模型_脖子","Exp2_002_exp2_target_object_0214","video_relative_to_recording_start",rectangle,0,130,589,784,,,,"A017_2","Exp2_002","E1_SPATIAL_PROGRESSIVE",loading,,,,,1,TRUE,5300.000,5350.000,358.971130,359.021149,1920,1046,"ObjectSlot2",1,1,"video_relative_to_screen_recording_start",36.078785,322892.344,322942.344,1,36.078785,"1781266396475","../../../../../../Project/UE5/Gallery/Saved/ScreenRecordings/A017_2_20260612_201316_screen.mkv",322892.344,322942.344,322917.344,"1781266719366","1781266719416","2026-06-12T20:18:39.366+08:00","2026-06-12T20:18:39.416+08:00",353.671143,EXP2,"exp2_target",3,2,"1:4|2:3|3:1|4:2"
"exp2_table_objects","实验二桌面四模型总体区域","Exp2_002_exp2_table_objects_0215","video_relative_to_recording_start",rectangle,0,27,1919,1045,,,,"A017_2","Exp2_002","E1_SPATIAL_PROGRESSIVE",loading,,,,,1,TRUE,5350.000,5400.000,359.021149,359.071136,1920,1046,"ObjectSlot1-4",1,1,"video_relative_to_screen_recording_start",36.078785,322942.344,322992.344,1,36.078785,"1781266396475","../../../../../../Project/UE5/Gallery/Saved/ScreenRecordings/A017_2_20260612_201316_screen.mkv",322942.344,322992.344,322967.344,"1781266719416","1781266719466","2026-06-12T20:18:39.416+08:00","2026-06-12T20:18:39.466+08:00",353.671143,EXP2,"exp2_table",3,2,"1:4|2:3|3:1|4:2"
"exp2_target_object","实验二当前目标模型_脖子","Exp2_002_exp2_target_object_0216","video_relative_to_recording_start",rectangle,0,114,568,779,,,,"A017_2","Exp2_002","E1_SPATIAL_PROGRESSIVE",loading,,,,,1,TRUE,5350.000,5400.000,359.021149,359.071136,1920,1046,"ObjectSlot2",1,1,"video_relative_to_screen_recording_start",36.078785,322942.344,322992.344,1,36.078785,"1781266396475","../../../../../../Project/UE5/Gallery/Saved/ScreenRecordings/A017_2_20260612_201316_screen.mkv",322942.344,322992.344,322967.344,"1781266719416","1781266719466","2026-06-12T20:18:39.416+08:00","2026-06-12T20:18:39.466+08:00",353.671143,EXP2,"exp2_target",3,2,"1:4|2:3|3:1|4:2"
"exp2_table_objects","实验二桌面四模型总体区域","Exp2_002_exp2_table_objects_0217","video_relative_to_recording_start",rectangle,0,0,1919,1045,,,,"A017_2","Exp2_002","E1_SPATIAL_PROGRESSIVE",loading,,,,,1,TRUE,5400.000,5450.000,359.071136,359.121155,1920,1046,"ObjectSlot1-4",1,1,"video_relative_to_screen_recording_start",36.078785,322992.344,323042.344,1,36.078785,"1781266396475","../../../../../../Project/UE5/Gallery/Saved/ScreenRecordings/A017_2_20260612_201316_screen.mkv",322992.344,323042.344,323017.344,"1781266719466","1781266719516","2026-06-12T20:18:39.466+08:00","2026-06-12T20:18:39.516+08:00",353.671143,EXP2,"exp2_table",3,2,"1:4|2:3|3:1|4:2"
"exp2_target_object","实验二当前目标模型_脖子","Exp2_002_exp2_target_object_0218","video_relative_to_recording_start",rectangle,0,96,527,777,,,,"A017_2","Exp2_002","E1_SPATIAL_PROGRESSIVE",loading,,,,,1,TRUE,5400.000,5450.000,359.071136,359.121155,1920,1046,"ObjectSlot2",1,1,"video_relative_to_screen_recording_start",36.078785,322992.344,323042.344,1,36.078785,"1781266396475","../../../../../../Project/UE5/Gallery/Saved/ScreenRecordings/A017_2_20260612_201316_screen.mkv",322992.344,323042.344,323017.344,"1781266719466","1781266719516","2026-06-12T20:18:39.466+08:00","2026-06-12T20:18:39.516+08:00",353.671143,EXP2,"exp2_target",3,2,"1:4|2:3|3:1|4:2"
"exp2_table_objects","实验二桌面四模型总体区域","Exp2_002_exp2_table_objects_0219","video_relative_to_recording_start",rectangle,0,0,1881,1045,,,,"A017_2","Exp2_002","E1_SPATIAL_PROGRESSIVE",loading,,,,,1,TRUE,5450.000,5500.000,359.121155,359.171143,1920,1046,"ObjectSlot1-4",1,1,"video_relative_to_screen_recording_start",36.078785,323042.344,323092.344,1,36.078785,"1781266396475","../../../../../../Project/UE5/Gallery/Saved/ScreenRecordings/A017_2_20260612_201316_screen.mkv",323042.344,323092.344,323067.344,"1781266719516","1781266719566","2026-06-12T20:18:39.516+08:00","2026-06-12T20:18:39.566+08:00",353.671143,EXP2,"exp2_table",3,2,"1:4|2:3|3:1|4:2"
"exp2_target_object","实验二当前目标模型_脖子","Exp2_002_exp2_target_object_0220","video_relative_to_recording_start",rectangle,0,80,481,767,,,,"A017_2","Exp2_002","E1_SPATIAL_PROGRESSIVE",loading,,,,,1,TRUE,5450.000,5500.000,359.121155,359.171143,1920,1046,"ObjectSlot2",1,1,"video_relative_to_screen_recording_start",36.078785,323042.344,323092.344,1,36.078785,"1781266396475","../../../../../../Project/UE5/Gallery/Saved/ScreenRecordings/A017_2_20260612_201316_screen.mkv",323042.344,323092.344,323067.344,"1781266719516","1781266719566","2026-06-12T20:18:39.516+08:00","2026-06-12T20:18:39.566+08:00",353.671143,EXP2,"exp2_target",3,2,"1:4|2:3|3:1|4:2"
"exp2_table_objects","实验二桌面四模型总体区域","Exp2_002_exp2_table_objects_0221","video_relative_to_recording_start",rectangle,0,0,1881,1045,,,,"A017_2","Exp2_002","E1_SPATIAL_PROGRESSIVE",loading,,,,,1,TRUE,5500.000,5550.000,359.171143,359.221130,1920,1046,"ObjectSlot1-4",1,1,"video_relative_to_screen_recording_start",36.078785,323092.344,323142.344,1,36.078785,"1781266396475","../../../../../../Project/UE5/Gallery/Saved/ScreenRecordings/A017_2_20260612_201316_screen.mkv",323092.344,323142.344,323117.344,"1781266719566","1781266719616","2026-06-12T20:18:39.566+08:00","2026-06-12T20:18:39.616+08:00",353.671143,EXP2,"exp2_table",3,2,"1:4|2:3|3:1|4:2"
"exp2_target_object","实验二当前目标模型_脖子","Exp2_002_exp2_target_object_0222","video_relative_to_recording_start",rectangle,0,80,481,767,,,,"A017_2","Exp2_002","E1_SPATIAL_PROGRESSIVE",loading,,,,,1,TRUE,5500.000,5550.000,359.171143,359.221130,1920,1046,"ObjectSlot2",1,1,"video_relative_to_screen_recording_start",36.078785,323092.344,323142.344,1,36.078785,"1781266396475","../../../../../../Project/UE5/Gallery/Saved/ScreenRecordings/A017_2_20260612_201316_screen.mkv",323092.344,323142.344,323117.344,"1781266719566","1781266719616","2026-06-12T20:18:39.566+08:00","2026-06-12T20:18:39.616+08:00",353.671143,EXP2,"exp2_target",3,2,"1:4|2:3|3:1|4:2"
"exp2_table_objects","实验二桌面四模型总体区域","Exp2_002_exp2_table_objects_0223","video_relative_to_recording_start",rectangle,0,0,1714,948,,,,"A017_2","Exp2_002","E1_SPATIAL_PROGRESSIVE",loading,,,,,1,TRUE,5550.000,5600.000,359.221130,359.271149,1920,1046,"ObjectSlot1-4",1,1,"video_relative_to_screen_recording_start",36.078785,323142.344,323192.344,1,36.078785,"1781266396475","../../../../../../Project/UE5/Gallery/Saved/ScreenRecordings/A017_2_20260612_201316_screen.mkv",323142.344,323192.344,323167.344,"1781266719616","1781266719666","2026-06-12T20:18:39.616+08:00","2026-06-12T20:18:39.666+08:00",353.671143,EXP2,"exp2_table",3,2,"1:4|2:3|3:1|4:2"
"exp2_target_object","实验二当前目标模型_脖子","Exp2_002_exp2_target_object_0224","video_relative_to_recording_start",rectangle,0,55,402,749,,,,"A017_2","Exp2_002","E1_SPATIAL_PROGRESSIVE",loading,,,,,1,TRUE,5550.000,5600.000,359.221130,359.271149,1920,1046,"ObjectSlot2",1,1,"video_relative_to_screen_recording_start",36.078785,323142.344,323192.344,1,36.078785,"1781266396475","../../../../../../Project/UE5/Gallery/Saved/ScreenRecordings/A017_2_20260612_201316_screen.mkv",323142.344,323192.344,323167.344,"1781266719616","1781266719666","2026-06-12T20:18:39.616+08:00","2026-06-12T20:18:39.666+08:00",353.671143,EXP2,"exp2_target",3,2,"1:4|2:3|3:1|4:2"
"exp2_table_objects","实验二桌面四模型总体区域","Exp2_002_exp2_table_objects_0225","video_relative_to_recording_start",rectangle,0,0,1601,943,,,,"A017_2","Exp2_002","E1_SPATIAL_PROGRESSIVE",loading,,,,,1,TRUE,5600.000,5650.000,359.271149,359.321136,1920,1046,"ObjectSlot1-4",1,1,"video_relative_to_screen_recording_start",36.078785,323192.344,323242.344,1,36.078785,"1781266396475","../../../../../../Project/UE5/Gallery/Saved/ScreenRecordings/A017_2_20260612_201316_screen.mkv",323192.344,323242.344,323217.344,"1781266719666","1781266719716","2026-06-12T20:18:39.666+08:00","2026-06-12T20:18:39.716+08:00",353.671143,EXP2,"exp2_table",3,2,"1:4|2:3|3:1|4:2"
"exp2_target_object","实验二当前目标模型_脖子","Exp2_002_exp2_target_object_0226","video_relative_to_recording_start",rectangle,0,52,357,742,,,,"A017_2","Exp2_002","E1_SPATIAL_PROGRESSIVE",loading,,,,,1,TRUE,5600.000,5650.000,359.271149,359.321136,1920,1046,"ObjectSlot2",1,1,"video_relative_to_screen_recording_start",36.078785,323192.344,323242.344,1,36.078785,"1781266396475","../../../../../../Project/UE5/Gallery/Saved/ScreenRecordings/A017_2_20260612_201316_screen.mkv",323192.344,323242.344,323217.344,"1781266719666","1781266719716","2026-06-12T20:18:39.666+08:00","2026-06-12T20:18:39.716+08:00",353.671143,EXP2,"exp2_target",3,2,"1:4|2:3|3:1|4:2"
"exp2_table_objects","实验二桌面四模型总体区域","Exp2_002_exp2_table_objects_0227","video_relative_to_recording_start",rectangle,0,0,1615,935,,,,"A017_2","Exp2_002","E1_SPATIAL_PROGRESSIVE",loading,,,,,1,TRUE,5650.000,5700.000,359.321136,359.371155,1920,1046,"ObjectSlot1-4",1,1,"video_relative_to_screen_recording_start",36.078785,323242.344,323292.344,1,36.078785,"1781266396475","../../../../../../Project/UE5/Gallery/Saved/ScreenRecordings/A017_2_20260612_201316_screen.mkv",323242.344,323292.344,323267.344,"1781266719716","1781266719766","2026-06-12T20:18:39.716+08:00","2026-06-12T20:18:39.766+08:00",353.671143,EXP2,"exp2_table",3,2,"1:4|2:3|3:1|4:2"
"exp2_target_object","实验二当前目标模型_脖子","Exp2_002_exp2_target_object_0228","video_relative_to_recording_start",rectangle,0,51,375,727,,,,"A017_2","Exp2_002","E1_SPATIAL_PROGRESSIVE",loading,,,,,1,TRUE,5650.000,5700.000,359.321136,359.371155,1920,1046,"ObjectSlot2",1,1,"video_relative_to_screen_recording_start",36.078785,323242.344,323292.344,1,36.078785,"1781266396475","../../../../../../Project/UE5/Gallery/Saved/ScreenRecordings/A017_2_20260612_201316_screen.mkv",323242.344,323292.344,323267.344,"1781266719716","1781266719766","2026-06-12T20:18:39.716+08:00","2026-06-12T20:18:39.766+08:00",353.671143,EXP2,"exp2_target",3,2,"1:4|2:3|3:1|4:2"
"exp2_table_objects","实验二桌面四模型总体区域","Exp2_002_exp2_table_objects_0229","video_relative_to_recording_start",rectangle,0,0,1648,932,,,,"A017_2","Exp2_002","E1_SPATIAL_PROGRESSIVE",loading,,,,,1,TRUE,5700.000,5750.000,359.371155,359.421143,1920,1046,"ObjectSlot1-4",1,1,"video_relative_to_screen_recording_start",36.078785,323292.344,323342.344,1,36.078785,"1781266396475","../../../../../../Project/UE5/Gallery/Saved/ScreenRecordings/A017_2_20260612_201316_screen.mkv",323292.344,323342.344,323317.344,"1781266719766","1781266719816","2026-06-12T20:18:39.766+08:00","2026-06-12T20:18:39.816+08:00",353.671143,EXP2,"exp2_table",3,2,"1:4|2:3|3:1|4:2"
"exp2_target_object","实验二当前目标模型_脖子","Exp2_002_exp2_target_object_0230","video_relative_to_recording_start",rectangle,0,57,404,715,,,,"A017_2","Exp2_002","E1_SPATIAL_PROGRESSIVE",loading,,,,,1,TRUE,5700.000,5750.000,359.371155,359.421143,1920,1046,"ObjectSlot2",1,1,"video_relative_to_screen_recording_start",36.078785,323292.344,323342.344,1,36.078785,"1781266396475","../../../../../../Project/UE5/Gallery/Saved/ScreenRecordings/A017_2_20260612_201316_screen.mkv",323292.344,323342.344,323317.344,"1781266719766","1781266719816","2026-06-12T20:18:39.766+08:00","2026-06-12T20:18:39.816+08:00",353.671143,EXP2,"exp2_target",3,2,"1:4|2:3|3:1|4:2"
"exp2_table_objects","实验二桌面四模型总体区域","Exp2_002_exp2_table_objects_0231","video_relative_to_recording_start",rectangle,0,0,1691,929,,,,"A017_2","Exp2_002","E1_SPATIAL_PROGRESSIVE",loading,,,,,1,TRUE,5750.000,5800.000,359.421143,359.471130,1920,1046,"ObjectSlot1-4",1,1,"video_relative_to_screen_recording_start",36.078785,323342.344,323392.344,1,36.078785,"1781266396475","../../../../../../Project/UE5/Gallery/Saved/ScreenRecordings/A017_2_20260612_201316_screen.mkv",323342.344,323392.344,323367.344,"1781266719816","1781266719866","2026-06-12T20:18:39.816+08:00","2026-06-12T20:18:39.866+08:00",353.671143,EXP2,"exp2_table",3,2,"1:4|2:3|3:1|4:2"
"exp2_target_object","实验二当前目标模型_脖子","Exp2_002_exp2_target_object_0232","video_relative_to_recording_start",rectangle,0,64,440,702,,,,"A017_2","Exp2_002","E1_SPATIAL_PROGRESSIVE",loading,,,,,1,TRUE,5750.000,5800.000,359.421143,359.471130,1920,1046,"ObjectSlot2",1,1,"video_relative_to_screen_recording_start",36.078785,323342.344,323392.344,1,36.078785,"1781266396475","../../../../../../Project/UE5/Gallery/Saved/ScreenRecordings/A017_2_20260612_201316_screen.mkv",323342.344,323392.344,323367.344,"1781266719816","1781266719866","2026-06-12T20:18:39.816+08:00","2026-06-12T20:18:39.866+08:00",353.671143,EXP2,"exp2_target",3,2,"1:4|2:3|3:1|4:2"
"exp2_table_objects","实验二桌面四模型总体区域","Exp2_002_exp2_table_objects_0233","video_relative_to_recording_start",rectangle,0,0,1744,932,,,,"A017_2","Exp2_002","E1_SPATIAL_PROGRESSIVE",loading,,,,,1,TRUE,5800.000,5850.000,359.471130,359.521149,1920,1046,"ObjectSlot1-4",1,1,"video_relative_to_screen_recording_start",36.078785,323392.344,323442.344,1,36.078785,"1781266396475","../../../../../../Project/UE5/Gallery/Saved/ScreenRecordings/A017_2_20260612_201316_screen.mkv",323392.344,323442.344,323417.344,"1781266719866","1781266719916","2026-06-12T20:18:39.866+08:00","2026-06-12T20:18:39.916+08:00",353.671143,EXP2,"exp2_table",3,2,"1:4|2:3|3:1|4:2"
"exp2_target_object","实验二当前目标模型_脖子","Exp2_002_exp2_target_object_0234","video_relative_to_recording_start",rectangle,0,77,482,693,,,,"A017_2","Exp2_002","E1_SPATIAL_PROGRESSIVE",loading,,,,,1,TRUE,5800.000,5850.000,359.471130,359.521149,1920,1046,"ObjectSlot2",1,1,"video_relative_to_screen_recording_start",36.078785,323392.344,323442.344,1,36.078785,"1781266396475","../../../../../../Project/UE5/Gallery/Saved/ScreenRecordings/A017_2_20260612_201316_screen.mkv",323392.344,323442.344,323417.344,"1781266719866","1781266719916","2026-06-12T20:18:39.866+08:00","2026-06-12T20:18:39.916+08:00",353.671143,EXP2,"exp2_target",3,2,"1:4|2:3|3:1|4:2"
"exp2_table_objects","实验二桌面四模型总体区域","Exp2_002_exp2_table_objects_0235","video_relative_to_recording_start",rectangle,0,0,1799,932,,,,"A017_2","Exp2_002","E1_SPATIAL_PROGRESSIVE",loading,,,,,1,TRUE,5850.000,5900.000,359.521149,359.571136,1920,1046,"ObjectSlot1-4",1,1,"video_relative_to_screen_recording_start",36.078785,323442.344,323492.344,1,36.078785,"1781266396475","../../../../../../Project/UE5/Gallery/Saved/ScreenRecordings/A017_2_20260612_201316_screen.mkv",323442.344,323492.344,323467.344,"1781266719916","1781266719966","2026-06-12T20:18:39.916+08:00","2026-06-12T20:18:39.966+08:00",353.671143,EXP2,"exp2_table",3,2,"1:4|2:3|3:1|4:2"
"exp2_target_object","实验二当前目标模型_脖子","Exp2_002_exp2_target_object_0236","video_relative_to_recording_start",rectangle,0,87,523,682,,,,"A017_2","Exp2_002","E1_SPATIAL_PROGRESSIVE",loading,,,,,1,TRUE,5850.000,5900.000,359.521149,359.571136,1920,1046,"ObjectSlot2",1,1,"video_relative_to_screen_recording_start",36.078785,323442.344,323492.344,1,36.078785,"1781266396475","../../../../../../Project/UE5/Gallery/Saved/ScreenRecordings/A017_2_20260612_201316_screen.mkv",323442.344,323492.344,323467.344,"1781266719916","1781266719966","2026-06-12T20:18:39.916+08:00","2026-06-12T20:18:39.966+08:00",353.671143,EXP2,"exp2_target",3,2,"1:4|2:3|3:1|4:2"
"exp2_table_objects","实验二桌面四模型总体区域","Exp2_002_exp2_table_objects_0237","video_relative_to_recording_start",rectangle,0,0,1818,933,,,,"A017_2","Exp2_002","E1_SPATIAL_PROGRESSIVE",loading,,,,,1,TRUE,5900.000,5950.000,359.571136,359.621155,1920,1046,"ObjectSlot1-4",1,1,"video_relative_to_screen_recording_start",36.078785,323492.344,323542.344,1,36.078785,"1781266396475","../../../../../../Project/UE5/Gallery/Saved/ScreenRecordings/A017_2_20260612_201316_screen.mkv",323492.344,323542.344,323517.344,"1781266719966","1781266720016","2026-06-12T20:18:39.966+08:00","2026-06-12T20:18:40.016+08:00",353.671143,EXP2,"exp2_table",3,2,"1:4|2:3|3:1|4:2"
"exp2_target_object","实验二当前目标模型_脖子","Exp2_002_exp2_target_object_0238","video_relative_to_recording_start",rectangle,0,89,538,677,,,,"A017_2","Exp2_002","E1_SPATIAL_PROGRESSIVE",loading,,,,,1,TRUE,5900.000,5950.000,359.571136,359.621155,1920,1046,"ObjectSlot2",1,1,"video_relative_to_screen_recording_start",36.078785,323492.344,323542.344,1,36.078785,"1781266396475","../../../../../../Project/UE5/Gallery/Saved/ScreenRecordings/A017_2_20260612_201316_screen.mkv",323492.344,323542.344,323517.344,"1781266719966","1781266720016","2026-06-12T20:18:39.966+08:00","2026-06-12T20:18:40.016+08:00",353.671143,EXP2,"exp2_target",3,2,"1:4|2:3|3:1|4:2"
"exp2_table_objects","实验二桌面四模型总体区域","Exp2_002_exp2_table_objects_0239","video_relative_to_recording_start",rectangle,0,0,1733,933,,,,"A017_2","Exp2_002","E1_SPATIAL_PROGRESSIVE",loading,,,,,1,TRUE,5950.000,6000.000,359.621155,359.671143,1920,1046,"ObjectSlot1-4",1,1,"video_relative_to_screen_recording_start",36.078785,323542.344,323592.344,1,36.078785,"1781266396475","../../../../../../Project/UE5/Gallery/Saved/ScreenRecordings/A017_2_20260612_201316_screen.mkv",323542.344,323592.344,323567.344,"1781266720016","1781266720066","2026-06-12T20:18:40.016+08:00","2026-06-12T20:18:40.066+08:00",353.671143,EXP2,"exp2_table",3,2,"1:4|2:3|3:1|4:2"
"exp2_target_object","实验二当前目标模型_脖子","Exp2_002_exp2_target_object_0240","video_relative_to_recording_start",rectangle,0,89,506,677,,,,"A017_2","Exp2_002","E1_SPATIAL_PROGRESSIVE",loading,,,,,1,TRUE,5950.000,6000.000,359.621155,359.671143,1920,1046,"ObjectSlot2",1,1,"video_relative_to_screen_recording_start",36.078785,323542.344,323592.344,1,36.078785,"1781266396475","../../../../../../Project/UE5/Gallery/Saved/ScreenRecordings/A017_2_20260612_201316_screen.mkv",323542.344,323592.344,323567.344,"1781266720016","1781266720066","2026-06-12T20:18:40.016+08:00","2026-06-12T20:18:40.066+08:00",353.671143,EXP2,"exp2_target",3,2,"1:4|2:3|3:1|4:2"
"exp2_table_objects","实验二桌面四模型总体区域","Exp2_002_exp2_table_objects_0241","video_relative_to_recording_start",rectangle,0,0,1733,933,,,,"A017_2","Exp2_002","E1_SPATIAL_PROGRESSIVE",loading,,,,,1,TRUE,6000.000,6050.000,359.671143,359.721130,1920,1046,"ObjectSlot1-4",1,1,"video_relative_to_screen_recording_start",36.078785,323592.344,323642.344,1,36.078785,"1781266396475","../../../../../../Project/UE5/Gallery/Saved/ScreenRecordings/A017_2_20260612_201316_screen.mkv",323592.344,323642.344,323617.344,"1781266720066","1781266720116","2026-06-12T20:18:40.066+08:00","2026-06-12T20:18:40.116+08:00",353.671143,EXP2,"exp2_table",3,2,"1:4|2:3|3:1|4:2"
"exp2_target_object","实验二当前目标模型_脖子","Exp2_002_exp2_target_object_0242","video_relative_to_recording_start",rectangle,0,89,506,677,,,,"A017_2","Exp2_002","E1_SPATIAL_PROGRESSIVE",loading,,,,,1,TRUE,6000.000,6050.000,359.671143,359.721130,1920,1046,"ObjectSlot2",1,1,"video_relative_to_screen_recording_start",36.078785,323592.344,323642.344,1,36.078785,"1781266396475","../../../../../../Project/UE5/Gallery/Saved/ScreenRecordings/A017_2_20260612_201316_screen.mkv",323592.344,323642.344,323617.344,"1781266720066","1781266720116","2026-06-12T20:18:40.066+08:00","2026-06-12T20:18:40.116+08:00",353.671143,EXP2,"exp2_target",3,2,"1:4|2:3|3:1|4:2"
"exp2_table_objects","实验二桌面四模型总体区域","Exp2_002_exp2_table_objects_0243","video_relative_to_recording_start",rectangle,0,0,1692,933,,,,"A017_2","Exp2_002","E1_SPATIAL_PROGRESSIVE",loading,,,,,1,TRUE,6050.000,6100.000,359.721130,359.771149,1920,1046,"ObjectSlot1-4",1,1,"video_relative_to_screen_recording_start",36.078785,323642.344,323692.344,1,36.078785,"1781266396475","../../../../../../Project/UE5/Gallery/Saved/ScreenRecordings/A017_2_20260612_201316_screen.mkv",323642.344,323692.344,323667.344,"1781266720116","1781266720166","2026-06-12T20:18:40.116+08:00","2026-06-12T20:18:40.166+08:00",353.671143,EXP2,"exp2_table",3,2,"1:4|2:3|3:1|4:2"
"exp2_target_object","实验二当前目标模型_脖子","Exp2_002_exp2_target_object_0244","video_relative_to_recording_start",rectangle,0,89,491,677,,,,"A017_2","Exp2_002","E1_SPATIAL_PROGRESSIVE",loading,,,,,1,TRUE,6050.000,6100.000,359.721130,359.771149,1920,1046,"ObjectSlot2",1,1,"video_relative_to_screen_recording_start",36.078785,323642.344,323692.344,1,36.078785,"1781266396475","../../../../../../Project/UE5/Gallery/Saved/ScreenRecordings/A017_2_20260612_201316_screen.mkv",323642.344,323692.344,323667.344,"1781266720116","1781266720166","2026-06-12T20:18:40.116+08:00","2026-06-12T20:18:40.166+08:00",353.671143,EXP2,"exp2_target",3,2,"1:4|2:3|3:1|4:2"
"exp2_table_objects","实验二桌面四模型总体区域","Exp2_002_exp2_table_objects_0245","video_relative_to_recording_start",rectangle,0,0,1681,935,,,,"A017_2","Exp2_002","E1_SPATIAL_PROGRESSIVE",loading,,,,,1,TRUE,6100.000,6150.000,359.771149,359.821136,1920,1046,"ObjectSlot1-4",1,1,"video_relative_to_screen_recording_start",36.078785,323692.344,323742.344,1,36.078785,"1781266396475","../../../../../../Project/UE5/Gallery/Saved/ScreenRecordings/A017_2_20260612_201316_screen.mkv",323692.344,323742.344,323717.344,"1781266720166","1781266720216","2026-06-12T20:18:40.166+08:00","2026-06-12T20:18:40.216+08:00",353.671143,EXP2,"exp2_table",3,2,"1:4|2:3|3:1|4:2"
"exp2_target_object","实验二当前目标模型_脖子","Exp2_002_exp2_target_object_0246","video_relative_to_recording_start",rectangle,0,90,490,676,,,,"A017_2","Exp2_002","E1_SPATIAL_PROGRESSIVE",loading,,,,,1,TRUE,6100.000,6150.000,359.771149,359.821136,1920,1046,"ObjectSlot2",1,1,"video_relative_to_screen_recording_start",36.078785,323692.344,323742.344,1,36.078785,"1781266396475","../../../../../../Project/UE5/Gallery/Saved/ScreenRecordings/A017_2_20260612_201316_screen.mkv",323692.344,323742.344,323717.344,"1781266720166","1781266720216","2026-06-12T20:18:40.166+08:00","2026-06-12T20:18:40.216+08:00",353.671143,EXP2,"exp2_target",3,2,"1:4|2:3|3:1|4:2"
"exp2_table_objects","实验二桌面四模型总体区域","Exp2_002_exp2_table_objects_0247","video_relative_to_recording_start",rectangle,0,0,1724,939,,,,"A017_2","Exp2_002","E1_SPATIAL_PROGRESSIVE",loading,,,,,1,TRUE,6150.000,6200.000,359.821136,359.871155,1920,1046,"ObjectSlot1-4",1,1,"video_relative_to_screen_recording_start",36.078785,323742.344,323792.344,1,36.078785,"1781266396475","../../../../../../Project/UE5/Gallery/Saved/ScreenRecordings/A017_2_20260612_201316_screen.mkv",323742.344,323792.344,323767.344,"1781266720216","1781266720266","2026-06-12T20:18:40.216+08:00","2026-06-12T20:18:40.266+08:00",353.671143,EXP2,"exp2_table",3,2,"1:4|2:3|3:1|4:2"
"exp2_target_object","实验二当前目标模型_脖子","Exp2_002_exp2_target_object_0248","video_relative_to_recording_start",rectangle,0,86,522,664,,,,"A017_2","Exp2_002","E1_SPATIAL_PROGRESSIVE",loading,,,,,1,TRUE,6150.000,6200.000,359.821136,359.871155,1920,1046,"ObjectSlot2",1,1,"video_relative_to_screen_recording_start",36.078785,323742.344,323792.344,1,36.078785,"1781266396475","../../../../../../Project/UE5/Gallery/Saved/ScreenRecordings/A017_2_20260612_201316_screen.mkv",323742.344,323792.344,323767.344,"1781266720216","1781266720266","2026-06-12T20:18:40.216+08:00","2026-06-12T20:18:40.266+08:00",353.671143,EXP2,"exp2_target",3,2,"1:4|2:3|3:1|4:2"
"exp2_table_objects","实验二桌面四模型总体区域","Exp2_002_exp2_table_objects_0249","video_relative_to_recording_start",rectangle,0,0,1795,943,,,,"A017_2","Exp2_002","E1_SPATIAL_PROGRESSIVE",loading,,,,,1,TRUE,6200.000,6250.000,359.871155,359.921143,1920,1046,"ObjectSlot1-4",1,1,"video_relative_to_screen_recording_start",36.078785,323792.344,323842.344,1,36.078785,"1781266396475","../../../../../../Project/UE5/Gallery/Saved/ScreenRecordings/A017_2_20260612_201316_screen.mkv",323792.344,323842.344,323817.344,"1781266720266","1781266720316","2026-06-12T20:18:40.266+08:00","2026-06-12T20:18:40.316+08:00",353.671143,EXP2,"exp2_table",3,2,"1:4|2:3|3:1|4:2"
"exp2_target_object","实验二当前目标模型_脖子","Exp2_002_exp2_target_object_0250","video_relative_to_recording_start",rectangle,0,78,569,645,,,,"A017_2","Exp2_002","E1_SPATIAL_PROGRESSIVE",loading,,,,,1,TRUE,6200.000,6250.000,359.871155,359.921143,1920,1046,"ObjectSlot2",1,1,"video_relative_to_screen_recording_start",36.078785,323792.344,323842.344,1,36.078785,"1781266396475","../../../../../../Project/UE5/Gallery/Saved/ScreenRecordings/A017_2_20260612_201316_screen.mkv",323792.344,323842.344,323817.344,"1781266720266","1781266720316","2026-06-12T20:18:40.266+08:00","2026-06-12T20:18:40.316+08:00",353.671143,EXP2,"exp2_target",3,2,"1:4|2:3|3:1|4:2"
"exp2_table_objects","实验二桌面四模型总体区域","Exp2_002_exp2_table_objects_0251","video_relative_to_recording_start",rectangle,0,0,1869,946,,,,"A017_2","Exp2_002","E1_SPATIAL_PROGRESSIVE",loading,,,,,1,TRUE,6250.000,6300.000,359.921143,359.971130,1920,1046,"ObjectSlot1-4",1,1,"video_relative_to_screen_recording_start",36.078785,323842.344,323892.344,1,36.078785,"1781266396475","../../../../../../Project/UE5/Gallery/Saved/ScreenRecordings/A017_2_20260612_201316_screen.mkv",323842.344,323892.344,323867.344,"1781266720316","1781266720366","2026-06-12T20:18:40.316+08:00","2026-06-12T20:18:40.366+08:00",353.671143,EXP2,"exp2_table",3,2,"1:4|2:3|3:1|4:2"
"exp2_target_object","实验二当前目标模型_脖子","Exp2_002_exp2_target_object_0252","video_relative_to_recording_start",rectangle,0,67,615,625,,,,"A017_2","Exp2_002","E1_SPATIAL_PROGRESSIVE",loading,,,,,1,TRUE,6250.000,6300.000,359.921143,359.971130,1920,1046,"ObjectSlot2",1,1,"video_relative_to_screen_recording_start",36.078785,323842.344,323892.344,1,36.078785,"1781266396475","../../../../../../Project/UE5/Gallery/Saved/ScreenRecordings/A017_2_20260612_201316_screen.mkv",323842.344,323892.344,323867.344,"1781266720316","1781266720366","2026-06-12T20:18:40.316+08:00","2026-06-12T20:18:40.366+08:00",353.671143,EXP2,"exp2_target",3,2,"1:4|2:3|3:1|4:2"
"exp2_table_objects","实验二桌面四模型总体区域","Exp2_002_exp2_table_objects_0253","video_relative_to_recording_start",rectangle,0,0,1890,948,,,,"A017_2","Exp2_002","E1_SPATIAL_PROGRESSIVE",loading,,,,,1,TRUE,6300.000,6350.000,359.971130,360.021149,1920,1046,"ObjectSlot1-4",1,1,"video_relative_to_screen_recording_start",36.078785,323892.344,323942.344,1,36.078785,"1781266396475","../../../../../../Project/UE5/Gallery/Saved/ScreenRecordings/A017_2_20260612_201316_screen.mkv",323892.344,323942.344,323917.344,"1781266720366","1781266720416","2026-06-12T20:18:40.366+08:00","2026-06-12T20:18:40.416+08:00",353.671143,EXP2,"exp2_table",3,2,"1:4|2:3|3:1|4:2"
"exp2_target_object","实验二当前目标模型_脖子","Exp2_002_exp2_target_object_0254","video_relative_to_recording_start",rectangle,0,60,632,614,,,,"A017_2","Exp2_002","E1_SPATIAL_PROGRESSIVE",loading,,,,,1,TRUE,6300.000,6350.000,359.971130,360.021149,1920,1046,"ObjectSlot2",1,1,"video_relative_to_screen_recording_start",36.078785,323892.344,323942.344,1,36.078785,"1781266396475","../../../../../../Project/UE5/Gallery/Saved/ScreenRecordings/A017_2_20260612_201316_screen.mkv",323892.344,323942.344,323917.344,"1781266720366","1781266720416","2026-06-12T20:18:40.366+08:00","2026-06-12T20:18:40.416+08:00",353.671143,EXP2,"exp2_target",3,2,"1:4|2:3|3:1|4:2"
"exp2_table_objects","实验二桌面四模型总体区域","Exp2_002_exp2_table_objects_0255","video_relative_to_recording_start",rectangle,0,0,1792,949,,,,"A017_2","Exp2_002","E1_SPATIAL_PROGRESSIVE",loading,,,,,1,TRUE,6350.000,6400.000,360.021149,360.071136,1920,1046,"ObjectSlot1-4",1,1,"video_relative_to_screen_recording_start",36.078785,323942.344,323992.344,1,36.078785,"1781266396475","../../../../../../Project/UE5/Gallery/Saved/ScreenRecordings/A017_2_20260612_201316_screen.mkv",323942.344,323992.344,323967.344,"1781266720416","1781266720466","2026-06-12T20:18:40.416+08:00","2026-06-12T20:18:40.466+08:00",353.671143,EXP2,"exp2_table",3,2,"1:4|2:3|3:1|4:2"
"exp2_target_object","实验二当前目标模型_脖子","Exp2_002_exp2_target_object_0256","video_relative_to_recording_start",rectangle,0,60,604,612,,,,"A017_2","Exp2_002","E1_SPATIAL_PROGRESSIVE",loading,,,,,1,TRUE,6350.000,6400.000,360.021149,360.071136,1920,1046,"ObjectSlot2",1,1,"video_relative_to_screen_recording_start",36.078785,323942.344,323992.344,1,36.078785,"1781266396475","../../../../../../Project/UE5/Gallery/Saved/ScreenRecordings/A017_2_20260612_201316_screen.mkv",323942.344,323992.344,323967.344,"1781266720416","1781266720466","2026-06-12T20:18:40.416+08:00","2026-06-12T20:18:40.466+08:00",353.671143,EXP2,"exp2_target",3,2,"1:4|2:3|3:1|4:2"
"exp2_table_objects","实验二桌面四模型总体区域","Exp2_002_exp2_table_objects_0257","video_relative_to_recording_start",rectangle,0,0,1634,949,,,,"A017_2","Exp2_002","E1_SPATIAL_PROGRESSIVE",loading,,,,,1,TRUE,6400.000,6450.000,360.071136,360.121155,1920,1046,"ObjectSlot1-4",1,1,"video_relative_to_screen_recording_start",36.078785,323992.344,324042.344,1,36.078785,"1781266396475","../../../../../../Project/UE5/Gallery/Saved/ScreenRecordings/A017_2_20260612_201316_screen.mkv",323992.344,324042.344,324017.344,"1781266720466","1781266720516","2026-06-12T20:18:40.466+08:00","2026-06-12T20:18:40.516+08:00",353.671143,EXP2,"exp2_table",3,2,"1:4|2:3|3:1|4:2"
"exp2_target_object","实验二当前目标模型_脖子","Exp2_002_exp2_target_object_0258","video_relative_to_recording_start",rectangle,0,60,554,612,,,,"A017_2","Exp2_002","E1_SPATIAL_PROGRESSIVE",loading,,,,,1,TRUE,6400.000,6450.000,360.071136,360.121155,1920,1046,"ObjectSlot2",1,1,"video_relative_to_screen_recording_start",36.078785,323992.344,324042.344,1,36.078785,"1781266396475","../../../../../../Project/UE5/Gallery/Saved/ScreenRecordings/A017_2_20260612_201316_screen.mkv",323992.344,324042.344,324017.344,"1781266720466","1781266720516","2026-06-12T20:18:40.466+08:00","2026-06-12T20:18:40.516+08:00",353.671143,EXP2,"exp2_target",3,2,"1:4|2:3|3:1|4:2"
"exp2_table_objects","实验二桌面四模型总体区域","Exp2_002_exp2_table_objects_0259","video_relative_to_recording_start",rectangle,0,0,1332,949,,,,"A017_2","Exp2_002","E1_SPATIAL_PROGRESSIVE",loading,,,,,1,TRUE,6450.000,6500.000,360.121155,360.171143,1920,1046,"ObjectSlot1-4",1,1,"video_relative_to_screen_recording_start",36.078785,324042.344,324092.344,1,36.078785,"1781266396475","../../../../../../Project/UE5/Gallery/Saved/ScreenRecordings/A017_2_20260612_201316_screen.mkv",324042.344,324092.344,324067.344,"1781266720516","1781266720566","2026-06-12T20:18:40.516+08:00","2026-06-12T20:18:40.566+08:00",353.671143,EXP2,"exp2_table",3,2,"1:4|2:3|3:1|4:2"
"exp2_target_object","实验二当前目标模型_脖子","Exp2_002_exp2_target_object_0260","video_relative_to_recording_start",rectangle,0,60,459,612,,,,"A017_2","Exp2_002","E1_SPATIAL_PROGRESSIVE",loading,,,,,1,TRUE,6450.000,6500.000,360.121155,360.171143,1920,1046,"ObjectSlot2",1,1,"video_relative_to_screen_recording_start",36.078785,324042.344,324092.344,1,36.078785,"1781266396475","../../../../../../Project/UE5/Gallery/Saved/ScreenRecordings/A017_2_20260612_201316_screen.mkv",324042.344,324092.344,324067.344,"1781266720516","1781266720566","2026-06-12T20:18:40.516+08:00","2026-06-12T20:18:40.566+08:00",353.671143,EXP2,"exp2_target",3,2,"1:4|2:3|3:1|4:2"
"exp2_table_objects","实验二桌面四模型总体区域","Exp2_002_exp2_table_objects_0261","video_relative_to_recording_start",rectangle,0,0,1077,949,,,,"A017_2","Exp2_002","E1_SPATIAL_PROGRESSIVE",loading,,,,,1,TRUE,6500.000,6550.000,360.171143,360.221130,1920,1046,"ObjectSlot1-4",1,1,"video_relative_to_screen_recording_start",36.078785,324092.344,324142.344,1,36.078785,"1781266396475","../../../../../../Project/UE5/Gallery/Saved/ScreenRecordings/A017_2_20260612_201316_screen.mkv",324092.344,324142.344,324117.344,"1781266720566","1781266720616","2026-06-12T20:18:40.566+08:00","2026-06-12T20:18:40.616+08:00",353.671143,EXP2,"exp2_table",3,2,"1:4|2:3|3:1|4:2"
"exp2_target_object","实验二当前目标模型_脖子","Exp2_002_exp2_target_object_0262","video_relative_to_recording_start",rectangle,0,60,363,612,,,,"A017_2","Exp2_002","E1_SPATIAL_PROGRESSIVE",loading,,,,,1,TRUE,6500.000,6550.000,360.171143,360.221130,1920,1046,"ObjectSlot2",1,1,"video_relative_to_screen_recording_start",36.078785,324092.344,324142.344,1,36.078785,"1781266396475","../../../../../../Project/UE5/Gallery/Saved/ScreenRecordings/A017_2_20260612_201316_screen.mkv",324092.344,324142.344,324117.344,"1781266720566","1781266720616","2026-06-12T20:18:40.566+08:00","2026-06-12T20:18:40.616+08:00",353.671143,EXP2,"exp2_target",3,2,"1:4|2:3|3:1|4:2"
"exp2_table_objects","实验二桌面四模型总体区域","Exp2_002_exp2_table_objects_0263","video_relative_to_recording_start",rectangle,0,0,1077,949,,,,"A017_2","Exp2_002","E1_SPATIAL_PROGRESSIVE",loading,,,,,1,TRUE,6550.000,6600.000,360.221130,360.271149,1920,1046,"ObjectSlot1-4",1,1,"video_relative_to_screen_recording_start",36.078785,324142.344,324192.344,1,36.078785,"1781266396475","../../../../../../Project/UE5/Gallery/Saved/ScreenRecordings/A017_2_20260612_201316_screen.mkv",324142.344,324192.344,324167.344,"1781266720616","1781266720666","2026-06-12T20:18:40.616+08:00","2026-06-12T20:18:40.666+08:00",353.671143,EXP2,"exp2_table",3,2,"1:4|2:3|3:1|4:2"
"exp2_target_object","实验二当前目标模型_脖子","Exp2_002_exp2_target_object_0264","video_relative_to_recording_start",rectangle,0,60,363,612,,,,"A017_2","Exp2_002","E1_SPATIAL_PROGRESSIVE",loading,,,,,1,TRUE,6550.000,6600.000,360.221130,360.271149,1920,1046,"ObjectSlot2",1,1,"video_relative_to_screen_recording_start",36.078785,324142.344,324192.344,1,36.078785,"1781266396475","../../../../../../Project/UE5/Gallery/Saved/ScreenRecordings/A017_2_20260612_201316_screen.mkv",324142.344,324192.344,324167.344,"1781266720616","1781266720666","2026-06-12T20:18:40.616+08:00","2026-06-12T20:18:40.666+08:00",353.671143,EXP2,"exp2_target",3,2,"1:4|2:3|3:1|4:2"
"exp2_table_objects","实验二桌面四模型总体区域","Exp2_002_exp2_table_objects_0265","video_relative_to_recording_start",rectangle,0,0,1012,949,,,,"A017_2","Exp2_002","E1_SPATIAL_PROGRESSIVE",loading,,,,,1,TRUE,6600.000,6650.000,360.271149,360.321136,1920,1046,"ObjectSlot1-4",1,1,"video_relative_to_screen_recording_start",36.078785,324192.344,324242.344,1,36.078785,"1781266396475","../../../../../../Project/UE5/Gallery/Saved/ScreenRecordings/A017_2_20260612_201316_screen.mkv",324192.344,324242.344,324217.344,"1781266720666","1781266720716","2026-06-12T20:18:40.666+08:00","2026-06-12T20:18:40.716+08:00",353.671143,EXP2,"exp2_table",3,2,"1:4|2:3|3:1|4:2"
"exp2_target_object","实验二当前目标模型_脖子","Exp2_002_exp2_target_object_0266","video_relative_to_recording_start",rectangle,0,60,322,612,,,,"A017_2","Exp2_002","E1_SPATIAL_PROGRESSIVE",loading,,,,,1,TRUE,6600.000,6650.000,360.271149,360.321136,1920,1046,"ObjectSlot2",1,1,"video_relative_to_screen_recording_start",36.078785,324192.344,324242.344,1,36.078785,"1781266396475","../../../../../../Project/UE5/Gallery/Saved/ScreenRecordings/A017_2_20260612_201316_screen.mkv",324192.344,324242.344,324217.344,"1781266720666","1781266720716","2026-06-12T20:18:40.666+08:00","2026-06-12T20:18:40.716+08:00",353.671143,EXP2,"exp2_target",3,2,"1:4|2:3|3:1|4:2"
"exp2_table_objects","实验二桌面四模型总体区域","Exp2_002_exp2_table_objects_0267","video_relative_to_recording_start",rectangle,0,0,1019,947,,,,"A017_2","Exp2_002","E1_SPATIAL_PROGRESSIVE",loading,,,,,1,TRUE,6650.000,6700.000,360.321136,360.371155,1920,1046,"ObjectSlot1-4",1,1,"video_relative_to_screen_recording_start",36.078785,324242.344,324292.344,1,36.078785,"1781266396475","../../../../../../Project/UE5/Gallery/Saved/ScreenRecordings/A017_2_20260612_201316_screen.mkv",324242.344,324292.344,324267.344,"1781266720716","1781266720766","2026-06-12T20:18:40.716+08:00","2026-06-12T20:18:40.766+08:00",353.671143,EXP2,"exp2_table",3,2,"1:4|2:3|3:1|4:2"
"exp2_target_object","实验二当前目标模型_脖子","Exp2_002_exp2_target_object_0268","video_relative_to_recording_start",rectangle,0,60,332,608,,,,"A017_2","Exp2_002","E1_SPATIAL_PROGRESSIVE",loading,,,,,1,TRUE,6650.000,6700.000,360.321136,360.371155,1920,1046,"ObjectSlot2",1,1,"video_relative_to_screen_recording_start",36.078785,324242.344,324292.344,1,36.078785,"1781266396475","../../../../../../Project/UE5/Gallery/Saved/ScreenRecordings/A017_2_20260612_201316_screen.mkv",324242.344,324292.344,324267.344,"1781266720716","1781266720766","2026-06-12T20:18:40.716+08:00","2026-06-12T20:18:40.766+08:00",353.671143,EXP2,"exp2_target",3,2,"1:4|2:3|3:1|4:2"
"exp2_table_objects","实验二桌面四模型总体区域","Exp2_002_exp2_table_objects_0269","video_relative_to_recording_start",rectangle,0,0,1062,947,,,,"A017_2","Exp2_002","E1_SPATIAL_PROGRESSIVE",loading,,,,,1,TRUE,6700.000,6750.000,360.371155,360.421143,1920,1046,"ObjectSlot1-4",1,1,"video_relative_to_screen_recording_start",36.078785,324292.344,324342.344,1,36.078785,"1781266396475","../../../../../../Project/UE5/Gallery/Saved/ScreenRecordings/A017_2_20260612_201316_screen.mkv",324292.344,324342.344,324317.344,"1781266720766","1781266720816","2026-06-12T20:18:40.766+08:00","2026-06-12T20:18:40.816+08:00",353.671143,EXP2,"exp2_table",3,2,"1:4|2:3|3:1|4:2"
"exp2_target_object","实验二当前目标模型_脖子","Exp2_002_exp2_target_object_0270","video_relative_to_recording_start",rectangle,0,65,384,596,,,,"A017_2","Exp2_002","E1_SPATIAL_PROGRESSIVE",loading,,,,,1,TRUE,6700.000,6750.000,360.371155,360.421143,1920,1046,"ObjectSlot2",1,1,"video_relative_to_screen_recording_start",36.078785,324292.344,324342.344,1,36.078785,"1781266396475","../../../../../../Project/UE5/Gallery/Saved/ScreenRecordings/A017_2_20260612_201316_screen.mkv",324292.344,324342.344,324317.344,"1781266720766","1781266720816","2026-06-12T20:18:40.766+08:00","2026-06-12T20:18:40.816+08:00",353.671143,EXP2,"exp2_target",3,2,"1:4|2:3|3:1|4:2"
"exp2_table_objects","实验二桌面四模型总体区域","Exp2_002_exp2_table_objects_0271","video_relative_to_recording_start",rectangle,0,0,1118,947,,,,"A017_2","Exp2_002","E1_SPATIAL_PROGRESSIVE",loading,,,,,1,TRUE,6750.000,6800.000,360.421143,360.471130,1920,1046,"ObjectSlot1-4",1,1,"video_relative_to_screen_recording_start",36.078785,324342.344,324392.344,1,36.078785,"1781266396475","../../../../../../Project/UE5/Gallery/Saved/ScreenRecordings/A017_2_20260612_201316_screen.mkv",324342.344,324392.344,324367.344,"1781266720816","1781266720866","2026-06-12T20:18:40.816+08:00","2026-06-12T20:18:40.866+08:00",353.671143,EXP2,"exp2_table",3,2,"1:4|2:3|3:1|4:2"
"exp2_target_object","实验二当前目标模型_脖子","Exp2_002_exp2_target_object_0272","video_relative_to_recording_start",rectangle,0,70,447,583,,,,"A017_2","Exp2_002","E1_SPATIAL_PROGRESSIVE",loading,,,,,1,TRUE,6750.000,6800.000,360.421143,360.471130,1920,1046,"ObjectSlot2",1,1,"video_relative_to_screen_recording_start",36.078785,324342.344,324392.344,1,36.078785,"1781266396475","../../../../../../Project/UE5/Gallery/Saved/ScreenRecordings/A017_2_20260612_201316_screen.mkv",324342.344,324392.344,324367.344,"1781266720816","1781266720866","2026-06-12T20:18:40.816+08:00","2026-06-12T20:18:40.866+08:00",353.671143,EXP2,"exp2_target",3,2,"1:4|2:3|3:1|4:2"
"exp2_table_objects","实验二桌面四模型总体区域","Exp2_002_exp2_table_objects_0273","video_relative_to_recording_start",rectangle,0,0,1144,943,,,,"A017_2","Exp2_002","E1_SPATIAL_PROGRESSIVE",loading,,,,,1,TRUE,6800.000,6850.000,360.471130,360.521149,1920,1046,"ObjectSlot1-4",1,1,"video_relative_to_screen_recording_start",36.078785,324392.344,324442.344,1,36.078785,"1781266396475","../../../../../../Project/UE5/Gallery/Saved/ScreenRecordings/A017_2_20260612_201316_screen.mkv",324392.344,324442.344,324417.344,"1781266720866","1781266720916","2026-06-12T20:18:40.866+08:00","2026-06-12T20:18:40.916+08:00",353.671143,EXP2,"exp2_table",3,2,"1:4|2:3|3:1|4:2"
"exp2_target_object","实验二当前目标模型_脖子","Exp2_002_exp2_target_object_0274","video_relative_to_recording_start",rectangle,0,67,474,574,,,,"A017_2","Exp2_002","E1_SPATIAL_PROGRESSIVE",loading,,,,,1,TRUE,6800.000,6850.000,360.471130,360.521149,1920,1046,"ObjectSlot2",1,1,"video_relative_to_screen_recording_start",36.078785,324392.344,324442.344,1,36.078785,"1781266396475","../../../../../../Project/UE5/Gallery/Saved/ScreenRecordings/A017_2_20260612_201316_screen.mkv",324392.344,324442.344,324417.344,"1781266720866","1781266720916","2026-06-12T20:18:40.866+08:00","2026-06-12T20:18:40.916+08:00",353.671143,EXP2,"exp2_target",3,2,"1:4|2:3|3:1|4:2"
"exp2_table_objects","实验二桌面四模型总体区域","Exp2_002_exp2_table_objects_0275","video_relative_to_recording_start",rectangle,0,0,1150,942,,,,"A017_2","Exp2_002","E1_SPATIAL_PROGRESSIVE",loading,,,,,1,TRUE,6850.000,6900.000,360.521149,360.571136,1920,1046,"ObjectSlot1-4",1,1,"video_relative_to_screen_recording_start",36.078785,324442.344,324492.344,1,36.078785,"1781266396475","../../../../../../Project/UE5/Gallery/Saved/ScreenRecordings/A017_2_20260612_201316_screen.mkv",324442.344,324492.344,324467.344,"1781266720916","1781266720966","2026-06-12T20:18:40.916+08:00","2026-06-12T20:18:40.966+08:00",353.671143,EXP2,"exp2_table",3,2,"1:4|2:3|3:1|4:2"
"exp2_target_object","实验二当前目标模型_脖子","Exp2_002_exp2_target_object_0276","video_relative_to_recording_start",rectangle,0,67,481,571,,,,"A017_2","Exp2_002","E1_SPATIAL_PROGRESSIVE",loading,,,,,1,TRUE,6850.000,6900.000,360.521149,360.571136,1920,1046,"ObjectSlot2",1,1,"video_relative_to_screen_recording_start",36.078785,324442.344,324492.344,1,36.078785,"1781266396475","../../../../../../Project/UE5/Gallery/Saved/ScreenRecordings/A017_2_20260612_201316_screen.mkv",324442.344,324492.344,324467.344,"1781266720916","1781266720966","2026-06-12T20:18:40.916+08:00","2026-06-12T20:18:40.966+08:00",353.671143,EXP2,"exp2_target",3,2,"1:4|2:3|3:1|4:2"
"exp2_table_objects","实验二桌面四模型总体区域","Exp2_002_exp2_table_objects_0277","video_relative_to_recording_start",rectangle,0,0,1150,942,,,,"A017_2","Exp2_002","E1_SPATIAL_PROGRESSIVE",loading,,,,,1,TRUE,6900.000,6950.000,360.571136,360.621155,1920,1046,"ObjectSlot1-4",1,1,"video_relative_to_screen_recording_start",36.078785,324492.344,324542.344,1,36.078785,"1781266396475","../../../../../../Project/UE5/Gallery/Saved/ScreenRecordings/A017_2_20260612_201316_screen.mkv",324492.344,324542.344,324517.344,"1781266720966","1781266721016","2026-06-12T20:18:40.966+08:00","2026-06-12T20:18:41.016+08:00",353.671143,EXP2,"exp2_table",3,2,"1:4|2:3|3:1|4:2"
"exp2_target_object","实验二当前目标模型_脖子","Exp2_002_exp2_target_object_0278","video_relative_to_recording_start",rectangle,0,67,481,571,,,,"A017_2","Exp2_002","E1_SPATIAL_PROGRESSIVE",loading,,,,,1,TRUE,6900.000,6950.000,360.571136,360.621155,1920,1046,"ObjectSlot2",1,1,"video_relative_to_screen_recording_start",36.078785,324492.344,324542.344,1,36.078785,"1781266396475","../../../../../../Project/UE5/Gallery/Saved/ScreenRecordings/A017_2_20260612_201316_screen.mkv",324492.344,324542.344,324517.344,"1781266720966","1781266721016","2026-06-12T20:18:40.966+08:00","2026-06-12T20:18:41.016+08:00",353.671143,EXP2,"exp2_target",3,2,"1:4|2:3|3:1|4:2"
"exp2_table_objects","实验二桌面四模型总体区域","Exp2_002_exp2_table_objects_0279","video_relative_to_recording_start",rectangle,0,0,1150,942,,,,"A017_2","Exp2_002","E1_SPATIAL_PROGRESSIVE",loading,,,,,1,TRUE,6950.000,7000.000,360.621155,360.671143,1920,1046,"ObjectSlot1-4",1,1,"video_relative_to_screen_recording_start",36.078785,324542.344,324592.344,1,36.078785,"1781266396475","../../../../../../Project/UE5/Gallery/Saved/ScreenRecordings/A017_2_20260612_201316_screen.mkv",324542.344,324592.344,324567.344,"1781266721016","1781266721066","2026-06-12T20:18:41.016+08:00","2026-06-12T20:18:41.066+08:00",353.671143,EXP2,"exp2_table",3,2,"1:4|2:3|3:1|4:2"
"exp2_target_object","实验二当前目标模型_脖子","Exp2_002_exp2_target_object_0280","video_relative_to_recording_start",rectangle,0,67,481,571,,,,"A017_2","Exp2_002","E1_SPATIAL_PROGRESSIVE",loading,,,,,1,TRUE,6950.000,7000.000,360.621155,360.671143,1920,1046,"ObjectSlot2",1,1,"video_relative_to_screen_recording_start",36.078785,324542.344,324592.344,1,36.078785,"1781266396475","../../../../../../Project/UE5/Gallery/Saved/ScreenRecordings/A017_2_20260612_201316_screen.mkv",324542.344,324592.344,324567.344,"1781266721016","1781266721066","2026-06-12T20:18:41.016+08:00","2026-06-12T20:18:41.066+08:00",353.671143,EXP2,"exp2_target",3,2,"1:4|2:3|3:1|4:2"
"exp2_table_objects","实验二桌面四模型总体区域","Exp2_002_exp2_table_objects_0281","video_relative_to_recording_start",rectangle,0,0,1150,942,,,,"A017_2","Exp2_002","E1_SPATIAL_PROGRESSIVE",loading,,,,,1,TRUE,7000.000,7050.000,360.671143,360.721130,1920,1046,"ObjectSlot1-4",1,1,"video_relative_to_screen_recording_start",36.078785,324592.344,324642.344,1,36.078785,"1781266396475","../../../../../../Project/UE5/Gallery/Saved/ScreenRecordings/A017_2_20260612_201316_screen.mkv",324592.344,324642.344,324617.344,"1781266721066","1781266721116","2026-06-12T20:18:41.066+08:00","2026-06-12T20:18:41.116+08:00",353.671143,EXP2,"exp2_table",3,2,"1:4|2:3|3:1|4:2"
"exp2_target_object","实验二当前目标模型_脖子","Exp2_002_exp2_target_object_0282","video_relative_to_recording_start",rectangle,0,67,481,571,,,,"A017_2","Exp2_002","E1_SPATIAL_PROGRESSIVE",loading,,,,,1,TRUE,7000.000,7050.000,360.671143,360.721130,1920,1046,"ObjectSlot2",1,1,"video_relative_to_screen_recording_start",36.078785,324592.344,324642.344,1,36.078785,"1781266396475","../../../../../../Project/UE5/Gallery/Saved/ScreenRecordings/A017_2_20260612_201316_screen.mkv",324592.344,324642.344,324617.344,"1781266721066","1781266721116","2026-06-12T20:18:41.066+08:00","2026-06-12T20:18:41.116+08:00",353.671143,EXP2,"exp2_target",3,2,"1:4|2:3|3:1|4:2"
"exp2_table_objects","实验二桌面四模型总体区域","Exp2_002_exp2_table_objects_0283","video_relative_to_recording_start",rectangle,0,0,1150,942,,,,"A017_2","Exp2_002","E1_SPATIAL_PROGRESSIVE",loading,,,,,1,TRUE,7050.000,7100.000,360.721130,360.771149,1920,1046,"ObjectSlot1-4",1,1,"video_relative_to_screen_recording_start",36.078785,324642.344,324692.344,1,36.078785,"1781266396475","../../../../../../Project/UE5/Gallery/Saved/ScreenRecordings/A017_2_20260612_201316_screen.mkv",324642.344,324692.344,324667.344,"1781266721116","1781266721166","2026-06-12T20:18:41.116+08:00","2026-06-12T20:18:41.166+08:00",353.671143,EXP2,"exp2_table",3,2,"1:4|2:3|3:1|4:2"
"exp2_target_object","实验二当前目标模型_脖子","Exp2_002_exp2_target_object_0284","video_relative_to_recording_start",rectangle,0,67,481,571,,,,"A017_2","Exp2_002","E1_SPATIAL_PROGRESSIVE",loading,,,,,1,TRUE,7050.000,7100.000,360.721130,360.771149,1920,1046,"ObjectSlot2",1,1,"video_relative_to_screen_recording_start",36.078785,324642.344,324692.344,1,36.078785,"1781266396475","../../../../../../Project/UE5/Gallery/Saved/ScreenRecordings/A017_2_20260612_201316_screen.mkv",324642.344,324692.344,324667.344,"1781266721116","1781266721166","2026-06-12T20:18:41.116+08:00","2026-06-12T20:18:41.166+08:00",353.671143,EXP2,"exp2_target",3,2,"1:4|2:3|3:1|4:2"
"exp2_table_objects","实验二桌面四模型总体区域","Exp2_002_exp2_table_objects_0285","video_relative_to_recording_start",rectangle,0,0,1173,943,,,,"A017_2","Exp2_002","E1_SPATIAL_PROGRESSIVE",loading,,,,,1,TRUE,7100.000,7150.000,360.771149,360.821136,1920,1046,"ObjectSlot1-4",1,1,"video_relative_to_screen_recording_start",36.078785,324692.344,324742.344,1,36.078785,"1781266396475","../../../../../../Project/UE5/Gallery/Saved/ScreenRecordings/A017_2_20260612_201316_screen.mkv",324692.344,324742.344,324717.344,"1781266721166","1781266721216","2026-06-12T20:18:41.166+08:00","2026-06-12T20:18:41.216+08:00",353.671143,EXP2,"exp2_table",3,2,"1:4|2:3|3:1|4:2"
"exp2_target_object","实验二当前目标模型_脖子","Exp2_002_exp2_target_object_0286","video_relative_to_recording_start",rectangle,0,68,505,567,,,,"A017_2","Exp2_002","E1_SPATIAL_PROGRESSIVE",loading,,,,,1,TRUE,7100.000,7150.000,360.771149,360.821136,1920,1046,"ObjectSlot2",1,1,"video_relative_to_screen_recording_start",36.078785,324692.344,324742.344,1,36.078785,"1781266396475","../../../../../../Project/UE5/Gallery/Saved/ScreenRecordings/A017_2_20260612_201316_screen.mkv",324692.344,324742.344,324717.344,"1781266721166","1781266721216","2026-06-12T20:18:41.166+08:00","2026-06-12T20:18:41.216+08:00",353.671143,EXP2,"exp2_target",3,2,"1:4|2:3|3:1|4:2"
"exp2_table_objects","实验二桌面四模型总体区域","Exp2_002_exp2_table_objects_0287","video_relative_to_recording_start",rectangle,0,0,1193,943,,,,"A017_2","Exp2_002","E1_SPATIAL_PROGRESSIVE",loading,,,,,1,TRUE,7150.000,7200.000,360.821136,360.871155,1920,1046,"ObjectSlot1-4",1,1,"video_relative_to_screen_recording_start",36.078785,324742.344,324792.344,1,36.078785,"1781266396475","../../../../../../Project/UE5/Gallery/Saved/ScreenRecordings/A017_2_20260612_201316_screen.mkv",324742.344,324792.344,324767.344,"1781266721216","1781266721266","2026-06-12T20:18:41.216+08:00","2026-06-12T20:18:41.266+08:00",353.671143,EXP2,"exp2_table",3,2,"1:4|2:3|3:1|4:2"
"exp2_target_object","实验二当前目标模型_脖子","Exp2_002_exp2_target_object_0288","video_relative_to_recording_start",rectangle,0,70,526,563,,,,"A017_2","Exp2_002","E1_SPATIAL_PROGRESSIVE",loading,,,,,1,TRUE,7150.000,7200.000,360.821136,360.871155,1920,1046,"ObjectSlot2",1,1,"video_relative_to_screen_recording_start",36.078785,324742.344,324792.344,1,36.078785,"1781266396475","../../../../../../Project/UE5/Gallery/Saved/ScreenRecordings/A017_2_20260612_201316_screen.mkv",324742.344,324792.344,324767.344,"1781266721216","1781266721266","2026-06-12T20:18:41.216+08:00","2026-06-12T20:18:41.266+08:00",353.671143,EXP2,"exp2_target",3,2,"1:4|2:3|3:1|4:2"
"exp2_table_objects","实验二桌面四模型总体区域","Exp2_002_exp2_table_objects_0289","video_relative_to_recording_start",rectangle,0,0,1207,944,,,,"A017_2","Exp2_002","E1_SPATIAL_PROGRESSIVE",loading,,,,,1,TRUE,7200.000,7250.000,360.871155,360.921143,1920,1046,"ObjectSlot1-4",1,1,"video_relative_to_screen_recording_start",36.078785,324792.344,324842.344,1,36.078785,"1781266396475","../../../../../../Project/UE5/Gallery/Saved/ScreenRecordings/A017_2_20260612_201316_screen.mkv",324792.344,324842.344,324817.344,"1781266721266","1781266721316","2026-06-12T20:18:41.266+08:00","2026-06-12T20:18:41.316+08:00",353.671143,EXP2,"exp2_table",3,2,"1:4|2:3|3:1|4:2"
"exp2_target_object","实验二当前目标模型_脖子","Exp2_002_exp2_target_object_0290","video_relative_to_recording_start",rectangle,0,71,540,561,,,,"A017_2","Exp2_002","E1_SPATIAL_PROGRESSIVE",loading,,,,,1,TRUE,7200.000,7250.000,360.871155,360.921143,1920,1046,"ObjectSlot2",1,1,"video_relative_to_screen_recording_start",36.078785,324792.344,324842.344,1,36.078785,"1781266396475","../../../../../../Project/UE5/Gallery/Saved/ScreenRecordings/A017_2_20260612_201316_screen.mkv",324792.344,324842.344,324817.344,"1781266721266","1781266721316","2026-06-12T20:18:41.266+08:00","2026-06-12T20:18:41.316+08:00",353.671143,EXP2,"exp2_target",3,2,"1:4|2:3|3:1|4:2"
"exp2_table_objects","实验二桌面四模型总体区域","Exp2_002_exp2_table_objects_0291","video_relative_to_recording_start",rectangle,0,0,1208,944,,,,"A017_2","Exp2_002","E1_SPATIAL_PROGRESSIVE",loading,,,,,1,TRUE,7250.000,7300.000,360.921143,360.971130,1920,1046,"ObjectSlot1-4",1,1,"video_relative_to_screen_recording_start",36.078785,324842.344,324892.344,1,36.078785,"1781266396475","../../../../../../Project/UE5/Gallery/Saved/ScreenRecordings/A017_2_20260612_201316_screen.mkv",324842.344,324892.344,324867.344,"1781266721316","1781266721366","2026-06-12T20:18:41.316+08:00","2026-06-12T20:18:41.366+08:00",353.671143,EXP2,"exp2_table",3,2,"1:4|2:3|3:1|4:2"
"exp2_target_object","实验二当前目标模型_脖子","Exp2_002_exp2_target_object_0292","video_relative_to_recording_start",rectangle,0,71,541,561,,,,"A017_2","Exp2_002","E1_SPATIAL_PROGRESSIVE",loading,,,,,1,TRUE,7250.000,7300.000,360.921143,360.971130,1920,1046,"ObjectSlot2",1,1,"video_relative_to_screen_recording_start",36.078785,324842.344,324892.344,1,36.078785,"1781266396475","../../../../../../Project/UE5/Gallery/Saved/ScreenRecordings/A017_2_20260612_201316_screen.mkv",324842.344,324892.344,324867.344,"1781266721316","1781266721366","2026-06-12T20:18:41.316+08:00","2026-06-12T20:18:41.366+08:00",353.671143,EXP2,"exp2_target",3,2,"1:4|2:3|3:1|4:2"
"exp2_table_objects","实验二桌面四模型总体区域","Exp2_002_exp2_table_objects_0293","video_relative_to_recording_start",rectangle,0,0,1212,944,,,,"A017_2","Exp2_002","E1_SPATIAL_PROGRESSIVE",loading,,,,,1,TRUE,7300.000,7350.000,360.971130,361.021149,1920,1046,"ObjectSlot1-4",1,1,"video_relative_to_screen_recording_start",36.078785,324892.344,324942.344,1,36.078785,"1781266396475","../../../../../../Project/UE5/Gallery/Saved/ScreenRecordings/A017_2_20260612_201316_screen.mkv",324892.344,324942.344,324917.344,"1781266721366","1781266721416","2026-06-12T20:18:41.366+08:00","2026-06-12T20:18:41.416+08:00",353.671143,EXP2,"exp2_table",3,2,"1:4|2:3|3:1|4:2"
"exp2_target_object","实验二当前目标模型_脖子","Exp2_002_exp2_target_object_0294","video_relative_to_recording_start",rectangle,0,71,543,561,,,,"A017_2","Exp2_002","E1_SPATIAL_PROGRESSIVE",loading,,,,,1,TRUE,7300.000,7350.000,360.971130,361.021149,1920,1046,"ObjectSlot2",1,1,"video_relative_to_screen_recording_start",36.078785,324892.344,324942.344,1,36.078785,"1781266396475","../../../../../../Project/UE5/Gallery/Saved/ScreenRecordings/A017_2_20260612_201316_screen.mkv",324892.344,324942.344,324917.344,"1781266721366","1781266721416","2026-06-12T20:18:41.366+08:00","2026-06-12T20:18:41.416+08:00",353.671143,EXP2,"exp2_target",3,2,"1:4|2:3|3:1|4:2"
"exp2_table_objects","实验二桌面四模型总体区域","Exp2_002_exp2_table_objects_0295","video_relative_to_recording_start",rectangle,0,0,1212,944,,,,"A017_2","Exp2_002","E1_SPATIAL_PROGRESSIVE",loading,,,,,1,TRUE,7350.000,7400.000,361.021149,361.071136,1920,1046,"ObjectSlot1-4",1,1,"video_relative_to_screen_recording_start",36.078785,324942.344,324992.344,1,36.078785,"1781266396475","../../../../../../Project/UE5/Gallery/Saved/ScreenRecordings/A017_2_20260612_201316_screen.mkv",324942.344,324992.344,324967.344,"1781266721416","1781266721466","2026-06-12T20:18:41.416+08:00","2026-06-12T20:18:41.466+08:00",353.671143,EXP2,"exp2_table",3,2,"1:4|2:3|3:1|4:2"
"exp2_target_object","实验二当前目标模型_脖子","Exp2_002_exp2_target_object_0296","video_relative_to_recording_start",rectangle,0,71,543,561,,,,"A017_2","Exp2_002","E1_SPATIAL_PROGRESSIVE",loading,,,,,1,TRUE,7350.000,7400.000,361.021149,361.071136,1920,1046,"ObjectSlot2",1,1,"video_relative_to_screen_recording_start",36.078785,324942.344,324992.344,1,36.078785,"1781266396475","../../../../../../Project/UE5/Gallery/Saved/ScreenRecordings/A017_2_20260612_201316_screen.mkv",324942.344,324992.344,324967.344,"1781266721416","1781266721466","2026-06-12T20:18:41.416+08:00","2026-06-12T20:18:41.466+08:00",353.671143,EXP2,"exp2_target",3,2,"1:4|2:3|3:1|4:2"
"exp2_table_objects","实验二桌面四模型总体区域","Exp2_002_exp2_table_objects_0297","video_relative_to_recording_start",rectangle,0,0,1269,950,,,,"A017_2","Exp2_002","E1_SPATIAL_PROGRESSIVE",loading,,,,,1,TRUE,7400.000,7450.000,361.071136,361.121155,1920,1046,"ObjectSlot1-4",1,1,"video_relative_to_screen_recording_start",36.078785,324992.344,325042.344,1,36.078785,"1781266396475","../../../../../../Project/UE5/Gallery/Saved/ScreenRecordings/A017_2_20260612_201316_screen.mkv",324992.344,325042.344,325017.344,"1781266721466","1781266721516","2026-06-12T20:18:41.466+08:00","2026-06-12T20:18:41.516+08:00",353.671143,EXP2,"exp2_table",3,2,"1:4|2:3|3:1|4:2"
"exp2_target_object","实验二当前目标模型_脖子","Exp2_002_exp2_target_object_0298","video_relative_to_recording_start",rectangle,5,77,583,562,,,,"A017_2","Exp2_002","E1_SPATIAL_PROGRESSIVE",loading,,,,,1,TRUE,7400.000,7450.000,361.071136,361.121155,1920,1046,"ObjectSlot2",1,0,"video_relative_to_screen_recording_start",36.078785,324992.344,325042.344,1,36.078785,"1781266396475","../../../../../../Project/UE5/Gallery/Saved/ScreenRecordings/A017_2_20260612_201316_screen.mkv",324992.344,325042.344,325017.344,"1781266721466","1781266721516","2026-06-12T20:18:41.466+08:00","2026-06-12T20:18:41.516+08:00",353.671143,EXP2,"exp2_target",3,2,"1:4|2:3|3:1|4:2"
"exp2_table_objects","实验二桌面四模型总体区域","Exp2_002_exp2_table_objects_0299","video_relative_to_recording_start",rectangle,0,0,1372,959,,,,"A017_2","Exp2_002","E1_SPATIAL_PROGRESSIVE",loading,,,,,1,TRUE,7450.000,7500.000,361.121155,361.171143,1920,1046,"ObjectSlot1-4",1,1,"video_relative_to_screen_recording_start",36.078785,325042.344,325092.344,1,36.078785,"1781266396475","../../../../../../Project/UE5/Gallery/Saved/ScreenRecordings/A017_2_20260612_201316_screen.mkv",325042.344,325092.344,325067.344,"1781266721516","1781266721566","2026-06-12T20:18:41.516+08:00","2026-06-12T20:18:41.566+08:00",353.671143,EXP2,"exp2_table",3,2,"1:4|2:3|3:1|4:2"
"exp2_target_object","实验二当前目标模型_脖子","Exp2_002_exp2_target_object_0300","video_relative_to_recording_start",rectangle,88,85,642,567,,,,"A017_2","Exp2_002","E1_SPATIAL_PROGRESSIVE",loading,,,,,1,TRUE,7450.000,7500.000,361.121155,361.171143,1920,1046,"ObjectSlot2",1,0,"video_relative_to_screen_recording_start",36.078785,325042.344,325092.344,1,36.078785,"1781266396475","../../../../../../Project/UE5/Gallery/Saved/ScreenRecordings/A017_2_20260612_201316_screen.mkv",325042.344,325092.344,325067.344,"1781266721516","1781266721566","2026-06-12T20:18:41.516+08:00","2026-06-12T20:18:41.566+08:00",353.671143,EXP2,"exp2_target",3,2,"1:4|2:3|3:1|4:2"
"exp2_table_objects","实验二桌面四模型总体区域","Exp2_002_exp2_table_objects_0301","video_relative_to_recording_start",rectangle,0,0,1631,971,,,,"A017_2","Exp2_002","E1_SPATIAL_PROGRESSIVE",loading,,,,,1,TRUE,7500.000,7550.000,361.171143,361.221130,1920,1046,"ObjectSlot1-4",1,1,"video_relative_to_screen_recording_start",36.078785,325092.344,325142.344,1,36.078785,"1781266396475","../../../../../../Project/UE5/Gallery/Saved/ScreenRecordings/A017_2_20260612_201316_screen.mkv",325092.344,325142.344,325117.344,"1781266721566","1781266721616","2026-06-12T20:18:41.566+08:00","2026-06-12T20:18:41.616+08:00",353.671143,EXP2,"exp2_table",3,2,"1:4|2:3|3:1|4:2"
"exp2_target_object","实验二当前目标模型_脖子","Exp2_002_exp2_target_object_0302","video_relative_to_recording_start",rectangle,186,96,716,577,,,,"A017_2","Exp2_002","E1_SPATIAL_PROGRESSIVE",loading,,,,,1,TRUE,7500.000,7550.000,361.171143,361.221130,1920,1046,"ObjectSlot2",1,0,"video_relative_to_screen_recording_start",36.078785,325092.344,325142.344,1,36.078785,"1781266396475","../../../../../../Project/UE5/Gallery/Saved/ScreenRecordings/A017_2_20260612_201316_screen.mkv",325092.344,325142.344,325117.344,"1781266721566","1781266721616","2026-06-12T20:18:41.566+08:00","2026-06-12T20:18:41.616+08:00",353.671143,EXP2,"exp2_target",3,2,"1:4|2:3|3:1|4:2"
"exp2_table_objects","实验二桌面四模型总体区域","Exp2_002_exp2_table_objects_0303","video_relative_to_recording_start",rectangle,0,0,1662,977,,,,"A017_2","Exp2_002","E1_SPATIAL_PROGRESSIVE",loading,,,,,1,TRUE,7550.000,7600.000,361.221130,361.271149,1920,1046,"ObjectSlot1-4",1,1,"video_relative_to_screen_recording_start",36.078785,325142.344,325192.344,1,36.078785,"1781266396475","../../../../../../Project/UE5/Gallery/Saved/ScreenRecordings/A017_2_20260612_201316_screen.mkv",325142.344,325192.344,325167.344,"1781266721616","1781266721666","2026-06-12T20:18:41.616+08:00","2026-06-12T20:18:41.666+08:00",353.671143,EXP2,"exp2_table",3,2,"1:4|2:3|3:1|4:2"
"exp2_target_object","实验二当前目标模型_脖子","Exp2_002_exp2_target_object_0304","video_relative_to_recording_start",rectangle,166,114,703,600,,,,"A017_2","Exp2_002","E1_SPATIAL_PROGRESSIVE",loading,,,,,1,TRUE,7550.000,7600.000,361.221130,361.271149,1920,1046,"ObjectSlot2",1,0,"video_relative_to_screen_recording_start",36.078785,325142.344,325192.344,1,36.078785,"1781266396475","../../../../../../Project/UE5/Gallery/Saved/ScreenRecordings/A017_2_20260612_201316_screen.mkv",325142.344,325192.344,325167.344,"1781266721616","1781266721666","2026-06-12T20:18:41.616+08:00","2026-06-12T20:18:41.666+08:00",353.671143,EXP2,"exp2_target",3,2,"1:4|2:3|3:1|4:2"
"exp2_table_objects","实验二桌面四模型总体区域","Exp2_002_exp2_table_objects_0305","video_relative_to_recording_start",rectangle,0,0,1595,980,,,,"A017_2","Exp2_002","E1_SPATIAL_PROGRESSIVE",loading,,,,,1,TRUE,7600.000,7650.000,361.271149,361.321136,1920,1046,"ObjectSlot1-4",1,1,"video_relative_to_screen_recording_start",36.078785,325192.344,325242.344,1,36.078785,"1781266396475","../../../../../../Project/UE5/Gallery/Saved/ScreenRecordings/A017_2_20260612_201316_screen.mkv",325192.344,325242.344,325217.344,"1781266721666","1781266721716","2026-06-12T20:18:41.666+08:00","2026-06-12T20:18:41.716+08:00",353.671143,EXP2,"exp2_table",3,2,"1:4|2:3|3:1|4:2"
"exp2_target_object","实验二当前目标模型_脖子","Exp2_002_exp2_target_object_0306","video_relative_to_recording_start",rectangle,97,129,656,621,,,,"A017_2","Exp2_002","E1_SPATIAL_PROGRESSIVE",loading,,,,,1,TRUE,7600.000,7650.000,361.271149,361.321136,1920,1046,"ObjectSlot2",1,0,"video_relative_to_screen_recording_start",36.078785,325192.344,325242.344,1,36.078785,"1781266396475","../../../../../../Project/UE5/Gallery/Saved/ScreenRecordings/A017_2_20260612_201316_screen.mkv",325192.344,325242.344,325217.344,"1781266721666","1781266721716","2026-06-12T20:18:41.666+08:00","2026-06-12T20:18:41.716+08:00",353.671143,EXP2,"exp2_target",3,2,"1:4|2:3|3:1|4:2"
"exp2_table_objects","实验二桌面四模型总体区域","Exp2_002_exp2_table_objects_0307","video_relative_to_recording_start",rectangle,0,11,1560,989,,,,"A017_2","Exp2_002","E1_SPATIAL_PROGRESSIVE",loading,,,,,1,TRUE,7650.000,7700.000,361.321136,361.371155,1920,1046,"ObjectSlot1-4",1,1,"video_relative_to_screen_recording_start",36.078785,325242.344,325292.344,1,36.078785,"1781266396475","../../../../../../Project/UE5/Gallery/Saved/ScreenRecordings/A017_2_20260612_201316_screen.mkv",325242.344,325292.344,325267.344,"1781266721716","1781266721766","2026-06-12T20:18:41.716+08:00","2026-06-12T20:18:41.766+08:00",353.671143,EXP2,"exp2_table",3,2,"1:4|2:3|3:1|4:2"
"exp2_target_object","实验二当前目标模型_脖子","Exp2_002_exp2_target_object_0308","video_relative_to_recording_start",rectangle,51,139,626,638,,,,"A017_2","Exp2_002","E1_SPATIAL_PROGRESSIVE",loading,,,,,1,TRUE,7650.000,7700.000,361.321136,361.371155,1920,1046,"ObjectSlot2",1,0,"video_relative_to_screen_recording_start",36.078785,325242.344,325292.344,1,36.078785,"1781266396475","../../../../../../Project/UE5/Gallery/Saved/ScreenRecordings/A017_2_20260612_201316_screen.mkv",325242.344,325292.344,325267.344,"1781266721716","1781266721766","2026-06-12T20:18:41.716+08:00","2026-06-12T20:18:41.766+08:00",353.671143,EXP2,"exp2_target",3,2,"1:4|2:3|3:1|4:2"
"exp2_table_objects","实验二桌面四模型总体区域","Exp2_002_exp2_table_objects_0309","video_relative_to_recording_start",rectangle,0,1,1584,1031,,,,"A017_2","Exp2_002","E1_SPATIAL_PROGRESSIVE",loading,,,,,1,TRUE,7700.000,7750.000,361.371155,361.421143,1920,1046,"ObjectSlot1-4",1,1,"video_relative_to_screen_recording_start",36.078785,325292.344,325342.344,1,36.078785,"1781266396475","../../../../../../Project/UE5/Gallery/Saved/ScreenRecordings/A017_2_20260612_201316_screen.mkv",325292.344,325342.344,325317.344,"1781266721766","1781266721816","2026-06-12T20:18:41.766+08:00","2026-06-12T20:18:41.816+08:00",353.671143,EXP2,"exp2_table",3,2,"1:4|2:3|3:1|4:2"
"exp2_target_object","实验二当前目标模型_脖子","Exp2_002_exp2_target_object_0310","video_relative_to_recording_start",rectangle,5,140,607,655,,,,"A017_2","Exp2_002","E1_SPATIAL_PROGRESSIVE",loading,,,,,1,TRUE,7700.000,7750.000,361.371155,361.421143,1920,1046,"ObjectSlot2",1,0,"video_relative_to_screen_recording_start",36.078785,325292.344,325342.344,1,36.078785,"1781266396475","../../../../../../Project/UE5/Gallery/Saved/ScreenRecordings/A017_2_20260612_201316_screen.mkv",325292.344,325342.344,325317.344,"1781266721766","1781266721816","2026-06-12T20:18:41.766+08:00","2026-06-12T20:18:41.816+08:00",353.671143,EXP2,"exp2_target",3,2,"1:4|2:3|3:1|4:2"
"exp2_table_objects","实验二桌面四模型总体区域","Exp2_002_exp2_table_objects_0311","video_relative_to_recording_start",rectangle,0,1,1584,1031,,,,"A017_2","Exp2_002","E1_SPATIAL_PROGRESSIVE",loading,,,,,1,TRUE,7750.000,7800.000,361.421143,361.471130,1920,1046,"ObjectSlot1-4",1,1,"video_relative_to_screen_recording_start",36.078785,325342.344,325392.344,1,36.078785,"1781266396475","../../../../../../Project/UE5/Gallery/Saved/ScreenRecordings/A017_2_20260612_201316_screen.mkv",325342.344,325392.344,325367.344,"1781266721816","1781266721866","2026-06-12T20:18:41.816+08:00","2026-06-12T20:18:41.866+08:00",353.671143,EXP2,"exp2_table",3,2,"1:4|2:3|3:1|4:2"
"exp2_target_object","实验二当前目标模型_脖子","Exp2_002_exp2_target_object_0312","video_relative_to_recording_start",rectangle,5,140,607,655,,,,"A017_2","Exp2_002","E1_SPATIAL_PROGRESSIVE",loading,,,,,1,TRUE,7750.000,7800.000,361.421143,361.471130,1920,1046,"ObjectSlot2",1,0,"video_relative_to_screen_recording_start",36.078785,325342.344,325392.344,1,36.078785,"1781266396475","../../../../../../Project/UE5/Gallery/Saved/ScreenRecordings/A017_2_20260612_201316_screen.mkv",325342.344,325392.344,325367.344,"1781266721816","1781266721866","2026-06-12T20:18:41.816+08:00","2026-06-12T20:18:41.866+08:00",353.671143,EXP2,"exp2_target",3,2,"1:4|2:3|3:1|4:2"
"exp2_table_objects","实验二桌面四模型总体区域","Exp2_002_exp2_table_objects_0313","video_relative_to_recording_start",rectangle,0,0,1697,1045,,,,"A017_2","Exp2_002","E1_SPATIAL_PROGRESSIVE",loading,,,,,1,TRUE,7800.000,7850.000,361.471130,361.521149,1920,1046,"ObjectSlot1-4",1,1,"video_relative_to_screen_recording_start",36.078785,325392.344,325442.344,1,36.078785,"1781266396475","../../../../../../Project/UE5/Gallery/Saved/ScreenRecordings/A017_2_20260612_201316_screen.mkv",325392.344,325442.344,325417.344,"1781266721866","1781266721916","2026-06-12T20:18:41.866+08:00","2026-06-12T20:18:41.916+08:00",353.671143,EXP2,"exp2_table",3,2,"1:4|2:3|3:1|4:2"
"exp2_target_object","实验二当前目标模型_脖子","Exp2_002_exp2_target_object_0314","video_relative_to_recording_start",rectangle,0,130,589,681,,,,"A017_2","Exp2_002","E1_SPATIAL_PROGRESSIVE",loading,,,,,1,TRUE,7800.000,7850.000,361.471130,361.521149,1920,1046,"ObjectSlot2",1,1,"video_relative_to_screen_recording_start",36.078785,325392.344,325442.344,1,36.078785,"1781266396475","../../../../../../Project/UE5/Gallery/Saved/ScreenRecordings/A017_2_20260612_201316_screen.mkv",325392.344,325442.344,325417.344,"1781266721866","1781266721916","2026-06-12T20:18:41.866+08:00","2026-06-12T20:18:41.916+08:00",353.671143,EXP2,"exp2_target",3,2,"1:4|2:3|3:1|4:2"
"exp2_table_objects","实验二桌面四模型总体区域","Exp2_002_exp2_table_objects_0315","video_relative_to_recording_start",rectangle,0,0,1866,1045,,,,"A017_2","Exp2_002","E1_SPATIAL_PROGRESSIVE",loading,,,,,1,TRUE,7850.000,7900.000,361.521149,361.571136,1920,1046,"ObjectSlot1-4",1,1,"video_relative_to_screen_recording_start",36.078785,325442.344,325492.344,1,36.078785,"1781266396475","../../../../../../Project/UE5/Gallery/Saved/ScreenRecordings/A017_2_20260612_201316_screen.mkv",325442.344,325492.344,325467.344,"1781266721916","1781266721966","2026-06-12T20:18:41.916+08:00","2026-06-12T20:18:41.966+08:00",353.671143,EXP2,"exp2_table",3,2,"1:4|2:3|3:1|4:2"
"exp2_target_object","实验二当前目标模型_脖子","Exp2_002_exp2_target_object_0316","video_relative_to_recording_start",rectangle,0,122,594,700,,,,"A017_2","Exp2_002","E1_SPATIAL_PROGRESSIVE",loading,,,,,1,TRUE,7850.000,7900.000,361.521149,361.571136,1920,1046,"ObjectSlot2",1,1,"video_relative_to_screen_recording_start",36.078785,325442.344,325492.344,1,36.078785,"1781266396475","../../../../../../Project/UE5/Gallery/Saved/ScreenRecordings/A017_2_20260612_201316_screen.mkv",325442.344,325492.344,325467.344,"1781266721916","1781266721966","2026-06-12T20:18:41.916+08:00","2026-06-12T20:18:41.966+08:00",353.671143,EXP2,"exp2_target",3,2,"1:4|2:3|3:1|4:2"
"exp2_table_objects","实验二桌面四模型总体区域","Exp2_002_exp2_table_objects_0317","video_relative_to_recording_start",rectangle,0,0,1919,1045,,,,"A017_2","Exp2_002","E1_SPATIAL_PROGRESSIVE",loading,,,,,1,TRUE,7900.000,7950.000,361.571136,361.621155,1920,1046,"ObjectSlot1-4",1,1,"video_relative_to_screen_recording_start",36.078785,325492.344,325542.344,1,36.078785,"1781266396475","../../../../../../Project/UE5/Gallery/Saved/ScreenRecordings/A017_2_20260612_201316_screen.mkv",325492.344,325542.344,325517.344,"1781266721966","1781266722016","2026-06-12T20:18:41.966+08:00","2026-06-12T20:18:42.016+08:00",353.671143,EXP2,"exp2_table",3,2,"1:4|2:3|3:1|4:2"
"exp2_target_object","实验二当前目标模型_脖子","Exp2_002_exp2_target_object_0318","video_relative_to_recording_start",rectangle,0,120,638,706,,,,"A017_2","Exp2_002","E1_SPATIAL_PROGRESSIVE",loading,,,,,1,TRUE,7900.000,7950.000,361.571136,361.621155,1920,1046,"ObjectSlot2",1,1,"video_relative_to_screen_recording_start",36.078785,325492.344,325542.344,1,36.078785,"1781266396475","../../../../../../Project/UE5/Gallery/Saved/ScreenRecordings/A017_2_20260612_201316_screen.mkv",325492.344,325542.344,325517.344,"1781266721966","1781266722016","2026-06-12T20:18:41.966+08:00","2026-06-12T20:18:42.016+08:00",353.671143,EXP2,"exp2_target",3,2,"1:4|2:3|3:1|4:2"
"exp2_table_objects","实验二桌面四模型总体区域","Exp2_002_exp2_table_objects_0319","video_relative_to_recording_start",rectangle,0,0,1919,1045,,,,"A017_2","Exp2_002","E1_SPATIAL_PROGRESSIVE",loading,,,,,1,TRUE,7950.000,8000.000,361.621155,361.671143,1920,1046,"ObjectSlot1-4",1,1,"video_relative_to_screen_recording_start",36.078785,325542.344,325592.344,1,36.078785,"1781266396475","../../../../../../Project/UE5/Gallery/Saved/ScreenRecordings/A017_2_20260612_201316_screen.mkv",325542.344,325592.344,325567.344,"1781266722016","1781266722066","2026-06-12T20:18:42.016+08:00","2026-06-12T20:18:42.066+08:00",353.671143,EXP2,"exp2_table",3,2,"1:4|2:3|3:1|4:2"
"exp2_target_object","实验二当前目标模型_脖子","Exp2_002_exp2_target_object_0320","video_relative_to_recording_start",rectangle,2,120,667,713,,,,"A017_2","Exp2_002","E1_SPATIAL_PROGRESSIVE",loading,,,,,1,TRUE,7950.000,8000.000,361.621155,361.671143,1920,1046,"ObjectSlot2",1,0,"video_relative_to_screen_recording_start",36.078785,325542.344,325592.344,1,36.078785,"1781266396475","../../../../../../Project/UE5/Gallery/Saved/ScreenRecordings/A017_2_20260612_201316_screen.mkv",325542.344,325592.344,325567.344,"1781266722016","1781266722066","2026-06-12T20:18:42.016+08:00","2026-06-12T20:18:42.066+08:00",353.671143,EXP2,"exp2_target",3,2,"1:4|2:3|3:1|4:2"
"exp2_table_objects","实验二桌面四模型总体区域","Exp2_002_exp2_table_objects_0321","video_relative_to_recording_start",rectangle,0,0,1919,1045,,,,"A017_2","Exp2_002","E1_SPATIAL_PROGRESSIVE",loading,,,,,1,TRUE,8000.000,8050.000,361.671143,361.721130,1920,1046,"ObjectSlot1-4",1,1,"video_relative_to_screen_recording_start",36.078785,325592.344,325642.344,1,36.078785,"1781266396475","../../../../../../Project/UE5/Gallery/Saved/ScreenRecordings/A017_2_20260612_201316_screen.mkv",325592.344,325642.344,325617.344,"1781266722066","1781266722116","2026-06-12T20:18:42.066+08:00","2026-06-12T20:18:42.116+08:00",353.671143,EXP2,"exp2_table",3,2,"1:4|2:3|3:1|4:2"
"exp2_target_object","实验二当前目标模型_脖子","Exp2_002_exp2_target_object_0322","video_relative_to_recording_start",rectangle,0,122,642,720,,,,"A017_2","Exp2_002","E1_SPATIAL_PROGRESSIVE",loading,,,,,1,TRUE,8000.000,8050.000,361.671143,361.721130,1920,1046,"ObjectSlot2",1,1,"video_relative_to_screen_recording_start",36.078785,325592.344,325642.344,1,36.078785,"1781266396475","../../../../../../Project/UE5/Gallery/Saved/ScreenRecordings/A017_2_20260612_201316_screen.mkv",325592.344,325642.344,325617.344,"1781266722066","1781266722116","2026-06-12T20:18:42.066+08:00","2026-06-12T20:18:42.116+08:00",353.671143,EXP2,"exp2_target",3,2,"1:4|2:3|3:1|4:2"
"exp2_table_objects","实验二桌面四模型总体区域","Exp2_002_exp2_table_objects_0323","video_relative_to_recording_start",rectangle,0,0,1919,1045,,,,"A017_2","Exp2_002","E1_SPATIAL_PROGRESSIVE",loading,,,,,1,TRUE,8050.000,8100.000,361.721130,361.771149,1920,1046,"ObjectSlot1-4",1,1,"video_relative_to_screen_recording_start",36.078785,325642.344,325692.344,1,36.078785,"1781266396475","../../../../../../Project/UE5/Gallery/Saved/ScreenRecordings/A017_2_20260612_201316_screen.mkv",325642.344,325692.344,325667.344,"1781266722116","1781266722166","2026-06-12T20:18:42.116+08:00","2026-06-12T20:18:42.166+08:00",353.671143,EXP2,"exp2_table",3,2,"1:4|2:3|3:1|4:2"
"exp2_target_object","实验二当前目标模型_脖子","Exp2_002_exp2_target_object_0324","video_relative_to_recording_start",rectangle,0,112,588,726,,,,"A017_2","Exp2_002","E1_SPATIAL_PROGRESSIVE",loading,,,,,1,TRUE,8050.000,8100.000,361.721130,361.771149,1920,1046,"ObjectSlot2",1,1,"video_relative_to_screen_recording_start",36.078785,325642.344,325692.344,1,36.078785,"1781266396475","../../../../../../Project/UE5/Gallery/Saved/ScreenRecordings/A017_2_20260612_201316_screen.mkv",325642.344,325692.344,325667.344,"1781266722116","1781266722166","2026-06-12T20:18:42.116+08:00","2026-06-12T20:18:42.166+08:00",353.671143,EXP2,"exp2_target",3,2,"1:4|2:3|3:1|4:2"
"exp2_table_objects","实验二桌面四模型总体区域","Exp2_002_exp2_table_objects_0325","video_relative_to_recording_start",rectangle,0,0,1919,1045,,,,"A017_2","Exp2_002","E1_SPATIAL_PROGRESSIVE",loading,,,,,1,TRUE,8100.000,8150.000,361.771149,361.821136,1920,1046,"ObjectSlot1-4",1,1,"video_relative_to_screen_recording_start",36.078785,325692.344,325742.344,1,36.078785,"1781266396475","../../../../../../Project/UE5/Gallery/Saved/ScreenRecordings/A017_2_20260612_201316_screen.mkv",325692.344,325742.344,325717.344,"1781266722166","1781266722216","2026-06-12T20:18:42.166+08:00","2026-06-12T20:18:42.216+08:00",353.671143,EXP2,"exp2_table",3,2,"1:4|2:3|3:1|4:2"
"exp2_target_object","实验二当前目标模型_脖子","Exp2_002_exp2_target_object_0326","video_relative_to_recording_start",rectangle,0,98,558,722,,,,"A017_2","Exp2_002","E1_SPATIAL_PROGRESSIVE",loading,,,,,1,TRUE,8100.000,8150.000,361.771149,361.821136,1920,1046,"ObjectSlot2",1,1,"video_relative_to_screen_recording_start",36.078785,325692.344,325742.344,1,36.078785,"1781266396475","../../../../../../Project/UE5/Gallery/Saved/ScreenRecordings/A017_2_20260612_201316_screen.mkv",325692.344,325742.344,325717.344,"1781266722166","1781266722216","2026-06-12T20:18:42.166+08:00","2026-06-12T20:18:42.216+08:00",353.671143,EXP2,"exp2_target",3,2,"1:4|2:3|3:1|4:2"
"exp2_table_objects","实验二桌面四模型总体区域","Exp2_002_exp2_table_objects_0327","video_relative_to_recording_start",rectangle,0,0,1919,1045,,,,"A017_2","Exp2_002","E1_SPATIAL_PROGRESSIVE",loading,,,,,1,TRUE,8150.000,8200.000,361.821136,361.871155,1920,1046,"ObjectSlot1-4",1,1,"video_relative_to_screen_recording_start",36.078785,325742.344,325792.344,1,36.078785,"1781266396475","../../../../../../Project/UE5/Gallery/Saved/ScreenRecordings/A017_2_20260612_201316_screen.mkv",325742.344,325792.344,325767.344,"1781266722216","1781266722266","2026-06-12T20:18:42.216+08:00","2026-06-12T20:18:42.266+08:00",353.671143,EXP2,"exp2_table",3,2,"1:4|2:3|3:1|4:2"
"exp2_target_object","实验二当前目标模型_脖子","Exp2_002_exp2_target_object_0328","video_relative_to_recording_start",rectangle,0,92,551,719,,,,"A017_2","Exp2_002","E1_SPATIAL_PROGRESSIVE",loading,,,,,1,TRUE,8150.000,8200.000,361.821136,361.871155,1920,1046,"ObjectSlot2",1,1,"video_relative_to_screen_recording_start",36.078785,325742.344,325792.344,1,36.078785,"1781266396475","../../../../../../Project/UE5/Gallery/Saved/ScreenRecordings/A017_2_20260612_201316_screen.mkv",325742.344,325792.344,325767.344,"1781266722216","1781266722266","2026-06-12T20:18:42.216+08:00","2026-06-12T20:18:42.266+08:00",353.671143,EXP2,"exp2_target",3,2,"1:4|2:3|3:1|4:2"
"exp2_table_objects","实验二桌面四模型总体区域","Exp2_002_exp2_table_objects_0329","video_relative_to_recording_start",rectangle,0,0,1919,1045,,,,"A017_2","Exp2_002","E1_SPATIAL_PROGRESSIVE",loading,,,,,1,TRUE,8200.000,8250.000,361.871155,361.921143,1920,1046,"ObjectSlot1-4",1,1,"video_relative_to_screen_recording_start",36.078785,325792.344,325842.344,1,36.078785,"1781266396475","../../../../../../Project/UE5/Gallery/Saved/ScreenRecordings/A017_2_20260612_201316_screen.mkv",325792.344,325842.344,325817.344,"1781266722266","1781266722316","2026-06-12T20:18:42.266+08:00","2026-06-12T20:18:42.316+08:00",353.671143,EXP2,"exp2_table",3,2,"1:4|2:3|3:1|4:2"
"exp2_target_object","实验二当前目标模型_脖子","Exp2_002_exp2_target_object_0330","video_relative_to_recording_start",rectangle,0,92,551,719,,,,"A017_2","Exp2_002","E1_SPATIAL_PROGRESSIVE",loading,,,,,1,TRUE,8200.000,8250.000,361.871155,361.921143,1920,1046,"ObjectSlot2",1,1,"video_relative_to_screen_recording_start",36.078785,325792.344,325842.344,1,36.078785,"1781266396475","../../../../../../Project/UE5/Gallery/Saved/ScreenRecordings/A017_2_20260612_201316_screen.mkv",325792.344,325842.344,325817.344,"1781266722266","1781266722316","2026-06-12T20:18:42.266+08:00","2026-06-12T20:18:42.316+08:00",353.671143,EXP2,"exp2_target",3,2,"1:4|2:3|3:1|4:2"
"exp2_table_objects","实验二桌面四模型总体区域","Exp2_002_exp2_table_objects_0331","video_relative_to_recording_start",rectangle,0,0,1919,1045,,,,"A017_2","Exp2_002","E1_SPATIAL_PROGRESSIVE",loading,,,,,1,TRUE,8250.000,8300.000,361.921143,361.971130,1920,1046,"ObjectSlot1-4",1,1,"video_relative_to_screen_recording_start",36.078785,325842.344,325892.344,1,36.078785,"1781266396475","../../../../../../Project/UE5/Gallery/Saved/ScreenRecordings/A017_2_20260612_201316_screen.mkv",325842.344,325892.344,325867.344,"1781266722316","1781266722366","2026-06-12T20:18:42.316+08:00","2026-06-12T20:18:42.366+08:00",353.671143,EXP2,"exp2_table",3,2,"1:4|2:3|3:1|4:2"
"exp2_target_object","实验二当前目标模型_脖子","Exp2_002_exp2_target_object_0332","video_relative_to_recording_start",rectangle,0,91,549,718,,,,"A017_2","Exp2_002","E1_SPATIAL_PROGRESSIVE",loading,,,,,1,TRUE,8250.000,8300.000,361.921143,361.971130,1920,1046,"ObjectSlot2",1,1,"video_relative_to_screen_recording_start",36.078785,325842.344,325892.344,1,36.078785,"1781266396475","../../../../../../Project/UE5/Gallery/Saved/ScreenRecordings/A017_2_20260612_201316_screen.mkv",325842.344,325892.344,325867.344,"1781266722316","1781266722366","2026-06-12T20:18:42.316+08:00","2026-06-12T20:18:42.366+08:00",353.671143,EXP2,"exp2_target",3,2,"1:4|2:3|3:1|4:2"
"exp2_table_objects","实验二桌面四模型总体区域","Exp2_002_exp2_table_objects_0333","video_relative_to_recording_start",rectangle,0,0,1919,1045,,,,"A017_2","Exp2_002","E1_SPATIAL_PROGRESSIVE",loading,,,,,1,TRUE,8300.000,8350.000,361.971130,362.021149,1920,1046,"ObjectSlot1-4",1,1,"video_relative_to_screen_recording_start",36.078785,325892.344,325942.344,1,36.078785,"1781266396475","../../../../../../Project/UE5/Gallery/Saved/ScreenRecordings/A017_2_20260612_201316_screen.mkv",325892.344,325942.344,325917.344,"1781266722366","1781266722416","2026-06-12T20:18:42.366+08:00","2026-06-12T20:18:42.416+08:00",353.671143,EXP2,"exp2_table",3,2,"1:4|2:3|3:1|4:2"
"exp2_target_object","实验二当前目标模型_脖子","Exp2_002_exp2_target_object_0334","video_relative_to_recording_start",rectangle,0,91,549,718,,,,"A017_2","Exp2_002","E1_SPATIAL_PROGRESSIVE",loading,,,,,1,TRUE,8300.000,8350.000,361.971130,362.021149,1920,1046,"ObjectSlot2",1,1,"video_relative_to_screen_recording_start",36.078785,325892.344,325942.344,1,36.078785,"1781266396475","../../../../../../Project/UE5/Gallery/Saved/ScreenRecordings/A017_2_20260612_201316_screen.mkv",325892.344,325942.344,325917.344,"1781266722366","1781266722416","2026-06-12T20:18:42.366+08:00","2026-06-12T20:18:42.416+08:00",353.671143,EXP2,"exp2_target",3,2,"1:4|2:3|3:1|4:2"
"exp2_table_objects","实验二桌面四模型总体区域","Exp2_002_exp2_table_objects_0335","video_relative_to_recording_start",rectangle,0,0,1919,1045,,,,"A017_2","Exp2_002","E1_SPATIAL_PROGRESSIVE",loading,,,,,1,TRUE,8350.000,8400.000,362.021149,362.071136,1920,1046,"ObjectSlot1-4",1,1,"video_relative_to_screen_recording_start",36.078785,325942.344,325992.344,1,36.078785,"1781266396475","../../../../../../Project/UE5/Gallery/Saved/ScreenRecordings/A017_2_20260612_201316_screen.mkv",325942.344,325992.344,325967.344,"1781266722416","1781266722466","2026-06-12T20:18:42.416+08:00","2026-06-12T20:18:42.466+08:00",353.671143,EXP2,"exp2_table",3,2,"1:4|2:3|3:1|4:2"
"exp2_target_object","实验二当前目标模型_脖子","Exp2_002_exp2_target_object_0336","video_relative_to_recording_start",rectangle,0,91,549,718,,,,"A017_2","Exp2_002","E1_SPATIAL_PROGRESSIVE",loading,,,,,1,TRUE,8350.000,8400.000,362.021149,362.071136,1920,1046,"ObjectSlot2",1,1,"video_relative_to_screen_recording_start",36.078785,325942.344,325992.344,1,36.078785,"1781266396475","../../../../../../Project/UE5/Gallery/Saved/ScreenRecordings/A017_2_20260612_201316_screen.mkv",325942.344,325992.344,325967.344,"1781266722416","1781266722466","2026-06-12T20:18:42.416+08:00","2026-06-12T20:18:42.466+08:00",353.671143,EXP2,"exp2_target",3,2,"1:4|2:3|3:1|4:2"
"exp2_table_objects","实验二桌面四模型总体区域","Exp2_002_exp2_table_objects_0337","video_relative_to_recording_start",rectangle,0,0,1919,1045,,,,"A017_2","Exp2_002","E1_SPATIAL_PROGRESSIVE",loading,,,,,1,TRUE,8400.000,8450.000,362.071136,362.121155,1920,1046,"ObjectSlot1-4",1,1,"video_relative_to_screen_recording_start",36.078785,325992.344,326042.344,1,36.078785,"1781266396475","../../../../../../Project/UE5/Gallery/Saved/ScreenRecordings/A017_2_20260612_201316_screen.mkv",325992.344,326042.344,326017.344,"1781266722466","1781266722516","2026-06-12T20:18:42.466+08:00","2026-06-12T20:18:42.516+08:00",353.671143,EXP2,"exp2_table",3,2,"1:4|2:3|3:1|4:2"
"exp2_target_object","实验二当前目标模型_脖子","Exp2_002_exp2_target_object_0338","video_relative_to_recording_start",rectangle,0,91,549,718,,,,"A017_2","Exp2_002","E1_SPATIAL_PROGRESSIVE",loading,,,,,1,TRUE,8400.000,8450.000,362.071136,362.121155,1920,1046,"ObjectSlot2",1,1,"video_relative_to_screen_recording_start",36.078785,325992.344,326042.344,1,36.078785,"1781266396475","../../../../../../Project/UE5/Gallery/Saved/ScreenRecordings/A017_2_20260612_201316_screen.mkv",325992.344,326042.344,326017.344,"1781266722466","1781266722516","2026-06-12T20:18:42.466+08:00","2026-06-12T20:18:42.516+08:00",353.671143,EXP2,"exp2_target",3,2,"1:4|2:3|3:1|4:2"
"exp2_table_objects","实验二桌面四模型总体区域","Exp2_002_exp2_table_objects_0339","video_relative_to_recording_start",rectangle,0,0,1919,1045,,,,"A017_2","Exp2_002","E1_SPATIAL_PROGRESSIVE",loading,,,,,1,TRUE,8450.000,8500.000,362.121155,362.171143,1920,1046,"ObjectSlot1-4",1,1,"video_relative_to_screen_recording_start",36.078785,326042.344,326092.344,1,36.078785,"1781266396475","../../../../../../Project/UE5/Gallery/Saved/ScreenRecordings/A017_2_20260612_201316_screen.mkv",326042.344,326092.344,326067.344,"1781266722516","1781266722566","2026-06-12T20:18:42.516+08:00","2026-06-12T20:18:42.566+08:00",353.671143,EXP2,"exp2_table",3,2,"1:4|2:3|3:1|4:2"
"exp2_target_object","实验二当前目标模型_脖子","Exp2_002_exp2_target_object_0340","video_relative_to_recording_start",rectangle,0,89,573,709,,,,"A017_2","Exp2_002","E1_SPATIAL_PROGRESSIVE",loading,,,,,1,TRUE,8450.000,8500.000,362.121155,362.171143,1920,1046,"ObjectSlot2",1,1,"video_relative_to_screen_recording_start",36.078785,326042.344,326092.344,1,36.078785,"1781266396475","../../../../../../Project/UE5/Gallery/Saved/ScreenRecordings/A017_2_20260612_201316_screen.mkv",326042.344,326092.344,326067.344,"1781266722516","1781266722566","2026-06-12T20:18:42.516+08:00","2026-06-12T20:18:42.566+08:00",353.671143,EXP2,"exp2_target",3,2,"1:4|2:3|3:1|4:2"
"exp2_table_objects","实验二桌面四模型总体区域","Exp2_002_exp2_table_objects_0341","video_relative_to_recording_start",rectangle,0,0,1919,1045,,,,"A017_2","Exp2_002","E1_SPATIAL_PROGRESSIVE",loading,,,,,1,TRUE,8500.000,8550.000,362.171143,362.221130,1920,1046,"ObjectSlot1-4",1,1,"video_relative_to_screen_recording_start",36.078785,326092.344,326142.344,1,36.078785,"1781266396475","../../../../../../Project/UE5/Gallery/Saved/ScreenRecordings/A017_2_20260612_201316_screen.mkv",326092.344,326142.344,326117.344,"1781266722566","1781266722616","2026-06-12T20:18:42.566+08:00","2026-06-12T20:18:42.616+08:00",353.671143,EXP2,"exp2_table",3,2,"1:4|2:3|3:1|4:2"
"exp2_target_object","实验二当前目标模型_脖子","Exp2_002_exp2_target_object_0342","video_relative_to_recording_start",rectangle,0,89,651,693,,,,"A017_2","Exp2_002","E1_SPATIAL_PROGRESSIVE",loading,,,,,1,TRUE,8500.000,8550.000,362.171143,362.221130,1920,1046,"ObjectSlot2",1,1,"video_relative_to_screen_recording_start",36.078785,326092.344,326142.344,1,36.078785,"1781266396475","../../../../../../Project/UE5/Gallery/Saved/ScreenRecordings/A017_2_20260612_201316_screen.mkv",326092.344,326142.344,326117.344,"1781266722566","1781266722616","2026-06-12T20:18:42.566+08:00","2026-06-12T20:18:42.616+08:00",353.671143,EXP2,"exp2_target",3,2,"1:4|2:3|3:1|4:2"
"exp2_table_objects","实验二桌面四模型总体区域","Exp2_002_exp2_table_objects_0343","video_relative_to_recording_start",rectangle,0,0,1919,1045,,,,"A017_2","Exp2_002","E1_SPATIAL_PROGRESSIVE",loading,,,,,1,TRUE,8550.000,8600.000,362.221130,362.271149,1920,1046,"ObjectSlot1-4",1,1,"video_relative_to_screen_recording_start",36.078785,326142.344,326192.344,1,36.078785,"1781266396475","../../../../../../Project/UE5/Gallery/Saved/ScreenRecordings/A017_2_20260612_201316_screen.mkv",326142.344,326192.344,326167.344,"1781266722616","1781266722666","2026-06-12T20:18:42.616+08:00","2026-06-12T20:18:42.666+08:00",353.671143,EXP2,"exp2_table",3,2,"1:4|2:3|3:1|4:2"
"exp2_target_object","实验二当前目标模型_脖子","Exp2_002_exp2_target_object_0344","video_relative_to_recording_start",rectangle,67,84,721,685,,,,"A017_2","Exp2_002","E1_SPATIAL_PROGRESSIVE",loading,,,,,1,TRUE,8550.000,8600.000,362.221130,362.271149,1920,1046,"ObjectSlot2",1,0,"video_relative_to_screen_recording_start",36.078785,326142.344,326192.344,1,36.078785,"1781266396475","../../../../../../Project/UE5/Gallery/Saved/ScreenRecordings/A017_2_20260612_201316_screen.mkv",326142.344,326192.344,326167.344,"1781266722616","1781266722666","2026-06-12T20:18:42.616+08:00","2026-06-12T20:18:42.666+08:00",353.671143,EXP2,"exp2_target",3,2,"1:4|2:3|3:1|4:2"
"exp2_table_objects","实验二桌面四模型总体区域","Exp2_002_exp2_table_objects_0345","video_relative_to_recording_start",rectangle,0,0,1919,1045,,,,"A017_2","Exp2_002","E1_SPATIAL_PROGRESSIVE",loading,,,,,1,TRUE,8600.000,8650.000,362.271149,362.321136,1920,1046,"ObjectSlot1-4",1,1,"video_relative_to_screen_recording_start",36.078785,326192.344,326242.344,1,36.078785,"1781266396475","../../../../../../Project/UE5/Gallery/Saved/ScreenRecordings/A017_2_20260612_201316_screen.mkv",326192.344,326242.344,326217.344,"1781266722666","1781266722716","2026-06-12T20:18:42.666+08:00","2026-06-12T20:18:42.716+08:00",353.671143,EXP2,"exp2_table",3,2,"1:4|2:3|3:1|4:2"
"exp2_target_object","实验二当前目标模型_脖子","Exp2_002_exp2_target_object_0346","video_relative_to_recording_start",rectangle,157,84,784,685,,,,"A017_2","Exp2_002","E1_SPATIAL_PROGRESSIVE",loading,,,,,1,TRUE,8600.000,8650.000,362.271149,362.321136,1920,1046,"ObjectSlot2",1,0,"video_relative_to_screen_recording_start",36.078785,326192.344,326242.344,1,36.078785,"1781266396475","../../../../../../Project/UE5/Gallery/Saved/ScreenRecordings/A017_2_20260612_201316_screen.mkv",326192.344,326242.344,326217.344,"1781266722666","1781266722716","2026-06-12T20:18:42.666+08:00","2026-06-12T20:18:42.716+08:00",353.671143,EXP2,"exp2_target",3,2,"1:4|2:3|3:1|4:2"
"exp2_table_objects","实验二桌面四模型总体区域","Exp2_002_exp2_table_objects_0347","video_relative_to_recording_start",rectangle,0,0,1919,1045,,,,"A017_2","Exp2_002","E1_SPATIAL_PROGRESSIVE",loading,,,,,1,TRUE,8650.000,8700.000,362.321136,362.371155,1920,1046,"ObjectSlot1-4",1,1,"video_relative_to_screen_recording_start",36.078785,326242.344,326292.344,1,36.078785,"1781266396475","../../../../../../Project/UE5/Gallery/Saved/ScreenRecordings/A017_2_20260612_201316_screen.mkv",326242.344,326292.344,326267.344,"1781266722716","1781266722766","2026-06-12T20:18:42.716+08:00","2026-06-12T20:18:42.766+08:00",353.671143,EXP2,"exp2_table",3,2,"1:4|2:3|3:1|4:2"
"exp2_target_object","实验二当前目标模型_脖子","Exp2_002_exp2_target_object_0348","video_relative_to_recording_start",rectangle,287,84,873,685,,,,"A017_2","Exp2_002","E1_SPATIAL_PROGRESSIVE",loading,,,,,1,TRUE,8650.000,8700.000,362.321136,362.371155,1920,1046,"ObjectSlot2",1,0,"video_relative_to_screen_recording_start",36.078785,326242.344,326292.344,1,36.078785,"1781266396475","../../../../../../Project/UE5/Gallery/Saved/ScreenRecordings/A017_2_20260612_201316_screen.mkv",326242.344,326292.344,326267.344,"1781266722716","1781266722766","2026-06-12T20:18:42.716+08:00","2026-06-12T20:18:42.766+08:00",353.671143,EXP2,"exp2_target",3,2,"1:4|2:3|3:1|4:2"
"exp2_table_objects","实验二桌面四模型总体区域","Exp2_002_exp2_table_objects_0349","video_relative_to_recording_start",rectangle,0,0,1919,1045,,,,"A017_2","Exp2_002","E1_SPATIAL_PROGRESSIVE",loading,,,,,1,TRUE,8700.000,8750.000,362.371155,362.421143,1920,1046,"ObjectSlot1-4",1,1,"video_relative_to_screen_recording_start",36.078785,326292.344,326342.344,1,36.078785,"1781266396475","../../../../../../Project/UE5/Gallery/Saved/ScreenRecordings/A017_2_20260612_201316_screen.mkv",326292.344,326342.344,326317.344,"1781266722766","1781266722816","2026-06-12T20:18:42.766+08:00","2026-06-12T20:18:42.816+08:00",353.671143,EXP2,"exp2_table",3,2,"1:4|2:3|3:1|4:2"
"exp2_target_object","实验二当前目标模型_脖子","Exp2_002_exp2_target_object_0350","video_relative_to_recording_start",rectangle,287,84,873,685,,,,"A017_2","Exp2_002","E1_SPATIAL_PROGRESSIVE",loading,,,,,1,TRUE,8700.000,8750.000,362.371155,362.421143,1920,1046,"ObjectSlot2",1,0,"video_relative_to_screen_recording_start",36.078785,326292.344,326342.344,1,36.078785,"1781266396475","../../../../../../Project/UE5/Gallery/Saved/ScreenRecordings/A017_2_20260612_201316_screen.mkv",326292.344,326342.344,326317.344,"1781266722766","1781266722816","2026-06-12T20:18:42.766+08:00","2026-06-12T20:18:42.816+08:00",353.671143,EXP2,"exp2_target",3,2,"1:4|2:3|3:1|4:2"
"exp2_table_objects","实验二桌面四模型总体区域","Exp2_002_exp2_table_objects_0351","video_relative_to_recording_start",rectangle,0,0,1919,1045,,,,"A017_2","Exp2_002","E1_SPATIAL_PROGRESSIVE",loading,,,,,1,TRUE,8750.000,8800.000,362.421143,362.471130,1920,1046,"ObjectSlot1-4",1,1,"video_relative_to_screen_recording_start",36.078785,326342.344,326392.344,1,36.078785,"1781266396475","../../../../../../Project/UE5/Gallery/Saved/ScreenRecordings/A017_2_20260612_201316_screen.mkv",326342.344,326392.344,326367.344,"1781266722816","1781266722866","2026-06-12T20:18:42.816+08:00","2026-06-12T20:18:42.866+08:00",353.671143,EXP2,"exp2_table",3,2,"1:4|2:3|3:1|4:2"
"exp2_target_object","实验二当前目标模型_脖子","Exp2_002_exp2_target_object_0352","video_relative_to_recording_start",rectangle,460,127,992,719,,,,"A017_2","Exp2_002","E1_SPATIAL_PROGRESSIVE",loading,,,,,1,TRUE,8750.000,8800.000,362.421143,362.471130,1920,1046,"ObjectSlot2",1,0,"video_relative_to_screen_recording_start",36.078785,326342.344,326392.344,1,36.078785,"1781266396475","../../../../../../Project/UE5/Gallery/Saved/ScreenRecordings/A017_2_20260612_201316_screen.mkv",326342.344,326392.344,326367.344,"1781266722816","1781266722866","2026-06-12T20:18:42.816+08:00","2026-06-12T20:18:42.866+08:00",353.671143,EXP2,"exp2_target",3,2,"1:4|2:3|3:1|4:2"
"exp2_table_objects","实验二桌面四模型总体区域","Exp2_002_exp2_table_objects_0353","video_relative_to_recording_start",rectangle,6,0,1919,1045,,,,"A017_2","Exp2_002","E1_SPATIAL_PROGRESSIVE",loading,,,,,1,TRUE,8800.000,8850.000,362.471130,362.521149,1920,1046,"ObjectSlot1-4",1,1,"video_relative_to_screen_recording_start",36.078785,326392.344,326442.344,1,36.078785,"1781266396475","../../../../../../Project/UE5/Gallery/Saved/ScreenRecordings/A017_2_20260612_201316_screen.mkv",326392.344,326442.344,326417.344,"1781266722866","1781266722916","2026-06-12T20:18:42.866+08:00","2026-06-12T20:18:42.916+08:00",353.671143,EXP2,"exp2_table",3,2,"1:4|2:3|3:1|4:2"
"exp2_target_object","实验二当前目标模型_脖子","Exp2_002_exp2_target_object_0354","video_relative_to_recording_start",rectangle,610,144,1101,733,,,,"A017_2","Exp2_002","E1_SPATIAL_PROGRESSIVE",loading,,,,,1,TRUE,8800.000,8850.000,362.471130,362.521149,1920,1046,"ObjectSlot2",1,0,"video_relative_to_screen_recording_start",36.078785,326392.344,326442.344,1,36.078785,"1781266396475","../../../../../../Project/UE5/Gallery/Saved/ScreenRecordings/A017_2_20260612_201316_screen.mkv",326392.344,326442.344,326417.344,"1781266722866","1781266722916","2026-06-12T20:18:42.866+08:00","2026-06-12T20:18:42.916+08:00",353.671143,EXP2,"exp2_target",3,2,"1:4|2:3|3:1|4:2"
"exp2_table_objects","实验二桌面四模型总体区域","Exp2_002_exp2_table_objects_0355","video_relative_to_recording_start",rectangle,214,0,1919,1045,,,,"A017_2","Exp2_002","E1_SPATIAL_PROGRESSIVE",loading,,,,,1,TRUE,8850.000,8900.000,362.521149,362.571136,1920,1046,"ObjectSlot1-4",1,1,"video_relative_to_screen_recording_start",36.078785,326442.344,326492.344,1,36.078785,"1781266396475","../../../../../../Project/UE5/Gallery/Saved/ScreenRecordings/A017_2_20260612_201316_screen.mkv",326442.344,326492.344,326467.344,"1781266722916","1781266722966","2026-06-12T20:18:42.916+08:00","2026-06-12T20:18:42.966+08:00",353.671143,EXP2,"exp2_table",3,2,"1:4|2:3|3:1|4:2"
"exp2_target_object","实验二当前目标模型_脖子","Exp2_002_exp2_target_object_0356","video_relative_to_recording_start",rectangle,775,131,1244,722,,,,"A017_2","Exp2_002","E1_SPATIAL_PROGRESSIVE",loading,,,,,1,TRUE,8850.000,8900.000,362.521149,362.571136,1920,1046,"ObjectSlot2",1,0,"video_relative_to_screen_recording_start",36.078785,326442.344,326492.344,1,36.078785,"1781266396475","../../../../../../Project/UE5/Gallery/Saved/ScreenRecordings/A017_2_20260612_201316_screen.mkv",326442.344,326492.344,326467.344,"1781266722916","1781266722966","2026-06-12T20:18:42.916+08:00","2026-06-12T20:18:42.966+08:00",353.671143,EXP2,"exp2_target",3,2,"1:4|2:3|3:1|4:2"
"exp2_table_objects","实验二桌面四模型总体区域","Exp2_002_exp2_table_objects_0357","video_relative_to_recording_start",rectangle,396,0,1919,1045,,,,"A017_2","Exp2_002","E1_SPATIAL_PROGRESSIVE",loading,,,,,1,TRUE,8900.000,8950.000,362.571136,362.621155,1920,1046,"ObjectSlot1-4",1,1,"video_relative_to_screen_recording_start",36.078785,326492.344,326542.344,1,36.078785,"1781266396475","../../../../../../Project/UE5/Gallery/Saved/ScreenRecordings/A017_2_20260612_201316_screen.mkv",326492.344,326542.344,326517.344,"1781266722966","1781266723016","2026-06-12T20:18:42.966+08:00","2026-06-12T20:18:43.016+08:00",353.671143,EXP2,"exp2_table",3,2,"1:4|2:3|3:1|4:2"
"exp2_target_object","实验二当前目标模型_脖子","Exp2_002_exp2_target_object_0358","video_relative_to_recording_start",rectangle,917,114,1394,701,,,,"A017_2","Exp2_002","E1_SPATIAL_PROGRESSIVE",loading,,,,,1,TRUE,8900.000,8950.000,362.571136,362.621155,1920,1046,"ObjectSlot2",1,0,"video_relative_to_screen_recording_start",36.078785,326492.344,326542.344,1,36.078785,"1781266396475","../../../../../../Project/UE5/Gallery/Saved/ScreenRecordings/A017_2_20260612_201316_screen.mkv",326492.344,326542.344,326517.344,"1781266722966","1781266723016","2026-06-12T20:18:42.966+08:00","2026-06-12T20:18:43.016+08:00",353.671143,EXP2,"exp2_target",3,2,"1:4|2:3|3:1|4:2"
"exp2_table_objects","实验二桌面四模型总体区域","Exp2_002_exp2_table_objects_0359","video_relative_to_recording_start",rectangle,538,18,1919,972,,,,"A017_2","Exp2_002","E1_SPATIAL_PROGRESSIVE",loading,,,,,1,TRUE,8950.000,9000.000,362.621155,362.671143,1920,1046,"ObjectSlot1-4",1,1,"video_relative_to_screen_recording_start",36.078785,326542.344,326592.344,1,36.078785,"1781266396475","../../../../../../Project/UE5/Gallery/Saved/ScreenRecordings/A017_2_20260612_201316_screen.mkv",326542.344,326592.344,326567.344,"1781266723016","1781266723066","2026-06-12T20:18:43.016+08:00","2026-06-12T20:18:43.066+08:00",353.671143,EXP2,"exp2_table",3,2,"1:4|2:3|3:1|4:2"
"exp2_target_object","实验二当前目标模型_脖子","Exp2_002_exp2_target_object_0360","video_relative_to_recording_start",rectangle,1003,121,1472,684,,,,"A017_2","Exp2_002","E1_SPATIAL_PROGRESSIVE",loading,,,,,1,TRUE,8950.000,9000.000,362.621155,362.671143,1920,1046,"ObjectSlot2",1,0,"video_relative_to_screen_recording_start",36.078785,326542.344,326592.344,1,36.078785,"1781266396475","../../../../../../Project/UE5/Gallery/Saved/ScreenRecordings/A017_2_20260612_201316_screen.mkv",326542.344,326592.344,326567.344,"1781266723016","1781266723066","2026-06-12T20:18:43.016+08:00","2026-06-12T20:18:43.066+08:00",353.671143,EXP2,"exp2_target",3,2,"1:4|2:3|3:1|4:2"
"exp2_table_objects","实验二桌面四模型总体区域","Exp2_002_exp2_table_objects_0361","video_relative_to_recording_start",rectangle,637,66,1919,858,,,,"A017_2","Exp2_002","E1_SPATIAL_PROGRESSIVE",loading,,,,,1,TRUE,9000.000,9050.000,362.671143,362.721130,1920,1046,"ObjectSlot1-4",1,1,"video_relative_to_screen_recording_start",36.078785,326592.344,326642.344,1,36.078785,"1781266396475","../../../../../../Project/UE5/Gallery/Saved/ScreenRecordings/A017_2_20260612_201316_screen.mkv",326592.344,326642.344,326617.344,"1781266723066","1781266723116","2026-06-12T20:18:43.066+08:00","2026-06-12T20:18:43.116+08:00",353.671143,EXP2,"exp2_table",3,2,"1:4|2:3|3:1|4:2"
"exp2_target_object","实验二当前目标模型_脖子","Exp2_002_exp2_target_object_0362","video_relative_to_recording_start",rectangle,1011,127,1491,669,,,,"A017_2","Exp2_002","E1_SPATIAL_PROGRESSIVE",loading,,,,,1,TRUE,9000.000,9050.000,362.671143,362.721130,1920,1046,"ObjectSlot2",1,0,"video_relative_to_screen_recording_start",36.078785,326592.344,326642.344,1,36.078785,"1781266396475","../../../../../../Project/UE5/Gallery/Saved/ScreenRecordings/A017_2_20260612_201316_screen.mkv",326592.344,326642.344,326617.344,"1781266723066","1781266723116","2026-06-12T20:18:43.066+08:00","2026-06-12T20:18:43.116+08:00",353.671143,EXP2,"exp2_target",3,2,"1:4|2:3|3:1|4:2"
"exp2_table_objects","实验二桌面四模型总体区域","Exp2_002_exp2_table_objects_0363","video_relative_to_recording_start",rectangle,597,70,1919,814,,,,"A017_2","Exp2_002","E1_SPATIAL_PROGRESSIVE",loading,,,,,1,TRUE,9050.000,9100.000,362.721130,362.771149,1920,1046,"ObjectSlot1-4",1,1,"video_relative_to_screen_recording_start",36.078785,326642.344,326692.344,1,36.078785,"1781266396475","../../../../../../Project/UE5/Gallery/Saved/ScreenRecordings/A017_2_20260612_201316_screen.mkv",326642.344,326692.344,326667.344,"1781266723116","1781266723166","2026-06-12T20:18:43.116+08:00","2026-06-12T20:18:43.166+08:00",353.671143,EXP2,"exp2_table",3,2,"1:4|2:3|3:1|4:2"
"exp2_target_object","实验二当前目标模型_脖子","Exp2_002_exp2_target_object_0364","video_relative_to_recording_start",rectangle,961,128,1428,666,,,,"A017_2","Exp2_002","E1_SPATIAL_PROGRESSIVE",loading,,,,,1,TRUE,9050.000,9100.000,362.721130,362.771149,1920,1046,"ObjectSlot2",1,0,"video_relative_to_screen_recording_start",36.078785,326642.344,326692.344,1,36.078785,"1781266396475","../../../../../../Project/UE5/Gallery/Saved/ScreenRecordings/A017_2_20260612_201316_screen.mkv",326642.344,326692.344,326667.344,"1781266723116","1781266723166","2026-06-12T20:18:43.116+08:00","2026-06-12T20:18:43.166+08:00",353.671143,EXP2,"exp2_target",3,2,"1:4|2:3|3:1|4:2"
"exp2_table_objects","实验二桌面四模型总体区域","Exp2_002_exp2_table_objects_0365","video_relative_to_recording_start",rectangle,597,70,1919,814,,,,"A017_2","Exp2_002","E1_SPATIAL_PROGRESSIVE",loading,,,,,1,TRUE,9100.000,9150.000,362.771149,362.821136,1920,1046,"ObjectSlot1-4",1,1,"video_relative_to_screen_recording_start",36.078785,326692.344,326742.344,1,36.078785,"1781266396475","../../../../../../Project/UE5/Gallery/Saved/ScreenRecordings/A017_2_20260612_201316_screen.mkv",326692.344,326742.344,326717.344,"1781266723166","1781266723216","2026-06-12T20:18:43.166+08:00","2026-06-12T20:18:43.216+08:00",353.671143,EXP2,"exp2_table",3,2,"1:4|2:3|3:1|4:2"
"exp2_target_object","实验二当前目标模型_脖子","Exp2_002_exp2_target_object_0366","video_relative_to_recording_start",rectangle,961,128,1428,666,,,,"A017_2","Exp2_002","E1_SPATIAL_PROGRESSIVE",loading,,,,,1,TRUE,9100.000,9150.000,362.771149,362.821136,1920,1046,"ObjectSlot2",1,0,"video_relative_to_screen_recording_start",36.078785,326692.344,326742.344,1,36.078785,"1781266396475","../../../../../../Project/UE5/Gallery/Saved/ScreenRecordings/A017_2_20260612_201316_screen.mkv",326692.344,326742.344,326717.344,"1781266723166","1781266723216","2026-06-12T20:18:43.166+08:00","2026-06-12T20:18:43.216+08:00",353.671143,EXP2,"exp2_target",3,2,"1:4|2:3|3:1|4:2"
"exp2_table_objects","实验二桌面四模型总体区域","Exp2_002_exp2_table_objects_0367","video_relative_to_recording_start",rectangle,543,68,1919,822,,,,"A017_2","Exp2_002","E1_SPATIAL_PROGRESSIVE",loading,,,,,1,TRUE,9150.000,9200.000,362.821136,362.871155,1920,1046,"ObjectSlot1-4",1,1,"video_relative_to_screen_recording_start",36.078785,326742.344,326792.344,1,36.078785,"1781266396475","../../../../../../Project/UE5/Gallery/Saved/ScreenRecordings/A017_2_20260612_201316_screen.mkv",326742.344,326792.344,326767.344,"1781266723216","1781266723266","2026-06-12T20:18:43.216+08:00","2026-06-12T20:18:43.266+08:00",353.671143,EXP2,"exp2_table",3,2,"1:4|2:3|3:1|4:2"
"exp2_target_object","实验二当前目标模型_脖子","Exp2_002_exp2_target_object_0368","video_relative_to_recording_start",rectangle,912,129,1372,667,,,,"A017_2","Exp2_002","E1_SPATIAL_PROGRESSIVE",loading,,,,,1,TRUE,9150.000,9200.000,362.821136,362.871155,1920,1046,"ObjectSlot2",1,0,"video_relative_to_screen_recording_start",36.078785,326742.344,326792.344,1,36.078785,"1781266396475","../../../../../../Project/UE5/Gallery/Saved/ScreenRecordings/A017_2_20260612_201316_screen.mkv",326742.344,326792.344,326767.344,"1781266723216","1781266723266","2026-06-12T20:18:43.216+08:00","2026-06-12T20:18:43.266+08:00",353.671143,EXP2,"exp2_target",3,2,"1:4|2:3|3:1|4:2"
"exp2_table_objects","实验二桌面四模型总体区域","Exp2_002_exp2_table_objects_0369","video_relative_to_recording_start",rectangle,475,64,1919,832,,,,"A017_2","Exp2_002","E1_SPATIAL_PROGRESSIVE",loading,,,,,1,TRUE,9200.000,9250.000,362.871155,362.921143,1920,1046,"ObjectSlot1-4",1,1,"video_relative_to_screen_recording_start",36.078785,326792.344,326842.344,1,36.078785,"1781266396475","../../../../../../Project/UE5/Gallery/Saved/ScreenRecordings/A017_2_20260612_201316_screen.mkv",326792.344,326842.344,326817.344,"1781266723266","1781266723316","2026-06-12T20:18:43.266+08:00","2026-06-12T20:18:43.316+08:00",353.671143,EXP2,"exp2_table",3,2,"1:4|2:3|3:1|4:2"
"exp2_target_object","实验二当前目标模型_脖子","Exp2_002_exp2_target_object_0370","video_relative_to_recording_start",rectangle,853,129,1306,667,,,,"A017_2","Exp2_002","E1_SPATIAL_PROGRESSIVE",loading,,,,,1,TRUE,9200.000,9250.000,362.871155,362.921143,1920,1046,"ObjectSlot2",1,0,"video_relative_to_screen_recording_start",36.078785,326792.344,326842.344,1,36.078785,"1781266396475","../../../../../../Project/UE5/Gallery/Saved/ScreenRecordings/A017_2_20260612_201316_screen.mkv",326792.344,326842.344,326817.344,"1781266723266","1781266723316","2026-06-12T20:18:43.266+08:00","2026-06-12T20:18:43.316+08:00",353.671143,EXP2,"exp2_target",3,2,"1:4|2:3|3:1|4:2"
"exp2_table_objects","实验二桌面四模型总体区域","Exp2_002_exp2_table_objects_0371","video_relative_to_recording_start",rectangle,415,60,1919,841,,,,"A017_2","Exp2_002","E1_SPATIAL_PROGRESSIVE",loading,,,,,1,TRUE,9250.000,9300.000,362.921143,362.971130,1920,1046,"ObjectSlot1-4",1,1,"video_relative_to_screen_recording_start",36.078785,326842.344,326892.344,1,36.078785,"1781266396475","../../../../../../Project/UE5/Gallery/Saved/ScreenRecordings/A017_2_20260612_201316_screen.mkv",326842.344,326892.344,326867.344,"1781266723316","1781266723366","2026-06-12T20:18:43.316+08:00","2026-06-12T20:18:43.366+08:00",353.671143,EXP2,"exp2_table",3,2,"1:4|2:3|3:1|4:2"
"exp2_target_object","实验二当前目标模型_脖子","Exp2_002_exp2_target_object_0372","video_relative_to_recording_start",rectangle,802,128,1252,669,,,,"A017_2","Exp2_002","E1_SPATIAL_PROGRESSIVE",loading,,,,,1,TRUE,9250.000,9300.000,362.921143,362.971130,1920,1046,"ObjectSlot2",1,0,"video_relative_to_screen_recording_start",36.078785,326842.344,326892.344,1,36.078785,"1781266396475","../../../../../../Project/UE5/Gallery/Saved/ScreenRecordings/A017_2_20260612_201316_screen.mkv",326842.344,326892.344,326867.344,"1781266723316","1781266723366","2026-06-12T20:18:43.316+08:00","2026-06-12T20:18:43.366+08:00",353.671143,EXP2,"exp2_target",3,2,"1:4|2:3|3:1|4:2"
"exp2_table_objects","实验二桌面四模型总体区域","Exp2_002_exp2_table_objects_0373","video_relative_to_recording_start",rectangle,381,57,1919,847,,,,"A017_2","Exp2_002","E1_SPATIAL_PROGRESSIVE",loading,,,,,1,TRUE,9300.000,9350.000,362.971130,363.021149,1920,1046,"ObjectSlot1-4",1,1,"video_relative_to_screen_recording_start",36.078785,326892.344,326942.344,1,36.078785,"1781266396475","../../../../../../Project/UE5/Gallery/Saved/ScreenRecordings/A017_2_20260612_201316_screen.mkv",326892.344,326942.344,326917.344,"1781266723366","1781266723416","2026-06-12T20:18:43.366+08:00","2026-06-12T20:18:43.416+08:00",353.671143,EXP2,"exp2_table",3,2,"1:4|2:3|3:1|4:2"
"exp2_target_object","实验二当前目标模型_脖子","Exp2_002_exp2_target_object_0374","video_relative_to_recording_start",rectangle,774,128,1223,670,,,,"A017_2","Exp2_002","E1_SPATIAL_PROGRESSIVE",loading,,,,,1,TRUE,9300.000,9350.000,362.971130,363.021149,1920,1046,"ObjectSlot2",1,0,"video_relative_to_screen_recording_start",36.078785,326892.344,326942.344,1,36.078785,"1781266396475","../../../../../../Project/UE5/Gallery/Saved/ScreenRecordings/A017_2_20260612_201316_screen.mkv",326892.344,326942.344,326917.344,"1781266723366","1781266723416","2026-06-12T20:18:43.366+08:00","2026-06-12T20:18:43.416+08:00",353.671143,EXP2,"exp2_target",3,2,"1:4|2:3|3:1|4:2"
"exp2_table_objects","实验二桌面四模型总体区域","Exp2_002_exp2_table_objects_0375","video_relative_to_recording_start",rectangle,376,57,1919,848,,,,"A017_2","Exp2_002","E1_SPATIAL_PROGRESSIVE",loading,,,,,1,TRUE,9350.000,9400.000,363.021149,363.071136,1920,1046,"ObjectSlot1-4",1,1,"video_relative_to_screen_recording_start",36.078785,326942.344,326992.344,1,36.078785,"1781266396475","../../../../../../Project/UE5/Gallery/Saved/ScreenRecordings/A017_2_20260612_201316_screen.mkv",326942.344,326992.344,326967.344,"1781266723416","1781266723466","2026-06-12T20:18:43.416+08:00","2026-06-12T20:18:43.466+08:00",353.671143,EXP2,"exp2_table",3,2,"1:4|2:3|3:1|4:2"
"exp2_target_object","实验二当前目标模型_脖子","Exp2_002_exp2_target_object_0376","video_relative_to_recording_start",rectangle,769,128,1219,670,,,,"A017_2","Exp2_002","E1_SPATIAL_PROGRESSIVE",loading,,,,,1,TRUE,9350.000,9400.000,363.021149,363.071136,1920,1046,"ObjectSlot2",1,0,"video_relative_to_screen_recording_start",36.078785,326942.344,326992.344,1,36.078785,"1781266396475","../../../../../../Project/UE5/Gallery/Saved/ScreenRecordings/A017_2_20260612_201316_screen.mkv",326942.344,326992.344,326967.344,"1781266723416","1781266723466","2026-06-12T20:18:43.416+08:00","2026-06-12T20:18:43.466+08:00",353.671143,EXP2,"exp2_target",3,2,"1:4|2:3|3:1|4:2"
"exp2_table_objects","实验二桌面四模型总体区域","Exp2_002_exp2_table_objects_0377","video_relative_to_recording_start",rectangle,376,57,1919,848,,,,"A017_2","Exp2_002","E1_SPATIAL_PROGRESSIVE",loading,,,,,1,TRUE,9400.000,9450.000,363.071136,363.121155,1920,1046,"ObjectSlot1-4",1,1,"video_relative_to_screen_recording_start",36.078785,326992.344,327042.344,1,36.078785,"1781266396475","../../../../../../Project/UE5/Gallery/Saved/ScreenRecordings/A017_2_20260612_201316_screen.mkv",326992.344,327042.344,327017.344,"1781266723466","1781266723516","2026-06-12T20:18:43.466+08:00","2026-06-12T20:18:43.516+08:00",353.671143,EXP2,"exp2_table",3,2,"1:4|2:3|3:1|4:2"
"exp2_target_object","实验二当前目标模型_脖子","Exp2_002_exp2_target_object_0378","video_relative_to_recording_start",rectangle,769,128,1219,670,,,,"A017_2","Exp2_002","E1_SPATIAL_PROGRESSIVE",loading,,,,,1,TRUE,9400.000,9450.000,363.071136,363.121155,1920,1046,"ObjectSlot2",1,0,"video_relative_to_screen_recording_start",36.078785,326992.344,327042.344,1,36.078785,"1781266396475","../../../../../../Project/UE5/Gallery/Saved/ScreenRecordings/A017_2_20260612_201316_screen.mkv",326992.344,327042.344,327017.344,"1781266723466","1781266723516","2026-06-12T20:18:43.466+08:00","2026-06-12T20:18:43.516+08:00",353.671143,EXP2,"exp2_target",3,2,"1:4|2:3|3:1|4:2"
"exp2_table_objects","实验二桌面四模型总体区域","Exp2_002_exp2_table_objects_0379","video_relative_to_recording_start",rectangle,376,57,1919,848,,,,"A017_2","Exp2_002","E1_SPATIAL_PROGRESSIVE",loading,,,,,1,TRUE,9450.000,9500.000,363.121155,363.171143,1920,1046,"ObjectSlot1-4",1,1,"video_relative_to_screen_recording_start",36.078785,327042.344,327092.344,1,36.078785,"1781266396475","../../../../../../Project/UE5/Gallery/Saved/ScreenRecordings/A017_2_20260612_201316_screen.mkv",327042.344,327092.344,327067.344,"1781266723516","1781266723566","2026-06-12T20:18:43.516+08:00","2026-06-12T20:18:43.566+08:00",353.671143,EXP2,"exp2_table",3,2,"1:4|2:3|3:1|4:2"
"exp2_target_object","实验二当前目标模型_脖子","Exp2_002_exp2_target_object_0380","video_relative_to_recording_start",rectangle,769,128,1219,670,,,,"A017_2","Exp2_002","E1_SPATIAL_PROGRESSIVE",loading,,,,,1,TRUE,9450.000,9500.000,363.121155,363.171143,1920,1046,"ObjectSlot2",1,0,"video_relative_to_screen_recording_start",36.078785,327042.344,327092.344,1,36.078785,"1781266396475","../../../../../../Project/UE5/Gallery/Saved/ScreenRecordings/A017_2_20260612_201316_screen.mkv",327042.344,327092.344,327067.344,"1781266723516","1781266723566","2026-06-12T20:18:43.516+08:00","2026-06-12T20:18:43.566+08:00",353.671143,EXP2,"exp2_target",3,2,"1:4|2:3|3:1|4:2"
"exp2_table_objects","实验二桌面四模型总体区域","Exp2_002_exp2_table_objects_0381","video_relative_to_recording_start",rectangle,413,57,1919,848,,,,"A017_2","Exp2_002","E1_SPATIAL_PROGRESSIVE",loading,,,,,1,TRUE,9500.000,9550.000,363.171143,363.221130,1920,1046,"ObjectSlot1-4",1,1,"video_relative_to_screen_recording_start",36.078785,327092.344,327142.344,1,36.078785,"1781266396475","../../../../../../Project/UE5/Gallery/Saved/ScreenRecordings/A017_2_20260612_201316_screen.mkv",327092.344,327142.344,327117.344,"1781266723566","1781266723616","2026-06-12T20:18:43.566+08:00","2026-06-12T20:18:43.616+08:00",353.671143,EXP2,"exp2_table",3,2,"1:4|2:3|3:1|4:2"
"exp2_target_object","实验二当前目标模型_脖子","Exp2_002_exp2_target_object_0382","video_relative_to_recording_start",rectangle,787,128,1241,670,,,,"A017_2","Exp2_002","E1_SPATIAL_PROGRESSIVE",loading,,,,,1,TRUE,9500.000,9550.000,363.171143,363.221130,1920,1046,"ObjectSlot2",1,0,"video_relative_to_screen_recording_start",36.078785,327092.344,327142.344,1,36.078785,"1781266396475","../../../../../../Project/UE5/Gallery/Saved/ScreenRecordings/A017_2_20260612_201316_screen.mkv",327092.344,327142.344,327117.344,"1781266723566","1781266723616","2026-06-12T20:18:43.566+08:00","2026-06-12T20:18:43.616+08:00",353.671143,EXP2,"exp2_target",3,2,"1:4|2:3|3:1|4:2"
"exp2_table_objects","实验二桌面四模型总体区域","Exp2_002_exp2_table_objects_0383","video_relative_to_recording_start",rectangle,479,59,1919,855,,,,"A017_2","Exp2_002","E1_SPATIAL_PROGRESSIVE",loading,,,,,1,TRUE,9550.000,9600.000,363.221130,363.271149,1920,1046,"ObjectSlot1-4",1,1,"video_relative_to_screen_recording_start",36.078785,327142.344,327192.344,1,36.078785,"1781266396475","../../../../../../Project/UE5/Gallery/Saved/ScreenRecordings/A017_2_20260612_201316_screen.mkv",327142.344,327192.344,327167.344,"1781266723616","1781266723666","2026-06-12T20:18:43.616+08:00","2026-06-12T20:18:43.666+08:00",353.671143,EXP2,"exp2_table",3,2,"1:4|2:3|3:1|4:2"
"exp2_target_object","实验二当前目标模型_脖子","Exp2_002_exp2_target_object_0384","video_relative_to_recording_start",rectangle,810,131,1273,673,,,,"A017_2","Exp2_002","E1_SPATIAL_PROGRESSIVE",loading,,,,,1,TRUE,9550.000,9600.000,363.221130,363.271149,1920,1046,"ObjectSlot2",1,0,"video_relative_to_screen_recording_start",36.078785,327142.344,327192.344,1,36.078785,"1781266396475","../../../../../../Project/UE5/Gallery/Saved/ScreenRecordings/A017_2_20260612_201316_screen.mkv",327142.344,327192.344,327167.344,"1781266723616","1781266723666","2026-06-12T20:18:43.616+08:00","2026-06-12T20:18:43.666+08:00",353.671143,EXP2,"exp2_target",3,2,"1:4|2:3|3:1|4:2"
"exp2_table_objects","实验二桌面四模型总体区域","Exp2_002_exp2_table_objects_0385","video_relative_to_recording_start",rectangle,522,61,1919,865,,,,"A017_2","Exp2_002","E1_SPATIAL_PROGRESSIVE",loading,,,,,1,TRUE,9600.000,9650.000,363.271149,363.321136,1920,1046,"ObjectSlot1-4",1,1,"video_relative_to_screen_recording_start",36.078785,327192.344,327242.344,1,36.078785,"1781266396475","../../../../../../Project/UE5/Gallery/Saved/ScreenRecordings/A017_2_20260612_201316_screen.mkv",327192.344,327242.344,327217.344,"1781266723666","1781266723716","2026-06-12T20:18:43.666+08:00","2026-06-12T20:18:43.716+08:00",353.671143,EXP2,"exp2_table",3,2,"1:4|2:3|3:1|4:2"
"exp2_target_object","实验二当前目标模型_脖子","Exp2_002_exp2_target_object_0386","video_relative_to_recording_start",rectangle,812,136,1282,678,,,,"A017_2","Exp2_002","E1_SPATIAL_PROGRESSIVE",loading,,,,,1,TRUE,9600.000,9650.000,363.271149,363.321136,1920,1046,"ObjectSlot2",1,0,"video_relative_to_screen_recording_start",36.078785,327192.344,327242.344,1,36.078785,"1781266396475","../../../../../../Project/UE5/Gallery/Saved/ScreenRecordings/A017_2_20260612_201316_screen.mkv",327192.344,327242.344,327217.344,"1781266723666","1781266723716","2026-06-12T20:18:43.666+08:00","2026-06-12T20:18:43.716+08:00",353.671143,EXP2,"exp2_target",3,2,"1:4|2:3|3:1|4:2"
"exp2_table_objects","实验二桌面四模型总体区域","Exp2_002_exp2_table_objects_0387","video_relative_to_recording_start",rectangle,491,60,1919,871,,,,"A017_2","Exp2_002","E1_SPATIAL_PROGRESSIVE",loading,,,,,1,TRUE,9650.000,9700.000,363.321136,363.371155,1920,1046,"ObjectSlot1-4",1,1,"video_relative_to_screen_recording_start",36.078785,327242.344,327292.344,1,36.078785,"1781266396475","../../../../../../Project/UE5/Gallery/Saved/ScreenRecordings/A017_2_20260612_201316_screen.mkv",327242.344,327292.344,327267.344,"1781266723716","1781266723766","2026-06-12T20:18:43.716+08:00","2026-06-12T20:18:43.766+08:00",353.671143,EXP2,"exp2_table",3,2,"1:4|2:3|3:1|4:2"
"exp2_target_object","实验二当前目标模型_脖子","Exp2_002_exp2_target_object_0388","video_relative_to_recording_start",rectangle,784,137,1252,679,,,,"A017_2","Exp2_002","E1_SPATIAL_PROGRESSIVE",loading,,,,,1,TRUE,9650.000,9700.000,363.321136,363.371155,1920,1046,"ObjectSlot2",1,0,"video_relative_to_screen_recording_start",36.078785,327242.344,327292.344,1,36.078785,"1781266396475","../../../../../../Project/UE5/Gallery/Saved/ScreenRecordings/A017_2_20260612_201316_screen.mkv",327242.344,327292.344,327267.344,"1781266723716","1781266723766","2026-06-12T20:18:43.716+08:00","2026-06-12T20:18:43.766+08:00",353.671143,EXP2,"exp2_target",3,2,"1:4|2:3|3:1|4:2"
"exp2_table_objects","实验二桌面四模型总体区域","Exp2_002_exp2_table_objects_0389","video_relative_to_recording_start",rectangle,460,58,1919,876,,,,"A017_2","Exp2_002","E1_SPATIAL_PROGRESSIVE",loading,,,,,1,TRUE,9700.000,9750.000,363.371155,363.421143,1920,1046,"ObjectSlot1-4",1,1,"video_relative_to_screen_recording_start",36.078785,327292.344,327342.344,1,36.078785,"1781266396475","../../../../../../Project/UE5/Gallery/Saved/ScreenRecordings/A017_2_20260612_201316_screen.mkv",327292.344,327342.344,327317.344,"1781266723766","1781266723816","2026-06-12T20:18:43.766+08:00","2026-06-12T20:18:43.816+08:00",353.671143,EXP2,"exp2_table",3,2,"1:4|2:3|3:1|4:2"
"exp2_target_object","实验二当前目标模型_脖子","Exp2_002_exp2_target_object_0390","video_relative_to_recording_start",rectangle,757,136,1224,680,,,,"A017_2","Exp2_002","E1_SPATIAL_PROGRESSIVE",loading,,,,,1,TRUE,9700.000,9750.000,363.371155,363.421143,1920,1046,"ObjectSlot2",1,0,"video_relative_to_screen_recording_start",36.078785,327292.344,327342.344,1,36.078785,"1781266396475","../../../../../../Project/UE5/Gallery/Saved/ScreenRecordings/A017_2_20260612_201316_screen.mkv",327292.344,327342.344,327317.344,"1781266723766","1781266723816","2026-06-12T20:18:43.766+08:00","2026-06-12T20:18:43.816+08:00",353.671143,EXP2,"exp2_target",3,2,"1:4|2:3|3:1|4:2"
"exp2_table_objects","实验二桌面四模型总体区域","Exp2_002_exp2_table_objects_0391","video_relative_to_recording_start",rectangle,440,60,1919,883,,,,"A017_2","Exp2_002","E1_SPATIAL_PROGRESSIVE",loading,,,,,1,TRUE,9750.000,9800.000,363.421143,363.471130,1920,1046,"ObjectSlot1-4",1,1,"video_relative_to_screen_recording_start",36.078785,327342.344,327392.344,1,36.078785,"1781266396475","../../../../../../Project/UE5/Gallery/Saved/ScreenRecordings/A017_2_20260612_201316_screen.mkv",327342.344,327392.344,327367.344,"1781266723816","1781266723866","2026-06-12T20:18:43.816+08:00","2026-06-12T20:18:43.866+08:00",353.671143,EXP2,"exp2_table",3,2,"1:4|2:3|3:1|4:2"
"exp2_target_object","实验二当前目标模型_脖子","Exp2_002_exp2_target_object_0392","video_relative_to_recording_start",rectangle,739,140,1206,684,,,,"A017_2","Exp2_002","E1_SPATIAL_PROGRESSIVE",loading,,,,,1,TRUE,9750.000,9800.000,363.421143,363.471130,1920,1046,"ObjectSlot2",1,0,"video_relative_to_screen_recording_start",36.078785,327342.344,327392.344,1,36.078785,"1781266396475","../../../../../../Project/UE5/Gallery/Saved/ScreenRecordings/A017_2_20260612_201316_screen.mkv",327342.344,327392.344,327367.344,"1781266723816","1781266723866","2026-06-12T20:18:43.816+08:00","2026-06-12T20:18:43.866+08:00",353.671143,EXP2,"exp2_target",3,2,"1:4|2:3|3:1|4:2"
"exp2_table_objects","实验二桌面四模型总体区域","Exp2_002_exp2_table_objects_0393","video_relative_to_recording_start",rectangle,440,60,1919,883,,,,"A017_2","Exp2_002","E1_SPATIAL_PROGRESSIVE",loading,,,,,1,TRUE,9800.000,9850.000,363.471130,363.521149,1920,1046,"ObjectSlot1-4",1,1,"video_relative_to_screen_recording_start",36.078785,327392.344,327442.344,1,36.078785,"1781266396475","../../../../../../Project/UE5/Gallery/Saved/ScreenRecordings/A017_2_20260612_201316_screen.mkv",327392.344,327442.344,327417.344,"1781266723866","1781266723916","2026-06-12T20:18:43.866+08:00","2026-06-12T20:18:43.916+08:00",353.671143,EXP2,"exp2_table",3,2,"1:4|2:3|3:1|4:2"
"exp2_target_object","实验二当前目标模型_脖子","Exp2_002_exp2_target_object_0394","video_relative_to_recording_start",rectangle,739,140,1206,684,,,,"A017_2","Exp2_002","E1_SPATIAL_PROGRESSIVE",loading,,,,,1,TRUE,9800.000,9850.000,363.471130,363.521149,1920,1046,"ObjectSlot2",1,0,"video_relative_to_screen_recording_start",36.078785,327392.344,327442.344,1,36.078785,"1781266396475","../../../../../../Project/UE5/Gallery/Saved/ScreenRecordings/A017_2_20260612_201316_screen.mkv",327392.344,327442.344,327417.344,"1781266723866","1781266723916","2026-06-12T20:18:43.866+08:00","2026-06-12T20:18:43.916+08:00",353.671143,EXP2,"exp2_target",3,2,"1:4|2:3|3:1|4:2"
"exp2_table_objects","实验二桌面四模型总体区域","Exp2_002_exp2_table_objects_0395","video_relative_to_recording_start",rectangle,440,60,1919,883,,,,"A017_2","Exp2_002","E1_SPATIAL_PROGRESSIVE",loading,,,,,1,TRUE,9850.000,9900.000,363.521149,363.571136,1920,1046,"ObjectSlot1-4",1,1,"video_relative_to_screen_recording_start",36.078785,327442.344,327492.344,1,36.078785,"1781266396475","../../../../../../Project/UE5/Gallery/Saved/ScreenRecordings/A017_2_20260612_201316_screen.mkv",327442.344,327492.344,327467.344,"1781266723916","1781266723966","2026-06-12T20:18:43.916+08:00","2026-06-12T20:18:43.966+08:00",353.671143,EXP2,"exp2_table",3,2,"1:4|2:3|3:1|4:2"
"exp2_target_object","实验二当前目标模型_脖子","Exp2_002_exp2_target_object_0396","video_relative_to_recording_start",rectangle,739,140,1206,684,,,,"A017_2","Exp2_002","E1_SPATIAL_PROGRESSIVE",loading,,,,,1,TRUE,9850.000,9900.000,363.521149,363.571136,1920,1046,"ObjectSlot2",1,0,"video_relative_to_screen_recording_start",36.078785,327442.344,327492.344,1,36.078785,"1781266396475","../../../../../../Project/UE5/Gallery/Saved/ScreenRecordings/A017_2_20260612_201316_screen.mkv",327442.344,327492.344,327467.344,"1781266723916","1781266723966","2026-06-12T20:18:43.916+08:00","2026-06-12T20:18:43.966+08:00",353.671143,EXP2,"exp2_target",3,2,"1:4|2:3|3:1|4:2"
"exp2_table_objects","实验二桌面四模型总体区域","Exp2_002_exp2_table_objects_0397","video_relative_to_recording_start",rectangle,440,60,1919,883,,,,"A017_2","Exp2_002","E1_SPATIAL_PROGRESSIVE",loading,,,,,1,TRUE,9900.000,9950.000,363.571136,363.621155,1920,1046,"ObjectSlot1-4",1,1,"video_relative_to_screen_recording_start",36.078785,327492.344,327542.344,1,36.078785,"1781266396475","../../../../../../Project/UE5/Gallery/Saved/ScreenRecordings/A017_2_20260612_201316_screen.mkv",327492.344,327542.344,327517.344,"1781266723966","1781266724016","2026-06-12T20:18:43.966+08:00","2026-06-12T20:18:44.016+08:00",353.671143,EXP2,"exp2_table",3,2,"1:4|2:3|3:1|4:2"
"exp2_target_object","实验二当前目标模型_脖子","Exp2_002_exp2_target_object_0398","video_relative_to_recording_start",rectangle,739,140,1206,684,,,,"A017_2","Exp2_002","E1_SPATIAL_PROGRESSIVE",loading,,,,,1,TRUE,9900.000,9950.000,363.571136,363.621155,1920,1046,"ObjectSlot2",1,0,"video_relative_to_screen_recording_start",36.078785,327492.344,327542.344,1,36.078785,"1781266396475","../../../../../../Project/UE5/Gallery/Saved/ScreenRecordings/A017_2_20260612_201316_screen.mkv",327492.344,327542.344,327517.344,"1781266723966","1781266724016","2026-06-12T20:18:43.966+08:00","2026-06-12T20:18:44.016+08:00",353.671143,EXP2,"exp2_target",3,2,"1:4|2:3|3:1|4:2"
"exp2_table_objects","实验二桌面四模型总体区域","Exp2_002_exp2_table_objects_0399","video_relative_to_recording_start",rectangle,440,60,1919,883,,,,"A017_2","Exp2_002","E1_SPATIAL_PROGRESSIVE",loading,,,,,1,TRUE,9950.000,10000.000,363.621155,363.671143,1920,1046,"ObjectSlot1-4",1,1,"video_relative_to_screen_recording_start",36.078785,327542.344,327592.344,1,36.078785,"1781266396475","../../../../../../Project/UE5/Gallery/Saved/ScreenRecordings/A017_2_20260612_201316_screen.mkv",327542.344,327592.344,327567.344,"1781266724016","1781266724066","2026-06-12T20:18:44.016+08:00","2026-06-12T20:18:44.066+08:00",353.671143,EXP2,"exp2_table",3,2,"1:4|2:3|3:1|4:2"
"exp2_target_object","实验二当前目标模型_脖子","Exp2_002_exp2_target_object_0400","video_relative_to_recording_start",rectangle,739,140,1206,684,,,,"A017_2","Exp2_002","E1_SPATIAL_PROGRESSIVE",loading,,,,,1,TRUE,9950.000,10000.000,363.621155,363.671143,1920,1046,"ObjectSlot2",1,0,"video_relative_to_screen_recording_start",36.078785,327542.344,327592.344,1,36.078785,"1781266396475","../../../../../../Project/UE5/Gallery/Saved/ScreenRecordings/A017_2_20260612_201316_screen.mkv",327542.344,327592.344,327567.344,"1781266724016","1781266724066","2026-06-12T20:18:44.016+08:00","2026-06-12T20:18:44.066+08:00",353.671143,EXP2,"exp2_target",3,2,"1:4|2:3|3:1|4:2"
"exp2_table_objects","实验二桌面四模型总体区域","Exp2_002_exp2_table_objects_0401","video_relative_to_recording_start",rectangle,440,60,1919,883,,,,"A017_2","Exp2_002","E1_SPATIAL_PROGRESSIVE",loading,,,,,1,TRUE,10000.000,10050.000,363.671143,363.721130,1920,1046,"ObjectSlot1-4",1,1,"video_relative_to_screen_recording_start",36.078785,327592.344,327642.344,1,36.078785,"1781266396475","../../../../../../Project/UE5/Gallery/Saved/ScreenRecordings/A017_2_20260612_201316_screen.mkv",327592.344,327642.344,327617.344,"1781266724066","1781266724116","2026-06-12T20:18:44.066+08:00","2026-06-12T20:18:44.116+08:00",353.671143,EXP2,"exp2_table",3,2,"1:4|2:3|3:1|4:2"
"exp2_target_object","实验二当前目标模型_脖子","Exp2_002_exp2_target_object_0402","video_relative_to_recording_start",rectangle,739,140,1206,684,,,,"A017_2","Exp2_002","E1_SPATIAL_PROGRESSIVE",loading,,,,,1,TRUE,10000.000,10050.000,363.671143,363.721130,1920,1046,"ObjectSlot2",1,0,"video_relative_to_screen_recording_start",36.078785,327592.344,327642.344,1,36.078785,"1781266396475","../../../../../../Project/UE5/Gallery/Saved/ScreenRecordings/A017_2_20260612_201316_screen.mkv",327592.344,327642.344,327617.344,"1781266724066","1781266724116","2026-06-12T20:18:44.066+08:00","2026-06-12T20:18:44.116+08:00",353.671143,EXP2,"exp2_target",3,2,"1:4|2:3|3:1|4:2"
"exp2_table_objects","实验二桌面四模型总体区域","Exp2_002_exp2_table_objects_0403","video_relative_to_recording_start",rectangle,407,65,1919,883,,,,"A017_2","Exp2_002","E1_SPATIAL_PROGRESSIVE",loading,,,,,1,TRUE,10050.000,10100.000,363.721130,363.771149,1920,1046,"ObjectSlot1-4",1,1,"video_relative_to_screen_recording_start",36.078785,327642.344,327692.344,1,36.078785,"1781266396475","../../../../../../Project/UE5/Gallery/Saved/ScreenRecordings/A017_2_20260612_201316_screen.mkv",327642.344,327692.344,327667.344,"1781266724116","1781266724166","2026-06-12T20:18:44.116+08:00","2026-06-12T20:18:44.166+08:00",353.671143,EXP2,"exp2_table",3,2,"1:4|2:3|3:1|4:2"
"exp2_target_object","实验二当前目标模型_脖子","Exp2_002_exp2_target_object_0404","video_relative_to_recording_start",rectangle,730,143,1192,686,,,,"A017_2","Exp2_002","E1_SPATIAL_PROGRESSIVE",loading,,,,,1,TRUE,10050.000,10100.000,363.721130,363.771149,1920,1046,"ObjectSlot2",1,0,"video_relative_to_screen_recording_start",36.078785,327642.344,327692.344,1,36.078785,"1781266396475","../../../../../../Project/UE5/Gallery/Saved/ScreenRecordings/A017_2_20260612_201316_screen.mkv",327642.344,327692.344,327667.344,"1781266724116","1781266724166","2026-06-12T20:18:44.116+08:00","2026-06-12T20:18:44.166+08:00",353.671143,EXP2,"exp2_target",3,2,"1:4|2:3|3:1|4:2"
"exp2_table_objects","实验二桌面四模型总体区域","Exp2_002_exp2_table_objects_0405","video_relative_to_recording_start",rectangle,330,71,1919,884,,,,"A017_2","Exp2_002","E1_SPATIAL_PROGRESSIVE",loading,,,,,1,TRUE,10100.000,10150.000,363.771149,363.821136,1920,1046,"ObjectSlot1-4",1,1,"video_relative_to_screen_recording_start",36.078785,327692.344,327742.344,1,36.078785,"1781266396475","../../../../../../Project/UE5/Gallery/Saved/ScreenRecordings/A017_2_20260612_201316_screen.mkv",327692.344,327742.344,327717.344,"1781266724166","1781266724216","2026-06-12T20:18:44.166+08:00","2026-06-12T20:18:44.216+08:00",353.671143,EXP2,"exp2_table",3,2,"1:4|2:3|3:1|4:2"
"exp2_target_object","实验二当前目标模型_脖子","Exp2_002_exp2_target_object_0406","video_relative_to_recording_start",rectangle,700,148,1152,690,,,,"A017_2","Exp2_002","E1_SPATIAL_PROGRESSIVE",loading,,,,,1,TRUE,10100.000,10150.000,363.771149,363.821136,1920,1046,"ObjectSlot2",1,0,"video_relative_to_screen_recording_start",36.078785,327692.344,327742.344,1,36.078785,"1781266396475","../../../../../../Project/UE5/Gallery/Saved/ScreenRecordings/A017_2_20260612_201316_screen.mkv",327692.344,327742.344,327717.344,"1781266724166","1781266724216","2026-06-12T20:18:44.166+08:00","2026-06-12T20:18:44.216+08:00",353.671143,EXP2,"exp2_target",3,2,"1:4|2:3|3:1|4:2"
"exp2_table_objects","实验二桌面四模型总体区域","Exp2_002_exp2_table_objects_0407","video_relative_to_recording_start",rectangle,212,82,1919,880,,,,"A017_2","Exp2_002","E1_SPATIAL_PROGRESSIVE",loading,,,,,1,TRUE,10150.000,10200.000,363.821136,363.871155,1920,1046,"ObjectSlot1-4",1,1,"video_relative_to_screen_recording_start",36.078785,327742.344,327792.344,1,36.078785,"1781266396475","../../../../../../Project/UE5/Gallery/Saved/ScreenRecordings/A017_2_20260612_201316_screen.mkv",327742.344,327792.344,327767.344,"1781266724216","1781266724266","2026-06-12T20:18:44.216+08:00","2026-06-12T20:18:44.266+08:00",353.671143,EXP2,"exp2_table",3,2,"1:4|2:3|3:1|4:2"
"exp2_target_object","实验二当前目标模型_脖子","Exp2_002_exp2_target_object_0408","video_relative_to_recording_start",rectangle,659,155,1090,692,,,,"A017_2","Exp2_002","E1_SPATIAL_PROGRESSIVE",loading,,,,,1,TRUE,10150.000,10200.000,363.821136,363.871155,1920,1046,"ObjectSlot2",1,0,"video_relative_to_screen_recording_start",36.078785,327742.344,327792.344,1,36.078785,"1781266396475","../../../../../../Project/UE5/Gallery/Saved/ScreenRecordings/A017_2_20260612_201316_screen.mkv",327742.344,327792.344,327767.344,"1781266724216","1781266724266","2026-06-12T20:18:44.216+08:00","2026-06-12T20:18:44.266+08:00",353.671143,EXP2,"exp2_target",3,2,"1:4|2:3|3:1|4:2"
"exp2_table_objects","实验二桌面四模型总体区域","Exp2_002_exp2_table_objects_0409","video_relative_to_recording_start",rectangle,212,82,1919,880,,,,"A017_2","Exp2_002","E1_SPATIAL_PROGRESSIVE",loading,,,,,1,TRUE,10200.000,10250.000,363.871155,363.921143,1920,1046,"ObjectSlot1-4",1,1,"video_relative_to_screen_recording_start",36.078785,327792.344,327842.344,1,36.078785,"1781266396475","../../../../../../Project/UE5/Gallery/Saved/ScreenRecordings/A017_2_20260612_201316_screen.mkv",327792.344,327842.344,327817.344,"1781266724266","1781266724316","2026-06-12T20:18:44.266+08:00","2026-06-12T20:18:44.316+08:00",353.671143,EXP2,"exp2_table",3,2,"1:4|2:3|3:1|4:2"
"exp2_target_object","实验二当前目标模型_脖子","Exp2_002_exp2_target_object_0410","video_relative_to_recording_start",rectangle,659,155,1090,692,,,,"A017_2","Exp2_002","E1_SPATIAL_PROGRESSIVE",loading,,,,,1,TRUE,10200.000,10250.000,363.871155,363.921143,1920,1046,"ObjectSlot2",1,0,"video_relative_to_screen_recording_start",36.078785,327792.344,327842.344,1,36.078785,"1781266396475","../../../../../../Project/UE5/Gallery/Saved/ScreenRecordings/A017_2_20260612_201316_screen.mkv",327792.344,327842.344,327817.344,"1781266724266","1781266724316","2026-06-12T20:18:44.266+08:00","2026-06-12T20:18:44.316+08:00",353.671143,EXP2,"exp2_target",3,2,"1:4|2:3|3:1|4:2"
"exp2_table_objects","实验二桌面四模型总体区域","Exp2_002_exp2_table_objects_0411","video_relative_to_recording_start",rectangle,64,92,1919,862,,,,"A017_2","Exp2_002","E1_SPATIAL_PROGRESSIVE",loading,,,,,1,TRUE,10250.000,10300.000,363.921143,363.971130,1920,1046,"ObjectSlot1-4",1,1,"video_relative_to_screen_recording_start",36.078785,327842.344,327892.344,1,36.078785,"1781266396475","../../../../../../Project/UE5/Gallery/Saved/ScreenRecordings/A017_2_20260612_201316_screen.mkv",327842.344,327892.344,327867.344,"1781266724316","1781266724366","2026-06-12T20:18:44.316+08:00","2026-06-12T20:18:44.366+08:00",353.671143,EXP2,"exp2_table",3,2,"1:4|2:3|3:1|4:2"
"exp2_target_object","实验二当前目标模型_脖子","Exp2_002_exp2_target_object_0412","video_relative_to_recording_start",rectangle,595,159,1005,688,,,,"A017_2","Exp2_002","E1_SPATIAL_PROGRESSIVE",loading,,,,,1,TRUE,10250.000,10300.000,363.921143,363.971130,1920,1046,"ObjectSlot2",1,0,"video_relative_to_screen_recording_start",36.078785,327842.344,327892.344,1,36.078785,"1781266396475","../../../../../../Project/UE5/Gallery/Saved/ScreenRecordings/A017_2_20260612_201316_screen.mkv",327842.344,327892.344,327867.344,"1781266724316","1781266724366","2026-06-12T20:18:44.316+08:00","2026-06-12T20:18:44.366+08:00",353.671143,EXP2,"exp2_target",3,2,"1:4|2:3|3:1|4:2"
"exp2_table_objects","实验二桌面四模型总体区域","Exp2_002_exp2_table_objects_0413","video_relative_to_recording_start",rectangle,0,138,1919,861,,,,"A017_2","Exp2_002","E1_SPATIAL_PROGRESSIVE",loading,,,,,1,TRUE,10300.000,10350.000,363.971130,364.021149,1920,1046,"ObjectSlot1-4",1,1,"video_relative_to_screen_recording_start",36.078785,327892.344,327942.344,1,36.078785,"1781266396475","../../../../../../Project/UE5/Gallery/Saved/ScreenRecordings/A017_2_20260612_201316_screen.mkv",327892.344,327942.344,327917.344,"1781266724366","1781266724416","2026-06-12T20:18:44.366+08:00","2026-06-12T20:18:44.416+08:00",353.671143,EXP2,"exp2_table",3,2,"1:4|2:3|3:1|4:2"
"exp2_target_object","实验二当前目标模型_脖子","Exp2_002_exp2_target_object_0414","video_relative_to_recording_start",rectangle,498,187,914,699,,,,"A017_2","Exp2_002","E1_SPATIAL_PROGRESSIVE",loading,,,,,1,TRUE,10300.000,10350.000,363.971130,364.021149,1920,1046,"ObjectSlot2",1,0,"video_relative_to_screen_recording_start",36.078785,327892.344,327942.344,1,36.078785,"1781266396475","../../../../../../Project/UE5/Gallery/Saved/ScreenRecordings/A017_2_20260612_201316_screen.mkv",327892.344,327942.344,327917.344,"1781266724366","1781266724416","2026-06-12T20:18:44.366+08:00","2026-06-12T20:18:44.416+08:00",353.671143,EXP2,"exp2_target",3,2,"1:4|2:3|3:1|4:2"
"exp2_table_objects","实验二桌面四模型总体区域","Exp2_002_exp2_table_objects_0415","video_relative_to_recording_start",rectangle,0,180,1919,870,,,,"A017_2","Exp2_002","E1_SPATIAL_PROGRESSIVE",loading,,,,,1,TRUE,10350.000,10400.000,364.021149,364.071136,1920,1046,"ObjectSlot1-4",1,1,"video_relative_to_screen_recording_start",36.078785,327942.344,327992.344,1,36.078785,"1781266396475","../../../../../../Project/UE5/Gallery/Saved/ScreenRecordings/A017_2_20260612_201316_screen.mkv",327942.344,327992.344,327967.344,"1781266724416","1781266724466","2026-06-12T20:18:44.416+08:00","2026-06-12T20:18:44.466+08:00",353.671143,EXP2,"exp2_table",3,2,"1:4|2:3|3:1|4:2"
"exp2_target_object","实验二当前目标模型_脖子","Exp2_002_exp2_target_object_0416","video_relative_to_recording_start",rectangle,492,215,902,713,,,,"A017_2","Exp2_002","E1_SPATIAL_PROGRESSIVE",loading,,,,,1,TRUE,10350.000,10400.000,364.021149,364.071136,1920,1046,"ObjectSlot2",1,0,"video_relative_to_screen_recording_start",36.078785,327942.344,327992.344,1,36.078785,"1781266396475","../../../../../../Project/UE5/Gallery/Saved/ScreenRecordings/A017_2_20260612_201316_screen.mkv",327942.344,327992.344,327967.344,"1781266724416","1781266724466","2026-06-12T20:18:44.416+08:00","2026-06-12T20:18:44.466+08:00",353.671143,EXP2,"exp2_target",3,2,"1:4|2:3|3:1|4:2"
"exp2_table_objects","实验二桌面四模型总体区域","Exp2_002_exp2_table_objects_0417","video_relative_to_recording_start",rectangle,0,184,1919,856,,,,"A017_2","Exp2_002","E1_SPATIAL_PROGRESSIVE",loading,,,,,1,TRUE,10400.000,10450.000,364.071136,364.121155,1920,1046,"ObjectSlot1-4",1,1,"video_relative_to_screen_recording_start",36.078785,327992.344,328042.344,1,36.078785,"1781266396475","../../../../../../Project/UE5/Gallery/Saved/ScreenRecordings/A017_2_20260612_201316_screen.mkv",327992.344,328042.344,328017.344,"1781266724466","1781266724516","2026-06-12T20:18:44.466+08:00","2026-06-12T20:18:44.516+08:00",353.671143,EXP2,"exp2_table",3,2,"1:4|2:3|3:1|4:2"
"exp2_target_object","实验二当前目标模型_脖子","Exp2_002_exp2_target_object_0418","video_relative_to_recording_start",rectangle,533,216,935,708,,,,"A017_2","Exp2_002","E1_SPATIAL_PROGRESSIVE",loading,,,,,1,TRUE,10400.000,10450.000,364.071136,364.121155,1920,1046,"ObjectSlot2",1,0,"video_relative_to_screen_recording_start",36.078785,327992.344,328042.344,1,36.078785,"1781266396475","../../../../../../Project/UE5/Gallery/Saved/ScreenRecordings/A017_2_20260612_201316_screen.mkv",327992.344,328042.344,328017.344,"1781266724466","1781266724516","2026-06-12T20:18:44.466+08:00","2026-06-12T20:18:44.516+08:00",353.671143,EXP2,"exp2_target",3,2,"1:4|2:3|3:1|4:2"
"exp2_table_objects","实验二桌面四模型总体区域","Exp2_002_exp2_table_objects_0419","video_relative_to_recording_start",rectangle,54,188,1919,846,,,,"A017_2","Exp2_002","E1_SPATIAL_PROGRESSIVE",loading,,,,,1,TRUE,10450.000,10500.000,364.121155,364.171143,1920,1046,"ObjectSlot1-4",1,1,"video_relative_to_screen_recording_start",36.078785,328042.344,328092.344,1,36.078785,"1781266396475","../../../../../../Project/UE5/Gallery/Saved/ScreenRecordings/A017_2_20260612_201316_screen.mkv",328042.344,328092.344,328067.344,"1781266724516","1781266724566","2026-06-12T20:18:44.516+08:00","2026-06-12T20:18:44.566+08:00",353.671143,EXP2,"exp2_table",3,2,"1:4|2:3|3:1|4:2"
"exp2_target_object","实验二当前目标模型_脖子","Exp2_002_exp2_target_object_0420","video_relative_to_recording_start",rectangle,570,218,965,705,,,,"A017_2","Exp2_002","E1_SPATIAL_PROGRESSIVE",loading,,,,,1,TRUE,10450.000,10500.000,364.121155,364.171143,1920,1046,"ObjectSlot2",1,0,"video_relative_to_screen_recording_start",36.078785,328042.344,328092.344,1,36.078785,"1781266396475","../../../../../../Project/UE5/Gallery/Saved/ScreenRecordings/A017_2_20260612_201316_screen.mkv",328042.344,328092.344,328067.344,"1781266724516","1781266724566","2026-06-12T20:18:44.516+08:00","2026-06-12T20:18:44.566+08:00",353.671143,EXP2,"exp2_target",3,2,"1:4|2:3|3:1|4:2"
"exp2_table_objects","实验二桌面四模型总体区域","Exp2_002_exp2_table_objects_0421","video_relative_to_recording_start",rectangle,54,188,1919,846,,,,"A017_2","Exp2_002","E1_SPATIAL_PROGRESSIVE",loading,,,,,1,TRUE,10500.000,10550.000,364.171143,364.221130,1920,1046,"ObjectSlot1-4",1,1,"video_relative_to_screen_recording_start",36.078785,328092.344,328142.344,1,36.078785,"1781266396475","../../../../../../Project/UE5/Gallery/Saved/ScreenRecordings/A017_2_20260612_201316_screen.mkv",328092.344,328142.344,328117.344,"1781266724566","1781266724616","2026-06-12T20:18:44.566+08:00","2026-06-12T20:18:44.616+08:00",353.671143,EXP2,"exp2_table",3,2,"1:4|2:3|3:1|4:2"
"exp2_target_object","实验二当前目标模型_脖子","Exp2_002_exp2_target_object_0422","video_relative_to_recording_start",rectangle,570,218,965,705,,,,"A017_2","Exp2_002","E1_SPATIAL_PROGRESSIVE",loading,,,,,1,TRUE,10500.000,10550.000,364.171143,364.221130,1920,1046,"ObjectSlot2",1,0,"video_relative_to_screen_recording_start",36.078785,328092.344,328142.344,1,36.078785,"1781266396475","../../../../../../Project/UE5/Gallery/Saved/ScreenRecordings/A017_2_20260612_201316_screen.mkv",328092.344,328142.344,328117.344,"1781266724566","1781266724616","2026-06-12T20:18:44.566+08:00","2026-06-12T20:18:44.616+08:00",353.671143,EXP2,"exp2_target",3,2,"1:4|2:3|3:1|4:2"
"exp2_table_objects","实验二桌面四模型总体区域","Exp2_002_exp2_table_objects_0423","video_relative_to_recording_start",rectangle,71,190,1919,843,,,,"A017_2","Exp2_002","E1_SPATIAL_PROGRESSIVE",loading,,,,,1,TRUE,10550.000,10600.000,364.221130,364.271149,1920,1046,"ObjectSlot1-4",1,1,"video_relative_to_screen_recording_start",36.078785,328142.344,328192.344,1,36.078785,"1781266396475","../../../../../../Project/UE5/Gallery/Saved/ScreenRecordings/A017_2_20260612_201316_screen.mkv",328142.344,328192.344,328167.344,"1781266724616","1781266724666","2026-06-12T20:18:44.616+08:00","2026-06-12T20:18:44.666+08:00",353.671143,EXP2,"exp2_table",3,2,"1:4|2:3|3:1|4:2"
"exp2_target_object","实验二当前目标模型_脖子","Exp2_002_exp2_target_object_0424","video_relative_to_recording_start",rectangle,581,219,975,705,,,,"A017_2","Exp2_002","E1_SPATIAL_PROGRESSIVE",loading,,,,,1,TRUE,10550.000,10600.000,364.221130,364.271149,1920,1046,"ObjectSlot2",1,0,"video_relative_to_screen_recording_start",36.078785,328142.344,328192.344,1,36.078785,"1781266396475","../../../../../../Project/UE5/Gallery/Saved/ScreenRecordings/A017_2_20260612_201316_screen.mkv",328142.344,328192.344,328167.344,"1781266724616","1781266724666","2026-06-12T20:18:44.616+08:00","2026-06-12T20:18:44.666+08:00",353.671143,EXP2,"exp2_target",3,2,"1:4|2:3|3:1|4:2"
"exp2_table_objects","实验二桌面四模型总体区域","Exp2_002_exp2_table_objects_0425","video_relative_to_recording_start",rectangle,79,190,1919,841,,,,"A017_2","Exp2_002","E1_SPATIAL_PROGRESSIVE",loading,,,,,1,TRUE,10600.000,10650.000,364.271149,364.321136,1920,1046,"ObjectSlot1-4",1,1,"video_relative_to_screen_recording_start",36.078785,328192.344,328242.344,1,36.078785,"1781266396475","../../../../../../Project/UE5/Gallery/Saved/ScreenRecordings/A017_2_20260612_201316_screen.mkv",328192.344,328242.344,328217.344,"1781266724666","1781266724716","2026-06-12T20:18:44.666+08:00","2026-06-12T20:18:44.716+08:00",353.671143,EXP2,"exp2_table",3,2,"1:4|2:3|3:1|4:2"
"exp2_target_object","实验二当前目标模型_脖子","Exp2_002_exp2_target_object_0426","video_relative_to_recording_start",rectangle,586,219,980,705,,,,"A017_2","Exp2_002","E1_SPATIAL_PROGRESSIVE",loading,,,,,1,TRUE,10600.000,10650.000,364.271149,364.321136,1920,1046,"ObjectSlot2",1,0,"video_relative_to_screen_recording_start",36.078785,328192.344,328242.344,1,36.078785,"1781266396475","../../../../../../Project/UE5/Gallery/Saved/ScreenRecordings/A017_2_20260612_201316_screen.mkv",328192.344,328242.344,328217.344,"1781266724666","1781266724716","2026-06-12T20:18:44.666+08:00","2026-06-12T20:18:44.716+08:00",353.671143,EXP2,"exp2_target",3,2,"1:4|2:3|3:1|4:2"
"exp2_table_objects","实验二桌面四模型总体区域","Exp2_002_exp2_table_objects_0427","video_relative_to_recording_start",rectangle,93,191,1919,838,,,,"A017_2","Exp2_002","E1_SPATIAL_PROGRESSIVE",loading,,,,,1,TRUE,10650.000,10700.000,364.321136,364.371155,1920,1046,"ObjectSlot1-4",1,1,"video_relative_to_screen_recording_start",36.078785,328242.344,328292.344,1,36.078785,"1781266396475","../../../../../../Project/UE5/Gallery/Saved/ScreenRecordings/A017_2_20260612_201316_screen.mkv",328242.344,328292.344,328267.344,"1781266724716","1781266724766","2026-06-12T20:18:44.716+08:00","2026-06-12T20:18:44.766+08:00",353.671143,EXP2,"exp2_table",3,2,"1:4|2:3|3:1|4:2"
"exp2_target_object","实验二当前目标模型_脖子","Exp2_002_exp2_target_object_0428","video_relative_to_recording_start",rectangle,596,219,989,704,,,,"A017_2","Exp2_002","E1_SPATIAL_PROGRESSIVE",loading,,,,,1,TRUE,10650.000,10700.000,364.321136,364.371155,1920,1046,"ObjectSlot2",1,0,"video_relative_to_screen_recording_start",36.078785,328242.344,328292.344,1,36.078785,"1781266396475","../../../../../../Project/UE5/Gallery/Saved/ScreenRecordings/A017_2_20260612_201316_screen.mkv",328242.344,328292.344,328267.344,"1781266724716","1781266724766","2026-06-12T20:18:44.716+08:00","2026-06-12T20:18:44.766+08:00",353.671143,EXP2,"exp2_target",3,2,"1:4|2:3|3:1|4:2"
"exp2_table_objects","实验二桌面四模型总体区域","Exp2_002_exp2_table_objects_0429","video_relative_to_recording_start",rectangle,101,191,1919,837,,,,"A017_2","Exp2_002","E1_SPATIAL_PROGRESSIVE",loading,,,,,1,TRUE,10700.000,10750.000,364.371155,364.421143,1920,1046,"ObjectSlot1-4",1,1,"video_relative_to_screen_recording_start",36.078785,328292.344,328342.344,1,36.078785,"1781266396475","../../../../../../Project/UE5/Gallery/Saved/ScreenRecordings/A017_2_20260612_201316_screen.mkv",328292.344,328342.344,328317.344,"1781266724766","1781266724816","2026-06-12T20:18:44.766+08:00","2026-06-12T20:18:44.816+08:00",353.671143,EXP2,"exp2_table",3,2,"1:4|2:3|3:1|4:2"
"exp2_target_object","实验二当前目标模型_脖子","Exp2_002_exp2_target_object_0430","video_relative_to_recording_start",rectangle,602,220,994,703,,,,"A017_2","Exp2_002","E1_SPATIAL_PROGRESSIVE",loading,,,,,1,TRUE,10700.000,10750.000,364.371155,364.421143,1920,1046,"ObjectSlot2",1,0,"video_relative_to_screen_recording_start",36.078785,328292.344,328342.344,1,36.078785,"1781266396475","../../../../../../Project/UE5/Gallery/Saved/ScreenRecordings/A017_2_20260612_201316_screen.mkv",328292.344,328342.344,328317.344,"1781266724766","1781266724816","2026-06-12T20:18:44.766+08:00","2026-06-12T20:18:44.816+08:00",353.671143,EXP2,"exp2_target",3,2,"1:4|2:3|3:1|4:2"
"exp2_table_objects","实验二桌面四模型总体区域","Exp2_002_exp2_table_objects_0431","video_relative_to_recording_start",rectangle,101,191,1919,837,,,,"A017_2","Exp2_002","E1_SPATIAL_PROGRESSIVE",loading,,,,,1,TRUE,10750.000,10800.000,364.421143,364.471130,1920,1046,"ObjectSlot1-4",1,1,"video_relative_to_screen_recording_start",36.078785,328342.344,328392.344,1,36.078785,"1781266396475","../../../../../../Project/UE5/Gallery/Saved/ScreenRecordings/A017_2_20260612_201316_screen.mkv",328342.344,328392.344,328367.344,"1781266724816","1781266724866","2026-06-12T20:18:44.816+08:00","2026-06-12T20:18:44.866+08:00",353.671143,EXP2,"exp2_table",3,2,"1:4|2:3|3:1|4:2"
"exp2_target_object","实验二当前目标模型_脖子","Exp2_002_exp2_target_object_0432","video_relative_to_recording_start",rectangle,602,220,994,703,,,,"A017_2","Exp2_002","E1_SPATIAL_PROGRESSIVE",loading,,,,,1,TRUE,10750.000,10800.000,364.421143,364.471130,1920,1046,"ObjectSlot2",1,0,"video_relative_to_screen_recording_start",36.078785,328342.344,328392.344,1,36.078785,"1781266396475","../../../../../../Project/UE5/Gallery/Saved/ScreenRecordings/A017_2_20260612_201316_screen.mkv",328342.344,328392.344,328367.344,"1781266724816","1781266724866","2026-06-12T20:18:44.816+08:00","2026-06-12T20:18:44.866+08:00",353.671143,EXP2,"exp2_target",3,2,"1:4|2:3|3:1|4:2"
"exp2_table_objects","实验二桌面四模型总体区域","Exp2_002_exp2_table_objects_0433","video_relative_to_recording_start",rectangle,101,191,1919,837,,,,"A017_2","Exp2_002","E1_SPATIAL_PROGRESSIVE",loading,,,,,1,TRUE,10800.000,10850.000,364.471130,364.521149,1920,1046,"ObjectSlot1-4",1,1,"video_relative_to_screen_recording_start",36.078785,328392.344,328442.344,1,36.078785,"1781266396475","../../../../../../Project/UE5/Gallery/Saved/ScreenRecordings/A017_2_20260612_201316_screen.mkv",328392.344,328442.344,328417.344,"1781266724866","1781266724916","2026-06-12T20:18:44.866+08:00","2026-06-12T20:18:44.916+08:00",353.671143,EXP2,"exp2_table",3,2,"1:4|2:3|3:1|4:2"
"exp2_target_object","实验二当前目标模型_脖子","Exp2_002_exp2_target_object_0434","video_relative_to_recording_start",rectangle,602,220,994,703,,,,"A017_2","Exp2_002","E1_SPATIAL_PROGRESSIVE",loading,,,,,1,TRUE,10800.000,10850.000,364.471130,364.521149,1920,1046,"ObjectSlot2",1,0,"video_relative_to_screen_recording_start",36.078785,328392.344,328442.344,1,36.078785,"1781266396475","../../../../../../Project/UE5/Gallery/Saved/ScreenRecordings/A017_2_20260612_201316_screen.mkv",328392.344,328442.344,328417.344,"1781266724866","1781266724916","2026-06-12T20:18:44.866+08:00","2026-06-12T20:18:44.916+08:00",353.671143,EXP2,"exp2_target",3,2,"1:4|2:3|3:1|4:2"
"exp2_table_objects","实验二桌面四模型总体区域","Exp2_002_exp2_table_objects_0435","video_relative_to_recording_start",rectangle,101,191,1919,837,,,,"A017_2","Exp2_002","E1_SPATIAL_PROGRESSIVE",loading,,,,,1,TRUE,10850.000,10900.000,364.521149,364.571136,1920,1046,"ObjectSlot1-4",1,1,"video_relative_to_screen_recording_start",36.078785,328442.344,328492.344,1,36.078785,"1781266396475","../../../../../../Project/UE5/Gallery/Saved/ScreenRecordings/A017_2_20260612_201316_screen.mkv",328442.344,328492.344,328467.344,"1781266724916","1781266724966","2026-06-12T20:18:44.916+08:00","2026-06-12T20:18:44.966+08:00",353.671143,EXP2,"exp2_table",3,2,"1:4|2:3|3:1|4:2"
"exp2_target_object","实验二当前目标模型_脖子","Exp2_002_exp2_target_object_0436","video_relative_to_recording_start",rectangle,602,220,994,703,,,,"A017_2","Exp2_002","E1_SPATIAL_PROGRESSIVE",loading,,,,,1,TRUE,10850.000,10900.000,364.521149,364.571136,1920,1046,"ObjectSlot2",1,0,"video_relative_to_screen_recording_start",36.078785,328442.344,328492.344,1,36.078785,"1781266396475","../../../../../../Project/UE5/Gallery/Saved/ScreenRecordings/A017_2_20260612_201316_screen.mkv",328442.344,328492.344,328467.344,"1781266724916","1781266724966","2026-06-12T20:18:44.916+08:00","2026-06-12T20:18:44.966+08:00",353.671143,EXP2,"exp2_target",3,2,"1:4|2:3|3:1|4:2"
"exp2_table_objects","实验二桌面四模型总体区域","Exp2_002_exp2_table_objects_0437","video_relative_to_recording_start",rectangle,101,191,1919,837,,,,"A017_2","Exp2_002","E1_SPATIAL_PROGRESSIVE",loading,,,,,1,TRUE,10900.000,10950.000,364.571136,364.621155,1920,1046,"ObjectSlot1-4",1,1,"video_relative_to_screen_recording_start",36.078785,328492.344,328542.344,1,36.078785,"1781266396475","../../../../../../Project/UE5/Gallery/Saved/ScreenRecordings/A017_2_20260612_201316_screen.mkv",328492.344,328542.344,328517.344,"1781266724966","1781266725016","2026-06-12T20:18:44.966+08:00","2026-06-12T20:18:45.016+08:00",353.671143,EXP2,"exp2_table",3,2,"1:4|2:3|3:1|4:2"
"exp2_target_object","实验二当前目标模型_脖子","Exp2_002_exp2_target_object_0438","video_relative_to_recording_start",rectangle,602,220,994,703,,,,"A017_2","Exp2_002","E1_SPATIAL_PROGRESSIVE",loading,,,,,1,TRUE,10900.000,10950.000,364.571136,364.621155,1920,1046,"ObjectSlot2",1,0,"video_relative_to_screen_recording_start",36.078785,328492.344,328542.344,1,36.078785,"1781266396475","../../../../../../Project/UE5/Gallery/Saved/ScreenRecordings/A017_2_20260612_201316_screen.mkv",328492.344,328542.344,328517.344,"1781266724966","1781266725016","2026-06-12T20:18:44.966+08:00","2026-06-12T20:18:45.016+08:00",353.671143,EXP2,"exp2_target",3,2,"1:4|2:3|3:1|4:2"
"exp2_table_objects","实验二桌面四模型总体区域","Exp2_002_exp2_table_objects_0439","video_relative_to_recording_start",rectangle,111,192,1919,836,,,,"A017_2","Exp2_002","E1_SPATIAL_PROGRESSIVE",loading,,,,,1,TRUE,10950.000,11000.000,364.621155,364.671143,1920,1046,"ObjectSlot1-4",1,1,"video_relative_to_screen_recording_start",36.078785,328542.344,328592.344,1,36.078785,"1781266396475","../../../../../../Project/UE5/Gallery/Saved/ScreenRecordings/A017_2_20260612_201316_screen.mkv",328542.344,328592.344,328567.344,"1781266725016","1781266725066","2026-06-12T20:18:45.016+08:00","2026-06-12T20:18:45.066+08:00",353.671143,EXP2,"exp2_table",3,2,"1:4|2:3|3:1|4:2"
"exp2_target_object","实验二当前目标模型_脖子","Exp2_002_exp2_target_object_0440","video_relative_to_recording_start",rectangle,609,220,1000,702,,,,"A017_2","Exp2_002","E1_SPATIAL_PROGRESSIVE",loading,,,,,1,TRUE,10950.000,11000.000,364.621155,364.671143,1920,1046,"ObjectSlot2",1,0,"video_relative_to_screen_recording_start",36.078785,328542.344,328592.344,1,36.078785,"1781266396475","../../../../../../Project/UE5/Gallery/Saved/ScreenRecordings/A017_2_20260612_201316_screen.mkv",328542.344,328592.344,328567.344,"1781266725016","1781266725066","2026-06-12T20:18:45.016+08:00","2026-06-12T20:18:45.066+08:00",353.671143,EXP2,"exp2_target",3,2,"1:4|2:3|3:1|4:2"
"exp2_table_objects","实验二桌面四模型总体区域","Exp2_002_exp2_table_objects_0441","video_relative_to_recording_start",rectangle,114,192,1919,836,,,,"A017_2","Exp2_002","E1_SPATIAL_PROGRESSIVE",loading,,,,,1,TRUE,11000.000,11050.000,364.671143,364.721130,1920,1046,"ObjectSlot1-4",1,1,"video_relative_to_screen_recording_start",36.078785,328592.344,328642.344,1,36.078785,"1781266396475","../../../../../../Project/UE5/Gallery/Saved/ScreenRecordings/A017_2_20260612_201316_screen.mkv",328592.344,328642.344,328617.344,"1781266725066","1781266725116","2026-06-12T20:18:45.066+08:00","2026-06-12T20:18:45.116+08:00",353.671143,EXP2,"exp2_table",3,2,"1:4|2:3|3:1|4:2"
"exp2_target_object","实验二当前目标模型_脖子","Exp2_002_exp2_target_object_0442","video_relative_to_recording_start",rectangle,611,220,1002,702,,,,"A017_2","Exp2_002","E1_SPATIAL_PROGRESSIVE",loading,,,,,1,TRUE,11000.000,11050.000,364.671143,364.721130,1920,1046,"ObjectSlot2",1,0,"video_relative_to_screen_recording_start",36.078785,328592.344,328642.344,1,36.078785,"1781266396475","../../../../../../Project/UE5/Gallery/Saved/ScreenRecordings/A017_2_20260612_201316_screen.mkv",328592.344,328642.344,328617.344,"1781266725066","1781266725116","2026-06-12T20:18:45.066+08:00","2026-06-12T20:18:45.116+08:00",353.671143,EXP2,"exp2_target",3,2,"1:4|2:3|3:1|4:2"
"exp2_table_objects","实验二桌面四模型总体区域","Exp2_002_exp2_table_objects_0443","video_relative_to_recording_start",rectangle,114,192,1919,836,,,,"A017_2","Exp2_002","E1_SPATIAL_PROGRESSIVE",loading,,,,,1,TRUE,11050.000,11100.000,364.721130,364.771149,1920,1046,"ObjectSlot1-4",1,1,"video_relative_to_screen_recording_start",36.078785,328642.344,328692.344,1,36.078785,"1781266396475","../../../../../../Project/UE5/Gallery/Saved/ScreenRecordings/A017_2_20260612_201316_screen.mkv",328642.344,328692.344,328667.344,"1781266725116","1781266725166","2026-06-12T20:18:45.116+08:00","2026-06-12T20:18:45.166+08:00",353.671143,EXP2,"exp2_table",3,2,"1:4|2:3|3:1|4:2"
"exp2_target_object","实验二当前目标模型_脖子","Exp2_002_exp2_target_object_0444","video_relative_to_recording_start",rectangle,611,220,1002,702,,,,"A017_2","Exp2_002","E1_SPATIAL_PROGRESSIVE",loading,,,,,1,TRUE,11050.000,11100.000,364.721130,364.771149,1920,1046,"ObjectSlot2",1,0,"video_relative_to_screen_recording_start",36.078785,328642.344,328692.344,1,36.078785,"1781266396475","../../../../../../Project/UE5/Gallery/Saved/ScreenRecordings/A017_2_20260612_201316_screen.mkv",328642.344,328692.344,328667.344,"1781266725116","1781266725166","2026-06-12T20:18:45.116+08:00","2026-06-12T20:18:45.166+08:00",353.671143,EXP2,"exp2_target",3,2,"1:4|2:3|3:1|4:2"
"exp2_table_objects","实验二桌面四模型总体区域","Exp2_002_exp2_table_objects_0445","video_relative_to_recording_start",rectangle,114,192,1919,836,,,,"A017_2","Exp2_002","E1_SPATIAL_PROGRESSIVE",loading,,,,,1,TRUE,11100.000,11150.000,364.771149,364.821136,1920,1046,"ObjectSlot1-4",1,1,"video_relative_to_screen_recording_start",36.078785,328692.344,328742.344,1,36.078785,"1781266396475","../../../../../../Project/UE5/Gallery/Saved/ScreenRecordings/A017_2_20260612_201316_screen.mkv",328692.344,328742.344,328717.344,"1781266725166","1781266725216","2026-06-12T20:18:45.166+08:00","2026-06-12T20:18:45.216+08:00",353.671143,EXP2,"exp2_table",3,2,"1:4|2:3|3:1|4:2"
"exp2_target_object","实验二当前目标模型_脖子","Exp2_002_exp2_target_object_0446","video_relative_to_recording_start",rectangle,611,220,1002,702,,,,"A017_2","Exp2_002","E1_SPATIAL_PROGRESSIVE",loading,,,,,1,TRUE,11100.000,11150.000,364.771149,364.821136,1920,1046,"ObjectSlot2",1,0,"video_relative_to_screen_recording_start",36.078785,328692.344,328742.344,1,36.078785,"1781266396475","../../../../../../Project/UE5/Gallery/Saved/ScreenRecordings/A017_2_20260612_201316_screen.mkv",328692.344,328742.344,328717.344,"1781266725166","1781266725216","2026-06-12T20:18:45.166+08:00","2026-06-12T20:18:45.216+08:00",353.671143,EXP2,"exp2_target",3,2,"1:4|2:3|3:1|4:2"
"exp2_table_objects","实验二桌面四模型总体区域","Exp2_002_exp2_table_objects_0447","video_relative_to_recording_start",rectangle,114,192,1919,836,,,,"A017_2","Exp2_002","E1_SPATIAL_PROGRESSIVE",loading,,,,,1,TRUE,11150.000,11200.000,364.821136,364.871155,1920,1046,"ObjectSlot1-4",1,1,"video_relative_to_screen_recording_start",36.078785,328742.344,328792.344,1,36.078785,"1781266396475","../../../../../../Project/UE5/Gallery/Saved/ScreenRecordings/A017_2_20260612_201316_screen.mkv",328742.344,328792.344,328767.344,"1781266725216","1781266725266","2026-06-12T20:18:45.216+08:00","2026-06-12T20:18:45.266+08:00",353.671143,EXP2,"exp2_table",3,2,"1:4|2:3|3:1|4:2"
"exp2_target_object","实验二当前目标模型_脖子","Exp2_002_exp2_target_object_0448","video_relative_to_recording_start",rectangle,611,220,1002,702,,,,"A017_2","Exp2_002","E1_SPATIAL_PROGRESSIVE",loading,,,,,1,TRUE,11150.000,11200.000,364.821136,364.871155,1920,1046,"ObjectSlot2",1,0,"video_relative_to_screen_recording_start",36.078785,328742.344,328792.344,1,36.078785,"1781266396475","../../../../../../Project/UE5/Gallery/Saved/ScreenRecordings/A017_2_20260612_201316_screen.mkv",328742.344,328792.344,328767.344,"1781266725216","1781266725266","2026-06-12T20:18:45.216+08:00","2026-06-12T20:18:45.266+08:00",353.671143,EXP2,"exp2_target",3,2,"1:4|2:3|3:1|4:2"
"exp2_table_objects","实验二桌面四模型总体区域","Exp2_002_exp2_table_objects_0449","video_relative_to_recording_start",rectangle,114,192,1919,836,,,,"A017_2","Exp2_002","E1_SPATIAL_PROGRESSIVE",loading,,,,,1,TRUE,11200.000,11250.000,364.871155,364.921143,1920,1046,"ObjectSlot1-4",1,1,"video_relative_to_screen_recording_start",36.078785,328792.344,328842.344,1,36.078785,"1781266396475","../../../../../../Project/UE5/Gallery/Saved/ScreenRecordings/A017_2_20260612_201316_screen.mkv",328792.344,328842.344,328817.344,"1781266725266","1781266725316","2026-06-12T20:18:45.266+08:00","2026-06-12T20:18:45.316+08:00",353.671143,EXP2,"exp2_table",3,2,"1:4|2:3|3:1|4:2"
"exp2_target_object","实验二当前目标模型_脖子","Exp2_002_exp2_target_object_0450","video_relative_to_recording_start",rectangle,611,220,1002,702,,,,"A017_2","Exp2_002","E1_SPATIAL_PROGRESSIVE",loading,,,,,1,TRUE,11200.000,11250.000,364.871155,364.921143,1920,1046,"ObjectSlot2",1,0,"video_relative_to_screen_recording_start",36.078785,328792.344,328842.344,1,36.078785,"1781266396475","../../../../../../Project/UE5/Gallery/Saved/ScreenRecordings/A017_2_20260612_201316_screen.mkv",328792.344,328842.344,328817.344,"1781266725266","1781266725316","2026-06-12T20:18:45.266+08:00","2026-06-12T20:18:45.316+08:00",353.671143,EXP2,"exp2_target",3,2,"1:4|2:3|3:1|4:2"
"exp2_table_objects","实验二桌面四模型总体区域","Exp2_002_exp2_table_objects_0451","video_relative_to_recording_start",rectangle,114,192,1919,836,,,,"A017_2","Exp2_002","E1_SPATIAL_PROGRESSIVE",loading,,,,,1,TRUE,11250.000,11300.000,364.921143,364.971130,1920,1046,"ObjectSlot1-4",1,1,"video_relative_to_screen_recording_start",36.078785,328842.344,328892.344,1,36.078785,"1781266396475","../../../../../../Project/UE5/Gallery/Saved/ScreenRecordings/A017_2_20260612_201316_screen.mkv",328842.344,328892.344,328867.344,"1781266725316","1781266725366","2026-06-12T20:18:45.316+08:00","2026-06-12T20:18:45.366+08:00",353.671143,EXP2,"exp2_table",3,2,"1:4|2:3|3:1|4:2"
"exp2_target_object","实验二当前目标模型_脖子","Exp2_002_exp2_target_object_0452","video_relative_to_recording_start",rectangle,611,220,1002,702,,,,"A017_2","Exp2_002","E1_SPATIAL_PROGRESSIVE",loading,,,,,1,TRUE,11250.000,11300.000,364.921143,364.971130,1920,1046,"ObjectSlot2",1,0,"video_relative_to_screen_recording_start",36.078785,328842.344,328892.344,1,36.078785,"1781266396475","../../../../../../Project/UE5/Gallery/Saved/ScreenRecordings/A017_2_20260612_201316_screen.mkv",328842.344,328892.344,328867.344,"1781266725316","1781266725366","2026-06-12T20:18:45.316+08:00","2026-06-12T20:18:45.366+08:00",353.671143,EXP2,"exp2_target",3,2,"1:4|2:3|3:1|4:2"
"exp2_table_objects","实验二桌面四模型总体区域","Exp2_002_exp2_table_objects_0453","video_relative_to_recording_start",rectangle,114,192,1919,836,,,,"A017_2","Exp2_002","E1_SPATIAL_PROGRESSIVE",loading,,,,,1,TRUE,11300.000,11350.000,364.971130,365.021149,1920,1046,"ObjectSlot1-4",1,1,"video_relative_to_screen_recording_start",36.078785,328892.344,328942.344,1,36.078785,"1781266396475","../../../../../../Project/UE5/Gallery/Saved/ScreenRecordings/A017_2_20260612_201316_screen.mkv",328892.344,328942.344,328917.344,"1781266725366","1781266725416","2026-06-12T20:18:45.366+08:00","2026-06-12T20:18:45.416+08:00",353.671143,EXP2,"exp2_table",3,2,"1:4|2:3|3:1|4:2"
"exp2_target_object","实验二当前目标模型_脖子","Exp2_002_exp2_target_object_0454","video_relative_to_recording_start",rectangle,611,220,1002,702,,,,"A017_2","Exp2_002","E1_SPATIAL_PROGRESSIVE",loading,,,,,1,TRUE,11300.000,11350.000,364.971130,365.021149,1920,1046,"ObjectSlot2",1,0,"video_relative_to_screen_recording_start",36.078785,328892.344,328942.344,1,36.078785,"1781266396475","../../../../../../Project/UE5/Gallery/Saved/ScreenRecordings/A017_2_20260612_201316_screen.mkv",328892.344,328942.344,328917.344,"1781266725366","1781266725416","2026-06-12T20:18:45.366+08:00","2026-06-12T20:18:45.416+08:00",353.671143,EXP2,"exp2_target",3,2,"1:4|2:3|3:1|4:2"
"exp2_table_objects","实验二桌面四模型总体区域","Exp2_002_exp2_table_objects_0455","video_relative_to_recording_start",rectangle,114,192,1919,836,,,,"A017_2","Exp2_002","E1_SPATIAL_PROGRESSIVE",loading,,,,,1,TRUE,11350.000,11400.000,365.021149,365.071136,1920,1046,"ObjectSlot1-4",1,1,"video_relative_to_screen_recording_start",36.078785,328942.344,328992.344,1,36.078785,"1781266396475","../../../../../../Project/UE5/Gallery/Saved/ScreenRecordings/A017_2_20260612_201316_screen.mkv",328942.344,328992.344,328967.344,"1781266725416","1781266725466","2026-06-12T20:18:45.416+08:00","2026-06-12T20:18:45.466+08:00",353.671143,EXP2,"exp2_table",3,2,"1:4|2:3|3:1|4:2"
"exp2_target_object","实验二当前目标模型_脖子","Exp2_002_exp2_target_object_0456","video_relative_to_recording_start",rectangle,611,220,1002,702,,,,"A017_2","Exp2_002","E1_SPATIAL_PROGRESSIVE",loading,,,,,1,TRUE,11350.000,11400.000,365.021149,365.071136,1920,1046,"ObjectSlot2",1,0,"video_relative_to_screen_recording_start",36.078785,328942.344,328992.344,1,36.078785,"1781266396475","../../../../../../Project/UE5/Gallery/Saved/ScreenRecordings/A017_2_20260612_201316_screen.mkv",328942.344,328992.344,328967.344,"1781266725416","1781266725466","2026-06-12T20:18:45.416+08:00","2026-06-12T20:18:45.466+08:00",353.671143,EXP2,"exp2_target",3,2,"1:4|2:3|3:1|4:2"
"exp2_table_objects","实验二桌面四模型总体区域","Exp2_002_exp2_table_objects_0457","video_relative_to_recording_start",rectangle,114,192,1919,836,,,,"A017_2","Exp2_002","E1_SPATIAL_PROGRESSIVE",loading,,,,,1,TRUE,11400.000,11450.000,365.071136,365.121155,1920,1046,"ObjectSlot1-4",1,1,"video_relative_to_screen_recording_start",36.078785,328992.344,329042.344,1,36.078785,"1781266396475","../../../../../../Project/UE5/Gallery/Saved/ScreenRecordings/A017_2_20260612_201316_screen.mkv",328992.344,329042.344,329017.344,"1781266725466","1781266725516","2026-06-12T20:18:45.466+08:00","2026-06-12T20:18:45.516+08:00",353.671143,EXP2,"exp2_table",3,2,"1:4|2:3|3:1|4:2"
"exp2_target_object","实验二当前目标模型_脖子","Exp2_002_exp2_target_object_0458","video_relative_to_recording_start",rectangle,611,220,1002,702,,,,"A017_2","Exp2_002","E1_SPATIAL_PROGRESSIVE",loading,,,,,1,TRUE,11400.000,11450.000,365.071136,365.121155,1920,1046,"ObjectSlot2",1,0,"video_relative_to_screen_recording_start",36.078785,328992.344,329042.344,1,36.078785,"1781266396475","../../../../../../Project/UE5/Gallery/Saved/ScreenRecordings/A017_2_20260612_201316_screen.mkv",328992.344,329042.344,329017.344,"1781266725466","1781266725516","2026-06-12T20:18:45.466+08:00","2026-06-12T20:18:45.516+08:00",353.671143,EXP2,"exp2_target",3,2,"1:4|2:3|3:1|4:2"
"exp2_table_objects","实验二桌面四模型总体区域","Exp2_002_exp2_table_objects_0459","video_relative_to_recording_start",rectangle,114,192,1919,836,,,,"A017_2","Exp2_002","E1_SPATIAL_PROGRESSIVE",loading,,,,,1,TRUE,11450.000,11500.000,365.121155,365.171143,1920,1046,"ObjectSlot1-4",1,1,"video_relative_to_screen_recording_start",36.078785,329042.344,329092.344,1,36.078785,"1781266396475","../../../../../../Project/UE5/Gallery/Saved/ScreenRecordings/A017_2_20260612_201316_screen.mkv",329042.344,329092.344,329067.344,"1781266725516","1781266725566","2026-06-12T20:18:45.516+08:00","2026-06-12T20:18:45.566+08:00",353.671143,EXP2,"exp2_table",3,2,"1:4|2:3|3:1|4:2"
"exp2_target_object","实验二当前目标模型_脖子","Exp2_002_exp2_target_object_0460","video_relative_to_recording_start",rectangle,611,220,1002,702,,,,"A017_2","Exp2_002","E1_SPATIAL_PROGRESSIVE",loading,,,,,1,TRUE,11450.000,11500.000,365.121155,365.171143,1920,1046,"ObjectSlot2",1,0,"video_relative_to_screen_recording_start",36.078785,329042.344,329092.344,1,36.078785,"1781266396475","../../../../../../Project/UE5/Gallery/Saved/ScreenRecordings/A017_2_20260612_201316_screen.mkv",329042.344,329092.344,329067.344,"1781266725516","1781266725566","2026-06-12T20:18:45.516+08:00","2026-06-12T20:18:45.566+08:00",353.671143,EXP2,"exp2_target",3,2,"1:4|2:3|3:1|4:2"
"exp2_table_objects","实验二桌面四模型总体区域","Exp2_002_exp2_table_objects_0461","video_relative_to_recording_start",rectangle,109,191,1919,836,,,,"A017_2","Exp2_002","E1_SPATIAL_PROGRESSIVE",loading,,,,,1,TRUE,11500.000,11550.000,365.171143,365.221130,1920,1046,"ObjectSlot1-4",1,1,"video_relative_to_screen_recording_start",36.078785,329092.344,329142.344,1,36.078785,"1781266396475","../../../../../../Project/UE5/Gallery/Saved/ScreenRecordings/A017_2_20260612_201316_screen.mkv",329092.344,329142.344,329117.344,"1781266725566","1781266725616","2026-06-12T20:18:45.566+08:00","2026-06-12T20:18:45.616+08:00",353.671143,EXP2,"exp2_table",3,2,"1:4|2:3|3:1|4:2"
"exp2_target_object","实验二当前目标模型_脖子","Exp2_002_exp2_target_object_0462","video_relative_to_recording_start",rectangle,608,220,999,702,,,,"A017_2","Exp2_002","E1_SPATIAL_PROGRESSIVE",loading,,,,,1,TRUE,11500.000,11550.000,365.171143,365.221130,1920,1046,"ObjectSlot2",1,0,"video_relative_to_screen_recording_start",36.078785,329092.344,329142.344,1,36.078785,"1781266396475","../../../../../../Project/UE5/Gallery/Saved/ScreenRecordings/A017_2_20260612_201316_screen.mkv",329092.344,329142.344,329117.344,"1781266725566","1781266725616","2026-06-12T20:18:45.566+08:00","2026-06-12T20:18:45.616+08:00",353.671143,EXP2,"exp2_target",3,2,"1:4|2:3|3:1|4:2"
"exp2_table_objects","实验二桌面四模型总体区域","Exp2_002_exp2_table_objects_0463","video_relative_to_recording_start",rectangle,86,199,1919,849,,,,"A017_2","Exp2_002","E1_SPATIAL_PROGRESSIVE",loading,,,,,1,TRUE,11550.000,11600.000,365.221130,365.271149,1920,1046,"ObjectSlot1-4",1,1,"video_relative_to_screen_recording_start",36.078785,329142.344,329192.344,1,36.078785,"1781266396475","../../../../../../Project/UE5/Gallery/Saved/ScreenRecordings/A017_2_20260612_201316_screen.mkv",329142.344,329192.344,329167.344,"1781266725616","1781266725666","2026-06-12T20:18:45.616+08:00","2026-06-12T20:18:45.666+08:00",353.671143,EXP2,"exp2_table",3,2,"1:4|2:3|3:1|4:2"
"exp2_target_object","实验二当前目标模型_脖子","Exp2_002_exp2_target_object_0464","video_relative_to_recording_start",rectangle,591,228,983,713,,,,"A017_2","Exp2_002","E1_SPATIAL_PROGRESSIVE",loading,,,,,1,TRUE,11550.000,11600.000,365.221130,365.271149,1920,1046,"ObjectSlot2",1,0,"video_relative_to_screen_recording_start",36.078785,329142.344,329192.344,1,36.078785,"1781266396475","../../../../../../Project/UE5/Gallery/Saved/ScreenRecordings/A017_2_20260612_201316_screen.mkv",329142.344,329192.344,329167.344,"1781266725616","1781266725666","2026-06-12T20:18:45.616+08:00","2026-06-12T20:18:45.666+08:00",353.671143,EXP2,"exp2_target",3,2,"1:4|2:3|3:1|4:2"
"exp2_table_objects","实验二桌面四模型总体区域","Exp2_002_exp2_table_objects_0465","video_relative_to_recording_start",rectangle,71,205,1919,859,,,,"A017_2","Exp2_002","E1_SPATIAL_PROGRESSIVE",loading,,,,,1,TRUE,11600.000,11650.000,365.271149,365.321136,1920,1046,"ObjectSlot1-4",1,1,"video_relative_to_screen_recording_start",36.078785,329192.344,329242.344,1,36.078785,"1781266396475","../../../../../../Project/UE5/Gallery/Saved/ScreenRecordings/A017_2_20260612_201316_screen.mkv",329192.344,329242.344,329217.344,"1781266725666","1781266725716","2026-06-12T20:18:45.666+08:00","2026-06-12T20:18:45.716+08:00",353.671143,EXP2,"exp2_table",3,2,"1:4|2:3|3:1|4:2"
"exp2_target_object","实验二当前目标模型_脖子","Exp2_002_exp2_target_object_0466","video_relative_to_recording_start",rectangle,580,234,973,720,,,,"A017_2","Exp2_002","E1_SPATIAL_PROGRESSIVE",loading,,,,,1,TRUE,11600.000,11650.000,365.271149,365.321136,1920,1046,"ObjectSlot2",1,0,"video_relative_to_screen_recording_start",36.078785,329192.344,329242.344,1,36.078785,"1781266396475","../../../../../../Project/UE5/Gallery/Saved/ScreenRecordings/A017_2_20260612_201316_screen.mkv",329192.344,329242.344,329217.344,"1781266725666","1781266725716","2026-06-12T20:18:45.666+08:00","2026-06-12T20:18:45.716+08:00",353.671143,EXP2,"exp2_target",3,2,"1:4|2:3|3:1|4:2"
"exp2_table_objects","实验二桌面四模型总体区域","Exp2_002_exp2_table_objects_0467","video_relative_to_recording_start",rectangle,68,207,1919,862,,,,"A017_2","Exp2_002","E1_SPATIAL_PROGRESSIVE",loading,,,,,1,TRUE,11650.000,11700.000,365.321136,365.371155,1920,1046,"ObjectSlot1-4",1,1,"video_relative_to_screen_recording_start",36.078785,329242.344,329292.344,1,36.078785,"1781266396475","../../../../../../Project/UE5/Gallery/Saved/ScreenRecordings/A017_2_20260612_201316_screen.mkv",329242.344,329292.344,329267.344,"1781266725716","1781266725766","2026-06-12T20:18:45.716+08:00","2026-06-12T20:18:45.766+08:00",353.671143,EXP2,"exp2_table",3,2,"1:4|2:3|3:1|4:2"
"exp2_target_object","实验二当前目标模型_脖子","Exp2_002_exp2_target_object_0468","video_relative_to_recording_start",rectangle,578,236,971,722,,,,"A017_2","Exp2_002","E1_SPATIAL_PROGRESSIVE",loading,,,,,1,TRUE,11650.000,11700.000,365.321136,365.371155,1920,1046,"ObjectSlot2",1,0,"video_relative_to_screen_recording_start",36.078785,329242.344,329292.344,1,36.078785,"1781266396475","../../../../../../Project/UE5/Gallery/Saved/ScreenRecordings/A017_2_20260612_201316_screen.mkv",329242.344,329292.344,329267.344,"1781266725716","1781266725766","2026-06-12T20:18:45.716+08:00","2026-06-12T20:18:45.766+08:00",353.671143,EXP2,"exp2_target",3,2,"1:4|2:3|3:1|4:2"
"exp2_table_objects","实验二桌面四模型总体区域","Exp2_002_exp2_table_objects_0469","video_relative_to_recording_start",rectangle,72,210,1919,865,,,,"A017_2","Exp2_002","E1_SPATIAL_PROGRESSIVE",loading,,,,,1,TRUE,11700.000,11750.000,365.371155,365.421143,1920,1046,"ObjectSlot1-4",1,1,"video_relative_to_screen_recording_start",36.078785,329292.344,329342.344,1,36.078785,"1781266396475","../../../../../../Project/UE5/Gallery/Saved/ScreenRecordings/A017_2_20260612_201316_screen.mkv",329292.344,329342.344,329317.344,"1781266725766","1781266725816","2026-06-12T20:18:45.766+08:00","2026-06-12T20:18:45.816+08:00",353.671143,EXP2,"exp2_table",3,2,"1:4|2:3|3:1|4:2"
"exp2_target_object","实验二当前目标模型_脖子","Exp2_002_exp2_target_object_0470","video_relative_to_recording_start",rectangle,580,240,973,725,,,,"A017_2","Exp2_002","E1_SPATIAL_PROGRESSIVE",loading,,,,,1,TRUE,11700.000,11750.000,365.371155,365.421143,1920,1046,"ObjectSlot2",1,0,"video_relative_to_screen_recording_start",36.078785,329292.344,329342.344,1,36.078785,"1781266396475","../../../../../../Project/UE5/Gallery/Saved/ScreenRecordings/A017_2_20260612_201316_screen.mkv",329292.344,329342.344,329317.344,"1781266725766","1781266725816","2026-06-12T20:18:45.766+08:00","2026-06-12T20:18:45.816+08:00",353.671143,EXP2,"exp2_target",3,2,"1:4|2:3|3:1|4:2"
"exp2_table_objects","实验二桌面四模型总体区域","Exp2_002_exp2_table_objects_0471","video_relative_to_recording_start",rectangle,72,210,1919,865,,,,"A017_2","Exp2_002","E1_SPATIAL_PROGRESSIVE",loading,,,,,1,TRUE,11750.000,11800.000,365.421143,365.471130,1920,1046,"ObjectSlot1-4",1,1,"video_relative_to_screen_recording_start",36.078785,329342.344,329392.344,1,36.078785,"1781266396475","../../../../../../Project/UE5/Gallery/Saved/ScreenRecordings/A017_2_20260612_201316_screen.mkv",329342.344,329392.344,329367.344,"1781266725816","1781266725866","2026-06-12T20:18:45.816+08:00","2026-06-12T20:18:45.866+08:00",353.671143,EXP2,"exp2_table",3,2,"1:4|2:3|3:1|4:2"
"exp2_target_object","实验二当前目标模型_脖子","Exp2_002_exp2_target_object_0472","video_relative_to_recording_start",rectangle,580,240,973,725,,,,"A017_2","Exp2_002","E1_SPATIAL_PROGRESSIVE",loading,,,,,1,TRUE,11750.000,11800.000,365.421143,365.471130,1920,1046,"ObjectSlot2",1,0,"video_relative_to_screen_recording_start",36.078785,329342.344,329392.344,1,36.078785,"1781266396475","../../../../../../Project/UE5/Gallery/Saved/ScreenRecordings/A017_2_20260612_201316_screen.mkv",329342.344,329392.344,329367.344,"1781266725816","1781266725866","2026-06-12T20:18:45.816+08:00","2026-06-12T20:18:45.866+08:00",353.671143,EXP2,"exp2_target",3,2,"1:4|2:3|3:1|4:2"
"exp2_table_objects","实验二桌面四模型总体区域","Exp2_002_exp2_table_objects_0473","video_relative_to_recording_start",rectangle,72,210,1919,865,,,,"A017_2","Exp2_002","E1_SPATIAL_PROGRESSIVE",loading,,,,,1,TRUE,11800.000,11850.000,365.471130,365.521149,1920,1046,"ObjectSlot1-4",1,1,"video_relative_to_screen_recording_start",36.078785,329392.344,329442.344,1,36.078785,"1781266396475","../../../../../../Project/UE5/Gallery/Saved/ScreenRecordings/A017_2_20260612_201316_screen.mkv",329392.344,329442.344,329417.344,"1781266725866","1781266725916","2026-06-12T20:18:45.866+08:00","2026-06-12T20:18:45.916+08:00",353.671143,EXP2,"exp2_table",3,2,"1:4|2:3|3:1|4:2"
"exp2_target_object","实验二当前目标模型_脖子","Exp2_002_exp2_target_object_0474","video_relative_to_recording_start",rectangle,580,240,973,725,,,,"A017_2","Exp2_002","E1_SPATIAL_PROGRESSIVE",loading,,,,,1,TRUE,11800.000,11850.000,365.471130,365.521149,1920,1046,"ObjectSlot2",1,0,"video_relative_to_screen_recording_start",36.078785,329392.344,329442.344,1,36.078785,"1781266396475","../../../../../../Project/UE5/Gallery/Saved/ScreenRecordings/A017_2_20260612_201316_screen.mkv",329392.344,329442.344,329417.344,"1781266725866","1781266725916","2026-06-12T20:18:45.866+08:00","2026-06-12T20:18:45.916+08:00",353.671143,EXP2,"exp2_target",3,2,"1:4|2:3|3:1|4:2"
"exp2_table_objects","实验二桌面四模型总体区域","Exp2_002_exp2_table_objects_0475","video_relative_to_recording_start",rectangle,74,211,1919,866,,,,"A017_2","Exp2_002","E1_SPATIAL_PROGRESSIVE",loading,,,,,1,TRUE,11850.000,11900.000,365.521149,365.571136,1920,1046,"ObjectSlot1-4",1,1,"video_relative_to_screen_recording_start",36.078785,329442.344,329492.344,1,36.078785,"1781266396475","../../../../../../Project/UE5/Gallery/Saved/ScreenRecordings/A017_2_20260612_201316_screen.mkv",329442.344,329492.344,329467.344,"1781266725916","1781266725966","2026-06-12T20:18:45.916+08:00","2026-06-12T20:18:45.966+08:00",353.671143,EXP2,"exp2_table",3,2,"1:4|2:3|3:1|4:2"
"exp2_target_object","实验二当前目标模型_脖子","Exp2_002_exp2_target_object_0476","video_relative_to_recording_start",rectangle,582,241,974,726,,,,"A017_2","Exp2_002","E1_SPATIAL_PROGRESSIVE",loading,,,,,1,TRUE,11850.000,11900.000,365.521149,365.571136,1920,1046,"ObjectSlot2",1,0,"video_relative_to_screen_recording_start",36.078785,329442.344,329492.344,1,36.078785,"1781266396475","../../../../../../Project/UE5/Gallery/Saved/ScreenRecordings/A017_2_20260612_201316_screen.mkv",329442.344,329492.344,329467.344,"1781266725916","1781266725966","2026-06-12T20:18:45.916+08:00","2026-06-12T20:18:45.966+08:00",353.671143,EXP2,"exp2_target",3,2,"1:4|2:3|3:1|4:2"
"exp2_table_objects","实验二桌面四模型总体区域","Exp2_002_exp2_table_objects_0477","video_relative_to_recording_start",rectangle,78,215,1919,868,,,,"A017_2","Exp2_002","E1_SPATIAL_PROGRESSIVE",loading,,,,,1,TRUE,11900.000,11950.000,365.571136,365.621155,1920,1046,"ObjectSlot1-4",1,1,"video_relative_to_screen_recording_start",36.078785,329492.344,329542.344,1,36.078785,"1781266396475","../../../../../../Project/UE5/Gallery/Saved/ScreenRecordings/A017_2_20260612_201316_screen.mkv",329492.344,329542.344,329517.344,"1781266725966","1781266726016","2026-06-12T20:18:45.966+08:00","2026-06-12T20:18:46.016+08:00",353.671143,EXP2,"exp2_table",3,2,"1:4|2:3|3:1|4:2"
"exp2_target_object","实验二当前目标模型_脖子","Exp2_002_exp2_target_object_0478","video_relative_to_recording_start",rectangle,584,244,976,729,,,,"A017_2","Exp2_002","E1_SPATIAL_PROGRESSIVE",loading,,,,,1,TRUE,11900.000,11950.000,365.571136,365.621155,1920,1046,"ObjectSlot2",1,0,"video_relative_to_screen_recording_start",36.078785,329492.344,329542.344,1,36.078785,"1781266396475","../../../../../../Project/UE5/Gallery/Saved/ScreenRecordings/A017_2_20260612_201316_screen.mkv",329492.344,329542.344,329517.344,"1781266725966","1781266726016","2026-06-12T20:18:45.966+08:00","2026-06-12T20:18:46.016+08:00",353.671143,EXP2,"exp2_target",3,2,"1:4|2:3|3:1|4:2"
"exp2_table_objects","实验二桌面四模型总体区域","Exp2_002_exp2_table_objects_0479","video_relative_to_recording_start",rectangle,84,219,1919,872,,,,"A017_2","Exp2_002","E1_SPATIAL_PROGRESSIVE",loading,,,,,1,TRUE,11950.000,12012.849,365.621155,365.683990,1920,1046,"ObjectSlot1-4",1,1,"video_relative_to_screen_recording_start",36.078785,329542.344,329605.188,1,36.078785,"1781266396475","../../../../../../Project/UE5/Gallery/Saved/ScreenRecordings/A017_2_20260612_201316_screen.mkv",329542.344,329605.188,329573.750,"1781266726016","1781266726079","2026-06-12T20:18:46.016+08:00","2026-06-12T20:18:46.079+08:00",353.671143,EXP2,"exp2_table",3,2,"1:4|2:3|3:1|4:2"
"exp2_target_object","实验二当前目标模型_脖子","Exp2_002_exp2_target_object_0480","video_relative_to_recording_start",rectangle,588,248,979,733,,,,"A017_2","Exp2_002","E1_SPATIAL_PROGRESSIVE",loading,,,,,1,TRUE,11950.000,12012.849,365.621155,365.683990,1920,1046,"ObjectSlot2",1,0,"video_relative_to_screen_recording_start",36.078785,329542.344,329605.188,1,36.078785,"1781266396475","../../../../../../Project/UE5/Gallery/Saved/ScreenRecordings/A017_2_20260612_201316_screen.mkv",329542.344,329605.188,329573.750,"1781266726016","1781266726079","2026-06-12T20:18:46.016+08:00","2026-06-12T20:18:46.079+08:00",353.671143,EXP2,"exp2_target",3,2,"1:4|2:3|3:1|4:2"
"exp2_table_objects","实验二桌面四模型总体区域","Exp2_003_exp2_table_objects_0001","video_relative_to_recording_start",rectangle,0,276,1919,1045,,,,"A017_2","Exp2_003","E3_SPATIAL_NONPROGRESSIVE",loading,,,,,1,TRUE,0.000,50.000,453.117737,453.167725,1920,1046,"ObjectSlot1-4",1,1,"video_relative_to_screen_recording_start",36.078785,417038.938,417088.938,1,36.078785,"1781266396475","../../../../../../Project/UE5/Gallery/Saved/ScreenRecordings/A017_2_20260612_201316_screen.mkv",417038.938,417088.938,417063.938,"1781266813513","1781266813563","2026-06-12T20:20:13.512+08:00","2026-06-12T20:20:13.562+08:00",453.117737,EXP2,"exp2_table",2,3,"1:3|2:4|3:2|4:1"
"exp2_target_object","实验二当前目标模型_右脸","Exp2_003_exp2_target_object_0002","video_relative_to_recording_start",rectangle,902,319,1789,939,,,,"A017_2","Exp2_003","E3_SPATIAL_NONPROGRESSIVE",loading,,,,,1,TRUE,0.000,50.000,453.117737,453.167725,1920,1046,"ObjectSlot3",1,0,"video_relative_to_screen_recording_start",36.078785,417038.938,417088.938,1,36.078785,"1781266396475","../../../../../../Project/UE5/Gallery/Saved/ScreenRecordings/A017_2_20260612_201316_screen.mkv",417038.938,417088.938,417063.938,"1781266813513","1781266813563","2026-06-12T20:20:13.512+08:00","2026-06-12T20:20:13.562+08:00",453.117737,EXP2,"exp2_target",2,3,"1:3|2:4|3:2|4:1"
"exp2_table_objects","实验二桌面四模型总体区域","Exp2_003_exp2_table_objects_0003","video_relative_to_recording_start",rectangle,0,276,1919,1045,,,,"A017_2","Exp2_003","E3_SPATIAL_NONPROGRESSIVE",loading,,,,,1,TRUE,50.000,100.000,453.167725,453.217743,1920,1046,"ObjectSlot1-4",1,1,"video_relative_to_screen_recording_start",36.078785,417088.938,417138.938,1,36.078785,"1781266396475","../../../../../../Project/UE5/Gallery/Saved/ScreenRecordings/A017_2_20260612_201316_screen.mkv",417088.938,417138.938,417113.938,"1781266813563","1781266813613","2026-06-12T20:20:13.562+08:00","2026-06-12T20:20:13.612+08:00",453.117737,EXP2,"exp2_table",2,3,"1:3|2:4|3:2|4:1"
"exp2_target_object","实验二当前目标模型_右脸","Exp2_003_exp2_target_object_0004","video_relative_to_recording_start",rectangle,902,319,1789,939,,,,"A017_2","Exp2_003","E3_SPATIAL_NONPROGRESSIVE",loading,,,,,1,TRUE,50.000,100.000,453.167725,453.217743,1920,1046,"ObjectSlot3",1,0,"video_relative_to_screen_recording_start",36.078785,417088.938,417138.938,1,36.078785,"1781266396475","../../../../../../Project/UE5/Gallery/Saved/ScreenRecordings/A017_2_20260612_201316_screen.mkv",417088.938,417138.938,417113.938,"1781266813563","1781266813613","2026-06-12T20:20:13.562+08:00","2026-06-12T20:20:13.612+08:00",453.117737,EXP2,"exp2_target",2,3,"1:3|2:4|3:2|4:1"
"exp2_table_objects","实验二桌面四模型总体区域","Exp2_003_exp2_table_objects_0005","video_relative_to_recording_start",rectangle,0,276,1919,1045,,,,"A017_2","Exp2_003","E3_SPATIAL_NONPROGRESSIVE",loading,,,,,1,TRUE,100.000,150.000,453.217743,453.267731,1920,1046,"ObjectSlot1-4",1,1,"video_relative_to_screen_recording_start",36.078785,417138.938,417188.938,1,36.078785,"1781266396475","../../../../../../Project/UE5/Gallery/Saved/ScreenRecordings/A017_2_20260612_201316_screen.mkv",417138.938,417188.938,417163.938,"1781266813613","1781266813663","2026-06-12T20:20:13.612+08:00","2026-06-12T20:20:13.662+08:00",453.117737,EXP2,"exp2_table",2,3,"1:3|2:4|3:2|4:1"
"exp2_target_object","实验二当前目标模型_右脸","Exp2_003_exp2_target_object_0006","video_relative_to_recording_start",rectangle,902,319,1789,939,,,,"A017_2","Exp2_003","E3_SPATIAL_NONPROGRESSIVE",loading,,,,,1,TRUE,100.000,150.000,453.217743,453.267731,1920,1046,"ObjectSlot3",1,0,"video_relative_to_screen_recording_start",36.078785,417138.938,417188.938,1,36.078785,"1781266396475","../../../../../../Project/UE5/Gallery/Saved/ScreenRecordings/A017_2_20260612_201316_screen.mkv",417138.938,417188.938,417163.938,"1781266813613","1781266813663","2026-06-12T20:20:13.612+08:00","2026-06-12T20:20:13.662+08:00",453.117737,EXP2,"exp2_target",2,3,"1:3|2:4|3:2|4:1"
"exp2_table_objects","实验二桌面四模型总体区域","Exp2_003_exp2_table_objects_0007","video_relative_to_recording_start",rectangle,0,276,1919,1045,,,,"A017_2","Exp2_003","E3_SPATIAL_NONPROGRESSIVE",loading,,,,,1,TRUE,150.000,200.000,453.267731,453.317749,1920,1046,"ObjectSlot1-4",1,1,"video_relative_to_screen_recording_start",36.078785,417188.938,417238.938,1,36.078785,"1781266396475","../../../../../../Project/UE5/Gallery/Saved/ScreenRecordings/A017_2_20260612_201316_screen.mkv",417188.938,417238.938,417213.938,"1781266813663","1781266813713","2026-06-12T20:20:13.662+08:00","2026-06-12T20:20:13.712+08:00",453.117737,EXP2,"exp2_table",2,3,"1:3|2:4|3:2|4:1"
"exp2_target_object","实验二当前目标模型_右脸","Exp2_003_exp2_target_object_0008","video_relative_to_recording_start",rectangle,902,319,1789,939,,,,"A017_2","Exp2_003","E3_SPATIAL_NONPROGRESSIVE",loading,,,,,1,TRUE,150.000,200.000,453.267731,453.317749,1920,1046,"ObjectSlot3",1,0,"video_relative_to_screen_recording_start",36.078785,417188.938,417238.938,1,36.078785,"1781266396475","../../../../../../Project/UE5/Gallery/Saved/ScreenRecordings/A017_2_20260612_201316_screen.mkv",417188.938,417238.938,417213.938,"1781266813663","1781266813713","2026-06-12T20:20:13.662+08:00","2026-06-12T20:20:13.712+08:00",453.117737,EXP2,"exp2_target",2,3,"1:3|2:4|3:2|4:1"
"exp2_table_objects","实验二桌面四模型总体区域","Exp2_003_exp2_table_objects_0009","video_relative_to_recording_start",rectangle,0,276,1919,1045,,,,"A017_2","Exp2_003","E3_SPATIAL_NONPROGRESSIVE",loading,,,,,1,TRUE,200.000,250.000,453.317749,453.367737,1920,1046,"ObjectSlot1-4",1,1,"video_relative_to_screen_recording_start",36.078785,417238.938,417288.938,1,36.078785,"1781266396475","../../../../../../Project/UE5/Gallery/Saved/ScreenRecordings/A017_2_20260612_201316_screen.mkv",417238.938,417288.938,417263.938,"1781266813713","1781266813763","2026-06-12T20:20:13.712+08:00","2026-06-12T20:20:13.762+08:00",453.117737,EXP2,"exp2_table",2,3,"1:3|2:4|3:2|4:1"
"exp2_target_object","实验二当前目标模型_右脸","Exp2_003_exp2_target_object_0010","video_relative_to_recording_start",rectangle,902,319,1789,939,,,,"A017_2","Exp2_003","E3_SPATIAL_NONPROGRESSIVE",loading,,,,,1,TRUE,200.000,250.000,453.317749,453.367737,1920,1046,"ObjectSlot3",1,0,"video_relative_to_screen_recording_start",36.078785,417238.938,417288.938,1,36.078785,"1781266396475","../../../../../../Project/UE5/Gallery/Saved/ScreenRecordings/A017_2_20260612_201316_screen.mkv",417238.938,417288.938,417263.938,"1781266813713","1781266813763","2026-06-12T20:20:13.712+08:00","2026-06-12T20:20:13.762+08:00",453.117737,EXP2,"exp2_target",2,3,"1:3|2:4|3:2|4:1"
"exp2_table_objects","实验二桌面四模型总体区域","Exp2_003_exp2_table_objects_0011","video_relative_to_recording_start",rectangle,0,276,1919,1045,,,,"A017_2","Exp2_003","E3_SPATIAL_NONPROGRESSIVE",loading,,,,,1,TRUE,250.000,300.000,453.367737,453.417725,1920,1046,"ObjectSlot1-4",1,1,"video_relative_to_screen_recording_start",36.078785,417288.938,417338.938,1,36.078785,"1781266396475","../../../../../../Project/UE5/Gallery/Saved/ScreenRecordings/A017_2_20260612_201316_screen.mkv",417288.938,417338.938,417313.938,"1781266813763","1781266813813","2026-06-12T20:20:13.762+08:00","2026-06-12T20:20:13.812+08:00",453.117737,EXP2,"exp2_table",2,3,"1:3|2:4|3:2|4:1"
"exp2_target_object","实验二当前目标模型_右脸","Exp2_003_exp2_target_object_0012","video_relative_to_recording_start",rectangle,902,319,1789,939,,,,"A017_2","Exp2_003","E3_SPATIAL_NONPROGRESSIVE",loading,,,,,1,TRUE,250.000,300.000,453.367737,453.417725,1920,1046,"ObjectSlot3",1,0,"video_relative_to_screen_recording_start",36.078785,417288.938,417338.938,1,36.078785,"1781266396475","../../../../../../Project/UE5/Gallery/Saved/ScreenRecordings/A017_2_20260612_201316_screen.mkv",417288.938,417338.938,417313.938,"1781266813763","1781266813813","2026-06-12T20:20:13.762+08:00","2026-06-12T20:20:13.812+08:00",453.117737,EXP2,"exp2_target",2,3,"1:3|2:4|3:2|4:1"
"exp2_table_objects","实验二桌面四模型总体区域","Exp2_003_exp2_table_objects_0013","video_relative_to_recording_start",rectangle,0,276,1919,1045,,,,"A017_2","Exp2_003","E3_SPATIAL_NONPROGRESSIVE",loading,,,,,1,TRUE,300.000,350.000,453.417725,453.467743,1920,1046,"ObjectSlot1-4",1,1,"video_relative_to_screen_recording_start",36.078785,417338.938,417388.938,1,36.078785,"1781266396475","../../../../../../Project/UE5/Gallery/Saved/ScreenRecordings/A017_2_20260612_201316_screen.mkv",417338.938,417388.938,417363.938,"1781266813813","1781266813863","2026-06-12T20:20:13.812+08:00","2026-06-12T20:20:13.862+08:00",453.117737,EXP2,"exp2_table",2,3,"1:3|2:4|3:2|4:1"
"exp2_target_object","实验二当前目标模型_右脸","Exp2_003_exp2_target_object_0014","video_relative_to_recording_start",rectangle,902,319,1789,939,,,,"A017_2","Exp2_003","E3_SPATIAL_NONPROGRESSIVE",loading,,,,,1,TRUE,300.000,350.000,453.417725,453.467743,1920,1046,"ObjectSlot3",1,0,"video_relative_to_screen_recording_start",36.078785,417338.938,417388.938,1,36.078785,"1781266396475","../../../../../../Project/UE5/Gallery/Saved/ScreenRecordings/A017_2_20260612_201316_screen.mkv",417338.938,417388.938,417363.938,"1781266813813","1781266813863","2026-06-12T20:20:13.812+08:00","2026-06-12T20:20:13.862+08:00",453.117737,EXP2,"exp2_target",2,3,"1:3|2:4|3:2|4:1"
"exp2_table_objects","实验二桌面四模型总体区域","Exp2_003_exp2_table_objects_0015","video_relative_to_recording_start",rectangle,0,276,1919,1045,,,,"A017_2","Exp2_003","E3_SPATIAL_NONPROGRESSIVE",loading,,,,,1,TRUE,350.000,400.000,453.467743,453.517731,1920,1046,"ObjectSlot1-4",1,1,"video_relative_to_screen_recording_start",36.078785,417388.938,417438.938,1,36.078785,"1781266396475","../../../../../../Project/UE5/Gallery/Saved/ScreenRecordings/A017_2_20260612_201316_screen.mkv",417388.938,417438.938,417413.938,"1781266813863","1781266813913","2026-06-12T20:20:13.862+08:00","2026-06-12T20:20:13.912+08:00",453.117737,EXP2,"exp2_table",2,3,"1:3|2:4|3:2|4:1"
"exp2_target_object","实验二当前目标模型_右脸","Exp2_003_exp2_target_object_0016","video_relative_to_recording_start",rectangle,902,319,1789,939,,,,"A017_2","Exp2_003","E3_SPATIAL_NONPROGRESSIVE",loading,,,,,1,TRUE,350.000,400.000,453.467743,453.517731,1920,1046,"ObjectSlot3",1,0,"video_relative_to_screen_recording_start",36.078785,417388.938,417438.938,1,36.078785,"1781266396475","../../../../../../Project/UE5/Gallery/Saved/ScreenRecordings/A017_2_20260612_201316_screen.mkv",417388.938,417438.938,417413.938,"1781266813863","1781266813913","2026-06-12T20:20:13.862+08:00","2026-06-12T20:20:13.912+08:00",453.117737,EXP2,"exp2_target",2,3,"1:3|2:4|3:2|4:1"
"exp2_table_objects","实验二桌面四模型总体区域","Exp2_003_exp2_table_objects_0017","video_relative_to_recording_start",rectangle,0,276,1919,1045,,,,"A017_2","Exp2_003","E3_SPATIAL_NONPROGRESSIVE",loading,,,,,1,TRUE,400.000,450.000,453.517731,453.567749,1920,1046,"ObjectSlot1-4",1,1,"video_relative_to_screen_recording_start",36.078785,417438.938,417488.938,1,36.078785,"1781266396475","../../../../../../Project/UE5/Gallery/Saved/ScreenRecordings/A017_2_20260612_201316_screen.mkv",417438.938,417488.938,417463.938,"1781266813913","1781266813963","2026-06-12T20:20:13.912+08:00","2026-06-12T20:20:13.962+08:00",453.117737,EXP2,"exp2_table",2,3,"1:3|2:4|3:2|4:1"
"exp2_target_object","实验二当前目标模型_右脸","Exp2_003_exp2_target_object_0018","video_relative_to_recording_start",rectangle,902,319,1789,939,,,,"A017_2","Exp2_003","E3_SPATIAL_NONPROGRESSIVE",loading,,,,,1,TRUE,400.000,450.000,453.517731,453.567749,1920,1046,"ObjectSlot3",1,0,"video_relative_to_screen_recording_start",36.078785,417438.938,417488.938,1,36.078785,"1781266396475","../../../../../../Project/UE5/Gallery/Saved/ScreenRecordings/A017_2_20260612_201316_screen.mkv",417438.938,417488.938,417463.938,"1781266813913","1781266813963","2026-06-12T20:20:13.912+08:00","2026-06-12T20:20:13.962+08:00",453.117737,EXP2,"exp2_target",2,3,"1:3|2:4|3:2|4:1"
"exp2_table_objects","实验二桌面四模型总体区域","Exp2_003_exp2_table_objects_0019","video_relative_to_recording_start",rectangle,0,276,1919,1045,,,,"A017_2","Exp2_003","E3_SPATIAL_NONPROGRESSIVE",loading,,,,,1,TRUE,450.000,500.000,453.567749,453.617737,1920,1046,"ObjectSlot1-4",1,1,"video_relative_to_screen_recording_start",36.078785,417488.938,417538.938,1,36.078785,"1781266396475","../../../../../../Project/UE5/Gallery/Saved/ScreenRecordings/A017_2_20260612_201316_screen.mkv",417488.938,417538.938,417513.938,"1781266813963","1781266814013","2026-06-12T20:20:13.962+08:00","2026-06-12T20:20:14.012+08:00",453.117737,EXP2,"exp2_table",2,3,"1:3|2:4|3:2|4:1"
"exp2_target_object","实验二当前目标模型_右脸","Exp2_003_exp2_target_object_0020","video_relative_to_recording_start",rectangle,902,319,1789,939,,,,"A017_2","Exp2_003","E3_SPATIAL_NONPROGRESSIVE",loading,,,,,1,TRUE,450.000,500.000,453.567749,453.617737,1920,1046,"ObjectSlot3",1,0,"video_relative_to_screen_recording_start",36.078785,417488.938,417538.938,1,36.078785,"1781266396475","../../../../../../Project/UE5/Gallery/Saved/ScreenRecordings/A017_2_20260612_201316_screen.mkv",417488.938,417538.938,417513.938,"1781266813963","1781266814013","2026-06-12T20:20:13.962+08:00","2026-06-12T20:20:14.012+08:00",453.117737,EXP2,"exp2_target",2,3,"1:3|2:4|3:2|4:1"
"exp2_table_objects","实验二桌面四模型总体区域","Exp2_003_exp2_table_objects_0021","video_relative_to_recording_start",rectangle,0,276,1919,1045,,,,"A017_2","Exp2_003","E3_SPATIAL_NONPROGRESSIVE",loading,,,,,1,TRUE,500.000,550.000,453.617737,453.667725,1920,1046,"ObjectSlot1-4",1,1,"video_relative_to_screen_recording_start",36.078785,417538.938,417588.938,1,36.078785,"1781266396475","../../../../../../Project/UE5/Gallery/Saved/ScreenRecordings/A017_2_20260612_201316_screen.mkv",417538.938,417588.938,417563.938,"1781266814013","1781266814063","2026-06-12T20:20:14.012+08:00","2026-06-12T20:20:14.062+08:00",453.117737,EXP2,"exp2_table",2,3,"1:3|2:4|3:2|4:1"
"exp2_target_object","实验二当前目标模型_右脸","Exp2_003_exp2_target_object_0022","video_relative_to_recording_start",rectangle,902,319,1789,939,,,,"A017_2","Exp2_003","E3_SPATIAL_NONPROGRESSIVE",loading,,,,,1,TRUE,500.000,550.000,453.617737,453.667725,1920,1046,"ObjectSlot3",1,0,"video_relative_to_screen_recording_start",36.078785,417538.938,417588.938,1,36.078785,"1781266396475","../../../../../../Project/UE5/Gallery/Saved/ScreenRecordings/A017_2_20260612_201316_screen.mkv",417538.938,417588.938,417563.938,"1781266814013","1781266814063","2026-06-12T20:20:14.012+08:00","2026-06-12T20:20:14.062+08:00",453.117737,EXP2,"exp2_target",2,3,"1:3|2:4|3:2|4:1"
"exp2_table_objects","实验二桌面四模型总体区域","Exp2_003_exp2_table_objects_0023","video_relative_to_recording_start",rectangle,0,276,1919,1045,,,,"A017_2","Exp2_003","E3_SPATIAL_NONPROGRESSIVE",loading,,,,,1,TRUE,550.000,600.000,453.667725,453.717743,1920,1046,"ObjectSlot1-4",1,1,"video_relative_to_screen_recording_start",36.078785,417588.938,417638.938,1,36.078785,"1781266396475","../../../../../../Project/UE5/Gallery/Saved/ScreenRecordings/A017_2_20260612_201316_screen.mkv",417588.938,417638.938,417613.938,"1781266814063","1781266814113","2026-06-12T20:20:14.062+08:00","2026-06-12T20:20:14.112+08:00",453.117737,EXP2,"exp2_table",2,3,"1:3|2:4|3:2|4:1"
"exp2_target_object","实验二当前目标模型_右脸","Exp2_003_exp2_target_object_0024","video_relative_to_recording_start",rectangle,902,319,1789,939,,,,"A017_2","Exp2_003","E3_SPATIAL_NONPROGRESSIVE",loading,,,,,1,TRUE,550.000,600.000,453.667725,453.717743,1920,1046,"ObjectSlot3",1,0,"video_relative_to_screen_recording_start",36.078785,417588.938,417638.938,1,36.078785,"1781266396475","../../../../../../Project/UE5/Gallery/Saved/ScreenRecordings/A017_2_20260612_201316_screen.mkv",417588.938,417638.938,417613.938,"1781266814063","1781266814113","2026-06-12T20:20:14.062+08:00","2026-06-12T20:20:14.112+08:00",453.117737,EXP2,"exp2_target",2,3,"1:3|2:4|3:2|4:1"
"exp2_table_objects","实验二桌面四模型总体区域","Exp2_003_exp2_table_objects_0025","video_relative_to_recording_start",rectangle,0,276,1919,1045,,,,"A017_2","Exp2_003","E3_SPATIAL_NONPROGRESSIVE",loading,,,,,1,TRUE,600.000,650.000,453.717743,453.767731,1920,1046,"ObjectSlot1-4",1,1,"video_relative_to_screen_recording_start",36.078785,417638.938,417688.938,1,36.078785,"1781266396475","../../../../../../Project/UE5/Gallery/Saved/ScreenRecordings/A017_2_20260612_201316_screen.mkv",417638.938,417688.938,417663.938,"1781266814113","1781266814163","2026-06-12T20:20:14.112+08:00","2026-06-12T20:20:14.162+08:00",453.117737,EXP2,"exp2_table",2,3,"1:3|2:4|3:2|4:1"
"exp2_target_object","实验二当前目标模型_右脸","Exp2_003_exp2_target_object_0026","video_relative_to_recording_start",rectangle,902,319,1789,939,,,,"A017_2","Exp2_003","E3_SPATIAL_NONPROGRESSIVE",loading,,,,,1,TRUE,600.000,650.000,453.717743,453.767731,1920,1046,"ObjectSlot3",1,0,"video_relative_to_screen_recording_start",36.078785,417638.938,417688.938,1,36.078785,"1781266396475","../../../../../../Project/UE5/Gallery/Saved/ScreenRecordings/A017_2_20260612_201316_screen.mkv",417638.938,417688.938,417663.938,"1781266814113","1781266814163","2026-06-12T20:20:14.112+08:00","2026-06-12T20:20:14.162+08:00",453.117737,EXP2,"exp2_target",2,3,"1:3|2:4|3:2|4:1"
"exp2_table_objects","实验二桌面四模型总体区域","Exp2_003_exp2_table_objects_0027","video_relative_to_recording_start",rectangle,0,276,1919,1045,,,,"A017_2","Exp2_003","E3_SPATIAL_NONPROGRESSIVE",loading,,,,,1,TRUE,650.000,700.000,453.767731,453.817749,1920,1046,"ObjectSlot1-4",1,1,"video_relative_to_screen_recording_start",36.078785,417688.938,417738.938,1,36.078785,"1781266396475","../../../../../../Project/UE5/Gallery/Saved/ScreenRecordings/A017_2_20260612_201316_screen.mkv",417688.938,417738.938,417713.938,"1781266814163","1781266814213","2026-06-12T20:20:14.162+08:00","2026-06-12T20:20:14.212+08:00",453.117737,EXP2,"exp2_table",2,3,"1:3|2:4|3:2|4:1"
"exp2_target_object","实验二当前目标模型_右脸","Exp2_003_exp2_target_object_0028","video_relative_to_recording_start",rectangle,902,319,1789,939,,,,"A017_2","Exp2_003","E3_SPATIAL_NONPROGRESSIVE",loading,,,,,1,TRUE,650.000,700.000,453.767731,453.817749,1920,1046,"ObjectSlot3",1,0,"video_relative_to_screen_recording_start",36.078785,417688.938,417738.938,1,36.078785,"1781266396475","../../../../../../Project/UE5/Gallery/Saved/ScreenRecordings/A017_2_20260612_201316_screen.mkv",417688.938,417738.938,417713.938,"1781266814163","1781266814213","2026-06-12T20:20:14.162+08:00","2026-06-12T20:20:14.212+08:00",453.117737,EXP2,"exp2_target",2,3,"1:3|2:4|3:2|4:1"
"exp2_table_objects","实验二桌面四模型总体区域","Exp2_003_exp2_table_objects_0029","video_relative_to_recording_start",rectangle,0,276,1919,1045,,,,"A017_2","Exp2_003","E3_SPATIAL_NONPROGRESSIVE",loading,,,,,1,TRUE,700.000,750.000,453.817749,453.867737,1920,1046,"ObjectSlot1-4",1,1,"video_relative_to_screen_recording_start",36.078785,417738.938,417788.938,1,36.078785,"1781266396475","../../../../../../Project/UE5/Gallery/Saved/ScreenRecordings/A017_2_20260612_201316_screen.mkv",417738.938,417788.938,417763.938,"1781266814213","1781266814263","2026-06-12T20:20:14.212+08:00","2026-06-12T20:20:14.262+08:00",453.117737,EXP2,"exp2_table",2,3,"1:3|2:4|3:2|4:1"
"exp2_target_object","实验二当前目标模型_右脸","Exp2_003_exp2_target_object_0030","video_relative_to_recording_start",rectangle,902,319,1789,939,,,,"A017_2","Exp2_003","E3_SPATIAL_NONPROGRESSIVE",loading,,,,,1,TRUE,700.000,750.000,453.817749,453.867737,1920,1046,"ObjectSlot3",1,0,"video_relative_to_screen_recording_start",36.078785,417738.938,417788.938,1,36.078785,"1781266396475","../../../../../../Project/UE5/Gallery/Saved/ScreenRecordings/A017_2_20260612_201316_screen.mkv",417738.938,417788.938,417763.938,"1781266814213","1781266814263","2026-06-12T20:20:14.212+08:00","2026-06-12T20:20:14.262+08:00",453.117737,EXP2,"exp2_target",2,3,"1:3|2:4|3:2|4:1"
"exp2_table_objects","实验二桌面四模型总体区域","Exp2_003_exp2_table_objects_0031","video_relative_to_recording_start",rectangle,0,276,1919,1045,,,,"A017_2","Exp2_003","E3_SPATIAL_NONPROGRESSIVE",loading,,,,,1,TRUE,750.000,800.000,453.867737,453.917725,1920,1046,"ObjectSlot1-4",1,1,"video_relative_to_screen_recording_start",36.078785,417788.938,417838.938,1,36.078785,"1781266396475","../../../../../../Project/UE5/Gallery/Saved/ScreenRecordings/A017_2_20260612_201316_screen.mkv",417788.938,417838.938,417813.938,"1781266814263","1781266814313","2026-06-12T20:20:14.262+08:00","2026-06-12T20:20:14.312+08:00",453.117737,EXP2,"exp2_table",2,3,"1:3|2:4|3:2|4:1"
"exp2_target_object","实验二当前目标模型_右脸","Exp2_003_exp2_target_object_0032","video_relative_to_recording_start",rectangle,902,319,1789,939,,,,"A017_2","Exp2_003","E3_SPATIAL_NONPROGRESSIVE",loading,,,,,1,TRUE,750.000,800.000,453.867737,453.917725,1920,1046,"ObjectSlot3",1,0,"video_relative_to_screen_recording_start",36.078785,417788.938,417838.938,1,36.078785,"1781266396475","../../../../../../Project/UE5/Gallery/Saved/ScreenRecordings/A017_2_20260612_201316_screen.mkv",417788.938,417838.938,417813.938,"1781266814263","1781266814313","2026-06-12T20:20:14.262+08:00","2026-06-12T20:20:14.312+08:00",453.117737,EXP2,"exp2_target",2,3,"1:3|2:4|3:2|4:1"
"exp2_table_objects","实验二桌面四模型总体区域","Exp2_003_exp2_table_objects_0033","video_relative_to_recording_start",rectangle,0,276,1919,1045,,,,"A017_2","Exp2_003","E3_SPATIAL_NONPROGRESSIVE",loading,,,,,1,TRUE,800.000,850.000,453.917725,453.967743,1920,1046,"ObjectSlot1-4",1,1,"video_relative_to_screen_recording_start",36.078785,417838.938,417888.938,1,36.078785,"1781266396475","../../../../../../Project/UE5/Gallery/Saved/ScreenRecordings/A017_2_20260612_201316_screen.mkv",417838.938,417888.938,417863.938,"1781266814313","1781266814363","2026-06-12T20:20:14.312+08:00","2026-06-12T20:20:14.362+08:00",453.117737,EXP2,"exp2_table",2,3,"1:3|2:4|3:2|4:1"
"exp2_target_object","实验二当前目标模型_右脸","Exp2_003_exp2_target_object_0034","video_relative_to_recording_start",rectangle,902,319,1789,939,,,,"A017_2","Exp2_003","E3_SPATIAL_NONPROGRESSIVE",loading,,,,,1,TRUE,800.000,850.000,453.917725,453.967743,1920,1046,"ObjectSlot3",1,0,"video_relative_to_screen_recording_start",36.078785,417838.938,417888.938,1,36.078785,"1781266396475","../../../../../../Project/UE5/Gallery/Saved/ScreenRecordings/A017_2_20260612_201316_screen.mkv",417838.938,417888.938,417863.938,"1781266814313","1781266814363","2026-06-12T20:20:14.312+08:00","2026-06-12T20:20:14.362+08:00",453.117737,EXP2,"exp2_target",2,3,"1:3|2:4|3:2|4:1"
"exp2_table_objects","实验二桌面四模型总体区域","Exp2_003_exp2_table_objects_0035","video_relative_to_recording_start",rectangle,0,276,1919,1045,,,,"A017_2","Exp2_003","E3_SPATIAL_NONPROGRESSIVE",loading,,,,,1,TRUE,850.000,900.000,453.967743,454.017731,1920,1046,"ObjectSlot1-4",1,1,"video_relative_to_screen_recording_start",36.078785,417888.938,417938.938,1,36.078785,"1781266396475","../../../../../../Project/UE5/Gallery/Saved/ScreenRecordings/A017_2_20260612_201316_screen.mkv",417888.938,417938.938,417913.938,"1781266814363","1781266814413","2026-06-12T20:20:14.362+08:00","2026-06-12T20:20:14.412+08:00",453.117737,EXP2,"exp2_table",2,3,"1:3|2:4|3:2|4:1"
"exp2_target_object","实验二当前目标模型_右脸","Exp2_003_exp2_target_object_0036","video_relative_to_recording_start",rectangle,902,319,1789,939,,,,"A017_2","Exp2_003","E3_SPATIAL_NONPROGRESSIVE",loading,,,,,1,TRUE,850.000,900.000,453.967743,454.017731,1920,1046,"ObjectSlot3",1,0,"video_relative_to_screen_recording_start",36.078785,417888.938,417938.938,1,36.078785,"1781266396475","../../../../../../Project/UE5/Gallery/Saved/ScreenRecordings/A017_2_20260612_201316_screen.mkv",417888.938,417938.938,417913.938,"1781266814363","1781266814413","2026-06-12T20:20:14.362+08:00","2026-06-12T20:20:14.412+08:00",453.117737,EXP2,"exp2_target",2,3,"1:3|2:4|3:2|4:1"
"exp2_table_objects","实验二桌面四模型总体区域","Exp2_003_exp2_table_objects_0037","video_relative_to_recording_start",rectangle,0,276,1919,1045,,,,"A017_2","Exp2_003","E3_SPATIAL_NONPROGRESSIVE",loading,,,,,1,TRUE,900.000,950.000,454.017731,454.067749,1920,1046,"ObjectSlot1-4",1,1,"video_relative_to_screen_recording_start",36.078785,417938.938,417988.938,1,36.078785,"1781266396475","../../../../../../Project/UE5/Gallery/Saved/ScreenRecordings/A017_2_20260612_201316_screen.mkv",417938.938,417988.938,417963.938,"1781266814413","1781266814463","2026-06-12T20:20:14.412+08:00","2026-06-12T20:20:14.462+08:00",453.117737,EXP2,"exp2_table",2,3,"1:3|2:4|3:2|4:1"
"exp2_target_object","实验二当前目标模型_右脸","Exp2_003_exp2_target_object_0038","video_relative_to_recording_start",rectangle,902,319,1789,939,,,,"A017_2","Exp2_003","E3_SPATIAL_NONPROGRESSIVE",loading,,,,,1,TRUE,900.000,950.000,454.017731,454.067749,1920,1046,"ObjectSlot3",1,0,"video_relative_to_screen_recording_start",36.078785,417938.938,417988.938,1,36.078785,"1781266396475","../../../../../../Project/UE5/Gallery/Saved/ScreenRecordings/A017_2_20260612_201316_screen.mkv",417938.938,417988.938,417963.938,"1781266814413","1781266814463","2026-06-12T20:20:14.412+08:00","2026-06-12T20:20:14.462+08:00",453.117737,EXP2,"exp2_target",2,3,"1:3|2:4|3:2|4:1"
"exp2_table_objects","实验二桌面四模型总体区域","Exp2_003_exp2_table_objects_0039","video_relative_to_recording_start",rectangle,0,276,1919,1045,,,,"A017_2","Exp2_003","E3_SPATIAL_NONPROGRESSIVE",loading,,,,,1,TRUE,950.000,1000.000,454.067749,454.117737,1920,1046,"ObjectSlot1-4",1,1,"video_relative_to_screen_recording_start",36.078785,417988.938,418038.938,1,36.078785,"1781266396475","../../../../../../Project/UE5/Gallery/Saved/ScreenRecordings/A017_2_20260612_201316_screen.mkv",417988.938,418038.938,418013.938,"1781266814463","1781266814513","2026-06-12T20:20:14.462+08:00","2026-06-12T20:20:14.512+08:00",453.117737,EXP2,"exp2_table",2,3,"1:3|2:4|3:2|4:1"
"exp2_target_object","实验二当前目标模型_右脸","Exp2_003_exp2_target_object_0040","video_relative_to_recording_start",rectangle,902,319,1789,939,,,,"A017_2","Exp2_003","E3_SPATIAL_NONPROGRESSIVE",loading,,,,,1,TRUE,950.000,1000.000,454.067749,454.117737,1920,1046,"ObjectSlot3",1,0,"video_relative_to_screen_recording_start",36.078785,417988.938,418038.938,1,36.078785,"1781266396475","../../../../../../Project/UE5/Gallery/Saved/ScreenRecordings/A017_2_20260612_201316_screen.mkv",417988.938,418038.938,418013.938,"1781266814463","1781266814513","2026-06-12T20:20:14.462+08:00","2026-06-12T20:20:14.512+08:00",453.117737,EXP2,"exp2_target",2,3,"1:3|2:4|3:2|4:1"
"exp2_table_objects","实验二桌面四模型总体区域","Exp2_003_exp2_table_objects_0041","video_relative_to_recording_start",rectangle,0,276,1919,1045,,,,"A017_2","Exp2_003","E3_SPATIAL_NONPROGRESSIVE",loading,,,,,1,TRUE,1000.000,1050.000,454.117737,454.167725,1920,1046,"ObjectSlot1-4",1,1,"video_relative_to_screen_recording_start",36.078785,418038.938,418088.938,1,36.078785,"1781266396475","../../../../../../Project/UE5/Gallery/Saved/ScreenRecordings/A017_2_20260612_201316_screen.mkv",418038.938,418088.938,418063.938,"1781266814513","1781266814563","2026-06-12T20:20:14.512+08:00","2026-06-12T20:20:14.562+08:00",453.117737,EXP2,"exp2_table",2,3,"1:3|2:4|3:2|4:1"
"exp2_target_object","实验二当前目标模型_右脸","Exp2_003_exp2_target_object_0042","video_relative_to_recording_start",rectangle,902,319,1789,939,,,,"A017_2","Exp2_003","E3_SPATIAL_NONPROGRESSIVE",loading,,,,,1,TRUE,1000.000,1050.000,454.117737,454.167725,1920,1046,"ObjectSlot3",1,0,"video_relative_to_screen_recording_start",36.078785,418038.938,418088.938,1,36.078785,"1781266396475","../../../../../../Project/UE5/Gallery/Saved/ScreenRecordings/A017_2_20260612_201316_screen.mkv",418038.938,418088.938,418063.938,"1781266814513","1781266814563","2026-06-12T20:20:14.512+08:00","2026-06-12T20:20:14.562+08:00",453.117737,EXP2,"exp2_target",2,3,"1:3|2:4|3:2|4:1"
"exp2_table_objects","实验二桌面四模型总体区域","Exp2_003_exp2_table_objects_0043","video_relative_to_recording_start",rectangle,0,276,1919,1045,,,,"A017_2","Exp2_003","E3_SPATIAL_NONPROGRESSIVE",loading,,,,,1,TRUE,1050.000,1100.000,454.167725,454.217743,1920,1046,"ObjectSlot1-4",1,1,"video_relative_to_screen_recording_start",36.078785,418088.938,418138.938,1,36.078785,"1781266396475","../../../../../../Project/UE5/Gallery/Saved/ScreenRecordings/A017_2_20260612_201316_screen.mkv",418088.938,418138.938,418113.938,"1781266814563","1781266814613","2026-06-12T20:20:14.562+08:00","2026-06-12T20:20:14.612+08:00",453.117737,EXP2,"exp2_table",2,3,"1:3|2:4|3:2|4:1"
"exp2_target_object","实验二当前目标模型_右脸","Exp2_003_exp2_target_object_0044","video_relative_to_recording_start",rectangle,902,319,1789,939,,,,"A017_2","Exp2_003","E3_SPATIAL_NONPROGRESSIVE",loading,,,,,1,TRUE,1050.000,1100.000,454.167725,454.217743,1920,1046,"ObjectSlot3",1,0,"video_relative_to_screen_recording_start",36.078785,418088.938,418138.938,1,36.078785,"1781266396475","../../../../../../Project/UE5/Gallery/Saved/ScreenRecordings/A017_2_20260612_201316_screen.mkv",418088.938,418138.938,418113.938,"1781266814563","1781266814613","2026-06-12T20:20:14.562+08:00","2026-06-12T20:20:14.612+08:00",453.117737,EXP2,"exp2_target",2,3,"1:3|2:4|3:2|4:1"
"exp2_table_objects","实验二桌面四模型总体区域","Exp2_003_exp2_table_objects_0045","video_relative_to_recording_start",rectangle,0,275,1919,1045,,,,"A017_2","Exp2_003","E3_SPATIAL_NONPROGRESSIVE",loading,,,,,1,TRUE,1100.000,1150.000,454.217743,454.267731,1920,1046,"ObjectSlot1-4",1,1,"video_relative_to_screen_recording_start",36.078785,418138.938,418188.938,1,36.078785,"1781266396475","../../../../../../Project/UE5/Gallery/Saved/ScreenRecordings/A017_2_20260612_201316_screen.mkv",418138.938,418188.938,418163.938,"1781266814613","1781266814663","2026-06-12T20:20:14.612+08:00","2026-06-12T20:20:14.662+08:00",453.117737,EXP2,"exp2_table",2,3,"1:3|2:4|3:2|4:1"
"exp2_target_object","实验二当前目标模型_右脸","Exp2_003_exp2_target_object_0046","video_relative_to_recording_start",rectangle,905,318,1794,938,,,,"A017_2","Exp2_003","E3_SPATIAL_NONPROGRESSIVE",loading,,,,,1,TRUE,1100.000,1150.000,454.217743,454.267731,1920,1046,"ObjectSlot3",1,0,"video_relative_to_screen_recording_start",36.078785,418138.938,418188.938,1,36.078785,"1781266396475","../../../../../../Project/UE5/Gallery/Saved/ScreenRecordings/A017_2_20260612_201316_screen.mkv",418138.938,418188.938,418163.938,"1781266814613","1781266814663","2026-06-12T20:20:14.612+08:00","2026-06-12T20:20:14.662+08:00",453.117737,EXP2,"exp2_target",2,3,"1:3|2:4|3:2|4:1"
"exp2_table_objects","实验二桌面四模型总体区域","Exp2_003_exp2_table_objects_0047","video_relative_to_recording_start",rectangle,0,282,1919,1045,,,,"A017_2","Exp2_003","E3_SPATIAL_NONPROGRESSIVE",loading,,,,,1,TRUE,1150.000,1200.000,454.267731,454.317749,1920,1046,"ObjectSlot1-4",1,1,"video_relative_to_screen_recording_start",36.078785,418188.938,418238.938,1,36.078785,"1781266396475","../../../../../../Project/UE5/Gallery/Saved/ScreenRecordings/A017_2_20260612_201316_screen.mkv",418188.938,418238.938,418213.938,"1781266814663","1781266814713","2026-06-12T20:20:14.662+08:00","2026-06-12T20:20:14.712+08:00",453.117737,EXP2,"exp2_table",2,3,"1:3|2:4|3:2|4:1"
"exp2_target_object","实验二当前目标模型_右脸","Exp2_003_exp2_target_object_0048","video_relative_to_recording_start",rectangle,924,325,1824,946,,,,"A017_2","Exp2_003","E3_SPATIAL_NONPROGRESSIVE",loading,,,,,1,TRUE,1150.000,1200.000,454.267731,454.317749,1920,1046,"ObjectSlot3",1,0,"video_relative_to_screen_recording_start",36.078785,418188.938,418238.938,1,36.078785,"1781266396475","../../../../../../Project/UE5/Gallery/Saved/ScreenRecordings/A017_2_20260612_201316_screen.mkv",418188.938,418238.938,418213.938,"1781266814663","1781266814713","2026-06-12T20:20:14.662+08:00","2026-06-12T20:20:14.712+08:00",453.117737,EXP2,"exp2_target",2,3,"1:3|2:4|3:2|4:1"
"exp2_table_objects","实验二桌面四模型总体区域","Exp2_003_exp2_table_objects_0049","video_relative_to_recording_start",rectangle,0,284,1919,1045,,,,"A017_2","Exp2_003","E3_SPATIAL_NONPROGRESSIVE",loading,,,,,1,TRUE,1200.000,1250.000,454.317749,454.367737,1920,1046,"ObjectSlot1-4",1,1,"video_relative_to_screen_recording_start",36.078785,418238.938,418288.938,1,36.078785,"1781266396475","../../../../../../Project/UE5/Gallery/Saved/ScreenRecordings/A017_2_20260612_201316_screen.mkv",418238.938,418288.938,418263.938,"1781266814713","1781266814763","2026-06-12T20:20:14.712+08:00","2026-06-12T20:20:14.762+08:00",453.117737,EXP2,"exp2_table",2,3,"1:3|2:4|3:2|4:1"
"exp2_target_object","实验二当前目标模型_右脸","Exp2_003_exp2_target_object_0050","video_relative_to_recording_start",rectangle,940,328,1849,950,,,,"A017_2","Exp2_003","E3_SPATIAL_NONPROGRESSIVE",loading,,,,,1,TRUE,1200.000,1250.000,454.317749,454.367737,1920,1046,"ObjectSlot3",1,0,"video_relative_to_screen_recording_start",36.078785,418238.938,418288.938,1,36.078785,"1781266396475","../../../../../../Project/UE5/Gallery/Saved/ScreenRecordings/A017_2_20260612_201316_screen.mkv",418238.938,418288.938,418263.938,"1781266814713","1781266814763","2026-06-12T20:20:14.712+08:00","2026-06-12T20:20:14.762+08:00",453.117737,EXP2,"exp2_target",2,3,"1:3|2:4|3:2|4:1"
"exp2_table_objects","实验二桌面四模型总体区域","Exp2_003_exp2_table_objects_0051","video_relative_to_recording_start",rectangle,0,282,1919,1045,,,,"A017_2","Exp2_003","E3_SPATIAL_NONPROGRESSIVE",loading,,,,,1,TRUE,1250.000,1300.000,454.367737,454.417725,1920,1046,"ObjectSlot1-4",1,1,"video_relative_to_screen_recording_start",36.078785,418288.938,418338.938,1,36.078785,"1781266396475","../../../../../../Project/UE5/Gallery/Saved/ScreenRecordings/A017_2_20260612_201316_screen.mkv",418288.938,418338.938,418313.938,"1781266814763","1781266814813","2026-06-12T20:20:14.762+08:00","2026-06-12T20:20:14.812+08:00",453.117737,EXP2,"exp2_table",2,3,"1:3|2:4|3:2|4:1"
"exp2_target_object","实验二当前目标模型_右脸","Exp2_003_exp2_target_object_0052","video_relative_to_recording_start",rectangle,946,328,1860,952,,,,"A017_2","Exp2_003","E3_SPATIAL_NONPROGRESSIVE",loading,,,,,1,TRUE,1250.000,1300.000,454.367737,454.417725,1920,1046,"ObjectSlot3",1,0,"video_relative_to_screen_recording_start",36.078785,418288.938,418338.938,1,36.078785,"1781266396475","../../../../../../Project/UE5/Gallery/Saved/ScreenRecordings/A017_2_20260612_201316_screen.mkv",418288.938,418338.938,418313.938,"1781266814763","1781266814813","2026-06-12T20:20:14.762+08:00","2026-06-12T20:20:14.812+08:00",453.117737,EXP2,"exp2_target",2,3,"1:3|2:4|3:2|4:1"
"exp2_table_objects","实验二桌面四模型总体区域","Exp2_003_exp2_table_objects_0053","video_relative_to_recording_start",rectangle,0,282,1919,1045,,,,"A017_2","Exp2_003","E3_SPATIAL_NONPROGRESSIVE",loading,,,,,1,TRUE,1300.000,1350.000,454.417725,454.467743,1920,1046,"ObjectSlot1-4",1,1,"video_relative_to_screen_recording_start",36.078785,418338.938,418388.938,1,36.078785,"1781266396475","../../../../../../Project/UE5/Gallery/Saved/ScreenRecordings/A017_2_20260612_201316_screen.mkv",418338.938,418388.938,418363.938,"1781266814813","1781266814863","2026-06-12T20:20:14.812+08:00","2026-06-12T20:20:14.862+08:00",453.117737,EXP2,"exp2_table",2,3,"1:3|2:4|3:2|4:1"
"exp2_target_object","实验二当前目标模型_右脸","Exp2_003_exp2_target_object_0054","video_relative_to_recording_start",rectangle,948,328,1864,953,,,,"A017_2","Exp2_003","E3_SPATIAL_NONPROGRESSIVE",loading,,,,,1,TRUE,1300.000,1350.000,454.417725,454.467743,1920,1046,"ObjectSlot3",1,0,"video_relative_to_screen_recording_start",36.078785,418338.938,418388.938,1,36.078785,"1781266396475","../../../../../../Project/UE5/Gallery/Saved/ScreenRecordings/A017_2_20260612_201316_screen.mkv",418338.938,418388.938,418363.938,"1781266814813","1781266814863","2026-06-12T20:20:14.812+08:00","2026-06-12T20:20:14.862+08:00",453.117737,EXP2,"exp2_target",2,3,"1:3|2:4|3:2|4:1"
"exp2_table_objects","实验二桌面四模型总体区域","Exp2_003_exp2_table_objects_0055","video_relative_to_recording_start",rectangle,0,282,1919,1045,,,,"A017_2","Exp2_003","E3_SPATIAL_NONPROGRESSIVE",loading,,,,,1,TRUE,1350.000,1400.000,454.467743,454.517731,1920,1046,"ObjectSlot1-4",1,1,"video_relative_to_screen_recording_start",36.078785,418388.938,418438.938,1,36.078785,"1781266396475","../../../../../../Project/UE5/Gallery/Saved/ScreenRecordings/A017_2_20260612_201316_screen.mkv",418388.938,418438.938,418413.938,"1781266814863","1781266814913","2026-06-12T20:20:14.862+08:00","2026-06-12T20:20:14.912+08:00",453.117737,EXP2,"exp2_table",2,3,"1:3|2:4|3:2|4:1"
"exp2_target_object","实验二当前目标模型_右脸","Exp2_003_exp2_target_object_0056","video_relative_to_recording_start",rectangle,948,328,1864,953,,,,"A017_2","Exp2_003","E3_SPATIAL_NONPROGRESSIVE",loading,,,,,1,TRUE,1350.000,1400.000,454.467743,454.517731,1920,1046,"ObjectSlot3",1,0,"video_relative_to_screen_recording_start",36.078785,418388.938,418438.938,1,36.078785,"1781266396475","../../../../../../Project/UE5/Gallery/Saved/ScreenRecordings/A017_2_20260612_201316_screen.mkv",418388.938,418438.938,418413.938,"1781266814863","1781266814913","2026-06-12T20:20:14.862+08:00","2026-06-12T20:20:14.912+08:00",453.117737,EXP2,"exp2_target",2,3,"1:3|2:4|3:2|4:1"
"exp2_table_objects","实验二桌面四模型总体区域","Exp2_003_exp2_table_objects_0057","video_relative_to_recording_start",rectangle,0,282,1919,1045,,,,"A017_2","Exp2_003","E3_SPATIAL_NONPROGRESSIVE",loading,,,,,1,TRUE,1400.000,1450.000,454.517731,454.567749,1920,1046,"ObjectSlot1-4",1,1,"video_relative_to_screen_recording_start",36.078785,418438.938,418488.938,1,36.078785,"1781266396475","../../../../../../Project/UE5/Gallery/Saved/ScreenRecordings/A017_2_20260612_201316_screen.mkv",418438.938,418488.938,418463.938,"1781266814913","1781266814963","2026-06-12T20:20:14.912+08:00","2026-06-12T20:20:14.962+08:00",453.117737,EXP2,"exp2_table",2,3,"1:3|2:4|3:2|4:1"
"exp2_target_object","实验二当前目标模型_右脸","Exp2_003_exp2_target_object_0058","video_relative_to_recording_start",rectangle,948,328,1864,953,,,,"A017_2","Exp2_003","E3_SPATIAL_NONPROGRESSIVE",loading,,,,,1,TRUE,1400.000,1450.000,454.517731,454.567749,1920,1046,"ObjectSlot3",1,0,"video_relative_to_screen_recording_start",36.078785,418438.938,418488.938,1,36.078785,"1781266396475","../../../../../../Project/UE5/Gallery/Saved/ScreenRecordings/A017_2_20260612_201316_screen.mkv",418438.938,418488.938,418463.938,"1781266814913","1781266814963","2026-06-12T20:20:14.912+08:00","2026-06-12T20:20:14.962+08:00",453.117737,EXP2,"exp2_target",2,3,"1:3|2:4|3:2|4:1"
"exp2_table_objects","实验二桌面四模型总体区域","Exp2_003_exp2_table_objects_0059","video_relative_to_recording_start",rectangle,0,282,1919,1045,,,,"A017_2","Exp2_003","E3_SPATIAL_NONPROGRESSIVE",loading,,,,,1,TRUE,1450.000,1500.000,454.567749,454.617737,1920,1046,"ObjectSlot1-4",1,1,"video_relative_to_screen_recording_start",36.078785,418488.938,418538.938,1,36.078785,"1781266396475","../../../../../../Project/UE5/Gallery/Saved/ScreenRecordings/A017_2_20260612_201316_screen.mkv",418488.938,418538.938,418513.938,"1781266814963","1781266815013","2026-06-12T20:20:14.962+08:00","2026-06-12T20:20:15.012+08:00",453.117737,EXP2,"exp2_table",2,3,"1:3|2:4|3:2|4:1"
"exp2_target_object","实验二当前目标模型_右脸","Exp2_003_exp2_target_object_0060","video_relative_to_recording_start",rectangle,948,328,1864,953,,,,"A017_2","Exp2_003","E3_SPATIAL_NONPROGRESSIVE",loading,,,,,1,TRUE,1450.000,1500.000,454.567749,454.617737,1920,1046,"ObjectSlot3",1,0,"video_relative_to_screen_recording_start",36.078785,418488.938,418538.938,1,36.078785,"1781266396475","../../../../../../Project/UE5/Gallery/Saved/ScreenRecordings/A017_2_20260612_201316_screen.mkv",418488.938,418538.938,418513.938,"1781266814963","1781266815013","2026-06-12T20:20:14.962+08:00","2026-06-12T20:20:15.012+08:00",453.117737,EXP2,"exp2_target",2,3,"1:3|2:4|3:2|4:1"
"exp2_table_objects","实验二桌面四模型总体区域","Exp2_003_exp2_table_objects_0061","video_relative_to_recording_start",rectangle,0,282,1919,1045,,,,"A017_2","Exp2_003","E3_SPATIAL_NONPROGRESSIVE",loading,,,,,1,TRUE,1500.000,1550.000,454.617737,454.667725,1920,1046,"ObjectSlot1-4",1,1,"video_relative_to_screen_recording_start",36.078785,418538.938,418588.938,1,36.078785,"1781266396475","../../../../../../Project/UE5/Gallery/Saved/ScreenRecordings/A017_2_20260612_201316_screen.mkv",418538.938,418588.938,418563.938,"1781266815013","1781266815063","2026-06-12T20:20:15.012+08:00","2026-06-12T20:20:15.062+08:00",453.117737,EXP2,"exp2_table",2,3,"1:3|2:4|3:2|4:1"
"exp2_target_object","实验二当前目标模型_右脸","Exp2_003_exp2_target_object_0062","video_relative_to_recording_start",rectangle,948,328,1864,953,,,,"A017_2","Exp2_003","E3_SPATIAL_NONPROGRESSIVE",loading,,,,,1,TRUE,1500.000,1550.000,454.617737,454.667725,1920,1046,"ObjectSlot3",1,0,"video_relative_to_screen_recording_start",36.078785,418538.938,418588.938,1,36.078785,"1781266396475","../../../../../../Project/UE5/Gallery/Saved/ScreenRecordings/A017_2_20260612_201316_screen.mkv",418538.938,418588.938,418563.938,"1781266815013","1781266815063","2026-06-12T20:20:15.012+08:00","2026-06-12T20:20:15.062+08:00",453.117737,EXP2,"exp2_target",2,3,"1:3|2:4|3:2|4:1"
"exp2_table_objects","实验二桌面四模型总体区域","Exp2_003_exp2_table_objects_0063","video_relative_to_recording_start",rectangle,0,283,1919,1045,,,,"A017_2","Exp2_003","E3_SPATIAL_NONPROGRESSIVE",loading,,,,,1,TRUE,1550.000,1600.000,454.667725,454.717743,1920,1046,"ObjectSlot1-4",1,1,"video_relative_to_screen_recording_start",36.078785,418588.938,418638.938,1,36.078785,"1781266396475","../../../../../../Project/UE5/Gallery/Saved/ScreenRecordings/A017_2_20260612_201316_screen.mkv",418588.938,418638.938,418613.938,"1781266815063","1781266815113","2026-06-12T20:20:15.062+08:00","2026-06-12T20:20:15.112+08:00",453.117737,EXP2,"exp2_table",2,3,"1:3|2:4|3:2|4:1"
"exp2_target_object","实验二当前目标模型_右脸","Exp2_003_exp2_target_object_0064","video_relative_to_recording_start",rectangle,953,329,1872,957,,,,"A017_2","Exp2_003","E3_SPATIAL_NONPROGRESSIVE",loading,,,,,1,TRUE,1550.000,1600.000,454.667725,454.717743,1920,1046,"ObjectSlot3",1,0,"video_relative_to_screen_recording_start",36.078785,418588.938,418638.938,1,36.078785,"1781266396475","../../../../../../Project/UE5/Gallery/Saved/ScreenRecordings/A017_2_20260612_201316_screen.mkv",418588.938,418638.938,418613.938,"1781266815063","1781266815113","2026-06-12T20:20:15.062+08:00","2026-06-12T20:20:15.112+08:00",453.117737,EXP2,"exp2_target",2,3,"1:3|2:4|3:2|4:1"
"exp2_table_objects","实验二桌面四模型总体区域","Exp2_003_exp2_table_objects_0065","video_relative_to_recording_start",rectangle,0,284,1919,1045,,,,"A017_2","Exp2_003","E3_SPATIAL_NONPROGRESSIVE",loading,,,,,1,TRUE,1600.000,1650.000,454.717743,454.767731,1920,1046,"ObjectSlot1-4",1,1,"video_relative_to_screen_recording_start",36.078785,418638.938,418688.938,1,36.078785,"1781266396475","../../../../../../Project/UE5/Gallery/Saved/ScreenRecordings/A017_2_20260612_201316_screen.mkv",418638.938,418688.938,418663.938,"1781266815113","1781266815163","2026-06-12T20:20:15.112+08:00","2026-06-12T20:20:15.162+08:00",453.117737,EXP2,"exp2_table",2,3,"1:3|2:4|3:2|4:1"
"exp2_target_object","实验二当前目标模型_右脸","Exp2_003_exp2_target_object_0066","video_relative_to_recording_start",rectangle,978,335,1914,976,,,,"A017_2","Exp2_003","E3_SPATIAL_NONPROGRESSIVE",loading,,,,,1,TRUE,1600.000,1650.000,454.717743,454.767731,1920,1046,"ObjectSlot3",1,0,"video_relative_to_screen_recording_start",36.078785,418638.938,418688.938,1,36.078785,"1781266396475","../../../../../../Project/UE5/Gallery/Saved/ScreenRecordings/A017_2_20260612_201316_screen.mkv",418638.938,418688.938,418663.938,"1781266815113","1781266815163","2026-06-12T20:20:15.112+08:00","2026-06-12T20:20:15.162+08:00",453.117737,EXP2,"exp2_target",2,3,"1:3|2:4|3:2|4:1"
"exp2_table_objects","实验二桌面四模型总体区域","Exp2_003_exp2_table_objects_0067","video_relative_to_recording_start",rectangle,0,285,1919,1045,,,,"A017_2","Exp2_003","E3_SPATIAL_NONPROGRESSIVE",loading,,,,,1,TRUE,1650.000,1700.000,454.767731,454.817749,1920,1046,"ObjectSlot1-4",1,1,"video_relative_to_screen_recording_start",36.078785,418688.938,418738.938,1,36.078785,"1781266396475","../../../../../../Project/UE5/Gallery/Saved/ScreenRecordings/A017_2_20260612_201316_screen.mkv",418688.938,418738.938,418713.938,"1781266815163","1781266815213","2026-06-12T20:20:15.162+08:00","2026-06-12T20:20:15.212+08:00",453.117737,EXP2,"exp2_table",2,3,"1:3|2:4|3:2|4:1"
"exp2_target_object","实验二当前目标模型_右脸","Exp2_003_exp2_target_object_0068","video_relative_to_recording_start",rectangle,993,338,1919,989,,,,"A017_2","Exp2_003","E3_SPATIAL_NONPROGRESSIVE",loading,,,,,1,TRUE,1650.000,1700.000,454.767731,454.817749,1920,1046,"ObjectSlot3",1,1,"video_relative_to_screen_recording_start",36.078785,418688.938,418738.938,1,36.078785,"1781266396475","../../../../../../Project/UE5/Gallery/Saved/ScreenRecordings/A017_2_20260612_201316_screen.mkv",418688.938,418738.938,418713.938,"1781266815163","1781266815213","2026-06-12T20:20:15.162+08:00","2026-06-12T20:20:15.212+08:00",453.117737,EXP2,"exp2_target",2,3,"1:3|2:4|3:2|4:1"
"exp2_table_objects","实验二桌面四模型总体区域","Exp2_003_exp2_table_objects_0069","video_relative_to_recording_start",rectangle,0,285,1919,1045,,,,"A017_2","Exp2_003","E3_SPATIAL_NONPROGRESSIVE",loading,,,,,1,TRUE,1700.000,1750.000,454.817749,454.867737,1920,1046,"ObjectSlot1-4",1,1,"video_relative_to_screen_recording_start",36.078785,418738.938,418788.938,1,36.078785,"1781266396475","../../../../../../Project/UE5/Gallery/Saved/ScreenRecordings/A017_2_20260612_201316_screen.mkv",418738.938,418788.938,418763.938,"1781266815213","1781266815263","2026-06-12T20:20:15.212+08:00","2026-06-12T20:20:15.262+08:00",453.117737,EXP2,"exp2_table",2,3,"1:3|2:4|3:2|4:1"
"exp2_target_object","实验二当前目标模型_右脸","Exp2_003_exp2_target_object_0070","video_relative_to_recording_start",rectangle,1011,342,1919,1003,,,,"A017_2","Exp2_003","E3_SPATIAL_NONPROGRESSIVE",loading,,,,,1,TRUE,1700.000,1750.000,454.817749,454.867737,1920,1046,"ObjectSlot3",1,1,"video_relative_to_screen_recording_start",36.078785,418738.938,418788.938,1,36.078785,"1781266396475","../../../../../../Project/UE5/Gallery/Saved/ScreenRecordings/A017_2_20260612_201316_screen.mkv",418738.938,418788.938,418763.938,"1781266815213","1781266815263","2026-06-12T20:20:15.212+08:00","2026-06-12T20:20:15.262+08:00",453.117737,EXP2,"exp2_target",2,3,"1:3|2:4|3:2|4:1"
"exp2_table_objects","实验二桌面四模型总体区域","Exp2_003_exp2_table_objects_0071","video_relative_to_recording_start",rectangle,0,285,1919,1045,,,,"A017_2","Exp2_003","E3_SPATIAL_NONPROGRESSIVE",loading,,,,,1,TRUE,1750.000,1800.000,454.867737,454.917725,1920,1046,"ObjectSlot1-4",1,1,"video_relative_to_screen_recording_start",36.078785,418788.938,418838.938,1,36.078785,"1781266396475","../../../../../../Project/UE5/Gallery/Saved/ScreenRecordings/A017_2_20260612_201316_screen.mkv",418788.938,418838.938,418813.938,"1781266815263","1781266815313","2026-06-12T20:20:15.262+08:00","2026-06-12T20:20:15.312+08:00",453.117737,EXP2,"exp2_table",2,3,"1:3|2:4|3:2|4:1"
"exp2_target_object","实验二当前目标模型_右脸","Exp2_003_exp2_target_object_0072","video_relative_to_recording_start",rectangle,1021,344,1919,1012,,,,"A017_2","Exp2_003","E3_SPATIAL_NONPROGRESSIVE",loading,,,,,1,TRUE,1750.000,1800.000,454.867737,454.917725,1920,1046,"ObjectSlot3",1,1,"video_relative_to_screen_recording_start",36.078785,418788.938,418838.938,1,36.078785,"1781266396475","../../../../../../Project/UE5/Gallery/Saved/ScreenRecordings/A017_2_20260612_201316_screen.mkv",418788.938,418838.938,418813.938,"1781266815263","1781266815313","2026-06-12T20:20:15.262+08:00","2026-06-12T20:20:15.312+08:00",453.117737,EXP2,"exp2_target",2,3,"1:3|2:4|3:2|4:1"
"exp2_table_objects","实验二桌面四模型总体区域","Exp2_003_exp2_table_objects_0073","video_relative_to_recording_start",rectangle,0,284,1919,1045,,,,"A017_2","Exp2_003","E3_SPATIAL_NONPROGRESSIVE",loading,,,,,1,TRUE,1800.000,1850.000,454.917725,454.967743,1920,1046,"ObjectSlot1-4",1,1,"video_relative_to_screen_recording_start",36.078785,418838.938,418888.938,1,36.078785,"1781266396475","../../../../../../Project/UE5/Gallery/Saved/ScreenRecordings/A017_2_20260612_201316_screen.mkv",418838.938,418888.938,418863.938,"1781266815313","1781266815363","2026-06-12T20:20:15.312+08:00","2026-06-12T20:20:15.362+08:00",453.117737,EXP2,"exp2_table",2,3,"1:3|2:4|3:2|4:1"
"exp2_target_object","实验二当前目标模型_右脸","Exp2_003_exp2_target_object_0074","video_relative_to_recording_start",rectangle,1025,344,1919,1013,,,,"A017_2","Exp2_003","E3_SPATIAL_NONPROGRESSIVE",loading,,,,,1,TRUE,1800.000,1850.000,454.917725,454.967743,1920,1046,"ObjectSlot3",1,1,"video_relative_to_screen_recording_start",36.078785,418838.938,418888.938,1,36.078785,"1781266396475","../../../../../../Project/UE5/Gallery/Saved/ScreenRecordings/A017_2_20260612_201316_screen.mkv",418838.938,418888.938,418863.938,"1781266815313","1781266815363","2026-06-12T20:20:15.312+08:00","2026-06-12T20:20:15.362+08:00",453.117737,EXP2,"exp2_target",2,3,"1:3|2:4|3:2|4:1"
"exp2_table_objects","实验二桌面四模型总体区域","Exp2_003_exp2_table_objects_0075","video_relative_to_recording_start",rectangle,0,284,1919,1045,,,,"A017_2","Exp2_003","E3_SPATIAL_NONPROGRESSIVE",loading,,,,,1,TRUE,1850.000,1900.000,454.967743,455.017731,1920,1046,"ObjectSlot1-4",1,1,"video_relative_to_screen_recording_start",36.078785,418888.938,418938.938,1,36.078785,"1781266396475","../../../../../../Project/UE5/Gallery/Saved/ScreenRecordings/A017_2_20260612_201316_screen.mkv",418888.938,418938.938,418913.938,"1781266815363","1781266815413","2026-06-12T20:20:15.362+08:00","2026-06-12T20:20:15.412+08:00",453.117737,EXP2,"exp2_table",2,3,"1:3|2:4|3:2|4:1"
"exp2_target_object","实验二当前目标模型_右脸","Exp2_003_exp2_target_object_0076","video_relative_to_recording_start",rectangle,1025,344,1919,1013,,,,"A017_2","Exp2_003","E3_SPATIAL_NONPROGRESSIVE",loading,,,,,1,TRUE,1850.000,1900.000,454.967743,455.017731,1920,1046,"ObjectSlot3",1,1,"video_relative_to_screen_recording_start",36.078785,418888.938,418938.938,1,36.078785,"1781266396475","../../../../../../Project/UE5/Gallery/Saved/ScreenRecordings/A017_2_20260612_201316_screen.mkv",418888.938,418938.938,418913.938,"1781266815363","1781266815413","2026-06-12T20:20:15.362+08:00","2026-06-12T20:20:15.412+08:00",453.117737,EXP2,"exp2_target",2,3,"1:3|2:4|3:2|4:1"
"exp2_table_objects","实验二桌面四模型总体区域","Exp2_003_exp2_table_objects_0077","video_relative_to_recording_start",rectangle,0,284,1919,1045,,,,"A017_2","Exp2_003","E3_SPATIAL_NONPROGRESSIVE",loading,,,,,1,TRUE,1900.000,1950.000,455.017731,455.067749,1920,1046,"ObjectSlot1-4",1,1,"video_relative_to_screen_recording_start",36.078785,418938.938,418988.938,1,36.078785,"1781266396475","../../../../../../Project/UE5/Gallery/Saved/ScreenRecordings/A017_2_20260612_201316_screen.mkv",418938.938,418988.938,418963.938,"1781266815413","1781266815463","2026-06-12T20:20:15.412+08:00","2026-06-12T20:20:15.462+08:00",453.117737,EXP2,"exp2_table",2,3,"1:3|2:4|3:2|4:1"
"exp2_target_object","实验二当前目标模型_右脸","Exp2_003_exp2_target_object_0078","video_relative_to_recording_start",rectangle,1025,344,1919,1013,,,,"A017_2","Exp2_003","E3_SPATIAL_NONPROGRESSIVE",loading,,,,,1,TRUE,1900.000,1950.000,455.017731,455.067749,1920,1046,"ObjectSlot3",1,1,"video_relative_to_screen_recording_start",36.078785,418938.938,418988.938,1,36.078785,"1781266396475","../../../../../../Project/UE5/Gallery/Saved/ScreenRecordings/A017_2_20260612_201316_screen.mkv",418938.938,418988.938,418963.938,"1781266815413","1781266815463","2026-06-12T20:20:15.412+08:00","2026-06-12T20:20:15.462+08:00",453.117737,EXP2,"exp2_target",2,3,"1:3|2:4|3:2|4:1"
"exp2_table_objects","实验二桌面四模型总体区域","Exp2_003_exp2_table_objects_0079","video_relative_to_recording_start",rectangle,0,284,1919,1045,,,,"A017_2","Exp2_003","E3_SPATIAL_NONPROGRESSIVE",loading,,,,,1,TRUE,1950.000,2000.000,455.067749,455.117737,1920,1046,"ObjectSlot1-4",1,1,"video_relative_to_screen_recording_start",36.078785,418988.938,419038.938,1,36.078785,"1781266396475","../../../../../../Project/UE5/Gallery/Saved/ScreenRecordings/A017_2_20260612_201316_screen.mkv",418988.938,419038.938,419013.938,"1781266815463","1781266815513","2026-06-12T20:20:15.462+08:00","2026-06-12T20:20:15.512+08:00",453.117737,EXP2,"exp2_table",2,3,"1:3|2:4|3:2|4:1"
"exp2_target_object","实验二当前目标模型_右脸","Exp2_003_exp2_target_object_0080","video_relative_to_recording_start",rectangle,1025,344,1919,1013,,,,"A017_2","Exp2_003","E3_SPATIAL_NONPROGRESSIVE",loading,,,,,1,TRUE,1950.000,2000.000,455.067749,455.117737,1920,1046,"ObjectSlot3",1,1,"video_relative_to_screen_recording_start",36.078785,418988.938,419038.938,1,36.078785,"1781266396475","../../../../../../Project/UE5/Gallery/Saved/ScreenRecordings/A017_2_20260612_201316_screen.mkv",418988.938,419038.938,419013.938,"1781266815463","1781266815513","2026-06-12T20:20:15.462+08:00","2026-06-12T20:20:15.512+08:00",453.117737,EXP2,"exp2_target",2,3,"1:3|2:4|3:2|4:1"
"exp2_table_objects","实验二桌面四模型总体区域","Exp2_003_exp2_table_objects_0081","video_relative_to_recording_start",rectangle,0,284,1919,1045,,,,"A017_2","Exp2_003","E3_SPATIAL_NONPROGRESSIVE",loading,,,,,1,TRUE,2000.000,2050.000,455.117737,455.167725,1920,1046,"ObjectSlot1-4",1,1,"video_relative_to_screen_recording_start",36.078785,419038.938,419088.938,1,36.078785,"1781266396475","../../../../../../Project/UE5/Gallery/Saved/ScreenRecordings/A017_2_20260612_201316_screen.mkv",419038.938,419088.938,419063.938,"1781266815513","1781266815563","2026-06-12T20:20:15.512+08:00","2026-06-12T20:20:15.562+08:00",453.117737,EXP2,"exp2_table",2,3,"1:3|2:4|3:2|4:1"
"exp2_target_object","实验二当前目标模型_右脸","Exp2_003_exp2_target_object_0082","video_relative_to_recording_start",rectangle,1025,344,1919,1013,,,,"A017_2","Exp2_003","E3_SPATIAL_NONPROGRESSIVE",loading,,,,,1,TRUE,2000.000,2050.000,455.117737,455.167725,1920,1046,"ObjectSlot3",1,1,"video_relative_to_screen_recording_start",36.078785,419038.938,419088.938,1,36.078785,"1781266396475","../../../../../../Project/UE5/Gallery/Saved/ScreenRecordings/A017_2_20260612_201316_screen.mkv",419038.938,419088.938,419063.938,"1781266815513","1781266815563","2026-06-12T20:20:15.512+08:00","2026-06-12T20:20:15.562+08:00",453.117737,EXP2,"exp2_target",2,3,"1:3|2:4|3:2|4:1"
"exp2_table_objects","实验二桌面四模型总体区域","Exp2_003_exp2_table_objects_0083","video_relative_to_recording_start",rectangle,0,284,1919,1045,,,,"A017_2","Exp2_003","E3_SPATIAL_NONPROGRESSIVE",loading,,,,,1,TRUE,2050.000,2100.000,455.167725,455.217743,1920,1046,"ObjectSlot1-4",1,1,"video_relative_to_screen_recording_start",36.078785,419088.938,419138.938,1,36.078785,"1781266396475","../../../../../../Project/UE5/Gallery/Saved/ScreenRecordings/A017_2_20260612_201316_screen.mkv",419088.938,419138.938,419113.938,"1781266815563","1781266815613","2026-06-12T20:20:15.562+08:00","2026-06-12T20:20:15.612+08:00",453.117737,EXP2,"exp2_table",2,3,"1:3|2:4|3:2|4:1"
"exp2_target_object","实验二当前目标模型_右脸","Exp2_003_exp2_target_object_0084","video_relative_to_recording_start",rectangle,1025,344,1919,1013,,,,"A017_2","Exp2_003","E3_SPATIAL_NONPROGRESSIVE",loading,,,,,1,TRUE,2050.000,2100.000,455.167725,455.217743,1920,1046,"ObjectSlot3",1,1,"video_relative_to_screen_recording_start",36.078785,419088.938,419138.938,1,36.078785,"1781266396475","../../../../../../Project/UE5/Gallery/Saved/ScreenRecordings/A017_2_20260612_201316_screen.mkv",419088.938,419138.938,419113.938,"1781266815563","1781266815613","2026-06-12T20:20:15.562+08:00","2026-06-12T20:20:15.612+08:00",453.117737,EXP2,"exp2_target",2,3,"1:3|2:4|3:2|4:1"
"exp2_table_objects","实验二桌面四模型总体区域","Exp2_003_exp2_table_objects_0085","video_relative_to_recording_start",rectangle,0,284,1919,1045,,,,"A017_2","Exp2_003","E3_SPATIAL_NONPROGRESSIVE",loading,,,,,1,TRUE,2100.000,2150.000,455.217743,455.267731,1920,1046,"ObjectSlot1-4",1,1,"video_relative_to_screen_recording_start",36.078785,419138.938,419188.938,1,36.078785,"1781266396475","../../../../../../Project/UE5/Gallery/Saved/ScreenRecordings/A017_2_20260612_201316_screen.mkv",419138.938,419188.938,419163.938,"1781266815613","1781266815663","2026-06-12T20:20:15.612+08:00","2026-06-12T20:20:15.662+08:00",453.117737,EXP2,"exp2_table",2,3,"1:3|2:4|3:2|4:1"
"exp2_target_object","实验二当前目标模型_右脸","Exp2_003_exp2_target_object_0086","video_relative_to_recording_start",rectangle,1025,344,1919,1013,,,,"A017_2","Exp2_003","E3_SPATIAL_NONPROGRESSIVE",loading,,,,,1,TRUE,2100.000,2150.000,455.217743,455.267731,1920,1046,"ObjectSlot3",1,1,"video_relative_to_screen_recording_start",36.078785,419138.938,419188.938,1,36.078785,"1781266396475","../../../../../../Project/UE5/Gallery/Saved/ScreenRecordings/A017_2_20260612_201316_screen.mkv",419138.938,419188.938,419163.938,"1781266815613","1781266815663","2026-06-12T20:20:15.612+08:00","2026-06-12T20:20:15.662+08:00",453.117737,EXP2,"exp2_target",2,3,"1:3|2:4|3:2|4:1"
"exp2_table_objects","实验二桌面四模型总体区域","Exp2_003_exp2_table_objects_0087","video_relative_to_recording_start",rectangle,0,284,1919,1045,,,,"A017_2","Exp2_003","E3_SPATIAL_NONPROGRESSIVE",loading,,,,,1,TRUE,2150.000,2200.000,455.267731,455.317749,1920,1046,"ObjectSlot1-4",1,1,"video_relative_to_screen_recording_start",36.078785,419188.938,419238.938,1,36.078785,"1781266396475","../../../../../../Project/UE5/Gallery/Saved/ScreenRecordings/A017_2_20260612_201316_screen.mkv",419188.938,419238.938,419213.938,"1781266815663","1781266815713","2026-06-12T20:20:15.662+08:00","2026-06-12T20:20:15.712+08:00",453.117737,EXP2,"exp2_table",2,3,"1:3|2:4|3:2|4:1"
"exp2_target_object","实验二当前目标模型_右脸","Exp2_003_exp2_target_object_0088","video_relative_to_recording_start",rectangle,1025,344,1919,1013,,,,"A017_2","Exp2_003","E3_SPATIAL_NONPROGRESSIVE",loading,,,,,1,TRUE,2150.000,2200.000,455.267731,455.317749,1920,1046,"ObjectSlot3",1,1,"video_relative_to_screen_recording_start",36.078785,419188.938,419238.938,1,36.078785,"1781266396475","../../../../../../Project/UE5/Gallery/Saved/ScreenRecordings/A017_2_20260612_201316_screen.mkv",419188.938,419238.938,419213.938,"1781266815663","1781266815713","2026-06-12T20:20:15.662+08:00","2026-06-12T20:20:15.712+08:00",453.117737,EXP2,"exp2_target",2,3,"1:3|2:4|3:2|4:1"
"exp2_table_objects","实验二桌面四模型总体区域","Exp2_003_exp2_table_objects_0089","video_relative_to_recording_start",rectangle,0,284,1919,1045,,,,"A017_2","Exp2_003","E3_SPATIAL_NONPROGRESSIVE",loading,,,,,1,TRUE,2200.000,2250.000,455.317749,455.367737,1920,1046,"ObjectSlot1-4",1,1,"video_relative_to_screen_recording_start",36.078785,419238.938,419288.938,1,36.078785,"1781266396475","../../../../../../Project/UE5/Gallery/Saved/ScreenRecordings/A017_2_20260612_201316_screen.mkv",419238.938,419288.938,419263.938,"1781266815713","1781266815763","2026-06-12T20:20:15.712+08:00","2026-06-12T20:20:15.762+08:00",453.117737,EXP2,"exp2_table",2,3,"1:3|2:4|3:2|4:1"
"exp2_target_object","实验二当前目标模型_右脸","Exp2_003_exp2_target_object_0090","video_relative_to_recording_start",rectangle,1025,344,1919,1013,,,,"A017_2","Exp2_003","E3_SPATIAL_NONPROGRESSIVE",loading,,,,,1,TRUE,2200.000,2250.000,455.317749,455.367737,1920,1046,"ObjectSlot3",1,1,"video_relative_to_screen_recording_start",36.078785,419238.938,419288.938,1,36.078785,"1781266396475","../../../../../../Project/UE5/Gallery/Saved/ScreenRecordings/A017_2_20260612_201316_screen.mkv",419238.938,419288.938,419263.938,"1781266815713","1781266815763","2026-06-12T20:20:15.712+08:00","2026-06-12T20:20:15.762+08:00",453.117737,EXP2,"exp2_target",2,3,"1:3|2:4|3:2|4:1"
"exp2_table_objects","实验二桌面四模型总体区域","Exp2_003_exp2_table_objects_0091","video_relative_to_recording_start",rectangle,0,284,1919,1045,,,,"A017_2","Exp2_003","E3_SPATIAL_NONPROGRESSIVE",loading,,,,,1,TRUE,2250.000,2300.000,455.367737,455.417725,1920,1046,"ObjectSlot1-4",1,1,"video_relative_to_screen_recording_start",36.078785,419288.938,419338.938,1,36.078785,"1781266396475","../../../../../../Project/UE5/Gallery/Saved/ScreenRecordings/A017_2_20260612_201316_screen.mkv",419288.938,419338.938,419313.938,"1781266815763","1781266815813","2026-06-12T20:20:15.762+08:00","2026-06-12T20:20:15.812+08:00",453.117737,EXP2,"exp2_table",2,3,"1:3|2:4|3:2|4:1"
"exp2_target_object","实验二当前目标模型_右脸","Exp2_003_exp2_target_object_0092","video_relative_to_recording_start",rectangle,1025,344,1919,1013,,,,"A017_2","Exp2_003","E3_SPATIAL_NONPROGRESSIVE",loading,,,,,1,TRUE,2250.000,2300.000,455.367737,455.417725,1920,1046,"ObjectSlot3",1,1,"video_relative_to_screen_recording_start",36.078785,419288.938,419338.938,1,36.078785,"1781266396475","../../../../../../Project/UE5/Gallery/Saved/ScreenRecordings/A017_2_20260612_201316_screen.mkv",419288.938,419338.938,419313.938,"1781266815763","1781266815813","2026-06-12T20:20:15.762+08:00","2026-06-12T20:20:15.812+08:00",453.117737,EXP2,"exp2_target",2,3,"1:3|2:4|3:2|4:1"
"exp2_table_objects","实验二桌面四模型总体区域","Exp2_003_exp2_table_objects_0093","video_relative_to_recording_start",rectangle,0,284,1919,1045,,,,"A017_2","Exp2_003","E3_SPATIAL_NONPROGRESSIVE",loading,,,,,1,TRUE,2300.000,2350.000,455.417725,455.467743,1920,1046,"ObjectSlot1-4",1,1,"video_relative_to_screen_recording_start",36.078785,419338.938,419388.938,1,36.078785,"1781266396475","../../../../../../Project/UE5/Gallery/Saved/ScreenRecordings/A017_2_20260612_201316_screen.mkv",419338.938,419388.938,419363.938,"1781266815813","1781266815863","2026-06-12T20:20:15.812+08:00","2026-06-12T20:20:15.862+08:00",453.117737,EXP2,"exp2_table",2,3,"1:3|2:4|3:2|4:1"
"exp2_target_object","实验二当前目标模型_右脸","Exp2_003_exp2_target_object_0094","video_relative_to_recording_start",rectangle,1025,344,1919,1013,,,,"A017_2","Exp2_003","E3_SPATIAL_NONPROGRESSIVE",loading,,,,,1,TRUE,2300.000,2350.000,455.417725,455.467743,1920,1046,"ObjectSlot3",1,1,"video_relative_to_screen_recording_start",36.078785,419338.938,419388.938,1,36.078785,"1781266396475","../../../../../../Project/UE5/Gallery/Saved/ScreenRecordings/A017_2_20260612_201316_screen.mkv",419338.938,419388.938,419363.938,"1781266815813","1781266815863","2026-06-12T20:20:15.812+08:00","2026-06-12T20:20:15.862+08:00",453.117737,EXP2,"exp2_target",2,3,"1:3|2:4|3:2|4:1"
"exp2_table_objects","实验二桌面四模型总体区域","Exp2_003_exp2_table_objects_0095","video_relative_to_recording_start",rectangle,0,284,1919,1045,,,,"A017_2","Exp2_003","E3_SPATIAL_NONPROGRESSIVE",loading,,,,,1,TRUE,2350.000,2400.000,455.467743,455.517731,1920,1046,"ObjectSlot1-4",1,1,"video_relative_to_screen_recording_start",36.078785,419388.938,419438.938,1,36.078785,"1781266396475","../../../../../../Project/UE5/Gallery/Saved/ScreenRecordings/A017_2_20260612_201316_screen.mkv",419388.938,419438.938,419413.938,"1781266815863","1781266815913","2026-06-12T20:20:15.862+08:00","2026-06-12T20:20:15.912+08:00",453.117737,EXP2,"exp2_table",2,3,"1:3|2:4|3:2|4:1"
"exp2_target_object","实验二当前目标模型_右脸","Exp2_003_exp2_target_object_0096","video_relative_to_recording_start",rectangle,1025,344,1919,1013,,,,"A017_2","Exp2_003","E3_SPATIAL_NONPROGRESSIVE",loading,,,,,1,TRUE,2350.000,2400.000,455.467743,455.517731,1920,1046,"ObjectSlot3",1,1,"video_relative_to_screen_recording_start",36.078785,419388.938,419438.938,1,36.078785,"1781266396475","../../../../../../Project/UE5/Gallery/Saved/ScreenRecordings/A017_2_20260612_201316_screen.mkv",419388.938,419438.938,419413.938,"1781266815863","1781266815913","2026-06-12T20:20:15.862+08:00","2026-06-12T20:20:15.912+08:00",453.117737,EXP2,"exp2_target",2,3,"1:3|2:4|3:2|4:1"
"exp2_table_objects","实验二桌面四模型总体区域","Exp2_003_exp2_table_objects_0097","video_relative_to_recording_start",rectangle,0,284,1919,1045,,,,"A017_2","Exp2_003","E3_SPATIAL_NONPROGRESSIVE",loading,,,,,1,TRUE,2400.000,2450.000,455.517731,455.567749,1920,1046,"ObjectSlot1-4",1,1,"video_relative_to_screen_recording_start",36.078785,419438.938,419488.938,1,36.078785,"1781266396475","../../../../../../Project/UE5/Gallery/Saved/ScreenRecordings/A017_2_20260612_201316_screen.mkv",419438.938,419488.938,419463.938,"1781266815913","1781266815963","2026-06-12T20:20:15.912+08:00","2026-06-12T20:20:15.962+08:00",453.117737,EXP2,"exp2_table",2,3,"1:3|2:4|3:2|4:1"
"exp2_target_object","实验二当前目标模型_右脸","Exp2_003_exp2_target_object_0098","video_relative_to_recording_start",rectangle,1025,344,1919,1013,,,,"A017_2","Exp2_003","E3_SPATIAL_NONPROGRESSIVE",loading,,,,,1,TRUE,2400.000,2450.000,455.517731,455.567749,1920,1046,"ObjectSlot3",1,1,"video_relative_to_screen_recording_start",36.078785,419438.938,419488.938,1,36.078785,"1781266396475","../../../../../../Project/UE5/Gallery/Saved/ScreenRecordings/A017_2_20260612_201316_screen.mkv",419438.938,419488.938,419463.938,"1781266815913","1781266815963","2026-06-12T20:20:15.912+08:00","2026-06-12T20:20:15.962+08:00",453.117737,EXP2,"exp2_target",2,3,"1:3|2:4|3:2|4:1"
"exp2_table_objects","实验二桌面四模型总体区域","Exp2_003_exp2_table_objects_0099","video_relative_to_recording_start",rectangle,0,284,1919,1045,,,,"A017_2","Exp2_003","E3_SPATIAL_NONPROGRESSIVE",loading,,,,,1,TRUE,2450.000,2500.000,455.567749,455.617737,1920,1046,"ObjectSlot1-4",1,1,"video_relative_to_screen_recording_start",36.078785,419488.938,419538.938,1,36.078785,"1781266396475","../../../../../../Project/UE5/Gallery/Saved/ScreenRecordings/A017_2_20260612_201316_screen.mkv",419488.938,419538.938,419513.938,"1781266815963","1781266816013","2026-06-12T20:20:15.962+08:00","2026-06-12T20:20:16.012+08:00",453.117737,EXP2,"exp2_table",2,3,"1:3|2:4|3:2|4:1"
"exp2_target_object","实验二当前目标模型_右脸","Exp2_003_exp2_target_object_0100","video_relative_to_recording_start",rectangle,1025,344,1919,1013,,,,"A017_2","Exp2_003","E3_SPATIAL_NONPROGRESSIVE",loading,,,,,1,TRUE,2450.000,2500.000,455.567749,455.617737,1920,1046,"ObjectSlot3",1,1,"video_relative_to_screen_recording_start",36.078785,419488.938,419538.938,1,36.078785,"1781266396475","../../../../../../Project/UE5/Gallery/Saved/ScreenRecordings/A017_2_20260612_201316_screen.mkv",419488.938,419538.938,419513.938,"1781266815963","1781266816013","2026-06-12T20:20:15.962+08:00","2026-06-12T20:20:16.012+08:00",453.117737,EXP2,"exp2_target",2,3,"1:3|2:4|3:2|4:1"
"exp2_table_objects","实验二桌面四模型总体区域","Exp2_003_exp2_table_objects_0101","video_relative_to_recording_start",rectangle,0,284,1919,1045,,,,"A017_2","Exp2_003","E3_SPATIAL_NONPROGRESSIVE",loading,,,,,1,TRUE,2500.000,2550.000,455.617737,455.667725,1920,1046,"ObjectSlot1-4",1,1,"video_relative_to_screen_recording_start",36.078785,419538.938,419588.938,1,36.078785,"1781266396475","../../../../../../Project/UE5/Gallery/Saved/ScreenRecordings/A017_2_20260612_201316_screen.mkv",419538.938,419588.938,419563.938,"1781266816013","1781266816063","2026-06-12T20:20:16.012+08:00","2026-06-12T20:20:16.062+08:00",453.117737,EXP2,"exp2_table",2,3,"1:3|2:4|3:2|4:1"
"exp2_target_object","实验二当前目标模型_右脸","Exp2_003_exp2_target_object_0102","video_relative_to_recording_start",rectangle,1025,344,1919,1013,,,,"A017_2","Exp2_003","E3_SPATIAL_NONPROGRESSIVE",loading,,,,,1,TRUE,2500.000,2550.000,455.617737,455.667725,1920,1046,"ObjectSlot3",1,1,"video_relative_to_screen_recording_start",36.078785,419538.938,419588.938,1,36.078785,"1781266396475","../../../../../../Project/UE5/Gallery/Saved/ScreenRecordings/A017_2_20260612_201316_screen.mkv",419538.938,419588.938,419563.938,"1781266816013","1781266816063","2026-06-12T20:20:16.012+08:00","2026-06-12T20:20:16.062+08:00",453.117737,EXP2,"exp2_target",2,3,"1:3|2:4|3:2|4:1"
"exp2_table_objects","实验二桌面四模型总体区域","Exp2_003_exp2_table_objects_0103","video_relative_to_recording_start",rectangle,0,284,1919,1045,,,,"A017_2","Exp2_003","E3_SPATIAL_NONPROGRESSIVE",loading,,,,,1,TRUE,2550.000,2600.000,455.667725,455.717743,1920,1046,"ObjectSlot1-4",1,1,"video_relative_to_screen_recording_start",36.078785,419588.938,419638.938,1,36.078785,"1781266396475","../../../../../../Project/UE5/Gallery/Saved/ScreenRecordings/A017_2_20260612_201316_screen.mkv",419588.938,419638.938,419613.938,"1781266816063","1781266816113","2026-06-12T20:20:16.062+08:00","2026-06-12T20:20:16.112+08:00",453.117737,EXP2,"exp2_table",2,3,"1:3|2:4|3:2|4:1"
"exp2_target_object","实验二当前目标模型_右脸","Exp2_003_exp2_target_object_0104","video_relative_to_recording_start",rectangle,1025,344,1919,1013,,,,"A017_2","Exp2_003","E3_SPATIAL_NONPROGRESSIVE",loading,,,,,1,TRUE,2550.000,2600.000,455.667725,455.717743,1920,1046,"ObjectSlot3",1,1,"video_relative_to_screen_recording_start",36.078785,419588.938,419638.938,1,36.078785,"1781266396475","../../../../../../Project/UE5/Gallery/Saved/ScreenRecordings/A017_2_20260612_201316_screen.mkv",419588.938,419638.938,419613.938,"1781266816063","1781266816113","2026-06-12T20:20:16.062+08:00","2026-06-12T20:20:16.112+08:00",453.117737,EXP2,"exp2_target",2,3,"1:3|2:4|3:2|4:1"
"exp2_table_objects","实验二桌面四模型总体区域","Exp2_003_exp2_table_objects_0105","video_relative_to_recording_start",rectangle,0,284,1919,1045,,,,"A017_2","Exp2_003","E3_SPATIAL_NONPROGRESSIVE",loading,,,,,1,TRUE,2600.000,2650.000,455.717743,455.767731,1920,1046,"ObjectSlot1-4",1,1,"video_relative_to_screen_recording_start",36.078785,419638.938,419688.938,1,36.078785,"1781266396475","../../../../../../Project/UE5/Gallery/Saved/ScreenRecordings/A017_2_20260612_201316_screen.mkv",419638.938,419688.938,419663.938,"1781266816113","1781266816163","2026-06-12T20:20:16.112+08:00","2026-06-12T20:20:16.162+08:00",453.117737,EXP2,"exp2_table",2,3,"1:3|2:4|3:2|4:1"
"exp2_target_object","实验二当前目标模型_右脸","Exp2_003_exp2_target_object_0106","video_relative_to_recording_start",rectangle,1025,344,1919,1013,,,,"A017_2","Exp2_003","E3_SPATIAL_NONPROGRESSIVE",loading,,,,,1,TRUE,2600.000,2650.000,455.717743,455.767731,1920,1046,"ObjectSlot3",1,1,"video_relative_to_screen_recording_start",36.078785,419638.938,419688.938,1,36.078785,"1781266396475","../../../../../../Project/UE5/Gallery/Saved/ScreenRecordings/A017_2_20260612_201316_screen.mkv",419638.938,419688.938,419663.938,"1781266816113","1781266816163","2026-06-12T20:20:16.112+08:00","2026-06-12T20:20:16.162+08:00",453.117737,EXP2,"exp2_target",2,3,"1:3|2:4|3:2|4:1"
"exp2_table_objects","实验二桌面四模型总体区域","Exp2_003_exp2_table_objects_0107","video_relative_to_recording_start",rectangle,0,284,1919,1045,,,,"A017_2","Exp2_003","E3_SPATIAL_NONPROGRESSIVE",loading,,,,,1,TRUE,2650.000,2700.000,455.767731,455.817749,1920,1046,"ObjectSlot1-4",1,1,"video_relative_to_screen_recording_start",36.078785,419688.938,419738.938,1,36.078785,"1781266396475","../../../../../../Project/UE5/Gallery/Saved/ScreenRecordings/A017_2_20260612_201316_screen.mkv",419688.938,419738.938,419713.938,"1781266816163","1781266816213","2026-06-12T20:20:16.162+08:00","2026-06-12T20:20:16.212+08:00",453.117737,EXP2,"exp2_table",2,3,"1:3|2:4|3:2|4:1"
"exp2_target_object","实验二当前目标模型_右脸","Exp2_003_exp2_target_object_0108","video_relative_to_recording_start",rectangle,1025,344,1919,1013,,,,"A017_2","Exp2_003","E3_SPATIAL_NONPROGRESSIVE",loading,,,,,1,TRUE,2650.000,2700.000,455.767731,455.817749,1920,1046,"ObjectSlot3",1,1,"video_relative_to_screen_recording_start",36.078785,419688.938,419738.938,1,36.078785,"1781266396475","../../../../../../Project/UE5/Gallery/Saved/ScreenRecordings/A017_2_20260612_201316_screen.mkv",419688.938,419738.938,419713.938,"1781266816163","1781266816213","2026-06-12T20:20:16.162+08:00","2026-06-12T20:20:16.212+08:00",453.117737,EXP2,"exp2_target",2,3,"1:3|2:4|3:2|4:1"
"exp2_table_objects","实验二桌面四模型总体区域","Exp2_003_exp2_table_objects_0109","video_relative_to_recording_start",rectangle,0,284,1919,1045,,,,"A017_2","Exp2_003","E3_SPATIAL_NONPROGRESSIVE",loading,,,,,1,TRUE,2700.000,2750.000,455.817749,455.867737,1920,1046,"ObjectSlot1-4",1,1,"video_relative_to_screen_recording_start",36.078785,419738.938,419788.938,1,36.078785,"1781266396475","../../../../../../Project/UE5/Gallery/Saved/ScreenRecordings/A017_2_20260612_201316_screen.mkv",419738.938,419788.938,419763.938,"1781266816213","1781266816263","2026-06-12T20:20:16.212+08:00","2026-06-12T20:20:16.262+08:00",453.117737,EXP2,"exp2_table",2,3,"1:3|2:4|3:2|4:1"
"exp2_target_object","实验二当前目标模型_右脸","Exp2_003_exp2_target_object_0110","video_relative_to_recording_start",rectangle,1025,344,1919,1013,,,,"A017_2","Exp2_003","E3_SPATIAL_NONPROGRESSIVE",loading,,,,,1,TRUE,2700.000,2750.000,455.817749,455.867737,1920,1046,"ObjectSlot3",1,1,"video_relative_to_screen_recording_start",36.078785,419738.938,419788.938,1,36.078785,"1781266396475","../../../../../../Project/UE5/Gallery/Saved/ScreenRecordings/A017_2_20260612_201316_screen.mkv",419738.938,419788.938,419763.938,"1781266816213","1781266816263","2026-06-12T20:20:16.212+08:00","2026-06-12T20:20:16.262+08:00",453.117737,EXP2,"exp2_target",2,3,"1:3|2:4|3:2|4:1"
"exp2_table_objects","实验二桌面四模型总体区域","Exp2_003_exp2_table_objects_0111","video_relative_to_recording_start",rectangle,0,284,1919,1045,,,,"A017_2","Exp2_003","E3_SPATIAL_NONPROGRESSIVE",loading,,,,,1,TRUE,2750.000,2800.000,455.867737,455.917725,1920,1046,"ObjectSlot1-4",1,1,"video_relative_to_screen_recording_start",36.078785,419788.938,419838.938,1,36.078785,"1781266396475","../../../../../../Project/UE5/Gallery/Saved/ScreenRecordings/A017_2_20260612_201316_screen.mkv",419788.938,419838.938,419813.938,"1781266816263","1781266816313","2026-06-12T20:20:16.262+08:00","2026-06-12T20:20:16.312+08:00",453.117737,EXP2,"exp2_table",2,3,"1:3|2:4|3:2|4:1"
"exp2_target_object","实验二当前目标模型_右脸","Exp2_003_exp2_target_object_0112","video_relative_to_recording_start",rectangle,1025,344,1919,1013,,,,"A017_2","Exp2_003","E3_SPATIAL_NONPROGRESSIVE",loading,,,,,1,TRUE,2750.000,2800.000,455.867737,455.917725,1920,1046,"ObjectSlot3",1,1,"video_relative_to_screen_recording_start",36.078785,419788.938,419838.938,1,36.078785,"1781266396475","../../../../../../Project/UE5/Gallery/Saved/ScreenRecordings/A017_2_20260612_201316_screen.mkv",419788.938,419838.938,419813.938,"1781266816263","1781266816313","2026-06-12T20:20:16.262+08:00","2026-06-12T20:20:16.312+08:00",453.117737,EXP2,"exp2_target",2,3,"1:3|2:4|3:2|4:1"
"exp2_table_objects","实验二桌面四模型总体区域","Exp2_003_exp2_table_objects_0113","video_relative_to_recording_start",rectangle,0,284,1919,1045,,,,"A017_2","Exp2_003","E3_SPATIAL_NONPROGRESSIVE",loading,,,,,1,TRUE,2800.000,2850.000,455.917725,455.967743,1920,1046,"ObjectSlot1-4",1,1,"video_relative_to_screen_recording_start",36.078785,419838.938,419888.938,1,36.078785,"1781266396475","../../../../../../Project/UE5/Gallery/Saved/ScreenRecordings/A017_2_20260612_201316_screen.mkv",419838.938,419888.938,419863.938,"1781266816313","1781266816363","2026-06-12T20:20:16.312+08:00","2026-06-12T20:20:16.362+08:00",453.117737,EXP2,"exp2_table",2,3,"1:3|2:4|3:2|4:1"
"exp2_target_object","实验二当前目标模型_右脸","Exp2_003_exp2_target_object_0114","video_relative_to_recording_start",rectangle,1025,344,1919,1013,,,,"A017_2","Exp2_003","E3_SPATIAL_NONPROGRESSIVE",loading,,,,,1,TRUE,2800.000,2850.000,455.917725,455.967743,1920,1046,"ObjectSlot3",1,1,"video_relative_to_screen_recording_start",36.078785,419838.938,419888.938,1,36.078785,"1781266396475","../../../../../../Project/UE5/Gallery/Saved/ScreenRecordings/A017_2_20260612_201316_screen.mkv",419838.938,419888.938,419863.938,"1781266816313","1781266816363","2026-06-12T20:20:16.312+08:00","2026-06-12T20:20:16.362+08:00",453.117737,EXP2,"exp2_target",2,3,"1:3|2:4|3:2|4:1"
"exp2_table_objects","实验二桌面四模型总体区域","Exp2_003_exp2_table_objects_0115","video_relative_to_recording_start",rectangle,0,284,1919,1045,,,,"A017_2","Exp2_003","E3_SPATIAL_NONPROGRESSIVE",loading,,,,,1,TRUE,2850.000,2900.000,455.967743,456.017731,1920,1046,"ObjectSlot1-4",1,1,"video_relative_to_screen_recording_start",36.078785,419888.938,419938.938,1,36.078785,"1781266396475","../../../../../../Project/UE5/Gallery/Saved/ScreenRecordings/A017_2_20260612_201316_screen.mkv",419888.938,419938.938,419913.938,"1781266816363","1781266816413","2026-06-12T20:20:16.362+08:00","2026-06-12T20:20:16.412+08:00",453.117737,EXP2,"exp2_table",2,3,"1:3|2:4|3:2|4:1"
"exp2_target_object","实验二当前目标模型_右脸","Exp2_003_exp2_target_object_0116","video_relative_to_recording_start",rectangle,1025,344,1919,1013,,,,"A017_2","Exp2_003","E3_SPATIAL_NONPROGRESSIVE",loading,,,,,1,TRUE,2850.000,2900.000,455.967743,456.017731,1920,1046,"ObjectSlot3",1,1,"video_relative_to_screen_recording_start",36.078785,419888.938,419938.938,1,36.078785,"1781266396475","../../../../../../Project/UE5/Gallery/Saved/ScreenRecordings/A017_2_20260612_201316_screen.mkv",419888.938,419938.938,419913.938,"1781266816363","1781266816413","2026-06-12T20:20:16.362+08:00","2026-06-12T20:20:16.412+08:00",453.117737,EXP2,"exp2_target",2,3,"1:3|2:4|3:2|4:1"
"exp2_table_objects","实验二桌面四模型总体区域","Exp2_003_exp2_table_objects_0117","video_relative_to_recording_start",rectangle,0,284,1919,1045,,,,"A017_2","Exp2_003","E3_SPATIAL_NONPROGRESSIVE",loading,,,,,1,TRUE,2900.000,2950.000,456.017731,456.067749,1920,1046,"ObjectSlot1-4",1,1,"video_relative_to_screen_recording_start",36.078785,419938.938,419988.938,1,36.078785,"1781266396475","../../../../../../Project/UE5/Gallery/Saved/ScreenRecordings/A017_2_20260612_201316_screen.mkv",419938.938,419988.938,419963.938,"1781266816413","1781266816463","2026-06-12T20:20:16.412+08:00","2026-06-12T20:20:16.462+08:00",453.117737,EXP2,"exp2_table",2,3,"1:3|2:4|3:2|4:1"
"exp2_target_object","实验二当前目标模型_右脸","Exp2_003_exp2_target_object_0118","video_relative_to_recording_start",rectangle,1025,344,1919,1013,,,,"A017_2","Exp2_003","E3_SPATIAL_NONPROGRESSIVE",loading,,,,,1,TRUE,2900.000,2950.000,456.017731,456.067749,1920,1046,"ObjectSlot3",1,1,"video_relative_to_screen_recording_start",36.078785,419938.938,419988.938,1,36.078785,"1781266396475","../../../../../../Project/UE5/Gallery/Saved/ScreenRecordings/A017_2_20260612_201316_screen.mkv",419938.938,419988.938,419963.938,"1781266816413","1781266816463","2026-06-12T20:20:16.412+08:00","2026-06-12T20:20:16.462+08:00",453.117737,EXP2,"exp2_target",2,3,"1:3|2:4|3:2|4:1"
"exp2_table_objects","实验二桌面四模型总体区域","Exp2_003_exp2_table_objects_0119","video_relative_to_recording_start",rectangle,0,284,1919,1045,,,,"A017_2","Exp2_003","E3_SPATIAL_NONPROGRESSIVE",loading,,,,,1,TRUE,2950.000,3000.000,456.067749,456.117737,1920,1046,"ObjectSlot1-4",1,1,"video_relative_to_screen_recording_start",36.078785,419988.938,420038.938,1,36.078785,"1781266396475","../../../../../../Project/UE5/Gallery/Saved/ScreenRecordings/A017_2_20260612_201316_screen.mkv",419988.938,420038.938,420013.938,"1781266816463","1781266816513","2026-06-12T20:20:16.462+08:00","2026-06-12T20:20:16.512+08:00",453.117737,EXP2,"exp2_table",2,3,"1:3|2:4|3:2|4:1"
"exp2_target_object","实验二当前目标模型_右脸","Exp2_003_exp2_target_object_0120","video_relative_to_recording_start",rectangle,1025,344,1919,1013,,,,"A017_2","Exp2_003","E3_SPATIAL_NONPROGRESSIVE",loading,,,,,1,TRUE,2950.000,3000.000,456.067749,456.117737,1920,1046,"ObjectSlot3",1,1,"video_relative_to_screen_recording_start",36.078785,419988.938,420038.938,1,36.078785,"1781266396475","../../../../../../Project/UE5/Gallery/Saved/ScreenRecordings/A017_2_20260612_201316_screen.mkv",419988.938,420038.938,420013.938,"1781266816463","1781266816513","2026-06-12T20:20:16.462+08:00","2026-06-12T20:20:16.512+08:00",453.117737,EXP2,"exp2_target",2,3,"1:3|2:4|3:2|4:1"
"exp2_table_objects","实验二桌面四模型总体区域","Exp2_003_exp2_table_objects_0121","video_relative_to_recording_start",rectangle,0,278,1919,1045,,,,"A017_2","Exp2_003","E3_SPATIAL_NONPROGRESSIVE",loading,,,,,1,TRUE,3000.000,3050.000,456.117737,456.167725,1920,1046,"ObjectSlot1-4",1,1,"video_relative_to_screen_recording_start",36.078785,420038.938,420088.938,1,36.078785,"1781266396475","../../../../../../Project/UE5/Gallery/Saved/ScreenRecordings/A017_2_20260612_201316_screen.mkv",420038.938,420088.938,420063.938,"1781266816513","1781266816563","2026-06-12T20:20:16.512+08:00","2026-06-12T20:20:16.562+08:00",453.117737,EXP2,"exp2_table",2,3,"1:3|2:4|3:2|4:1"
"exp2_target_object","实验二当前目标模型_右脸","Exp2_003_exp2_target_object_0122","video_relative_to_recording_start",rectangle,1030,339,1919,1011,,,,"A017_2","Exp2_003","E3_SPATIAL_NONPROGRESSIVE",loading,,,,,1,TRUE,3000.000,3050.000,456.117737,456.167725,1920,1046,"ObjectSlot3",1,1,"video_relative_to_screen_recording_start",36.078785,420038.938,420088.938,1,36.078785,"1781266396475","../../../../../../Project/UE5/Gallery/Saved/ScreenRecordings/A017_2_20260612_201316_screen.mkv",420038.938,420088.938,420063.938,"1781266816513","1781266816563","2026-06-12T20:20:16.512+08:00","2026-06-12T20:20:16.562+08:00",453.117737,EXP2,"exp2_target",2,3,"1:3|2:4|3:2|4:1"
"exp2_table_objects","实验二桌面四模型总体区域","Exp2_003_exp2_table_objects_0123","video_relative_to_recording_start",rectangle,0,270,1919,1045,,,,"A017_2","Exp2_003","E3_SPATIAL_NONPROGRESSIVE",loading,,,,,1,TRUE,3050.000,3100.000,456.167725,456.217743,1920,1046,"ObjectSlot1-4",1,1,"video_relative_to_screen_recording_start",36.078785,420088.938,420138.938,1,36.078785,"1781266396475","../../../../../../Project/UE5/Gallery/Saved/ScreenRecordings/A017_2_20260612_201316_screen.mkv",420088.938,420138.938,420113.938,"1781266816563","1781266816613","2026-06-12T20:20:16.562+08:00","2026-06-12T20:20:16.612+08:00",453.117737,EXP2,"exp2_table",2,3,"1:3|2:4|3:2|4:1"
"exp2_target_object","实验二当前目标模型_右脸","Exp2_003_exp2_target_object_0124","video_relative_to_recording_start",rectangle,1031,332,1919,1003,,,,"A017_2","Exp2_003","E3_SPATIAL_NONPROGRESSIVE",loading,,,,,1,TRUE,3050.000,3100.000,456.167725,456.217743,1920,1046,"ObjectSlot3",1,1,"video_relative_to_screen_recording_start",36.078785,420088.938,420138.938,1,36.078785,"1781266396475","../../../../../../Project/UE5/Gallery/Saved/ScreenRecordings/A017_2_20260612_201316_screen.mkv",420088.938,420138.938,420113.938,"1781266816563","1781266816613","2026-06-12T20:20:16.562+08:00","2026-06-12T20:20:16.612+08:00",453.117737,EXP2,"exp2_target",2,3,"1:3|2:4|3:2|4:1"
"exp2_table_objects","实验二桌面四模型总体区域","Exp2_003_exp2_table_objects_0125","video_relative_to_recording_start",rectangle,0,269,1919,1045,,,,"A017_2","Exp2_003","E3_SPATIAL_NONPROGRESSIVE",loading,,,,,1,TRUE,3100.000,3150.000,456.217743,456.267731,1920,1046,"ObjectSlot1-4",1,1,"video_relative_to_screen_recording_start",36.078785,420138.938,420188.938,1,36.078785,"1781266396475","../../../../../../Project/UE5/Gallery/Saved/ScreenRecordings/A017_2_20260612_201316_screen.mkv",420138.938,420188.938,420163.938,"1781266816613","1781266816663","2026-06-12T20:20:16.612+08:00","2026-06-12T20:20:16.662+08:00",453.117737,EXP2,"exp2_table",2,3,"1:3|2:4|3:2|4:1"
"exp2_target_object","实验二当前目标模型_右脸","Exp2_003_exp2_target_object_0126","video_relative_to_recording_start",rectangle,1031,331,1919,1002,,,,"A017_2","Exp2_003","E3_SPATIAL_NONPROGRESSIVE",loading,,,,,1,TRUE,3100.000,3150.000,456.217743,456.267731,1920,1046,"ObjectSlot3",1,1,"video_relative_to_screen_recording_start",36.078785,420138.938,420188.938,1,36.078785,"1781266396475","../../../../../../Project/UE5/Gallery/Saved/ScreenRecordings/A017_2_20260612_201316_screen.mkv",420138.938,420188.938,420163.938,"1781266816613","1781266816663","2026-06-12T20:20:16.612+08:00","2026-06-12T20:20:16.662+08:00",453.117737,EXP2,"exp2_target",2,3,"1:3|2:4|3:2|4:1"
"exp2_table_objects","实验二桌面四模型总体区域","Exp2_003_exp2_table_objects_0127","video_relative_to_recording_start",rectangle,0,269,1919,1045,,,,"A017_2","Exp2_003","E3_SPATIAL_NONPROGRESSIVE",loading,,,,,1,TRUE,3150.000,3200.000,456.267731,456.317749,1920,1046,"ObjectSlot1-4",1,1,"video_relative_to_screen_recording_start",36.078785,420188.938,420238.938,1,36.078785,"1781266396475","../../../../../../Project/UE5/Gallery/Saved/ScreenRecordings/A017_2_20260612_201316_screen.mkv",420188.938,420238.938,420213.938,"1781266816663","1781266816713","2026-06-12T20:20:16.662+08:00","2026-06-12T20:20:16.712+08:00",453.117737,EXP2,"exp2_table",2,3,"1:3|2:4|3:2|4:1"
"exp2_target_object","实验二当前目标模型_右脸","Exp2_003_exp2_target_object_0128","video_relative_to_recording_start",rectangle,1031,331,1919,1002,,,,"A017_2","Exp2_003","E3_SPATIAL_NONPROGRESSIVE",loading,,,,,1,TRUE,3150.000,3200.000,456.267731,456.317749,1920,1046,"ObjectSlot3",1,1,"video_relative_to_screen_recording_start",36.078785,420188.938,420238.938,1,36.078785,"1781266396475","../../../../../../Project/UE5/Gallery/Saved/ScreenRecordings/A017_2_20260612_201316_screen.mkv",420188.938,420238.938,420213.938,"1781266816663","1781266816713","2026-06-12T20:20:16.662+08:00","2026-06-12T20:20:16.712+08:00",453.117737,EXP2,"exp2_target",2,3,"1:3|2:4|3:2|4:1"
"exp2_table_objects","实验二桌面四模型总体区域","Exp2_003_exp2_table_objects_0129","video_relative_to_recording_start",rectangle,0,264,1919,1045,,,,"A017_2","Exp2_003","E3_SPATIAL_NONPROGRESSIVE",loading,,,,,1,TRUE,3200.000,3250.000,456.317749,456.367737,1920,1046,"ObjectSlot1-4",1,1,"video_relative_to_screen_recording_start",36.078785,420238.938,420288.938,1,36.078785,"1781266396475","../../../../../../Project/UE5/Gallery/Saved/ScreenRecordings/A017_2_20260612_201316_screen.mkv",420238.938,420288.938,420263.938,"1781266816713","1781266816763","2026-06-12T20:20:16.712+08:00","2026-06-12T20:20:16.762+08:00",453.117737,EXP2,"exp2_table",2,3,"1:3|2:4|3:2|4:1"
"exp2_target_object","实验二当前目标模型_右脸","Exp2_003_exp2_target_object_0130","video_relative_to_recording_start",rectangle,1031,326,1919,996,,,,"A017_2","Exp2_003","E3_SPATIAL_NONPROGRESSIVE",loading,,,,,1,TRUE,3200.000,3250.000,456.317749,456.367737,1920,1046,"ObjectSlot3",1,1,"video_relative_to_screen_recording_start",36.078785,420238.938,420288.938,1,36.078785,"1781266396475","../../../../../../Project/UE5/Gallery/Saved/ScreenRecordings/A017_2_20260612_201316_screen.mkv",420238.938,420288.938,420263.938,"1781266816713","1781266816763","2026-06-12T20:20:16.712+08:00","2026-06-12T20:20:16.762+08:00",453.117737,EXP2,"exp2_target",2,3,"1:3|2:4|3:2|4:1"
"exp2_table_objects","实验二桌面四模型总体区域","Exp2_003_exp2_table_objects_0131","video_relative_to_recording_start",rectangle,0,264,1919,1045,,,,"A017_2","Exp2_003","E3_SPATIAL_NONPROGRESSIVE",loading,,,,,1,TRUE,3250.000,3300.000,456.367737,456.417725,1920,1046,"ObjectSlot1-4",1,1,"video_relative_to_screen_recording_start",36.078785,420288.938,420338.938,1,36.078785,"1781266396475","../../../../../../Project/UE5/Gallery/Saved/ScreenRecordings/A017_2_20260612_201316_screen.mkv",420288.938,420338.938,420313.938,"1781266816763","1781266816813","2026-06-12T20:20:16.762+08:00","2026-06-12T20:20:16.812+08:00",453.117737,EXP2,"exp2_table",2,3,"1:3|2:4|3:2|4:1"
"exp2_target_object","实验二当前目标模型_右脸","Exp2_003_exp2_target_object_0132","video_relative_to_recording_start",rectangle,1031,326,1919,996,,,,"A017_2","Exp2_003","E3_SPATIAL_NONPROGRESSIVE",loading,,,,,1,TRUE,3250.000,3300.000,456.367737,456.417725,1920,1046,"ObjectSlot3",1,1,"video_relative_to_screen_recording_start",36.078785,420288.938,420338.938,1,36.078785,"1781266396475","../../../../../../Project/UE5/Gallery/Saved/ScreenRecordings/A017_2_20260612_201316_screen.mkv",420288.938,420338.938,420313.938,"1781266816763","1781266816813","2026-06-12T20:20:16.762+08:00","2026-06-12T20:20:16.812+08:00",453.117737,EXP2,"exp2_target",2,3,"1:3|2:4|3:2|4:1"
"exp2_table_objects","实验二桌面四模型总体区域","Exp2_003_exp2_table_objects_0133","video_relative_to_recording_start",rectangle,0,258,1919,1045,,,,"A017_2","Exp2_003","E3_SPATIAL_NONPROGRESSIVE",loading,,,,,1,TRUE,3300.000,3350.000,456.417725,456.467743,1920,1046,"ObjectSlot1-4",1,1,"video_relative_to_screen_recording_start",36.078785,420338.938,420388.938,1,36.078785,"1781266396475","../../../../../../Project/UE5/Gallery/Saved/ScreenRecordings/A017_2_20260612_201316_screen.mkv",420338.938,420388.938,420363.938,"1781266816813","1781266816863","2026-06-12T20:20:16.812+08:00","2026-06-12T20:20:16.862+08:00",453.117737,EXP2,"exp2_table",2,3,"1:3|2:4|3:2|4:1"
"exp2_target_object","实验二当前目标模型_右脸","Exp2_003_exp2_target_object_0134","video_relative_to_recording_start",rectangle,1031,320,1919,990,,,,"A017_2","Exp2_003","E3_SPATIAL_NONPROGRESSIVE",loading,,,,,1,TRUE,3300.000,3350.000,456.417725,456.467743,1920,1046,"ObjectSlot3",1,1,"video_relative_to_screen_recording_start",36.078785,420338.938,420388.938,1,36.078785,"1781266396475","../../../../../../Project/UE5/Gallery/Saved/ScreenRecordings/A017_2_20260612_201316_screen.mkv",420338.938,420388.938,420363.938,"1781266816813","1781266816863","2026-06-12T20:20:16.812+08:00","2026-06-12T20:20:16.862+08:00",453.117737,EXP2,"exp2_target",2,3,"1:3|2:4|3:2|4:1"
"exp2_table_objects","实验二桌面四模型总体区域","Exp2_003_exp2_table_objects_0135","video_relative_to_recording_start",rectangle,0,254,1919,1045,,,,"A017_2","Exp2_003","E3_SPATIAL_NONPROGRESSIVE",loading,,,,,1,TRUE,3350.000,3400.000,456.467743,456.517731,1920,1046,"ObjectSlot1-4",1,1,"video_relative_to_screen_recording_start",36.078785,420388.938,420438.938,1,36.078785,"1781266396475","../../../../../../Project/UE5/Gallery/Saved/ScreenRecordings/A017_2_20260612_201316_screen.mkv",420388.938,420438.938,420413.938,"1781266816863","1781266816913","2026-06-12T20:20:16.862+08:00","2026-06-12T20:20:16.912+08:00",453.117737,EXP2,"exp2_table",2,3,"1:3|2:4|3:2|4:1"
"exp2_target_object","实验二当前目标模型_右脸","Exp2_003_exp2_target_object_0136","video_relative_to_recording_start",rectangle,1031,316,1919,985,,,,"A017_2","Exp2_003","E3_SPATIAL_NONPROGRESSIVE",loading,,,,,1,TRUE,3350.000,3400.000,456.467743,456.517731,1920,1046,"ObjectSlot3",1,1,"video_relative_to_screen_recording_start",36.078785,420388.938,420438.938,1,36.078785,"1781266396475","../../../../../../Project/UE5/Gallery/Saved/ScreenRecordings/A017_2_20260612_201316_screen.mkv",420388.938,420438.938,420413.938,"1781266816863","1781266816913","2026-06-12T20:20:16.862+08:00","2026-06-12T20:20:16.912+08:00",453.117737,EXP2,"exp2_target",2,3,"1:3|2:4|3:2|4:1"
"exp2_table_objects","实验二桌面四模型总体区域","Exp2_003_exp2_table_objects_0137","video_relative_to_recording_start",rectangle,0,253,1919,1045,,,,"A017_2","Exp2_003","E3_SPATIAL_NONPROGRESSIVE",loading,,,,,1,TRUE,3400.000,3450.000,456.517731,456.567749,1920,1046,"ObjectSlot1-4",1,1,"video_relative_to_screen_recording_start",36.078785,420438.938,420488.938,1,36.078785,"1781266396475","../../../../../../Project/UE5/Gallery/Saved/ScreenRecordings/A017_2_20260612_201316_screen.mkv",420438.938,420488.938,420463.938,"1781266816913","1781266816963","2026-06-12T20:20:16.912+08:00","2026-06-12T20:20:16.962+08:00",453.117737,EXP2,"exp2_table",2,3,"1:3|2:4|3:2|4:1"
"exp2_target_object","实验二当前目标模型_右脸","Exp2_003_exp2_target_object_0138","video_relative_to_recording_start",rectangle,1031,315,1919,984,,,,"A017_2","Exp2_003","E3_SPATIAL_NONPROGRESSIVE",loading,,,,,1,TRUE,3400.000,3450.000,456.517731,456.567749,1920,1046,"ObjectSlot3",1,1,"video_relative_to_screen_recording_start",36.078785,420438.938,420488.938,1,36.078785,"1781266396475","../../../../../../Project/UE5/Gallery/Saved/ScreenRecordings/A017_2_20260612_201316_screen.mkv",420438.938,420488.938,420463.938,"1781266816913","1781266816963","2026-06-12T20:20:16.912+08:00","2026-06-12T20:20:16.962+08:00",453.117737,EXP2,"exp2_target",2,3,"1:3|2:4|3:2|4:1"
"exp2_table_objects","实验二桌面四模型总体区域","Exp2_003_exp2_table_objects_0139","video_relative_to_recording_start",rectangle,0,253,1919,1045,,,,"A017_2","Exp2_003","E3_SPATIAL_NONPROGRESSIVE",loading,,,,,1,TRUE,3450.000,3500.000,456.567749,456.617737,1920,1046,"ObjectSlot1-4",1,1,"video_relative_to_screen_recording_start",36.078785,420488.938,420538.938,1,36.078785,"1781266396475","../../../../../../Project/UE5/Gallery/Saved/ScreenRecordings/A017_2_20260612_201316_screen.mkv",420488.938,420538.938,420513.938,"1781266816963","1781266817013","2026-06-12T20:20:16.962+08:00","2026-06-12T20:20:17.012+08:00",453.117737,EXP2,"exp2_table",2,3,"1:3|2:4|3:2|4:1"
"exp2_target_object","实验二当前目标模型_右脸","Exp2_003_exp2_target_object_0140","video_relative_to_recording_start",rectangle,1031,315,1919,984,,,,"A017_2","Exp2_003","E3_SPATIAL_NONPROGRESSIVE",loading,,,,,1,TRUE,3450.000,3500.000,456.567749,456.617737,1920,1046,"ObjectSlot3",1,1,"video_relative_to_screen_recording_start",36.078785,420488.938,420538.938,1,36.078785,"1781266396475","../../../../../../Project/UE5/Gallery/Saved/ScreenRecordings/A017_2_20260612_201316_screen.mkv",420488.938,420538.938,420513.938,"1781266816963","1781266817013","2026-06-12T20:20:16.962+08:00","2026-06-12T20:20:17.012+08:00",453.117737,EXP2,"exp2_target",2,3,"1:3|2:4|3:2|4:1"
"exp2_table_objects","实验二桌面四模型总体区域","Exp2_003_exp2_table_objects_0141","video_relative_to_recording_start",rectangle,0,253,1919,1045,,,,"A017_2","Exp2_003","E3_SPATIAL_NONPROGRESSIVE",loading,,,,,1,TRUE,3500.000,3550.000,456.617737,456.667725,1920,1046,"ObjectSlot1-4",1,1,"video_relative_to_screen_recording_start",36.078785,420538.938,420588.938,1,36.078785,"1781266396475","../../../../../../Project/UE5/Gallery/Saved/ScreenRecordings/A017_2_20260612_201316_screen.mkv",420538.938,420588.938,420563.938,"1781266817013","1781266817063","2026-06-12T20:20:17.012+08:00","2026-06-12T20:20:17.062+08:00",453.117737,EXP2,"exp2_table",2,3,"1:3|2:4|3:2|4:1"
"exp2_target_object","实验二当前目标模型_右脸","Exp2_003_exp2_target_object_0142","video_relative_to_recording_start",rectangle,1031,315,1919,984,,,,"A017_2","Exp2_003","E3_SPATIAL_NONPROGRESSIVE",loading,,,,,1,TRUE,3500.000,3550.000,456.617737,456.667725,1920,1046,"ObjectSlot3",1,1,"video_relative_to_screen_recording_start",36.078785,420538.938,420588.938,1,36.078785,"1781266396475","../../../../../../Project/UE5/Gallery/Saved/ScreenRecordings/A017_2_20260612_201316_screen.mkv",420538.938,420588.938,420563.938,"1781266817013","1781266817063","2026-06-12T20:20:17.012+08:00","2026-06-12T20:20:17.062+08:00",453.117737,EXP2,"exp2_target",2,3,"1:3|2:4|3:2|4:1"
"exp2_table_objects","实验二桌面四模型总体区域","Exp2_003_exp2_table_objects_0143","video_relative_to_recording_start",rectangle,0,253,1919,1045,,,,"A017_2","Exp2_003","E3_SPATIAL_NONPROGRESSIVE",loading,,,,,1,TRUE,3550.000,3600.000,456.667725,456.717743,1920,1046,"ObjectSlot1-4",1,1,"video_relative_to_screen_recording_start",36.078785,420588.938,420638.938,1,36.078785,"1781266396475","../../../../../../Project/UE5/Gallery/Saved/ScreenRecordings/A017_2_20260612_201316_screen.mkv",420588.938,420638.938,420613.938,"1781266817063","1781266817113","2026-06-12T20:20:17.062+08:00","2026-06-12T20:20:17.112+08:00",453.117737,EXP2,"exp2_table",2,3,"1:3|2:4|3:2|4:1"
"exp2_target_object","实验二当前目标模型_右脸","Exp2_003_exp2_target_object_0144","video_relative_to_recording_start",rectangle,1031,315,1919,984,,,,"A017_2","Exp2_003","E3_SPATIAL_NONPROGRESSIVE",loading,,,,,1,TRUE,3550.000,3600.000,456.667725,456.717743,1920,1046,"ObjectSlot3",1,1,"video_relative_to_screen_recording_start",36.078785,420588.938,420638.938,1,36.078785,"1781266396475","../../../../../../Project/UE5/Gallery/Saved/ScreenRecordings/A017_2_20260612_201316_screen.mkv",420588.938,420638.938,420613.938,"1781266817063","1781266817113","2026-06-12T20:20:17.062+08:00","2026-06-12T20:20:17.112+08:00",453.117737,EXP2,"exp2_target",2,3,"1:3|2:4|3:2|4:1"
"exp2_table_objects","实验二桌面四模型总体区域","Exp2_003_exp2_table_objects_0145","video_relative_to_recording_start",rectangle,0,253,1919,1045,,,,"A017_2","Exp2_003","E3_SPATIAL_NONPROGRESSIVE",loading,,,,,1,TRUE,3600.000,3650.000,456.717743,456.767731,1920,1046,"ObjectSlot1-4",1,1,"video_relative_to_screen_recording_start",36.078785,420638.938,420688.938,1,36.078785,"1781266396475","../../../../../../Project/UE5/Gallery/Saved/ScreenRecordings/A017_2_20260612_201316_screen.mkv",420638.938,420688.938,420663.938,"1781266817113","1781266817163","2026-06-12T20:20:17.112+08:00","2026-06-12T20:20:17.162+08:00",453.117737,EXP2,"exp2_table",2,3,"1:3|2:4|3:2|4:1"
"exp2_target_object","实验二当前目标模型_右脸","Exp2_003_exp2_target_object_0146","video_relative_to_recording_start",rectangle,1031,315,1919,984,,,,"A017_2","Exp2_003","E3_SPATIAL_NONPROGRESSIVE",loading,,,,,1,TRUE,3600.000,3650.000,456.717743,456.767731,1920,1046,"ObjectSlot3",1,1,"video_relative_to_screen_recording_start",36.078785,420638.938,420688.938,1,36.078785,"1781266396475","../../../../../../Project/UE5/Gallery/Saved/ScreenRecordings/A017_2_20260612_201316_screen.mkv",420638.938,420688.938,420663.938,"1781266817113","1781266817163","2026-06-12T20:20:17.112+08:00","2026-06-12T20:20:17.162+08:00",453.117737,EXP2,"exp2_target",2,3,"1:3|2:4|3:2|4:1"
"exp2_table_objects","实验二桌面四模型总体区域","Exp2_003_exp2_table_objects_0147","video_relative_to_recording_start",rectangle,0,253,1919,1045,,,,"A017_2","Exp2_003","E3_SPATIAL_NONPROGRESSIVE",loading,,,,,1,TRUE,3650.000,3700.000,456.767731,456.817749,1920,1046,"ObjectSlot1-4",1,1,"video_relative_to_screen_recording_start",36.078785,420688.938,420738.938,1,36.078785,"1781266396475","../../../../../../Project/UE5/Gallery/Saved/ScreenRecordings/A017_2_20260612_201316_screen.mkv",420688.938,420738.938,420713.938,"1781266817163","1781266817213","2026-06-12T20:20:17.162+08:00","2026-06-12T20:20:17.212+08:00",453.117737,EXP2,"exp2_table",2,3,"1:3|2:4|3:2|4:1"
"exp2_target_object","实验二当前目标模型_右脸","Exp2_003_exp2_target_object_0148","video_relative_to_recording_start",rectangle,1031,315,1919,984,,,,"A017_2","Exp2_003","E3_SPATIAL_NONPROGRESSIVE",loading,,,,,1,TRUE,3650.000,3700.000,456.767731,456.817749,1920,1046,"ObjectSlot3",1,1,"video_relative_to_screen_recording_start",36.078785,420688.938,420738.938,1,36.078785,"1781266396475","../../../../../../Project/UE5/Gallery/Saved/ScreenRecordings/A017_2_20260612_201316_screen.mkv",420688.938,420738.938,420713.938,"1781266817163","1781266817213","2026-06-12T20:20:17.162+08:00","2026-06-12T20:20:17.212+08:00",453.117737,EXP2,"exp2_target",2,3,"1:3|2:4|3:2|4:1"
"exp2_table_objects","实验二桌面四模型总体区域","Exp2_003_exp2_table_objects_0149","video_relative_to_recording_start",rectangle,0,253,1919,1045,,,,"A017_2","Exp2_003","E3_SPATIAL_NONPROGRESSIVE",loading,,,,,1,TRUE,3700.000,3750.000,456.817749,456.867737,1920,1046,"ObjectSlot1-4",1,1,"video_relative_to_screen_recording_start",36.078785,420738.938,420788.938,1,36.078785,"1781266396475","../../../../../../Project/UE5/Gallery/Saved/ScreenRecordings/A017_2_20260612_201316_screen.mkv",420738.938,420788.938,420763.938,"1781266817213","1781266817263","2026-06-12T20:20:17.212+08:00","2026-06-12T20:20:17.262+08:00",453.117737,EXP2,"exp2_table",2,3,"1:3|2:4|3:2|4:1"
"exp2_target_object","实验二当前目标模型_右脸","Exp2_003_exp2_target_object_0150","video_relative_to_recording_start",rectangle,1031,315,1919,984,,,,"A017_2","Exp2_003","E3_SPATIAL_NONPROGRESSIVE",loading,,,,,1,TRUE,3700.000,3750.000,456.817749,456.867737,1920,1046,"ObjectSlot3",1,1,"video_relative_to_screen_recording_start",36.078785,420738.938,420788.938,1,36.078785,"1781266396475","../../../../../../Project/UE5/Gallery/Saved/ScreenRecordings/A017_2_20260612_201316_screen.mkv",420738.938,420788.938,420763.938,"1781266817213","1781266817263","2026-06-12T20:20:17.212+08:00","2026-06-12T20:20:17.262+08:00",453.117737,EXP2,"exp2_target",2,3,"1:3|2:4|3:2|4:1"
"exp2_table_objects","实验二桌面四模型总体区域","Exp2_003_exp2_table_objects_0151","video_relative_to_recording_start",rectangle,0,253,1919,1045,,,,"A017_2","Exp2_003","E3_SPATIAL_NONPROGRESSIVE",loading,,,,,1,TRUE,3750.000,3800.000,456.867737,456.917725,1920,1046,"ObjectSlot1-4",1,1,"video_relative_to_screen_recording_start",36.078785,420788.938,420838.938,1,36.078785,"1781266396475","../../../../../../Project/UE5/Gallery/Saved/ScreenRecordings/A017_2_20260612_201316_screen.mkv",420788.938,420838.938,420813.938,"1781266817263","1781266817313","2026-06-12T20:20:17.262+08:00","2026-06-12T20:20:17.312+08:00",453.117737,EXP2,"exp2_table",2,3,"1:3|2:4|3:2|4:1"
"exp2_target_object","实验二当前目标模型_右脸","Exp2_003_exp2_target_object_0152","video_relative_to_recording_start",rectangle,1031,315,1919,984,,,,"A017_2","Exp2_003","E3_SPATIAL_NONPROGRESSIVE",loading,,,,,1,TRUE,3750.000,3800.000,456.867737,456.917725,1920,1046,"ObjectSlot3",1,1,"video_relative_to_screen_recording_start",36.078785,420788.938,420838.938,1,36.078785,"1781266396475","../../../../../../Project/UE5/Gallery/Saved/ScreenRecordings/A017_2_20260612_201316_screen.mkv",420788.938,420838.938,420813.938,"1781266817263","1781266817313","2026-06-12T20:20:17.262+08:00","2026-06-12T20:20:17.312+08:00",453.117737,EXP2,"exp2_target",2,3,"1:3|2:4|3:2|4:1"
"exp2_table_objects","实验二桌面四模型总体区域","Exp2_003_exp2_table_objects_0153","video_relative_to_recording_start",rectangle,0,253,1919,1045,,,,"A017_2","Exp2_003","E3_SPATIAL_NONPROGRESSIVE",loading,,,,,1,TRUE,3800.000,3850.000,456.917725,456.967743,1920,1046,"ObjectSlot1-4",1,1,"video_relative_to_screen_recording_start",36.078785,420838.938,420888.938,1,36.078785,"1781266396475","../../../../../../Project/UE5/Gallery/Saved/ScreenRecordings/A017_2_20260612_201316_screen.mkv",420838.938,420888.938,420863.938,"1781266817313","1781266817363","2026-06-12T20:20:17.312+08:00","2026-06-12T20:20:17.362+08:00",453.117737,EXP2,"exp2_table",2,3,"1:3|2:4|3:2|4:1"
"exp2_target_object","实验二当前目标模型_右脸","Exp2_003_exp2_target_object_0154","video_relative_to_recording_start",rectangle,1031,315,1919,984,,,,"A017_2","Exp2_003","E3_SPATIAL_NONPROGRESSIVE",loading,,,,,1,TRUE,3800.000,3850.000,456.917725,456.967743,1920,1046,"ObjectSlot3",1,1,"video_relative_to_screen_recording_start",36.078785,420838.938,420888.938,1,36.078785,"1781266396475","../../../../../../Project/UE5/Gallery/Saved/ScreenRecordings/A017_2_20260612_201316_screen.mkv",420838.938,420888.938,420863.938,"1781266817313","1781266817363","2026-06-12T20:20:17.312+08:00","2026-06-12T20:20:17.362+08:00",453.117737,EXP2,"exp2_target",2,3,"1:3|2:4|3:2|4:1"
"exp2_table_objects","实验二桌面四模型总体区域","Exp2_003_exp2_table_objects_0155","video_relative_to_recording_start",rectangle,0,245,1919,1045,,,,"A017_2","Exp2_003","E3_SPATIAL_NONPROGRESSIVE",loading,,,,,1,TRUE,3850.000,3900.000,456.967743,457.017731,1920,1046,"ObjectSlot1-4",1,1,"video_relative_to_screen_recording_start",36.078785,420888.938,420938.938,1,36.078785,"1781266396475","../../../../../../Project/UE5/Gallery/Saved/ScreenRecordings/A017_2_20260612_201316_screen.mkv",420888.938,420938.938,420913.938,"1781266817363","1781266817413","2026-06-12T20:20:17.362+08:00","2026-06-12T20:20:17.412+08:00",453.117737,EXP2,"exp2_table",2,3,"1:3|2:4|3:2|4:1"
"exp2_target_object","实验二当前目标模型_右脸","Exp2_003_exp2_target_object_0156","video_relative_to_recording_start",rectangle,1018,305,1919,965,,,,"A017_2","Exp2_003","E3_SPATIAL_NONPROGRESSIVE",loading,,,,,1,TRUE,3850.000,3900.000,456.967743,457.017731,1920,1046,"ObjectSlot3",1,1,"video_relative_to_screen_recording_start",36.078785,420888.938,420938.938,1,36.078785,"1781266396475","../../../../../../Project/UE5/Gallery/Saved/ScreenRecordings/A017_2_20260612_201316_screen.mkv",420888.938,420938.938,420913.938,"1781266817363","1781266817413","2026-06-12T20:20:17.362+08:00","2026-06-12T20:20:17.412+08:00",453.117737,EXP2,"exp2_target",2,3,"1:3|2:4|3:2|4:1"
"exp2_table_objects","实验二桌面四模型总体区域","Exp2_003_exp2_table_objects_0157","video_relative_to_recording_start",rectangle,0,241,1919,1045,,,,"A017_2","Exp2_003","E3_SPATIAL_NONPROGRESSIVE",loading,,,,,1,TRUE,3900.000,3950.000,457.017731,457.067749,1920,1046,"ObjectSlot1-4",1,1,"video_relative_to_screen_recording_start",36.078785,420938.938,420988.938,1,36.078785,"1781266396475","../../../../../../Project/UE5/Gallery/Saved/ScreenRecordings/A017_2_20260612_201316_screen.mkv",420938.938,420988.938,420963.938,"1781266817413","1781266817463","2026-06-12T20:20:17.412+08:00","2026-06-12T20:20:17.462+08:00",453.117737,EXP2,"exp2_table",2,3,"1:3|2:4|3:2|4:1"
"exp2_target_object","实验二当前目标模型_右脸","Exp2_003_exp2_target_object_0158","video_relative_to_recording_start",rectangle,996,296,1919,943,,,,"A017_2","Exp2_003","E3_SPATIAL_NONPROGRESSIVE",loading,,,,,1,TRUE,3900.000,3950.000,457.017731,457.067749,1920,1046,"ObjectSlot3",1,1,"video_relative_to_screen_recording_start",36.078785,420938.938,420988.938,1,36.078785,"1781266396475","../../../../../../Project/UE5/Gallery/Saved/ScreenRecordings/A017_2_20260612_201316_screen.mkv",420938.938,420988.938,420963.938,"1781266817413","1781266817463","2026-06-12T20:20:17.412+08:00","2026-06-12T20:20:17.462+08:00",453.117737,EXP2,"exp2_target",2,3,"1:3|2:4|3:2|4:1"
"exp2_table_objects","实验二桌面四模型总体区域","Exp2_003_exp2_table_objects_0159","video_relative_to_recording_start",rectangle,0,239,1919,1045,,,,"A017_2","Exp2_003","E3_SPATIAL_NONPROGRESSIVE",loading,,,,,1,TRUE,3950.000,4000.000,457.067749,457.117737,1920,1046,"ObjectSlot1-4",1,1,"video_relative_to_screen_recording_start",36.078785,420988.938,421038.938,1,36.078785,"1781266396475","../../../../../../Project/UE5/Gallery/Saved/ScreenRecordings/A017_2_20260612_201316_screen.mkv",420988.938,421038.938,421013.938,"1781266817463","1781266817513","2026-06-12T20:20:17.462+08:00","2026-06-12T20:20:17.512+08:00",453.117737,EXP2,"exp2_table",2,3,"1:3|2:4|3:2|4:1"
"exp2_target_object","实验二当前目标模型_右脸","Exp2_003_exp2_target_object_0160","video_relative_to_recording_start",rectangle,991,293,1919,937,,,,"A017_2","Exp2_003","E3_SPATIAL_NONPROGRESSIVE",loading,,,,,1,TRUE,3950.000,4000.000,457.067749,457.117737,1920,1046,"ObjectSlot3",1,1,"video_relative_to_screen_recording_start",36.078785,420988.938,421038.938,1,36.078785,"1781266396475","../../../../../../Project/UE5/Gallery/Saved/ScreenRecordings/A017_2_20260612_201316_screen.mkv",420988.938,421038.938,421013.938,"1781266817463","1781266817513","2026-06-12T20:20:17.462+08:00","2026-06-12T20:20:17.512+08:00",453.117737,EXP2,"exp2_target",2,3,"1:3|2:4|3:2|4:1"
"exp2_table_objects","实验二桌面四模型总体区域","Exp2_003_exp2_table_objects_0161","video_relative_to_recording_start",rectangle,0,239,1919,1045,,,,"A017_2","Exp2_003","E3_SPATIAL_NONPROGRESSIVE",loading,,,,,1,TRUE,4000.000,4050.000,457.117737,457.167725,1920,1046,"ObjectSlot1-4",1,1,"video_relative_to_screen_recording_start",36.078785,421038.938,421088.938,1,36.078785,"1781266396475","../../../../../../Project/UE5/Gallery/Saved/ScreenRecordings/A017_2_20260612_201316_screen.mkv",421038.938,421088.938,421063.938,"1781266817513","1781266817563","2026-06-12T20:20:17.512+08:00","2026-06-12T20:20:17.562+08:00",453.117737,EXP2,"exp2_table",2,3,"1:3|2:4|3:2|4:1"
"exp2_target_object","实验二当前目标模型_右脸","Exp2_003_exp2_target_object_0162","video_relative_to_recording_start",rectangle,991,293,1919,937,,,,"A017_2","Exp2_003","E3_SPATIAL_NONPROGRESSIVE",loading,,,,,1,TRUE,4000.000,4050.000,457.117737,457.167725,1920,1046,"ObjectSlot3",1,1,"video_relative_to_screen_recording_start",36.078785,421038.938,421088.938,1,36.078785,"1781266396475","../../../../../../Project/UE5/Gallery/Saved/ScreenRecordings/A017_2_20260612_201316_screen.mkv",421038.938,421088.938,421063.938,"1781266817513","1781266817563","2026-06-12T20:20:17.512+08:00","2026-06-12T20:20:17.562+08:00",453.117737,EXP2,"exp2_target",2,3,"1:3|2:4|3:2|4:1"
"exp2_table_objects","实验二桌面四模型总体区域","Exp2_003_exp2_table_objects_0163","video_relative_to_recording_start",rectangle,0,239,1919,1045,,,,"A017_2","Exp2_003","E3_SPATIAL_NONPROGRESSIVE",loading,,,,,1,TRUE,4050.000,4100.000,457.167725,457.217743,1920,1046,"ObjectSlot1-4",1,1,"video_relative_to_screen_recording_start",36.078785,421088.938,421138.938,1,36.078785,"1781266396475","../../../../../../Project/UE5/Gallery/Saved/ScreenRecordings/A017_2_20260612_201316_screen.mkv",421088.938,421138.938,421113.938,"1781266817563","1781266817613","2026-06-12T20:20:17.562+08:00","2026-06-12T20:20:17.612+08:00",453.117737,EXP2,"exp2_table",2,3,"1:3|2:4|3:2|4:1"
"exp2_target_object","实验二当前目标模型_右脸","Exp2_003_exp2_target_object_0164","video_relative_to_recording_start",rectangle,991,293,1919,937,,,,"A017_2","Exp2_003","E3_SPATIAL_NONPROGRESSIVE",loading,,,,,1,TRUE,4050.000,4100.000,457.167725,457.217743,1920,1046,"ObjectSlot3",1,1,"video_relative_to_screen_recording_start",36.078785,421088.938,421138.938,1,36.078785,"1781266396475","../../../../../../Project/UE5/Gallery/Saved/ScreenRecordings/A017_2_20260612_201316_screen.mkv",421088.938,421138.938,421113.938,"1781266817563","1781266817613","2026-06-12T20:20:17.562+08:00","2026-06-12T20:20:17.612+08:00",453.117737,EXP2,"exp2_target",2,3,"1:3|2:4|3:2|4:1"
"exp2_table_objects","实验二桌面四模型总体区域","Exp2_003_exp2_table_objects_0165","video_relative_to_recording_start",rectangle,0,239,1919,1045,,,,"A017_2","Exp2_003","E3_SPATIAL_NONPROGRESSIVE",loading,,,,,1,TRUE,4100.000,4150.000,457.217743,457.267731,1920,1046,"ObjectSlot1-4",1,1,"video_relative_to_screen_recording_start",36.078785,421138.938,421188.938,1,36.078785,"1781266396475","../../../../../../Project/UE5/Gallery/Saved/ScreenRecordings/A017_2_20260612_201316_screen.mkv",421138.938,421188.938,421163.938,"1781266817613","1781266817663","2026-06-12T20:20:17.612+08:00","2026-06-12T20:20:17.662+08:00",453.117737,EXP2,"exp2_table",2,3,"1:3|2:4|3:2|4:1"
"exp2_target_object","实验二当前目标模型_右脸","Exp2_003_exp2_target_object_0166","video_relative_to_recording_start",rectangle,994,293,1919,937,,,,"A017_2","Exp2_003","E3_SPATIAL_NONPROGRESSIVE",loading,,,,,1,TRUE,4100.000,4150.000,457.217743,457.267731,1920,1046,"ObjectSlot3",1,1,"video_relative_to_screen_recording_start",36.078785,421138.938,421188.938,1,36.078785,"1781266396475","../../../../../../Project/UE5/Gallery/Saved/ScreenRecordings/A017_2_20260612_201316_screen.mkv",421138.938,421188.938,421163.938,"1781266817613","1781266817663","2026-06-12T20:20:17.612+08:00","2026-06-12T20:20:17.662+08:00",453.117737,EXP2,"exp2_target",2,3,"1:3|2:4|3:2|4:1"
"exp2_table_objects","实验二桌面四模型总体区域","Exp2_003_exp2_table_objects_0167","video_relative_to_recording_start",rectangle,0,239,1919,1045,,,,"A017_2","Exp2_003","E3_SPATIAL_NONPROGRESSIVE",loading,,,,,1,TRUE,4150.000,4200.000,457.267731,457.317749,1920,1046,"ObjectSlot1-4",1,1,"video_relative_to_screen_recording_start",36.078785,421188.938,421238.938,1,36.078785,"1781266396475","../../../../../../Project/UE5/Gallery/Saved/ScreenRecordings/A017_2_20260612_201316_screen.mkv",421188.938,421238.938,421213.938,"1781266817663","1781266817713","2026-06-12T20:20:17.662+08:00","2026-06-12T20:20:17.712+08:00",453.117737,EXP2,"exp2_table",2,3,"1:3|2:4|3:2|4:1"
"exp2_target_object","实验二当前目标模型_右脸","Exp2_003_exp2_target_object_0168","video_relative_to_recording_start",rectangle,1026,293,1919,937,,,,"A017_2","Exp2_003","E3_SPATIAL_NONPROGRESSIVE",loading,,,,,1,TRUE,4150.000,4200.000,457.267731,457.317749,1920,1046,"ObjectSlot3",1,1,"video_relative_to_screen_recording_start",36.078785,421188.938,421238.938,1,36.078785,"1781266396475","../../../../../../Project/UE5/Gallery/Saved/ScreenRecordings/A017_2_20260612_201316_screen.mkv",421188.938,421238.938,421213.938,"1781266817663","1781266817713","2026-06-12T20:20:17.662+08:00","2026-06-12T20:20:17.712+08:00",453.117737,EXP2,"exp2_target",2,3,"1:3|2:4|3:2|4:1"
"exp2_table_objects","实验二桌面四模型总体区域","Exp2_003_exp2_table_objects_0169","video_relative_to_recording_start",rectangle,0,239,1919,1045,,,,"A017_2","Exp2_003","E3_SPATIAL_NONPROGRESSIVE",loading,,,,,1,TRUE,4200.000,4250.000,457.317749,457.367737,1920,1046,"ObjectSlot1-4",1,1,"video_relative_to_screen_recording_start",36.078785,421238.938,421288.938,1,36.078785,"1781266396475","../../../../../../Project/UE5/Gallery/Saved/ScreenRecordings/A017_2_20260612_201316_screen.mkv",421238.938,421288.938,421263.938,"1781266817713","1781266817763","2026-06-12T20:20:17.712+08:00","2026-06-12T20:20:17.762+08:00",453.117737,EXP2,"exp2_table",2,3,"1:3|2:4|3:2|4:1"
"exp2_target_object","实验二当前目标模型_右脸","Exp2_003_exp2_target_object_0170","video_relative_to_recording_start",rectangle,1066,293,1919,937,,,,"A017_2","Exp2_003","E3_SPATIAL_NONPROGRESSIVE",loading,,,,,1,TRUE,4200.000,4250.000,457.317749,457.367737,1920,1046,"ObjectSlot3",1,1,"video_relative_to_screen_recording_start",36.078785,421238.938,421288.938,1,36.078785,"1781266396475","../../../../../../Project/UE5/Gallery/Saved/ScreenRecordings/A017_2_20260612_201316_screen.mkv",421238.938,421288.938,421263.938,"1781266817713","1781266817763","2026-06-12T20:20:17.712+08:00","2026-06-12T20:20:17.762+08:00",453.117737,EXP2,"exp2_target",2,3,"1:3|2:4|3:2|4:1"
"exp2_table_objects","实验二桌面四模型总体区域","Exp2_003_exp2_table_objects_0171","video_relative_to_recording_start",rectangle,0,239,1919,1045,,,,"A017_2","Exp2_003","E3_SPATIAL_NONPROGRESSIVE",loading,,,,,1,TRUE,4250.000,4300.000,457.367737,457.417725,1920,1046,"ObjectSlot1-4",1,1,"video_relative_to_screen_recording_start",36.078785,421288.938,421338.938,1,36.078785,"1781266396475","../../../../../../Project/UE5/Gallery/Saved/ScreenRecordings/A017_2_20260612_201316_screen.mkv",421288.938,421338.938,421313.938,"1781266817763","1781266817813","2026-06-12T20:20:17.762+08:00","2026-06-12T20:20:17.812+08:00",453.117737,EXP2,"exp2_table",2,3,"1:3|2:4|3:2|4:1"
"exp2_target_object","实验二当前目标模型_右脸","Exp2_003_exp2_target_object_0172","video_relative_to_recording_start",rectangle,1066,293,1919,937,,,,"A017_2","Exp2_003","E3_SPATIAL_NONPROGRESSIVE",loading,,,,,1,TRUE,4250.000,4300.000,457.367737,457.417725,1920,1046,"ObjectSlot3",1,1,"video_relative_to_screen_recording_start",36.078785,421288.938,421338.938,1,36.078785,"1781266396475","../../../../../../Project/UE5/Gallery/Saved/ScreenRecordings/A017_2_20260612_201316_screen.mkv",421288.938,421338.938,421313.938,"1781266817763","1781266817813","2026-06-12T20:20:17.762+08:00","2026-06-12T20:20:17.812+08:00",453.117737,EXP2,"exp2_target",2,3,"1:3|2:4|3:2|4:1"
"exp2_table_objects","实验二桌面四模型总体区域","Exp2_003_exp2_table_objects_0173","video_relative_to_recording_start",rectangle,0,221,1919,1045,,,,"A017_2","Exp2_003","E3_SPATIAL_NONPROGRESSIVE",loading,,,,,1,TRUE,4300.000,4350.000,457.417725,457.467743,1920,1046,"ObjectSlot1-4",1,1,"video_relative_to_screen_recording_start",36.078785,421338.938,421388.938,1,36.078785,"1781266396475","../../../../../../Project/UE5/Gallery/Saved/ScreenRecordings/A017_2_20260612_201316_screen.mkv",421338.938,421388.938,421363.938,"1781266817813","1781266817863","2026-06-12T20:20:17.812+08:00","2026-06-12T20:20:17.862+08:00",453.117737,EXP2,"exp2_table",2,3,"1:3|2:4|3:2|4:1"
"exp2_target_object","实验二当前目标模型_右脸","Exp2_003_exp2_target_object_0174","video_relative_to_recording_start",rectangle,1129,282,1919,926,,,,"A017_2","Exp2_003","E3_SPATIAL_NONPROGRESSIVE",loading,,,,,1,TRUE,4300.000,4350.000,457.417725,457.467743,1920,1046,"ObjectSlot3",1,1,"video_relative_to_screen_recording_start",36.078785,421338.938,421388.938,1,36.078785,"1781266396475","../../../../../../Project/UE5/Gallery/Saved/ScreenRecordings/A017_2_20260612_201316_screen.mkv",421338.938,421388.938,421363.938,"1781266817813","1781266817863","2026-06-12T20:20:17.812+08:00","2026-06-12T20:20:17.862+08:00",453.117737,EXP2,"exp2_target",2,3,"1:3|2:4|3:2|4:1"
"exp2_table_objects","实验二桌面四模型总体区域","Exp2_003_exp2_table_objects_0175","video_relative_to_recording_start",rectangle,0,212,1919,1045,,,,"A017_2","Exp2_003","E3_SPATIAL_NONPROGRESSIVE",loading,,,,,1,TRUE,4350.000,4400.000,457.467743,457.517731,1920,1046,"ObjectSlot1-4",1,1,"video_relative_to_screen_recording_start",36.078785,421388.938,421438.938,1,36.078785,"1781266396475","../../../../../../Project/UE5/Gallery/Saved/ScreenRecordings/A017_2_20260612_201316_screen.mkv",421388.938,421438.938,421413.938,"1781266817863","1781266817913","2026-06-12T20:20:17.862+08:00","2026-06-12T20:20:17.912+08:00",453.117737,EXP2,"exp2_table",2,3,"1:3|2:4|3:2|4:1"
"exp2_target_object","实验二当前目标模型_右脸","Exp2_003_exp2_target_object_0176","video_relative_to_recording_start",rectangle,1121,271,1919,896,,,,"A017_2","Exp2_003","E3_SPATIAL_NONPROGRESSIVE",loading,,,,,1,TRUE,4350.000,4400.000,457.467743,457.517731,1920,1046,"ObjectSlot3",1,1,"video_relative_to_screen_recording_start",36.078785,421388.938,421438.938,1,36.078785,"1781266396475","../../../../../../Project/UE5/Gallery/Saved/ScreenRecordings/A017_2_20260612_201316_screen.mkv",421388.938,421438.938,421413.938,"1781266817863","1781266817913","2026-06-12T20:20:17.862+08:00","2026-06-12T20:20:17.912+08:00",453.117737,EXP2,"exp2_target",2,3,"1:3|2:4|3:2|4:1"
"exp2_table_objects","实验二桌面四模型总体区域","Exp2_003_exp2_table_objects_0177","video_relative_to_recording_start",rectangle,0,210,1919,1045,,,,"A017_2","Exp2_003","E3_SPATIAL_NONPROGRESSIVE",loading,,,,,1,TRUE,4400.000,4450.000,457.517731,457.567749,1920,1046,"ObjectSlot1-4",1,1,"video_relative_to_screen_recording_start",36.078785,421438.938,421488.938,1,36.078785,"1781266396475","../../../../../../Project/UE5/Gallery/Saved/ScreenRecordings/A017_2_20260612_201316_screen.mkv",421438.938,421488.938,421463.938,"1781266817913","1781266817963","2026-06-12T20:20:17.912+08:00","2026-06-12T20:20:17.962+08:00",453.117737,EXP2,"exp2_table",2,3,"1:3|2:4|3:2|4:1"
"exp2_target_object","实验二当前目标模型_右脸","Exp2_003_exp2_target_object_0178","video_relative_to_recording_start",rectangle,1089,264,1919,874,,,,"A017_2","Exp2_003","E3_SPATIAL_NONPROGRESSIVE",loading,,,,,1,TRUE,4400.000,4450.000,457.517731,457.567749,1920,1046,"ObjectSlot3",1,1,"video_relative_to_screen_recording_start",36.078785,421438.938,421488.938,1,36.078785,"1781266396475","../../../../../../Project/UE5/Gallery/Saved/ScreenRecordings/A017_2_20260612_201316_screen.mkv",421438.938,421488.938,421463.938,"1781266817913","1781266817963","2026-06-12T20:20:17.912+08:00","2026-06-12T20:20:17.962+08:00",453.117737,EXP2,"exp2_target",2,3,"1:3|2:4|3:2|4:1"
"exp2_table_objects","实验二桌面四模型总体区域","Exp2_003_exp2_table_objects_0179","video_relative_to_recording_start",rectangle,0,205,1919,1045,,,,"A017_2","Exp2_003","E3_SPATIAL_NONPROGRESSIVE",loading,,,,,1,TRUE,4450.000,4500.000,457.567749,457.617737,1920,1046,"ObjectSlot1-4",1,1,"video_relative_to_screen_recording_start",36.078785,421488.938,421538.938,1,36.078785,"1781266396475","../../../../../../Project/UE5/Gallery/Saved/ScreenRecordings/A017_2_20260612_201316_screen.mkv",421488.938,421538.938,421513.938,"1781266817963","1781266818013","2026-06-12T20:20:17.962+08:00","2026-06-12T20:20:18.012+08:00",453.117737,EXP2,"exp2_table",2,3,"1:3|2:4|3:2|4:1"
"exp2_target_object","实验二当前目标模型_右脸","Exp2_003_exp2_target_object_0180","video_relative_to_recording_start",rectangle,1063,256,1919,863,,,,"A017_2","Exp2_003","E3_SPATIAL_NONPROGRESSIVE",loading,,,,,1,TRUE,4450.000,4500.000,457.567749,457.617737,1920,1046,"ObjectSlot3",1,1,"video_relative_to_screen_recording_start",36.078785,421488.938,421538.938,1,36.078785,"1781266396475","../../../../../../Project/UE5/Gallery/Saved/ScreenRecordings/A017_2_20260612_201316_screen.mkv",421488.938,421538.938,421513.938,"1781266817963","1781266818013","2026-06-12T20:20:17.962+08:00","2026-06-12T20:20:18.012+08:00",453.117737,EXP2,"exp2_target",2,3,"1:3|2:4|3:2|4:1"
"exp2_table_objects","实验二桌面四模型总体区域","Exp2_003_exp2_table_objects_0181","video_relative_to_recording_start",rectangle,0,200,1919,1045,,,,"A017_2","Exp2_003","E3_SPATIAL_NONPROGRESSIVE",loading,,,,,1,TRUE,4500.000,4550.000,457.617737,457.667725,1920,1046,"ObjectSlot1-4",1,1,"video_relative_to_screen_recording_start",36.078785,421538.938,421588.938,1,36.078785,"1781266396475","../../../../../../Project/UE5/Gallery/Saved/ScreenRecordings/A017_2_20260612_201316_screen.mkv",421538.938,421588.938,421563.938,"1781266818013","1781266818063","2026-06-12T20:20:18.012+08:00","2026-06-12T20:20:18.062+08:00",453.117737,EXP2,"exp2_table",2,3,"1:3|2:4|3:2|4:1"
"exp2_target_object","实验二当前目标模型_右脸","Exp2_003_exp2_target_object_0182","video_relative_to_recording_start",rectangle,1054,250,1919,856,,,,"A017_2","Exp2_003","E3_SPATIAL_NONPROGRESSIVE",loading,,,,,1,TRUE,4500.000,4550.000,457.617737,457.667725,1920,1046,"ObjectSlot3",1,1,"video_relative_to_screen_recording_start",36.078785,421538.938,421588.938,1,36.078785,"1781266396475","../../../../../../Project/UE5/Gallery/Saved/ScreenRecordings/A017_2_20260612_201316_screen.mkv",421538.938,421588.938,421563.938,"1781266818013","1781266818063","2026-06-12T20:20:18.012+08:00","2026-06-12T20:20:18.062+08:00",453.117737,EXP2,"exp2_target",2,3,"1:3|2:4|3:2|4:1"
"exp2_table_objects","实验二桌面四模型总体区域","Exp2_003_exp2_table_objects_0183","video_relative_to_recording_start",rectangle,0,200,1919,1045,,,,"A017_2","Exp2_003","E3_SPATIAL_NONPROGRESSIVE",loading,,,,,1,TRUE,4550.000,4600.000,457.667725,457.717743,1920,1046,"ObjectSlot1-4",1,1,"video_relative_to_screen_recording_start",36.078785,421588.938,421638.938,1,36.078785,"1781266396475","../../../../../../Project/UE5/Gallery/Saved/ScreenRecordings/A017_2_20260612_201316_screen.mkv",421588.938,421638.938,421613.938,"1781266818063","1781266818113","2026-06-12T20:20:18.062+08:00","2026-06-12T20:20:18.112+08:00",453.117737,EXP2,"exp2_table",2,3,"1:3|2:4|3:2|4:1"
"exp2_target_object","实验二当前目标模型_右脸","Exp2_003_exp2_target_object_0184","video_relative_to_recording_start",rectangle,1054,250,1919,856,,,,"A017_2","Exp2_003","E3_SPATIAL_NONPROGRESSIVE",loading,,,,,1,TRUE,4550.000,4600.000,457.667725,457.717743,1920,1046,"ObjectSlot3",1,1,"video_relative_to_screen_recording_start",36.078785,421588.938,421638.938,1,36.078785,"1781266396475","../../../../../../Project/UE5/Gallery/Saved/ScreenRecordings/A017_2_20260612_201316_screen.mkv",421588.938,421638.938,421613.938,"1781266818063","1781266818113","2026-06-12T20:20:18.062+08:00","2026-06-12T20:20:18.112+08:00",453.117737,EXP2,"exp2_target",2,3,"1:3|2:4|3:2|4:1"
"exp2_table_objects","实验二桌面四模型总体区域","Exp2_003_exp2_table_objects_0185","video_relative_to_recording_start",rectangle,0,199,1919,1045,,,,"A017_2","Exp2_003","E3_SPATIAL_NONPROGRESSIVE",loading,,,,,1,TRUE,4600.000,4650.000,457.717743,457.767731,1920,1046,"ObjectSlot1-4",1,1,"video_relative_to_screen_recording_start",36.078785,421638.938,421688.938,1,36.078785,"1781266396475","../../../../../../Project/UE5/Gallery/Saved/ScreenRecordings/A017_2_20260612_201316_screen.mkv",421638.938,421688.938,421663.938,"1781266818113","1781266818163","2026-06-12T20:20:18.112+08:00","2026-06-12T20:20:18.162+08:00",453.117737,EXP2,"exp2_table",2,3,"1:3|2:4|3:2|4:1"
"exp2_target_object","实验二当前目标模型_右脸","Exp2_003_exp2_target_object_0186","video_relative_to_recording_start",rectangle,1051,250,1919,856,,,,"A017_2","Exp2_003","E3_SPATIAL_NONPROGRESSIVE",loading,,,,,1,TRUE,4600.000,4650.000,457.717743,457.767731,1920,1046,"ObjectSlot3",1,1,"video_relative_to_screen_recording_start",36.078785,421638.938,421688.938,1,36.078785,"1781266396475","../../../../../../Project/UE5/Gallery/Saved/ScreenRecordings/A017_2_20260612_201316_screen.mkv",421638.938,421688.938,421663.938,"1781266818113","1781266818163","2026-06-12T20:20:18.112+08:00","2026-06-12T20:20:18.162+08:00",453.117737,EXP2,"exp2_target",2,3,"1:3|2:4|3:2|4:1"
"exp2_table_objects","实验二桌面四模型总体区域","Exp2_003_exp2_table_objects_0187","video_relative_to_recording_start",rectangle,0,200,1919,1045,,,,"A017_2","Exp2_003","E3_SPATIAL_NONPROGRESSIVE",loading,,,,,1,TRUE,4650.000,4700.000,457.767731,457.817749,1920,1046,"ObjectSlot1-4",1,1,"video_relative_to_screen_recording_start",36.078785,421688.938,421738.938,1,36.078785,"1781266396475","../../../../../../Project/UE5/Gallery/Saved/ScreenRecordings/A017_2_20260612_201316_screen.mkv",421688.938,421738.938,421713.938,"1781266818163","1781266818213","2026-06-12T20:20:18.162+08:00","2026-06-12T20:20:18.212+08:00",453.117737,EXP2,"exp2_table",2,3,"1:3|2:4|3:2|4:1"
"exp2_target_object","实验二当前目标模型_右脸","Exp2_003_exp2_target_object_0188","video_relative_to_recording_start",rectangle,1050,251,1919,857,,,,"A017_2","Exp2_003","E3_SPATIAL_NONPROGRESSIVE",loading,,,,,1,TRUE,4650.000,4700.000,457.767731,457.817749,1920,1046,"ObjectSlot3",1,1,"video_relative_to_screen_recording_start",36.078785,421688.938,421738.938,1,36.078785,"1781266396475","../../../../../../Project/UE5/Gallery/Saved/ScreenRecordings/A017_2_20260612_201316_screen.mkv",421688.938,421738.938,421713.938,"1781266818163","1781266818213","2026-06-12T20:20:18.162+08:00","2026-06-12T20:20:18.212+08:00",453.117737,EXP2,"exp2_target",2,3,"1:3|2:4|3:2|4:1"
"exp2_table_objects","实验二桌面四模型总体区域","Exp2_003_exp2_table_objects_0189","video_relative_to_recording_start",rectangle,0,189,1919,1045,,,,"A017_2","Exp2_003","E3_SPATIAL_NONPROGRESSIVE",loading,,,,,1,TRUE,4700.000,4750.000,457.817749,457.867737,1920,1046,"ObjectSlot1-4",1,1,"video_relative_to_screen_recording_start",36.078785,421738.938,421788.938,1,36.078785,"1781266396475","../../../../../../Project/UE5/Gallery/Saved/ScreenRecordings/A017_2_20260612_201316_screen.mkv",421738.938,421788.938,421763.938,"1781266818213","1781266818263","2026-06-12T20:20:18.212+08:00","2026-06-12T20:20:18.262+08:00",453.117737,EXP2,"exp2_table",2,3,"1:3|2:4|3:2|4:1"
"exp2_target_object","实验二当前目标模型_右脸","Exp2_003_exp2_target_object_0190","video_relative_to_recording_start",rectangle,1061,244,1919,850,,,,"A017_2","Exp2_003","E3_SPATIAL_NONPROGRESSIVE",loading,,,,,1,TRUE,4700.000,4750.000,457.817749,457.867737,1920,1046,"ObjectSlot3",1,1,"video_relative_to_screen_recording_start",36.078785,421738.938,421788.938,1,36.078785,"1781266396475","../../../../../../Project/UE5/Gallery/Saved/ScreenRecordings/A017_2_20260612_201316_screen.mkv",421738.938,421788.938,421763.938,"1781266818213","1781266818263","2026-06-12T20:20:18.212+08:00","2026-06-12T20:20:18.262+08:00",453.117737,EXP2,"exp2_target",2,3,"1:3|2:4|3:2|4:1"
"exp2_table_objects","实验二桌面四模型总体区域","Exp2_003_exp2_table_objects_0191","video_relative_to_recording_start",rectangle,0,141,1919,1031,,,,"A017_2","Exp2_003","E3_SPATIAL_NONPROGRESSIVE",loading,,,,,1,TRUE,4750.000,4800.000,457.867737,457.917725,1920,1046,"ObjectSlot1-4",1,1,"video_relative_to_screen_recording_start",36.078785,421788.938,421838.938,1,36.078785,"1781266396475","../../../../../../Project/UE5/Gallery/Saved/ScreenRecordings/A017_2_20260612_201316_screen.mkv",421788.938,421838.938,421813.938,"1781266818263","1781266818313","2026-06-12T20:20:18.262+08:00","2026-06-12T20:20:18.312+08:00",453.117737,EXP2,"exp2_table",2,3,"1:3|2:4|3:2|4:1"
"exp2_target_object","实验二当前目标模型_右脸","Exp2_003_exp2_target_object_0192","video_relative_to_recording_start",rectangle,1093,211,1919,821,,,,"A017_2","Exp2_003","E3_SPATIAL_NONPROGRESSIVE",loading,,,,,1,TRUE,4750.000,4800.000,457.867737,457.917725,1920,1046,"ObjectSlot3",1,1,"video_relative_to_screen_recording_start",36.078785,421788.938,421838.938,1,36.078785,"1781266396475","../../../../../../Project/UE5/Gallery/Saved/ScreenRecordings/A017_2_20260612_201316_screen.mkv",421788.938,421838.938,421813.938,"1781266818263","1781266818313","2026-06-12T20:20:18.262+08:00","2026-06-12T20:20:18.312+08:00",453.117737,EXP2,"exp2_target",2,3,"1:3|2:4|3:2|4:1"
"exp2_table_objects","实验二桌面四模型总体区域","Exp2_003_exp2_table_objects_0193","video_relative_to_recording_start",rectangle,31,133,1919,1021,,,,"A017_2","Exp2_003","E3_SPATIAL_NONPROGRESSIVE",loading,,,,,1,TRUE,4800.000,4850.000,457.917725,457.967743,1920,1046,"ObjectSlot1-4",1,1,"video_relative_to_screen_recording_start",36.078785,421838.938,421888.938,1,36.078785,"1781266396475","../../../../../../Project/UE5/Gallery/Saved/ScreenRecordings/A017_2_20260612_201316_screen.mkv",421838.938,421888.938,421863.938,"1781266818313","1781266818363","2026-06-12T20:20:18.312+08:00","2026-06-12T20:20:18.362+08:00",453.117737,EXP2,"exp2_table",2,3,"1:3|2:4|3:2|4:1"
"exp2_target_object","实验二当前目标模型_右脸","Exp2_003_exp2_target_object_0194","video_relative_to_recording_start",rectangle,1143,208,1919,817,,,,"A017_2","Exp2_003","E3_SPATIAL_NONPROGRESSIVE",loading,,,,,1,TRUE,4800.000,4850.000,457.917725,457.967743,1920,1046,"ObjectSlot3",1,1,"video_relative_to_screen_recording_start",36.078785,421838.938,421888.938,1,36.078785,"1781266396475","../../../../../../Project/UE5/Gallery/Saved/ScreenRecordings/A017_2_20260612_201316_screen.mkv",421838.938,421888.938,421863.938,"1781266818313","1781266818363","2026-06-12T20:20:18.312+08:00","2026-06-12T20:20:18.362+08:00",453.117737,EXP2,"exp2_target",2,3,"1:3|2:4|3:2|4:1"
"exp2_table_objects","实验二桌面四模型总体区域","Exp2_003_exp2_table_objects_0195","video_relative_to_recording_start",rectangle,31,133,1919,1021,,,,"A017_2","Exp2_003","E3_SPATIAL_NONPROGRESSIVE",loading,,,,,1,TRUE,4850.000,4900.000,457.967743,458.017731,1920,1046,"ObjectSlot1-4",1,1,"video_relative_to_screen_recording_start",36.078785,421888.938,421938.938,1,36.078785,"1781266396475","../../../../../../Project/UE5/Gallery/Saved/ScreenRecordings/A017_2_20260612_201316_screen.mkv",421888.938,421938.938,421913.938,"1781266818363","1781266818413","2026-06-12T20:20:18.362+08:00","2026-06-12T20:20:18.412+08:00",453.117737,EXP2,"exp2_table",2,3,"1:3|2:4|3:2|4:1"
"exp2_target_object","实验二当前目标模型_右脸","Exp2_003_exp2_target_object_0196","video_relative_to_recording_start",rectangle,1143,208,1919,817,,,,"A017_2","Exp2_003","E3_SPATIAL_NONPROGRESSIVE",loading,,,,,1,TRUE,4850.000,4900.000,457.967743,458.017731,1920,1046,"ObjectSlot3",1,1,"video_relative_to_screen_recording_start",36.078785,421888.938,421938.938,1,36.078785,"1781266396475","../../../../../../Project/UE5/Gallery/Saved/ScreenRecordings/A017_2_20260612_201316_screen.mkv",421888.938,421938.938,421913.938,"1781266818363","1781266818413","2026-06-12T20:20:18.362+08:00","2026-06-12T20:20:18.412+08:00",453.117737,EXP2,"exp2_target",2,3,"1:3|2:4|3:2|4:1"
"exp2_table_objects","实验二桌面四模型总体区域","Exp2_003_exp2_table_objects_0197","video_relative_to_recording_start",rectangle,129,133,1919,1015,,,,"A017_2","Exp2_003","E3_SPATIAL_NONPROGRESSIVE",loading,,,,,1,TRUE,4900.000,4950.000,458.017731,458.067749,1920,1046,"ObjectSlot1-4",1,1,"video_relative_to_screen_recording_start",36.078785,421938.938,421988.938,1,36.078785,"1781266396475","../../../../../../Project/UE5/Gallery/Saved/ScreenRecordings/A017_2_20260612_201316_screen.mkv",421938.938,421988.938,421963.938,"1781266818413","1781266818463","2026-06-12T20:20:18.412+08:00","2026-06-12T20:20:18.462+08:00",453.117737,EXP2,"exp2_table",2,3,"1:3|2:4|3:2|4:1"
"exp2_target_object","实验二当前目标模型_右脸","Exp2_003_exp2_target_object_0198","video_relative_to_recording_start",rectangle,1173,211,1919,817,,,,"A017_2","Exp2_003","E3_SPATIAL_NONPROGRESSIVE",loading,,,,,1,TRUE,4900.000,4950.000,458.017731,458.067749,1920,1046,"ObjectSlot3",1,1,"video_relative_to_screen_recording_start",36.078785,421938.938,421988.938,1,36.078785,"1781266396475","../../../../../../Project/UE5/Gallery/Saved/ScreenRecordings/A017_2_20260612_201316_screen.mkv",421938.938,421988.938,421963.938,"1781266818413","1781266818463","2026-06-12T20:20:18.412+08:00","2026-06-12T20:20:18.462+08:00",453.117737,EXP2,"exp2_target",2,3,"1:3|2:4|3:2|4:1"
"exp2_table_objects","实验二桌面四模型总体区域","Exp2_003_exp2_table_objects_0199","video_relative_to_recording_start",rectangle,116,135,1919,1011,,,,"A017_2","Exp2_003","E3_SPATIAL_NONPROGRESSIVE",loading,,,,,1,TRUE,4950.000,5000.000,458.067749,458.117737,1920,1046,"ObjectSlot1-4",1,1,"video_relative_to_screen_recording_start",36.078785,421988.938,422038.938,1,36.078785,"1781266396475","../../../../../../Project/UE5/Gallery/Saved/ScreenRecordings/A017_2_20260612_201316_screen.mkv",421988.938,422038.938,422013.938,"1781266818463","1781266818513","2026-06-12T20:20:18.462+08:00","2026-06-12T20:20:18.512+08:00",453.117737,EXP2,"exp2_table",2,3,"1:3|2:4|3:2|4:1"
"exp2_target_object","实验二当前目标模型_右脸","Exp2_003_exp2_target_object_0200","video_relative_to_recording_start",rectangle,1162,216,1919,819,,,,"A017_2","Exp2_003","E3_SPATIAL_NONPROGRESSIVE",loading,,,,,1,TRUE,4950.000,5000.000,458.067749,458.117737,1920,1046,"ObjectSlot3",1,1,"video_relative_to_screen_recording_start",36.078785,421988.938,422038.938,1,36.078785,"1781266396475","../../../../../../Project/UE5/Gallery/Saved/ScreenRecordings/A017_2_20260612_201316_screen.mkv",421988.938,422038.938,422013.938,"1781266818463","1781266818513","2026-06-12T20:20:18.462+08:00","2026-06-12T20:20:18.512+08:00",453.117737,EXP2,"exp2_target",2,3,"1:3|2:4|3:2|4:1"
"exp2_table_objects","实验二桌面四模型总体区域","Exp2_003_exp2_table_objects_0201","video_relative_to_recording_start",rectangle,86,139,1919,1025,,,,"A017_2","Exp2_003","E3_SPATIAL_NONPROGRESSIVE",loading,,,,,1,TRUE,5000.000,5050.000,458.117737,458.167725,1920,1046,"ObjectSlot1-4",1,1,"video_relative_to_screen_recording_start",36.078785,422038.938,422088.938,1,36.078785,"1781266396475","../../../../../../Project/UE5/Gallery/Saved/ScreenRecordings/A017_2_20260612_201316_screen.mkv",422038.938,422088.938,422063.938,"1781266818513","1781266818563","2026-06-12T20:20:18.512+08:00","2026-06-12T20:20:18.562+08:00",453.117737,EXP2,"exp2_table",2,3,"1:3|2:4|3:2|4:1"
"exp2_target_object","实验二当前目标模型_右脸","Exp2_003_exp2_target_object_0202","video_relative_to_recording_start",rectangle,1142,224,1919,823,,,,"A017_2","Exp2_003","E3_SPATIAL_NONPROGRESSIVE",loading,,,,,1,TRUE,5000.000,5050.000,458.117737,458.167725,1920,1046,"ObjectSlot3",1,1,"video_relative_to_screen_recording_start",36.078785,422038.938,422088.938,1,36.078785,"1781266396475","../../../../../../Project/UE5/Gallery/Saved/ScreenRecordings/A017_2_20260612_201316_screen.mkv",422038.938,422088.938,422063.938,"1781266818513","1781266818563","2026-06-12T20:20:18.512+08:00","2026-06-12T20:20:18.562+08:00",453.117737,EXP2,"exp2_target",2,3,"1:3|2:4|3:2|4:1"
"exp2_table_objects","实验二桌面四模型总体区域","Exp2_003_exp2_table_objects_0203","video_relative_to_recording_start",rectangle,53,144,1919,1044,,,,"A017_2","Exp2_003","E3_SPATIAL_NONPROGRESSIVE",loading,,,,,1,TRUE,5050.000,5100.000,458.167725,458.217743,1920,1046,"ObjectSlot1-4",1,1,"video_relative_to_screen_recording_start",36.078785,422088.938,422138.938,1,36.078785,"1781266396475","../../../../../../Project/UE5/Gallery/Saved/ScreenRecordings/A017_2_20260612_201316_screen.mkv",422088.938,422138.938,422113.938,"1781266818563","1781266818613","2026-06-12T20:20:18.562+08:00","2026-06-12T20:20:18.612+08:00",453.117737,EXP2,"exp2_table",2,3,"1:3|2:4|3:2|4:1"
"exp2_target_object","实验二当前目标模型_右脸","Exp2_003_exp2_target_object_0204","video_relative_to_recording_start",rectangle,1120,234,1919,829,,,,"A017_2","Exp2_003","E3_SPATIAL_NONPROGRESSIVE",loading,,,,,1,TRUE,5050.000,5100.000,458.167725,458.217743,1920,1046,"ObjectSlot3",1,1,"video_relative_to_screen_recording_start",36.078785,422088.938,422138.938,1,36.078785,"1781266396475","../../../../../../Project/UE5/Gallery/Saved/ScreenRecordings/A017_2_20260612_201316_screen.mkv",422088.938,422138.938,422113.938,"1781266818563","1781266818613","2026-06-12T20:20:18.562+08:00","2026-06-12T20:20:18.612+08:00",453.117737,EXP2,"exp2_target",2,3,"1:3|2:4|3:2|4:1"
"exp2_table_objects","实验二桌面四模型总体区域","Exp2_003_exp2_table_objects_0205","video_relative_to_recording_start",rectangle,22,148,1919,1045,,,,"A017_2","Exp2_003","E3_SPATIAL_NONPROGRESSIVE",loading,,,,,1,TRUE,5100.000,5150.000,458.217743,458.267731,1920,1046,"ObjectSlot1-4",1,1,"video_relative_to_screen_recording_start",36.078785,422138.938,422188.938,1,36.078785,"1781266396475","../../../../../../Project/UE5/Gallery/Saved/ScreenRecordings/A017_2_20260612_201316_screen.mkv",422138.938,422188.938,422163.938,"1781266818613","1781266818663","2026-06-12T20:20:18.612+08:00","2026-06-12T20:20:18.662+08:00",453.117737,EXP2,"exp2_table",2,3,"1:3|2:4|3:2|4:1"
"exp2_target_object","实验二当前目标模型_右脸","Exp2_003_exp2_target_object_0206","video_relative_to_recording_start",rectangle,1101,242,1919,834,,,,"A017_2","Exp2_003","E3_SPATIAL_NONPROGRESSIVE",loading,,,,,1,TRUE,5100.000,5150.000,458.217743,458.267731,1920,1046,"ObjectSlot3",1,1,"video_relative_to_screen_recording_start",36.078785,422138.938,422188.938,1,36.078785,"1781266396475","../../../../../../Project/UE5/Gallery/Saved/ScreenRecordings/A017_2_20260612_201316_screen.mkv",422138.938,422188.938,422163.938,"1781266818613","1781266818663","2026-06-12T20:20:18.612+08:00","2026-06-12T20:20:18.662+08:00",453.117737,EXP2,"exp2_target",2,3,"1:3|2:4|3:2|4:1"
"exp2_table_objects","实验二桌面四模型总体区域","Exp2_003_exp2_table_objects_0207","video_relative_to_recording_start",rectangle,13,151,1919,1045,,,,"A017_2","Exp2_003","E3_SPATIAL_NONPROGRESSIVE",loading,,,,,1,TRUE,5150.000,5200.000,458.267731,458.317749,1920,1046,"ObjectSlot1-4",1,1,"video_relative_to_screen_recording_start",36.078785,422188.938,422238.938,1,36.078785,"1781266396475","../../../../../../Project/UE5/Gallery/Saved/ScreenRecordings/A017_2_20260612_201316_screen.mkv",422188.938,422238.938,422213.938,"1781266818663","1781266818713","2026-06-12T20:20:18.662+08:00","2026-06-12T20:20:18.712+08:00",453.117737,EXP2,"exp2_table",2,3,"1:3|2:4|3:2|4:1"
"exp2_target_object","实验二当前目标模型_右脸","Exp2_003_exp2_target_object_0208","video_relative_to_recording_start",rectangle,1095,247,1919,837,,,,"A017_2","Exp2_003","E3_SPATIAL_NONPROGRESSIVE",loading,,,,,1,TRUE,5150.000,5200.000,458.267731,458.317749,1920,1046,"ObjectSlot3",1,1,"video_relative_to_screen_recording_start",36.078785,422188.938,422238.938,1,36.078785,"1781266396475","../../../../../../Project/UE5/Gallery/Saved/ScreenRecordings/A017_2_20260612_201316_screen.mkv",422188.938,422238.938,422213.938,"1781266818663","1781266818713","2026-06-12T20:20:18.662+08:00","2026-06-12T20:20:18.712+08:00",453.117737,EXP2,"exp2_target",2,3,"1:3|2:4|3:2|4:1"
"exp2_table_objects","实验二桌面四模型总体区域","Exp2_003_exp2_table_objects_0209","video_relative_to_recording_start",rectangle,9,154,1919,1045,,,,"A017_2","Exp2_003","E3_SPATIAL_NONPROGRESSIVE",loading,,,,,1,TRUE,5200.000,5250.000,458.317749,458.367737,1920,1046,"ObjectSlot1-4",1,1,"video_relative_to_screen_recording_start",36.078785,422238.938,422288.938,1,36.078785,"1781266396475","../../../../../../Project/UE5/Gallery/Saved/ScreenRecordings/A017_2_20260612_201316_screen.mkv",422238.938,422288.938,422263.938,"1781266818713","1781266818763","2026-06-12T20:20:18.712+08:00","2026-06-12T20:20:18.762+08:00",453.117737,EXP2,"exp2_table",2,3,"1:3|2:4|3:2|4:1"
"exp2_target_object","实验二当前目标模型_右脸","Exp2_003_exp2_target_object_0210","video_relative_to_recording_start",rectangle,1092,250,1919,840,,,,"A017_2","Exp2_003","E3_SPATIAL_NONPROGRESSIVE",loading,,,,,1,TRUE,5200.000,5250.000,458.317749,458.367737,1920,1046,"ObjectSlot3",1,1,"video_relative_to_screen_recording_start",36.078785,422238.938,422288.938,1,36.078785,"1781266396475","../../../../../../Project/UE5/Gallery/Saved/ScreenRecordings/A017_2_20260612_201316_screen.mkv",422238.938,422288.938,422263.938,"1781266818713","1781266818763","2026-06-12T20:20:18.712+08:00","2026-06-12T20:20:18.762+08:00",453.117737,EXP2,"exp2_target",2,3,"1:3|2:4|3:2|4:1"
"exp2_table_objects","实验二桌面四模型总体区域","Exp2_003_exp2_table_objects_0211","video_relative_to_recording_start",rectangle,0,155,1919,1045,,,,"A017_2","Exp2_003","E3_SPATIAL_NONPROGRESSIVE",loading,,,,,1,TRUE,5250.000,5300.000,458.367737,458.417725,1920,1046,"ObjectSlot1-4",1,1,"video_relative_to_screen_recording_start",36.078785,422288.938,422338.938,1,36.078785,"1781266396475","../../../../../../Project/UE5/Gallery/Saved/ScreenRecordings/A017_2_20260612_201316_screen.mkv",422288.938,422338.938,422313.938,"1781266818763","1781266818813","2026-06-12T20:20:18.762+08:00","2026-06-12T20:20:18.812+08:00",453.117737,EXP2,"exp2_table",2,3,"1:3|2:4|3:2|4:1"
"exp2_target_object","实验二当前目标模型_右脸","Exp2_003_exp2_target_object_0212","video_relative_to_recording_start",rectangle,1088,252,1919,841,,,,"A017_2","Exp2_003","E3_SPATIAL_NONPROGRESSIVE",loading,,,,,1,TRUE,5250.000,5300.000,458.367737,458.417725,1920,1046,"ObjectSlot3",1,1,"video_relative_to_screen_recording_start",36.078785,422288.938,422338.938,1,36.078785,"1781266396475","../../../../../../Project/UE5/Gallery/Saved/ScreenRecordings/A017_2_20260612_201316_screen.mkv",422288.938,422338.938,422313.938,"1781266818763","1781266818813","2026-06-12T20:20:18.762+08:00","2026-06-12T20:20:18.812+08:00",453.117737,EXP2,"exp2_target",2,3,"1:3|2:4|3:2|4:1"
"exp2_table_objects","实验二桌面四模型总体区域","Exp2_003_exp2_table_objects_0213","video_relative_to_recording_start",rectangle,0,155,1919,1045,,,,"A017_2","Exp2_003","E3_SPATIAL_NONPROGRESSIVE",loading,,,,,1,TRUE,5300.000,5350.000,458.417725,458.467743,1920,1046,"ObjectSlot1-4",1,1,"video_relative_to_screen_recording_start",36.078785,422338.938,422388.938,1,36.078785,"1781266396475","../../../../../../Project/UE5/Gallery/Saved/ScreenRecordings/A017_2_20260612_201316_screen.mkv",422338.938,422388.938,422363.938,"1781266818813","1781266818863","2026-06-12T20:20:18.812+08:00","2026-06-12T20:20:18.862+08:00",453.117737,EXP2,"exp2_table",2,3,"1:3|2:4|3:2|4:1"
"exp2_target_object","实验二当前目标模型_右脸","Exp2_003_exp2_target_object_0214","video_relative_to_recording_start",rectangle,1088,252,1919,841,,,,"A017_2","Exp2_003","E3_SPATIAL_NONPROGRESSIVE",loading,,,,,1,TRUE,5300.000,5350.000,458.417725,458.467743,1920,1046,"ObjectSlot3",1,1,"video_relative_to_screen_recording_start",36.078785,422338.938,422388.938,1,36.078785,"1781266396475","../../../../../../Project/UE5/Gallery/Saved/ScreenRecordings/A017_2_20260612_201316_screen.mkv",422338.938,422388.938,422363.938,"1781266818813","1781266818863","2026-06-12T20:20:18.812+08:00","2026-06-12T20:20:18.862+08:00",453.117737,EXP2,"exp2_target",2,3,"1:3|2:4|3:2|4:1"
"exp2_table_objects","实验二桌面四模型总体区域","Exp2_003_exp2_table_objects_0215","video_relative_to_recording_start",rectangle,0,162,1919,1045,,,,"A017_2","Exp2_003","E3_SPATIAL_NONPROGRESSIVE",loading,,,,,1,TRUE,5350.000,5400.000,458.467743,458.517731,1920,1046,"ObjectSlot1-4",1,1,"video_relative_to_screen_recording_start",36.078785,422388.938,422438.938,1,36.078785,"1781266396475","../../../../../../Project/UE5/Gallery/Saved/ScreenRecordings/A017_2_20260612_201316_screen.mkv",422388.938,422438.938,422413.938,"1781266818863","1781266818913","2026-06-12T20:20:18.862+08:00","2026-06-12T20:20:18.912+08:00",453.117737,EXP2,"exp2_table",2,3,"1:3|2:4|3:2|4:1"
"exp2_target_object","实验二当前目标模型_右脸","Exp2_003_exp2_target_object_0216","video_relative_to_recording_start",rectangle,1064,259,1919,848,,,,"A017_2","Exp2_003","E3_SPATIAL_NONPROGRESSIVE",loading,,,,,1,TRUE,5350.000,5400.000,458.467743,458.517731,1920,1046,"ObjectSlot3",1,1,"video_relative_to_screen_recording_start",36.078785,422388.938,422438.938,1,36.078785,"1781266396475","../../../../../../Project/UE5/Gallery/Saved/ScreenRecordings/A017_2_20260612_201316_screen.mkv",422388.938,422438.938,422413.938,"1781266818863","1781266818913","2026-06-12T20:20:18.862+08:00","2026-06-12T20:20:18.912+08:00",453.117737,EXP2,"exp2_target",2,3,"1:3|2:4|3:2|4:1"
"exp2_table_objects","实验二桌面四模型总体区域","Exp2_003_exp2_table_objects_0217","video_relative_to_recording_start",rectangle,0,167,1919,1045,,,,"A017_2","Exp2_003","E3_SPATIAL_NONPROGRESSIVE",loading,,,,,1,TRUE,5400.000,5450.000,458.517731,458.567749,1920,1046,"ObjectSlot1-4",1,1,"video_relative_to_screen_recording_start",36.078785,422438.938,422488.938,1,36.078785,"1781266396475","../../../../../../Project/UE5/Gallery/Saved/ScreenRecordings/A017_2_20260612_201316_screen.mkv",422438.938,422488.938,422463.938,"1781266818913","1781266818963","2026-06-12T20:20:18.912+08:00","2026-06-12T20:20:18.962+08:00",453.117737,EXP2,"exp2_table",2,3,"1:3|2:4|3:2|4:1"
"exp2_target_object","实验二当前目标模型_右脸","Exp2_003_exp2_target_object_0218","video_relative_to_recording_start",rectangle,1021,263,1919,853,,,,"A017_2","Exp2_003","E3_SPATIAL_NONPROGRESSIVE",loading,,,,,1,TRUE,5400.000,5450.000,458.517731,458.567749,1920,1046,"ObjectSlot3",1,1,"video_relative_to_screen_recording_start",36.078785,422438.938,422488.938,1,36.078785,"1781266396475","../../../../../../Project/UE5/Gallery/Saved/ScreenRecordings/A017_2_20260612_201316_screen.mkv",422438.938,422488.938,422463.938,"1781266818913","1781266818963","2026-06-12T20:20:18.912+08:00","2026-06-12T20:20:18.962+08:00",453.117737,EXP2,"exp2_target",2,3,"1:3|2:4|3:2|4:1"
"exp2_table_objects","实验二桌面四模型总体区域","Exp2_003_exp2_table_objects_0219","video_relative_to_recording_start",rectangle,0,220,1919,1045,,,,"A017_2","Exp2_003","E3_SPATIAL_NONPROGRESSIVE",loading,,,,,1,TRUE,5450.000,5500.000,458.567749,458.617737,1920,1046,"ObjectSlot1-4",1,1,"video_relative_to_screen_recording_start",36.078785,422488.938,422538.938,1,36.078785,"1781266396475","../../../../../../Project/UE5/Gallery/Saved/ScreenRecordings/A017_2_20260612_201316_screen.mkv",422488.938,422538.938,422513.938,"1781266818963","1781266819013","2026-06-12T20:20:18.962+08:00","2026-06-12T20:20:19.012+08:00",453.117737,EXP2,"exp2_table",2,3,"1:3|2:4|3:2|4:1"
"exp2_target_object","实验二当前目标模型_右脸","Exp2_003_exp2_target_object_0220","video_relative_to_recording_start",rectangle,965,298,1841,885,,,,"A017_2","Exp2_003","E3_SPATIAL_NONPROGRESSIVE",loading,,,,,1,TRUE,5450.000,5500.000,458.567749,458.617737,1920,1046,"ObjectSlot3",1,0,"video_relative_to_screen_recording_start",36.078785,422488.938,422538.938,1,36.078785,"1781266396475","../../../../../../Project/UE5/Gallery/Saved/ScreenRecordings/A017_2_20260612_201316_screen.mkv",422488.938,422538.938,422513.938,"1781266818963","1781266819013","2026-06-12T20:20:18.962+08:00","2026-06-12T20:20:19.012+08:00",453.117737,EXP2,"exp2_target",2,3,"1:3|2:4|3:2|4:1"
"exp2_table_objects","实验二桌面四模型总体区域","Exp2_003_exp2_table_objects_0221","video_relative_to_recording_start",rectangle,0,233,1919,1045,,,,"A017_2","Exp2_003","E3_SPATIAL_NONPROGRESSIVE",loading,,,,,1,TRUE,5500.000,5550.000,458.617737,458.667725,1920,1046,"ObjectSlot1-4",1,1,"video_relative_to_screen_recording_start",36.078785,422538.938,422588.938,1,36.078785,"1781266396475","../../../../../../Project/UE5/Gallery/Saved/ScreenRecordings/A017_2_20260612_201316_screen.mkv",422538.938,422588.938,422563.938,"1781266819013","1781266819063","2026-06-12T20:20:19.012+08:00","2026-06-12T20:20:19.062+08:00",453.117737,EXP2,"exp2_table",2,3,"1:3|2:4|3:2|4:1"
"exp2_target_object","实验二当前目标模型_右脸","Exp2_003_exp2_target_object_0222","video_relative_to_recording_start",rectangle,957,305,1829,892,,,,"A017_2","Exp2_003","E3_SPATIAL_NONPROGRESSIVE",loading,,,,,1,TRUE,5500.000,5550.000,458.617737,458.667725,1920,1046,"ObjectSlot3",1,0,"video_relative_to_screen_recording_start",36.078785,422538.938,422588.938,1,36.078785,"1781266396475","../../../../../../Project/UE5/Gallery/Saved/ScreenRecordings/A017_2_20260612_201316_screen.mkv",422538.938,422588.938,422563.938,"1781266819013","1781266819063","2026-06-12T20:20:19.012+08:00","2026-06-12T20:20:19.062+08:00",453.117737,EXP2,"exp2_target",2,3,"1:3|2:4|3:2|4:1"
"exp2_table_objects","实验二桌面四模型总体区域","Exp2_003_exp2_table_objects_0223","video_relative_to_recording_start",rectangle,0,235,1919,1045,,,,"A017_2","Exp2_003","E3_SPATIAL_NONPROGRESSIVE",loading,,,,,1,TRUE,5550.000,5600.000,458.667725,458.717743,1920,1046,"ObjectSlot1-4",1,1,"video_relative_to_screen_recording_start",36.078785,422588.938,422638.938,1,36.078785,"1781266396475","../../../../../../Project/UE5/Gallery/Saved/ScreenRecordings/A017_2_20260612_201316_screen.mkv",422588.938,422638.938,422613.938,"1781266819063","1781266819113","2026-06-12T20:20:19.062+08:00","2026-06-12T20:20:19.112+08:00",453.117737,EXP2,"exp2_table",2,3,"1:3|2:4|3:2|4:1"
"exp2_target_object","实验二当前目标模型_右脸","Exp2_003_exp2_target_object_0224","video_relative_to_recording_start",rectangle,959,306,1832,893,,,,"A017_2","Exp2_003","E3_SPATIAL_NONPROGRESSIVE",loading,,,,,1,TRUE,5550.000,5600.000,458.667725,458.717743,1920,1046,"ObjectSlot3",1,0,"video_relative_to_screen_recording_start",36.078785,422588.938,422638.938,1,36.078785,"1781266396475","../../../../../../Project/UE5/Gallery/Saved/ScreenRecordings/A017_2_20260612_201316_screen.mkv",422588.938,422638.938,422613.938,"1781266819063","1781266819113","2026-06-12T20:20:19.062+08:00","2026-06-12T20:20:19.112+08:00",453.117737,EXP2,"exp2_target",2,3,"1:3|2:4|3:2|4:1"
"exp2_table_objects","实验二桌面四模型总体区域","Exp2_003_exp2_table_objects_0225","video_relative_to_recording_start",rectangle,0,250,1919,1045,,,,"A017_2","Exp2_003","E3_SPATIAL_NONPROGRESSIVE",loading,,,,,1,TRUE,5600.000,5650.000,458.717743,458.767731,1920,1046,"ObjectSlot1-4",1,1,"video_relative_to_screen_recording_start",36.078785,422638.938,422688.938,1,36.078785,"1781266396475","../../../../../../Project/UE5/Gallery/Saved/ScreenRecordings/A017_2_20260612_201316_screen.mkv",422638.938,422688.938,422663.938,"1781266819113","1781266819163","2026-06-12T20:20:19.112+08:00","2026-06-12T20:20:19.162+08:00",453.117737,EXP2,"exp2_table",2,3,"1:3|2:4|3:2|4:1"
"exp2_target_object","实验二当前目标模型_右脸","Exp2_003_exp2_target_object_0226","video_relative_to_recording_start",rectangle,963,321,1836,909,,,,"A017_2","Exp2_003","E3_SPATIAL_NONPROGRESSIVE",loading,,,,,1,TRUE,5600.000,5650.000,458.717743,458.767731,1920,1046,"ObjectSlot3",1,0,"video_relative_to_screen_recording_start",36.078785,422638.938,422688.938,1,36.078785,"1781266396475","../../../../../../Project/UE5/Gallery/Saved/ScreenRecordings/A017_2_20260612_201316_screen.mkv",422638.938,422688.938,422663.938,"1781266819113","1781266819163","2026-06-12T20:20:19.112+08:00","2026-06-12T20:20:19.162+08:00",453.117737,EXP2,"exp2_target",2,3,"1:3|2:4|3:2|4:1"
"exp2_table_objects","实验二桌面四模型总体区域","Exp2_003_exp2_table_objects_0227","video_relative_to_recording_start",rectangle,0,268,1919,1045,,,,"A017_2","Exp2_003","E3_SPATIAL_NONPROGRESSIVE",loading,,,,,1,TRUE,5650.000,5700.000,458.767731,458.817749,1920,1046,"ObjectSlot1-4",1,1,"video_relative_to_screen_recording_start",36.078785,422688.938,422738.938,1,36.078785,"1781266396475","../../../../../../Project/UE5/Gallery/Saved/ScreenRecordings/A017_2_20260612_201316_screen.mkv",422688.938,422738.938,422713.938,"1781266819163","1781266819213","2026-06-12T20:20:19.162+08:00","2026-06-12T20:20:19.212+08:00",453.117737,EXP2,"exp2_table",2,3,"1:3|2:4|3:2|4:1"
"exp2_target_object","实验二当前目标模型_右脸","Exp2_003_exp2_target_object_0228","video_relative_to_recording_start",rectangle,968,337,1843,926,,,,"A017_2","Exp2_003","E3_SPATIAL_NONPROGRESSIVE",loading,,,,,1,TRUE,5650.000,5700.000,458.767731,458.817749,1920,1046,"ObjectSlot3",1,0,"video_relative_to_screen_recording_start",36.078785,422688.938,422738.938,1,36.078785,"1781266396475","../../../../../../Project/UE5/Gallery/Saved/ScreenRecordings/A017_2_20260612_201316_screen.mkv",422688.938,422738.938,422713.938,"1781266819163","1781266819213","2026-06-12T20:20:19.162+08:00","2026-06-12T20:20:19.212+08:00",453.117737,EXP2,"exp2_target",2,3,"1:3|2:4|3:2|4:1"
"exp2_table_objects","实验二桌面四模型总体区域","Exp2_003_exp2_table_objects_0229","video_relative_to_recording_start",rectangle,0,268,1919,1045,,,,"A017_2","Exp2_003","E3_SPATIAL_NONPROGRESSIVE",loading,,,,,1,TRUE,5700.000,5750.000,458.817749,458.867737,1920,1046,"ObjectSlot1-4",1,1,"video_relative_to_screen_recording_start",36.078785,422738.938,422788.938,1,36.078785,"1781266396475","../../../../../../Project/UE5/Gallery/Saved/ScreenRecordings/A017_2_20260612_201316_screen.mkv",422738.938,422788.938,422763.938,"1781266819213","1781266819263","2026-06-12T20:20:19.212+08:00","2026-06-12T20:20:19.262+08:00",453.117737,EXP2,"exp2_table",2,3,"1:3|2:4|3:2|4:1"
"exp2_target_object","实验二当前目标模型_右脸","Exp2_003_exp2_target_object_0230","video_relative_to_recording_start",rectangle,968,337,1843,926,,,,"A017_2","Exp2_003","E3_SPATIAL_NONPROGRESSIVE",loading,,,,,1,TRUE,5700.000,5750.000,458.817749,458.867737,1920,1046,"ObjectSlot3",1,0,"video_relative_to_screen_recording_start",36.078785,422738.938,422788.938,1,36.078785,"1781266396475","../../../../../../Project/UE5/Gallery/Saved/ScreenRecordings/A017_2_20260612_201316_screen.mkv",422738.938,422788.938,422763.938,"1781266819213","1781266819263","2026-06-12T20:20:19.212+08:00","2026-06-12T20:20:19.262+08:00",453.117737,EXP2,"exp2_target",2,3,"1:3|2:4|3:2|4:1"
"exp2_table_objects","实验二桌面四模型总体区域","Exp2_003_exp2_table_objects_0231","video_relative_to_recording_start",rectangle,0,284,1919,1045,,,,"A017_2","Exp2_003","E3_SPATIAL_NONPROGRESSIVE",loading,,,,,1,TRUE,5750.000,5800.000,458.867737,458.917725,1920,1046,"ObjectSlot1-4",1,1,"video_relative_to_screen_recording_start",36.078785,422788.938,422838.938,1,36.078785,"1781266396475","../../../../../../Project/UE5/Gallery/Saved/ScreenRecordings/A017_2_20260612_201316_screen.mkv",422788.938,422838.938,422813.938,"1781266819263","1781266819313","2026-06-12T20:20:19.262+08:00","2026-06-12T20:20:19.312+08:00",453.117737,EXP2,"exp2_table",2,3,"1:3|2:4|3:2|4:1"
"exp2_target_object","实验二当前目标模型_右脸","Exp2_003_exp2_target_object_0232","video_relative_to_recording_start",rectangle,971,352,1846,944,,,,"A017_2","Exp2_003","E3_SPATIAL_NONPROGRESSIVE",loading,,,,,1,TRUE,5750.000,5800.000,458.867737,458.917725,1920,1046,"ObjectSlot3",1,0,"video_relative_to_screen_recording_start",36.078785,422788.938,422838.938,1,36.078785,"1781266396475","../../../../../../Project/UE5/Gallery/Saved/ScreenRecordings/A017_2_20260612_201316_screen.mkv",422788.938,422838.938,422813.938,"1781266819263","1781266819313","2026-06-12T20:20:19.262+08:00","2026-06-12T20:20:19.312+08:00",453.117737,EXP2,"exp2_target",2,3,"1:3|2:4|3:2|4:1"
"exp2_table_objects","实验二桌面四模型总体区域","Exp2_003_exp2_table_objects_0233","video_relative_to_recording_start",rectangle,0,291,1919,1045,,,,"A017_2","Exp2_003","E3_SPATIAL_NONPROGRESSIVE",loading,,,,,1,TRUE,5800.000,5850.000,458.917725,458.967743,1920,1046,"ObjectSlot1-4",1,1,"video_relative_to_screen_recording_start",36.078785,422838.938,422888.938,1,36.078785,"1781266396475","../../../../../../Project/UE5/Gallery/Saved/ScreenRecordings/A017_2_20260612_201316_screen.mkv",422838.938,422888.938,422863.938,"1781266819313","1781266819363","2026-06-12T20:20:19.312+08:00","2026-06-12T20:20:19.362+08:00",453.117737,EXP2,"exp2_table",2,3,"1:3|2:4|3:2|4:1"
"exp2_target_object","实验二当前目标模型_右脸","Exp2_003_exp2_target_object_0234","video_relative_to_recording_start",rectangle,975,359,1851,951,,,,"A017_2","Exp2_003","E3_SPATIAL_NONPROGRESSIVE",loading,,,,,1,TRUE,5800.000,5850.000,458.917725,458.967743,1920,1046,"ObjectSlot3",1,0,"video_relative_to_screen_recording_start",36.078785,422838.938,422888.938,1,36.078785,"1781266396475","../../../../../../Project/UE5/Gallery/Saved/ScreenRecordings/A017_2_20260612_201316_screen.mkv",422838.938,422888.938,422863.938,"1781266819313","1781266819363","2026-06-12T20:20:19.312+08:00","2026-06-12T20:20:19.362+08:00",453.117737,EXP2,"exp2_target",2,3,"1:3|2:4|3:2|4:1"
"exp2_table_objects","实验二桌面四模型总体区域","Exp2_003_exp2_table_objects_0235","video_relative_to_recording_start",rectangle,0,296,1919,1045,,,,"A017_2","Exp2_003","E3_SPATIAL_NONPROGRESSIVE",loading,,,,,1,TRUE,5850.000,5900.000,458.967743,459.017731,1920,1046,"ObjectSlot1-4",1,1,"video_relative_to_screen_recording_start",36.078785,422888.938,422938.938,1,36.078785,"1781266396475","../../../../../../Project/UE5/Gallery/Saved/ScreenRecordings/A017_2_20260612_201316_screen.mkv",422888.938,422938.938,422913.938,"1781266819363","1781266819413","2026-06-12T20:20:19.362+08:00","2026-06-12T20:20:19.412+08:00",453.117737,EXP2,"exp2_table",2,3,"1:3|2:4|3:2|4:1"
"exp2_target_object","实验二当前目标模型_右脸","Exp2_003_exp2_target_object_0236","video_relative_to_recording_start",rectangle,973,362,1848,955,,,,"A017_2","Exp2_003","E3_SPATIAL_NONPROGRESSIVE",loading,,,,,1,TRUE,5850.000,5900.000,458.967743,459.017731,1920,1046,"ObjectSlot3",1,0,"video_relative_to_screen_recording_start",36.078785,422888.938,422938.938,1,36.078785,"1781266396475","../../../../../../Project/UE5/Gallery/Saved/ScreenRecordings/A017_2_20260612_201316_screen.mkv",422888.938,422938.938,422913.938,"1781266819363","1781266819413","2026-06-12T20:20:19.362+08:00","2026-06-12T20:20:19.412+08:00",453.117737,EXP2,"exp2_target",2,3,"1:3|2:4|3:2|4:1"
"exp2_table_objects","实验二桌面四模型总体区域","Exp2_003_exp2_table_objects_0237","video_relative_to_recording_start",rectangle,0,315,1919,1045,,,,"A017_2","Exp2_003","E3_SPATIAL_NONPROGRESSIVE",loading,,,,,1,TRUE,5900.000,5950.000,459.017731,459.067749,1920,1046,"ObjectSlot1-4",1,1,"video_relative_to_screen_recording_start",36.078785,422938.938,422988.938,1,36.078785,"1781266396475","../../../../../../Project/UE5/Gallery/Saved/ScreenRecordings/A017_2_20260612_201316_screen.mkv",422938.938,422988.938,422963.938,"1781266819413","1781266819463","2026-06-12T20:20:19.412+08:00","2026-06-12T20:20:19.462+08:00",453.117737,EXP2,"exp2_table",2,3,"1:3|2:4|3:2|4:1"
"exp2_target_object","实验二当前目标模型_右脸","Exp2_003_exp2_target_object_0238","video_relative_to_recording_start",rectangle,951,374,1813,967,,,,"A017_2","Exp2_003","E3_SPATIAL_NONPROGRESSIVE",loading,,,,,1,TRUE,5900.000,5950.000,459.017731,459.067749,1920,1046,"ObjectSlot3",1,0,"video_relative_to_screen_recording_start",36.078785,422938.938,422988.938,1,36.078785,"1781266396475","../../../../../../Project/UE5/Gallery/Saved/ScreenRecordings/A017_2_20260612_201316_screen.mkv",422938.938,422988.938,422963.938,"1781266819413","1781266819463","2026-06-12T20:20:19.412+08:00","2026-06-12T20:20:19.462+08:00",453.117737,EXP2,"exp2_target",2,3,"1:3|2:4|3:2|4:1"
"exp2_table_objects","实验二桌面四模型总体区域","Exp2_003_exp2_table_objects_0239","video_relative_to_recording_start",rectangle,0,331,1919,1045,,,,"A017_2","Exp2_003","E3_SPATIAL_NONPROGRESSIVE",loading,,,,,1,TRUE,5950.000,6000.000,459.067749,459.117737,1920,1046,"ObjectSlot1-4",1,1,"video_relative_to_screen_recording_start",36.078785,422988.938,423038.938,1,36.078785,"1781266396475","../../../../../../Project/UE5/Gallery/Saved/ScreenRecordings/A017_2_20260612_201316_screen.mkv",422988.938,423038.938,423013.938,"1781266819463","1781266819513","2026-06-12T20:20:19.462+08:00","2026-06-12T20:20:19.512+08:00",453.117737,EXP2,"exp2_table",2,3,"1:3|2:4|3:2|4:1"
"exp2_target_object","实验二当前目标模型_右脸","Exp2_003_exp2_target_object_0240","video_relative_to_recording_start",rectangle,922,384,1764,976,,,,"A017_2","Exp2_003","E3_SPATIAL_NONPROGRESSIVE",loading,,,,,1,TRUE,5950.000,6000.000,459.067749,459.117737,1920,1046,"ObjectSlot3",1,0,"video_relative_to_screen_recording_start",36.078785,422988.938,423038.938,1,36.078785,"1781266396475","../../../../../../Project/UE5/Gallery/Saved/ScreenRecordings/A017_2_20260612_201316_screen.mkv",422988.938,423038.938,423013.938,"1781266819463","1781266819513","2026-06-12T20:20:19.462+08:00","2026-06-12T20:20:19.512+08:00",453.117737,EXP2,"exp2_target",2,3,"1:3|2:4|3:2|4:1"
"exp2_table_objects","实验二桌面四模型总体区域","Exp2_003_exp2_table_objects_0241","video_relative_to_recording_start",rectangle,0,334,1919,1045,,,,"A017_2","Exp2_003","E3_SPATIAL_NONPROGRESSIVE",loading,,,,,1,TRUE,6000.000,6050.000,459.117737,459.167725,1920,1046,"ObjectSlot1-4",1,1,"video_relative_to_screen_recording_start",36.078785,423038.938,423088.938,1,36.078785,"1781266396475","../../../../../../Project/UE5/Gallery/Saved/ScreenRecordings/A017_2_20260612_201316_screen.mkv",423038.938,423088.938,423063.938,"1781266819513","1781266819563","2026-06-12T20:20:19.512+08:00","2026-06-12T20:20:19.562+08:00",453.117737,EXP2,"exp2_table",2,3,"1:3|2:4|3:2|4:1"
"exp2_target_object","实验二当前目标模型_右脸","Exp2_003_exp2_target_object_0242","video_relative_to_recording_start",rectangle,928,384,1774,976,,,,"A017_2","Exp2_003","E3_SPATIAL_NONPROGRESSIVE",loading,,,,,1,TRUE,6000.000,6050.000,459.117737,459.167725,1920,1046,"ObjectSlot3",1,0,"video_relative_to_screen_recording_start",36.078785,423038.938,423088.938,1,36.078785,"1781266396475","../../../../../../Project/UE5/Gallery/Saved/ScreenRecordings/A017_2_20260612_201316_screen.mkv",423038.938,423088.938,423063.938,"1781266819513","1781266819563","2026-06-12T20:20:19.512+08:00","2026-06-12T20:20:19.562+08:00",453.117737,EXP2,"exp2_target",2,3,"1:3|2:4|3:2|4:1"
"exp2_table_objects","实验二桌面四模型总体区域","Exp2_003_exp2_table_objects_0243","video_relative_to_recording_start",rectangle,0,337,1919,1045,,,,"A017_2","Exp2_003","E3_SPATIAL_NONPROGRESSIVE",loading,,,,,1,TRUE,6050.000,6100.000,459.167725,459.217743,1920,1046,"ObjectSlot1-4",1,1,"video_relative_to_screen_recording_start",36.078785,423088.938,423138.938,1,36.078785,"1781266396475","../../../../../../Project/UE5/Gallery/Saved/ScreenRecordings/A017_2_20260612_201316_screen.mkv",423088.938,423138.938,423113.938,"1781266819563","1781266819613","2026-06-12T20:20:19.562+08:00","2026-06-12T20:20:19.612+08:00",453.117737,EXP2,"exp2_table",2,3,"1:3|2:4|3:2|4:1"
"exp2_target_object","实验二当前目标模型_右脸","Exp2_003_exp2_target_object_0244","video_relative_to_recording_start",rectangle,945,384,1800,977,,,,"A017_2","Exp2_003","E3_SPATIAL_NONPROGRESSIVE",loading,,,,,1,TRUE,6050.000,6100.000,459.167725,459.217743,1920,1046,"ObjectSlot3",1,0,"video_relative_to_screen_recording_start",36.078785,423088.938,423138.938,1,36.078785,"1781266396475","../../../../../../Project/UE5/Gallery/Saved/ScreenRecordings/A017_2_20260612_201316_screen.mkv",423088.938,423138.938,423113.938,"1781266819563","1781266819613","2026-06-12T20:20:19.562+08:00","2026-06-12T20:20:19.612+08:00",453.117737,EXP2,"exp2_target",2,3,"1:3|2:4|3:2|4:1"
"exp2_table_objects","实验二桌面四模型总体区域","Exp2_003_exp2_table_objects_0245","video_relative_to_recording_start",rectangle,0,337,1919,1045,,,,"A017_2","Exp2_003","E3_SPATIAL_NONPROGRESSIVE",loading,,,,,1,TRUE,6100.000,6150.000,459.217743,459.267731,1920,1046,"ObjectSlot1-4",1,1,"video_relative_to_screen_recording_start",36.078785,423138.938,423188.938,1,36.078785,"1781266396475","../../../../../../Project/UE5/Gallery/Saved/ScreenRecordings/A017_2_20260612_201316_screen.mkv",423138.938,423188.938,423163.938,"1781266819613","1781266819663","2026-06-12T20:20:19.612+08:00","2026-06-12T20:20:19.662+08:00",453.117737,EXP2,"exp2_table",2,3,"1:3|2:4|3:2|4:1"
"exp2_target_object","实验二当前目标模型_右脸","Exp2_003_exp2_target_object_0246","video_relative_to_recording_start",rectangle,956,383,1817,976,,,,"A017_2","Exp2_003","E3_SPATIAL_NONPROGRESSIVE",loading,,,,,1,TRUE,6100.000,6150.000,459.217743,459.267731,1920,1046,"ObjectSlot3",1,0,"video_relative_to_screen_recording_start",36.078785,423138.938,423188.938,1,36.078785,"1781266396475","../../../../../../Project/UE5/Gallery/Saved/ScreenRecordings/A017_2_20260612_201316_screen.mkv",423138.938,423188.938,423163.938,"1781266819613","1781266819663","2026-06-12T20:20:19.612+08:00","2026-06-12T20:20:19.662+08:00",453.117737,EXP2,"exp2_target",2,3,"1:3|2:4|3:2|4:1"
"exp2_table_objects","实验二桌面四模型总体区域","Exp2_003_exp2_table_objects_0247","video_relative_to_recording_start",rectangle,0,338,1919,1045,,,,"A017_2","Exp2_003","E3_SPATIAL_NONPROGRESSIVE",loading,,,,,1,TRUE,6150.000,6200.000,459.267731,459.317749,1920,1046,"ObjectSlot1-4",1,1,"video_relative_to_screen_recording_start",36.078785,423188.938,423238.938,1,36.078785,"1781266396475","../../../../../../Project/UE5/Gallery/Saved/ScreenRecordings/A017_2_20260612_201316_screen.mkv",423188.938,423238.938,423213.938,"1781266819663","1781266819713","2026-06-12T20:20:19.662+08:00","2026-06-12T20:20:19.712+08:00",453.117737,EXP2,"exp2_table",2,3,"1:3|2:4|3:2|4:1"
"exp2_target_object","实验二当前目标模型_右脸","Exp2_003_exp2_target_object_0248","video_relative_to_recording_start",rectangle,995,378,1882,971,,,,"A017_2","Exp2_003","E3_SPATIAL_NONPROGRESSIVE",loading,,,,,1,TRUE,6150.000,6200.000,459.267731,459.317749,1920,1046,"ObjectSlot3",1,0,"video_relative_to_screen_recording_start",36.078785,423188.938,423238.938,1,36.078785,"1781266396475","../../../../../../Project/UE5/Gallery/Saved/ScreenRecordings/A017_2_20260612_201316_screen.mkv",423188.938,423238.938,423213.938,"1781266819663","1781266819713","2026-06-12T20:20:19.662+08:00","2026-06-12T20:20:19.712+08:00",453.117737,EXP2,"exp2_target",2,3,"1:3|2:4|3:2|4:1"
"exp2_table_objects","实验二桌面四模型总体区域","Exp2_003_exp2_table_objects_0249","video_relative_to_recording_start",rectangle,0,338,1919,1045,,,,"A017_2","Exp2_003","E3_SPATIAL_NONPROGRESSIVE",loading,,,,,1,TRUE,6200.000,6250.000,459.317749,459.367737,1920,1046,"ObjectSlot1-4",1,1,"video_relative_to_screen_recording_start",36.078785,423238.938,423288.938,1,36.078785,"1781266396475","../../../../../../Project/UE5/Gallery/Saved/ScreenRecordings/A017_2_20260612_201316_screen.mkv",423238.938,423288.938,423263.938,"1781266819713","1781266819763","2026-06-12T20:20:19.712+08:00","2026-06-12T20:20:19.762+08:00",453.117737,EXP2,"exp2_table",2,3,"1:3|2:4|3:2|4:1"
"exp2_target_object","实验二当前目标模型_右脸","Exp2_003_exp2_target_object_0250","video_relative_to_recording_start",rectangle,995,378,1882,971,,,,"A017_2","Exp2_003","E3_SPATIAL_NONPROGRESSIVE",loading,,,,,1,TRUE,6200.000,6250.000,459.317749,459.367737,1920,1046,"ObjectSlot3",1,0,"video_relative_to_screen_recording_start",36.078785,423238.938,423288.938,1,36.078785,"1781266396475","../../../../../../Project/UE5/Gallery/Saved/ScreenRecordings/A017_2_20260612_201316_screen.mkv",423238.938,423288.938,423263.938,"1781266819713","1781266819763","2026-06-12T20:20:19.712+08:00","2026-06-12T20:20:19.762+08:00",453.117737,EXP2,"exp2_target",2,3,"1:3|2:4|3:2|4:1"
"exp2_table_objects","实验二桌面四模型总体区域","Exp2_003_exp2_table_objects_0251","video_relative_to_recording_start",rectangle,0,337,1919,1045,,,,"A017_2","Exp2_003","E3_SPATIAL_NONPROGRESSIVE",loading,,,,,1,TRUE,6250.000,6300.000,459.367737,459.417725,1920,1046,"ObjectSlot1-4",1,1,"video_relative_to_screen_recording_start",36.078785,423288.938,423338.938,1,36.078785,"1781266396475","../../../../../../Project/UE5/Gallery/Saved/ScreenRecordings/A017_2_20260612_201316_screen.mkv",423288.938,423338.938,423313.938,"1781266819763","1781266819813","2026-06-12T20:20:19.762+08:00","2026-06-12T20:20:19.812+08:00",453.117737,EXP2,"exp2_table",2,3,"1:3|2:4|3:2|4:1"
"exp2_target_object","实验二当前目标模型_右脸","Exp2_003_exp2_target_object_0252","video_relative_to_recording_start",rectangle,1008,374,1906,968,,,,"A017_2","Exp2_003","E3_SPATIAL_NONPROGRESSIVE",loading,,,,,1,TRUE,6250.000,6300.000,459.367737,459.417725,1920,1046,"ObjectSlot3",1,0,"video_relative_to_screen_recording_start",36.078785,423288.938,423338.938,1,36.078785,"1781266396475","../../../../../../Project/UE5/Gallery/Saved/ScreenRecordings/A017_2_20260612_201316_screen.mkv",423288.938,423338.938,423313.938,"1781266819763","1781266819813","2026-06-12T20:20:19.762+08:00","2026-06-12T20:20:19.812+08:00",453.117737,EXP2,"exp2_target",2,3,"1:3|2:4|3:2|4:1"
"exp2_table_objects","实验二桌面四模型总体区域","Exp2_003_exp2_table_objects_0253","video_relative_to_recording_start",rectangle,0,337,1919,1045,,,,"A017_2","Exp2_003","E3_SPATIAL_NONPROGRESSIVE",loading,,,,,1,TRUE,6300.000,6350.000,459.417725,459.467743,1920,1046,"ObjectSlot1-4",1,1,"video_relative_to_screen_recording_start",36.078785,423338.938,423388.938,1,36.078785,"1781266396475","../../../../../../Project/UE5/Gallery/Saved/ScreenRecordings/A017_2_20260612_201316_screen.mkv",423338.938,423388.938,423363.938,"1781266819813","1781266819863","2026-06-12T20:20:19.812+08:00","2026-06-12T20:20:19.862+08:00",453.117737,EXP2,"exp2_table",2,3,"1:3|2:4|3:2|4:1"
"exp2_target_object","实验二当前目标模型_右脸","Exp2_003_exp2_target_object_0254","video_relative_to_recording_start",rectangle,1008,374,1906,968,,,,"A017_2","Exp2_003","E3_SPATIAL_NONPROGRESSIVE",loading,,,,,1,TRUE,6300.000,6350.000,459.417725,459.467743,1920,1046,"ObjectSlot3",1,0,"video_relative_to_screen_recording_start",36.078785,423338.938,423388.938,1,36.078785,"1781266396475","../../../../../../Project/UE5/Gallery/Saved/ScreenRecordings/A017_2_20260612_201316_screen.mkv",423338.938,423388.938,423363.938,"1781266819813","1781266819863","2026-06-12T20:20:19.812+08:00","2026-06-12T20:20:19.862+08:00",453.117737,EXP2,"exp2_target",2,3,"1:3|2:4|3:2|4:1"
"exp2_table_objects","实验二桌面四模型总体区域","Exp2_003_exp2_table_objects_0255","video_relative_to_recording_start",rectangle,0,337,1919,1045,,,,"A017_2","Exp2_003","E3_SPATIAL_NONPROGRESSIVE",loading,,,,,1,TRUE,6350.000,6400.000,459.467743,459.517731,1920,1046,"ObjectSlot1-4",1,1,"video_relative_to_screen_recording_start",36.078785,423388.938,423438.938,1,36.078785,"1781266396475","../../../../../../Project/UE5/Gallery/Saved/ScreenRecordings/A017_2_20260612_201316_screen.mkv",423388.938,423438.938,423413.938,"1781266819863","1781266819913","2026-06-12T20:20:19.862+08:00","2026-06-12T20:20:19.912+08:00",453.117737,EXP2,"exp2_table",2,3,"1:3|2:4|3:2|4:1"
"exp2_target_object","实验二当前目标模型_右脸","Exp2_003_exp2_target_object_0256","video_relative_to_recording_start",rectangle,1008,374,1906,968,,,,"A017_2","Exp2_003","E3_SPATIAL_NONPROGRESSIVE",loading,,,,,1,TRUE,6350.000,6400.000,459.467743,459.517731,1920,1046,"ObjectSlot3",1,0,"video_relative_to_screen_recording_start",36.078785,423388.938,423438.938,1,36.078785,"1781266396475","../../../../../../Project/UE5/Gallery/Saved/ScreenRecordings/A017_2_20260612_201316_screen.mkv",423388.938,423438.938,423413.938,"1781266819863","1781266819913","2026-06-12T20:20:19.862+08:00","2026-06-12T20:20:19.912+08:00",453.117737,EXP2,"exp2_target",2,3,"1:3|2:4|3:2|4:1"
"exp2_table_objects","实验二桌面四模型总体区域","Exp2_003_exp2_table_objects_0257","video_relative_to_recording_start",rectangle,0,337,1919,1045,,,,"A017_2","Exp2_003","E3_SPATIAL_NONPROGRESSIVE",loading,,,,,1,TRUE,6400.000,6450.000,459.517731,459.567749,1920,1046,"ObjectSlot1-4",1,1,"video_relative_to_screen_recording_start",36.078785,423438.938,423488.938,1,36.078785,"1781266396475","../../../../../../Project/UE5/Gallery/Saved/ScreenRecordings/A017_2_20260612_201316_screen.mkv",423438.938,423488.938,423463.938,"1781266819913","1781266819963","2026-06-12T20:20:19.912+08:00","2026-06-12T20:20:19.962+08:00",453.117737,EXP2,"exp2_table",2,3,"1:3|2:4|3:2|4:1"
"exp2_target_object","实验二当前目标模型_右脸","Exp2_003_exp2_target_object_0258","video_relative_to_recording_start",rectangle,1008,374,1906,968,,,,"A017_2","Exp2_003","E3_SPATIAL_NONPROGRESSIVE",loading,,,,,1,TRUE,6400.000,6450.000,459.517731,459.567749,1920,1046,"ObjectSlot3",1,0,"video_relative_to_screen_recording_start",36.078785,423438.938,423488.938,1,36.078785,"1781266396475","../../../../../../Project/UE5/Gallery/Saved/ScreenRecordings/A017_2_20260612_201316_screen.mkv",423438.938,423488.938,423463.938,"1781266819913","1781266819963","2026-06-12T20:20:19.912+08:00","2026-06-12T20:20:19.962+08:00",453.117737,EXP2,"exp2_target",2,3,"1:3|2:4|3:2|4:1"
"exp2_table_objects","实验二桌面四模型总体区域","Exp2_003_exp2_table_objects_0259","video_relative_to_recording_start",rectangle,0,337,1919,1045,,,,"A017_2","Exp2_003","E3_SPATIAL_NONPROGRESSIVE",loading,,,,,1,TRUE,6450.000,6500.000,459.567749,459.617737,1920,1046,"ObjectSlot1-4",1,1,"video_relative_to_screen_recording_start",36.078785,423488.938,423538.938,1,36.078785,"1781266396475","../../../../../../Project/UE5/Gallery/Saved/ScreenRecordings/A017_2_20260612_201316_screen.mkv",423488.938,423538.938,423513.938,"1781266819963","1781266820013","2026-06-12T20:20:19.962+08:00","2026-06-12T20:20:20.012+08:00",453.117737,EXP2,"exp2_table",2,3,"1:3|2:4|3:2|4:1"
"exp2_target_object","实验二当前目标模型_右脸","Exp2_003_exp2_target_object_0260","video_relative_to_recording_start",rectangle,1008,374,1906,968,,,,"A017_2","Exp2_003","E3_SPATIAL_NONPROGRESSIVE",loading,,,,,1,TRUE,6450.000,6500.000,459.567749,459.617737,1920,1046,"ObjectSlot3",1,0,"video_relative_to_screen_recording_start",36.078785,423488.938,423538.938,1,36.078785,"1781266396475","../../../../../../Project/UE5/Gallery/Saved/ScreenRecordings/A017_2_20260612_201316_screen.mkv",423488.938,423538.938,423513.938,"1781266819963","1781266820013","2026-06-12T20:20:19.962+08:00","2026-06-12T20:20:20.012+08:00",453.117737,EXP2,"exp2_target",2,3,"1:3|2:4|3:2|4:1"
"exp2_table_objects","实验二桌面四模型总体区域","Exp2_003_exp2_table_objects_0261","video_relative_to_recording_start",rectangle,0,337,1919,1045,,,,"A017_2","Exp2_003","E3_SPATIAL_NONPROGRESSIVE",loading,,,,,1,TRUE,6500.000,6550.000,459.617737,459.667725,1920,1046,"ObjectSlot1-4",1,1,"video_relative_to_screen_recording_start",36.078785,423538.938,423588.938,1,36.078785,"1781266396475","../../../../../../Project/UE5/Gallery/Saved/ScreenRecordings/A017_2_20260612_201316_screen.mkv",423538.938,423588.938,423563.938,"1781266820013","1781266820063","2026-06-12T20:20:20.012+08:00","2026-06-12T20:20:20.062+08:00",453.117737,EXP2,"exp2_table",2,3,"1:3|2:4|3:2|4:1"
"exp2_target_object","实验二当前目标模型_右脸","Exp2_003_exp2_target_object_0262","video_relative_to_recording_start",rectangle,1008,374,1906,968,,,,"A017_2","Exp2_003","E3_SPATIAL_NONPROGRESSIVE",loading,,,,,1,TRUE,6500.000,6550.000,459.617737,459.667725,1920,1046,"ObjectSlot3",1,0,"video_relative_to_screen_recording_start",36.078785,423538.938,423588.938,1,36.078785,"1781266396475","../../../../../../Project/UE5/Gallery/Saved/ScreenRecordings/A017_2_20260612_201316_screen.mkv",423538.938,423588.938,423563.938,"1781266820013","1781266820063","2026-06-12T20:20:20.012+08:00","2026-06-12T20:20:20.062+08:00",453.117737,EXP2,"exp2_target",2,3,"1:3|2:4|3:2|4:1"
"exp2_table_objects","实验二桌面四模型总体区域","Exp2_003_exp2_table_objects_0263","video_relative_to_recording_start",rectangle,0,337,1919,1045,,,,"A017_2","Exp2_003","E3_SPATIAL_NONPROGRESSIVE",loading,,,,,1,TRUE,6550.000,6600.000,459.667725,459.717743,1920,1046,"ObjectSlot1-4",1,1,"video_relative_to_screen_recording_start",36.078785,423588.938,423638.938,1,36.078785,"1781266396475","../../../../../../Project/UE5/Gallery/Saved/ScreenRecordings/A017_2_20260612_201316_screen.mkv",423588.938,423638.938,423613.938,"1781266820063","1781266820113","2026-06-12T20:20:20.062+08:00","2026-06-12T20:20:20.112+08:00",453.117737,EXP2,"exp2_table",2,3,"1:3|2:4|3:2|4:1"
"exp2_target_object","实验二当前目标模型_右脸","Exp2_003_exp2_target_object_0264","video_relative_to_recording_start",rectangle,1008,374,1906,968,,,,"A017_2","Exp2_003","E3_SPATIAL_NONPROGRESSIVE",loading,,,,,1,TRUE,6550.000,6600.000,459.667725,459.717743,1920,1046,"ObjectSlot3",1,0,"video_relative_to_screen_recording_start",36.078785,423588.938,423638.938,1,36.078785,"1781266396475","../../../../../../Project/UE5/Gallery/Saved/ScreenRecordings/A017_2_20260612_201316_screen.mkv",423588.938,423638.938,423613.938,"1781266820063","1781266820113","2026-06-12T20:20:20.062+08:00","2026-06-12T20:20:20.112+08:00",453.117737,EXP2,"exp2_target",2,3,"1:3|2:4|3:2|4:1"
"exp2_table_objects","实验二桌面四模型总体区域","Exp2_003_exp2_table_objects_0265","video_relative_to_recording_start",rectangle,0,337,1919,1045,,,,"A017_2","Exp2_003","E3_SPATIAL_NONPROGRESSIVE",loading,,,,,1,TRUE,6600.000,6650.000,459.717743,459.767731,1920,1046,"ObjectSlot1-4",1,1,"video_relative_to_screen_recording_start",36.078785,423638.938,423688.938,1,36.078785,"1781266396475","../../../../../../Project/UE5/Gallery/Saved/ScreenRecordings/A017_2_20260612_201316_screen.mkv",423638.938,423688.938,423663.938,"1781266820113","1781266820163","2026-06-12T20:20:20.112+08:00","2026-06-12T20:20:20.162+08:00",453.117737,EXP2,"exp2_table",2,3,"1:3|2:4|3:2|4:1"
"exp2_target_object","实验二当前目标模型_右脸","Exp2_003_exp2_target_object_0266","video_relative_to_recording_start",rectangle,1008,374,1906,968,,,,"A017_2","Exp2_003","E3_SPATIAL_NONPROGRESSIVE",loading,,,,,1,TRUE,6600.000,6650.000,459.717743,459.767731,1920,1046,"ObjectSlot3",1,0,"video_relative_to_screen_recording_start",36.078785,423638.938,423688.938,1,36.078785,"1781266396475","../../../../../../Project/UE5/Gallery/Saved/ScreenRecordings/A017_2_20260612_201316_screen.mkv",423638.938,423688.938,423663.938,"1781266820113","1781266820163","2026-06-12T20:20:20.112+08:00","2026-06-12T20:20:20.162+08:00",453.117737,EXP2,"exp2_target",2,3,"1:3|2:4|3:2|4:1"
"exp2_table_objects","实验二桌面四模型总体区域","Exp2_003_exp2_table_objects_0267","video_relative_to_recording_start",rectangle,0,337,1919,1045,,,,"A017_2","Exp2_003","E3_SPATIAL_NONPROGRESSIVE",loading,,,,,1,TRUE,6650.000,6700.000,459.767731,459.817749,1920,1046,"ObjectSlot1-4",1,1,"video_relative_to_screen_recording_start",36.078785,423688.938,423738.938,1,36.078785,"1781266396475","../../../../../../Project/UE5/Gallery/Saved/ScreenRecordings/A017_2_20260612_201316_screen.mkv",423688.938,423738.938,423713.938,"1781266820163","1781266820213","2026-06-12T20:20:20.162+08:00","2026-06-12T20:20:20.212+08:00",453.117737,EXP2,"exp2_table",2,3,"1:3|2:4|3:2|4:1"
"exp2_target_object","实验二当前目标模型_右脸","Exp2_003_exp2_target_object_0268","video_relative_to_recording_start",rectangle,1008,374,1906,968,,,,"A017_2","Exp2_003","E3_SPATIAL_NONPROGRESSIVE",loading,,,,,1,TRUE,6650.000,6700.000,459.767731,459.817749,1920,1046,"ObjectSlot3",1,0,"video_relative_to_screen_recording_start",36.078785,423688.938,423738.938,1,36.078785,"1781266396475","../../../../../../Project/UE5/Gallery/Saved/ScreenRecordings/A017_2_20260612_201316_screen.mkv",423688.938,423738.938,423713.938,"1781266820163","1781266820213","2026-06-12T20:20:20.162+08:00","2026-06-12T20:20:20.212+08:00",453.117737,EXP2,"exp2_target",2,3,"1:3|2:4|3:2|4:1"
"exp2_table_objects","实验二桌面四模型总体区域","Exp2_003_exp2_table_objects_0269","video_relative_to_recording_start",rectangle,0,337,1919,1045,,,,"A017_2","Exp2_003","E3_SPATIAL_NONPROGRESSIVE",loading,,,,,1,TRUE,6700.000,6750.000,459.817749,459.867737,1920,1046,"ObjectSlot1-4",1,1,"video_relative_to_screen_recording_start",36.078785,423738.938,423788.938,1,36.078785,"1781266396475","../../../../../../Project/UE5/Gallery/Saved/ScreenRecordings/A017_2_20260612_201316_screen.mkv",423738.938,423788.938,423763.938,"1781266820213","1781266820263","2026-06-12T20:20:20.212+08:00","2026-06-12T20:20:20.262+08:00",453.117737,EXP2,"exp2_table",2,3,"1:3|2:4|3:2|4:1"
"exp2_target_object","实验二当前目标模型_右脸","Exp2_003_exp2_target_object_0270","video_relative_to_recording_start",rectangle,1008,374,1906,968,,,,"A017_2","Exp2_003","E3_SPATIAL_NONPROGRESSIVE",loading,,,,,1,TRUE,6700.000,6750.000,459.817749,459.867737,1920,1046,"ObjectSlot3",1,0,"video_relative_to_screen_recording_start",36.078785,423738.938,423788.938,1,36.078785,"1781266396475","../../../../../../Project/UE5/Gallery/Saved/ScreenRecordings/A017_2_20260612_201316_screen.mkv",423738.938,423788.938,423763.938,"1781266820213","1781266820263","2026-06-12T20:20:20.212+08:00","2026-06-12T20:20:20.262+08:00",453.117737,EXP2,"exp2_target",2,3,"1:3|2:4|3:2|4:1"
"exp2_table_objects","实验二桌面四模型总体区域","Exp2_003_exp2_table_objects_0271","video_relative_to_recording_start",rectangle,0,337,1919,1045,,,,"A017_2","Exp2_003","E3_SPATIAL_NONPROGRESSIVE",loading,,,,,1,TRUE,6750.000,6800.000,459.867737,459.917725,1920,1046,"ObjectSlot1-4",1,1,"video_relative_to_screen_recording_start",36.078785,423788.938,423838.938,1,36.078785,"1781266396475","../../../../../../Project/UE5/Gallery/Saved/ScreenRecordings/A017_2_20260612_201316_screen.mkv",423788.938,423838.938,423813.938,"1781266820263","1781266820313","2026-06-12T20:20:20.262+08:00","2026-06-12T20:20:20.312+08:00",453.117737,EXP2,"exp2_table",2,3,"1:3|2:4|3:2|4:1"
"exp2_target_object","实验二当前目标模型_右脸","Exp2_003_exp2_target_object_0272","video_relative_to_recording_start",rectangle,1008,374,1906,968,,,,"A017_2","Exp2_003","E3_SPATIAL_NONPROGRESSIVE",loading,,,,,1,TRUE,6750.000,6800.000,459.867737,459.917725,1920,1046,"ObjectSlot3",1,0,"video_relative_to_screen_recording_start",36.078785,423788.938,423838.938,1,36.078785,"1781266396475","../../../../../../Project/UE5/Gallery/Saved/ScreenRecordings/A017_2_20260612_201316_screen.mkv",423788.938,423838.938,423813.938,"1781266820263","1781266820313","2026-06-12T20:20:20.262+08:00","2026-06-12T20:20:20.312+08:00",453.117737,EXP2,"exp2_target",2,3,"1:3|2:4|3:2|4:1"
"exp2_table_objects","实验二桌面四模型总体区域","Exp2_003_exp2_table_objects_0273","video_relative_to_recording_start",rectangle,0,333,1919,1045,,,,"A017_2","Exp2_003","E3_SPATIAL_NONPROGRESSIVE",loading,,,,,1,TRUE,6800.000,6850.000,459.917725,459.967743,1920,1046,"ObjectSlot1-4",1,1,"video_relative_to_screen_recording_start",36.078785,423838.938,423888.938,1,36.078785,"1781266396475","../../../../../../Project/UE5/Gallery/Saved/ScreenRecordings/A017_2_20260612_201316_screen.mkv",423838.938,423888.938,423863.938,"1781266820313","1781266820363","2026-06-12T20:20:20.312+08:00","2026-06-12T20:20:20.362+08:00",453.117737,EXP2,"exp2_table",2,3,"1:3|2:4|3:2|4:1"
"exp2_target_object","实验二当前目标模型_右脸","Exp2_003_exp2_target_object_0274","video_relative_to_recording_start",rectangle,1027,372,1919,966,,,,"A017_2","Exp2_003","E3_SPATIAL_NONPROGRESSIVE",loading,,,,,1,TRUE,6800.000,6850.000,459.917725,459.967743,1920,1046,"ObjectSlot3",1,1,"video_relative_to_screen_recording_start",36.078785,423838.938,423888.938,1,36.078785,"1781266396475","../../../../../../Project/UE5/Gallery/Saved/ScreenRecordings/A017_2_20260612_201316_screen.mkv",423838.938,423888.938,423863.938,"1781266820313","1781266820363","2026-06-12T20:20:20.312+08:00","2026-06-12T20:20:20.362+08:00",453.117737,EXP2,"exp2_target",2,3,"1:3|2:4|3:2|4:1"
"exp2_table_objects","实验二桌面四模型总体区域","Exp2_003_exp2_table_objects_0275","video_relative_to_recording_start",rectangle,0,313,1919,1045,,,,"A017_2","Exp2_003","E3_SPATIAL_NONPROGRESSIVE",loading,,,,,1,TRUE,6850.000,6900.000,459.967743,460.017731,1920,1046,"ObjectSlot1-4",1,1,"video_relative_to_screen_recording_start",36.078785,423888.938,423938.938,1,36.078785,"1781266396475","../../../../../../Project/UE5/Gallery/Saved/ScreenRecordings/A017_2_20260612_201316_screen.mkv",423888.938,423938.938,423913.938,"1781266820363","1781266820413","2026-06-12T20:20:20.362+08:00","2026-06-12T20:20:20.412+08:00",453.117737,EXP2,"exp2_table",2,3,"1:3|2:4|3:2|4:1"
"exp2_target_object","实验二当前目标模型_右脸","Exp2_003_exp2_target_object_0276","video_relative_to_recording_start",rectangle,1060,356,1919,950,,,,"A017_2","Exp2_003","E3_SPATIAL_NONPROGRESSIVE",loading,,,,,1,TRUE,6850.000,6900.000,459.967743,460.017731,1920,1046,"ObjectSlot3",1,1,"video_relative_to_screen_recording_start",36.078785,423888.938,423938.938,1,36.078785,"1781266396475","../../../../../../Project/UE5/Gallery/Saved/ScreenRecordings/A017_2_20260612_201316_screen.mkv",423888.938,423938.938,423913.938,"1781266820363","1781266820413","2026-06-12T20:20:20.362+08:00","2026-06-12T20:20:20.412+08:00",453.117737,EXP2,"exp2_target",2,3,"1:3|2:4|3:2|4:1"
"exp2_table_objects","实验二桌面四模型总体区域","Exp2_003_exp2_table_objects_0277","video_relative_to_recording_start",rectangle,4,236,1919,1045,,,,"A017_2","Exp2_003","E3_SPATIAL_NONPROGRESSIVE",loading,,,,,1,TRUE,6900.000,6950.000,460.017731,460.067749,1920,1046,"ObjectSlot1-4",1,1,"video_relative_to_screen_recording_start",36.078785,423938.938,423988.938,1,36.078785,"1781266396475","../../../../../../Project/UE5/Gallery/Saved/ScreenRecordings/A017_2_20260612_201316_screen.mkv",423938.938,423988.938,423963.938,"1781266820413","1781266820463","2026-06-12T20:20:20.412+08:00","2026-06-12T20:20:20.462+08:00",453.117737,EXP2,"exp2_table",2,3,"1:3|2:4|3:2|4:1"
"exp2_target_object","实验二当前目标模型_右脸","Exp2_003_exp2_target_object_0278","video_relative_to_recording_start",rectangle,1109,301,1919,895,,,,"A017_2","Exp2_003","E3_SPATIAL_NONPROGRESSIVE",loading,,,,,1,TRUE,6900.000,6950.000,460.017731,460.067749,1920,1046,"ObjectSlot3",1,1,"video_relative_to_screen_recording_start",36.078785,423938.938,423988.938,1,36.078785,"1781266396475","../../../../../../Project/UE5/Gallery/Saved/ScreenRecordings/A017_2_20260612_201316_screen.mkv",423938.938,423988.938,423963.938,"1781266820413","1781266820463","2026-06-12T20:20:20.412+08:00","2026-06-12T20:20:20.462+08:00",453.117737,EXP2,"exp2_target",2,3,"1:3|2:4|3:2|4:1"
"exp2_table_objects","实验二桌面四模型总体区域","Exp2_003_exp2_table_objects_0279","video_relative_to_recording_start",rectangle,12,217,1919,1045,,,,"A017_2","Exp2_003","E3_SPATIAL_NONPROGRESSIVE",loading,,,,,1,TRUE,6950.000,7000.000,460.067749,460.117737,1920,1046,"ObjectSlot1-4",1,1,"video_relative_to_screen_recording_start",36.078785,423988.938,424038.938,1,36.078785,"1781266396475","../../../../../../Project/UE5/Gallery/Saved/ScreenRecordings/A017_2_20260612_201316_screen.mkv",423988.938,424038.938,424013.938,"1781266820463","1781266820513","2026-06-12T20:20:20.462+08:00","2026-06-12T20:20:20.512+08:00",453.117737,EXP2,"exp2_table",2,3,"1:3|2:4|3:2|4:1"
"exp2_target_object","实验二当前目标模型_右脸","Exp2_003_exp2_target_object_0280","video_relative_to_recording_start",rectangle,1104,287,1919,876,,,,"A017_2","Exp2_003","E3_SPATIAL_NONPROGRESSIVE",loading,,,,,1,TRUE,6950.000,7000.000,460.067749,460.117737,1920,1046,"ObjectSlot3",1,1,"video_relative_to_screen_recording_start",36.078785,423988.938,424038.938,1,36.078785,"1781266396475","../../../../../../Project/UE5/Gallery/Saved/ScreenRecordings/A017_2_20260612_201316_screen.mkv",423988.938,424038.938,424013.938,"1781266820463","1781266820513","2026-06-12T20:20:20.462+08:00","2026-06-12T20:20:20.512+08:00",453.117737,EXP2,"exp2_target",2,3,"1:3|2:4|3:2|4:1"
"exp2_table_objects","实验二桌面四模型总体区域","Exp2_003_exp2_table_objects_0281","video_relative_to_recording_start",rectangle,0,194,1919,1045,,,,"A017_2","Exp2_003","E3_SPATIAL_NONPROGRESSIVE",loading,,,,,1,TRUE,7000.000,7050.000,460.117737,460.167725,1920,1046,"ObjectSlot1-4",1,1,"video_relative_to_screen_recording_start",36.078785,424038.938,424088.938,1,36.078785,"1781266396475","../../../../../../Project/UE5/Gallery/Saved/ScreenRecordings/A017_2_20260612_201316_screen.mkv",424038.938,424088.938,424063.938,"1781266820513","1781266820563","2026-06-12T20:20:20.512+08:00","2026-06-12T20:20:20.562+08:00",453.117737,EXP2,"exp2_table",2,3,"1:3|2:4|3:2|4:1"
"exp2_target_object","实验二当前目标模型_右脸","Exp2_003_exp2_target_object_0282","video_relative_to_recording_start",rectangle,1060,275,1919,857,,,,"A017_2","Exp2_003","E3_SPATIAL_NONPROGRESSIVE",loading,,,,,1,TRUE,7000.000,7050.000,460.117737,460.167725,1920,1046,"ObjectSlot3",1,1,"video_relative_to_screen_recording_start",36.078785,424038.938,424088.938,1,36.078785,"1781266396475","../../../../../../Project/UE5/Gallery/Saved/ScreenRecordings/A017_2_20260612_201316_screen.mkv",424038.938,424088.938,424063.938,"1781266820513","1781266820563","2026-06-12T20:20:20.512+08:00","2026-06-12T20:20:20.562+08:00",453.117737,EXP2,"exp2_target",2,3,"1:3|2:4|3:2|4:1"
"exp2_table_objects","实验二桌面四模型总体区域","Exp2_003_exp2_table_objects_0283","video_relative_to_recording_start",rectangle,0,194,1919,1045,,,,"A017_2","Exp2_003","E3_SPATIAL_NONPROGRESSIVE",loading,,,,,1,TRUE,7050.000,7100.000,460.167725,460.217743,1920,1046,"ObjectSlot1-4",1,1,"video_relative_to_screen_recording_start",36.078785,424088.938,424138.938,1,36.078785,"1781266396475","../../../../../../Project/UE5/Gallery/Saved/ScreenRecordings/A017_2_20260612_201316_screen.mkv",424088.938,424138.938,424113.938,"1781266820563","1781266820613","2026-06-12T20:20:20.562+08:00","2026-06-12T20:20:20.612+08:00",453.117737,EXP2,"exp2_table",2,3,"1:3|2:4|3:2|4:1"
"exp2_target_object","实验二当前目标模型_右脸","Exp2_003_exp2_target_object_0284","video_relative_to_recording_start",rectangle,1060,275,1919,857,,,,"A017_2","Exp2_003","E3_SPATIAL_NONPROGRESSIVE",loading,,,,,1,TRUE,7050.000,7100.000,460.167725,460.217743,1920,1046,"ObjectSlot3",1,1,"video_relative_to_screen_recording_start",36.078785,424088.938,424138.938,1,36.078785,"1781266396475","../../../../../../Project/UE5/Gallery/Saved/ScreenRecordings/A017_2_20260612_201316_screen.mkv",424088.938,424138.938,424113.938,"1781266820563","1781266820613","2026-06-12T20:20:20.562+08:00","2026-06-12T20:20:20.612+08:00",453.117737,EXP2,"exp2_target",2,3,"1:3|2:4|3:2|4:1"
"exp2_table_objects","实验二桌面四模型总体区域","Exp2_003_exp2_table_objects_0285","video_relative_to_recording_start",rectangle,0,188,1919,1045,,,,"A017_2","Exp2_003","E3_SPATIAL_NONPROGRESSIVE",loading,,,,,1,TRUE,7100.000,7150.000,460.217743,460.267731,1920,1046,"ObjectSlot1-4",1,1,"video_relative_to_screen_recording_start",36.078785,424138.938,424188.938,1,36.078785,"1781266396475","../../../../../../Project/UE5/Gallery/Saved/ScreenRecordings/A017_2_20260612_201316_screen.mkv",424138.938,424188.938,424163.938,"1781266820613","1781266820663","2026-06-12T20:20:20.612+08:00","2026-06-12T20:20:20.662+08:00",453.117737,EXP2,"exp2_table",2,3,"1:3|2:4|3:2|4:1"
"exp2_target_object","实验二当前目标模型_右脸","Exp2_003_exp2_target_object_0286","video_relative_to_recording_start",rectangle,1040,274,1919,853,,,,"A017_2","Exp2_003","E3_SPATIAL_NONPROGRESSIVE",loading,,,,,1,TRUE,7100.000,7150.000,460.217743,460.267731,1920,1046,"ObjectSlot3",1,1,"video_relative_to_screen_recording_start",36.078785,424138.938,424188.938,1,36.078785,"1781266396475","../../../../../../Project/UE5/Gallery/Saved/ScreenRecordings/A017_2_20260612_201316_screen.mkv",424138.938,424188.938,424163.938,"1781266820613","1781266820663","2026-06-12T20:20:20.612+08:00","2026-06-12T20:20:20.662+08:00",453.117737,EXP2,"exp2_target",2,3,"1:3|2:4|3:2|4:1"
"exp2_table_objects","实验二桌面四模型总体区域","Exp2_003_exp2_table_objects_0287","video_relative_to_recording_start",rectangle,0,187,1919,1045,,,,"A017_2","Exp2_003","E3_SPATIAL_NONPROGRESSIVE",loading,,,,,1,TRUE,7150.000,7200.000,460.267731,460.317749,1920,1046,"ObjectSlot1-4",1,1,"video_relative_to_screen_recording_start",36.078785,424188.938,424238.938,1,36.078785,"1781266396475","../../../../../../Project/UE5/Gallery/Saved/ScreenRecordings/A017_2_20260612_201316_screen.mkv",424188.938,424238.938,424213.938,"1781266820663","1781266820713","2026-06-12T20:20:20.662+08:00","2026-06-12T20:20:20.712+08:00",453.117737,EXP2,"exp2_table",2,3,"1:3|2:4|3:2|4:1"
"exp2_target_object","实验二当前目标模型_右脸","Exp2_003_exp2_target_object_0288","video_relative_to_recording_start",rectangle,1039,274,1919,853,,,,"A017_2","Exp2_003","E3_SPATIAL_NONPROGRESSIVE",loading,,,,,1,TRUE,7150.000,7200.000,460.267731,460.317749,1920,1046,"ObjectSlot3",1,1,"video_relative_to_screen_recording_start",36.078785,424188.938,424238.938,1,36.078785,"1781266396475","../../../../../../Project/UE5/Gallery/Saved/ScreenRecordings/A017_2_20260612_201316_screen.mkv",424188.938,424238.938,424213.938,"1781266820663","1781266820713","2026-06-12T20:20:20.662+08:00","2026-06-12T20:20:20.712+08:00",453.117737,EXP2,"exp2_target",2,3,"1:3|2:4|3:2|4:1"
"exp2_table_objects","实验二桌面四模型总体区域","Exp2_003_exp2_table_objects_0289","video_relative_to_recording_start",rectangle,0,187,1919,1045,,,,"A017_2","Exp2_003","E3_SPATIAL_NONPROGRESSIVE",loading,,,,,1,TRUE,7200.000,7250.000,460.317749,460.367737,1920,1046,"ObjectSlot1-4",1,1,"video_relative_to_screen_recording_start",36.078785,424238.938,424288.938,1,36.078785,"1781266396475","../../../../../../Project/UE5/Gallery/Saved/ScreenRecordings/A017_2_20260612_201316_screen.mkv",424238.938,424288.938,424263.938,"1781266820713","1781266820763","2026-06-12T20:20:20.712+08:00","2026-06-12T20:20:20.762+08:00",453.117737,EXP2,"exp2_table",2,3,"1:3|2:4|3:2|4:1"
"exp2_target_object","实验二当前目标模型_右脸","Exp2_003_exp2_target_object_0290","video_relative_to_recording_start",rectangle,1039,274,1919,853,,,,"A017_2","Exp2_003","E3_SPATIAL_NONPROGRESSIVE",loading,,,,,1,TRUE,7200.000,7250.000,460.317749,460.367737,1920,1046,"ObjectSlot3",1,1,"video_relative_to_screen_recording_start",36.078785,424238.938,424288.938,1,36.078785,"1781266396475","../../../../../../Project/UE5/Gallery/Saved/ScreenRecordings/A017_2_20260612_201316_screen.mkv",424238.938,424288.938,424263.938,"1781266820713","1781266820763","2026-06-12T20:20:20.712+08:00","2026-06-12T20:20:20.762+08:00",453.117737,EXP2,"exp2_target",2,3,"1:3|2:4|3:2|4:1"
"exp2_table_objects","实验二桌面四模型总体区域","Exp2_003_exp2_table_objects_0291","video_relative_to_recording_start",rectangle,0,187,1919,1045,,,,"A017_2","Exp2_003","E3_SPATIAL_NONPROGRESSIVE",loading,,,,,1,TRUE,7250.000,7300.000,460.367737,460.417725,1920,1046,"ObjectSlot1-4",1,1,"video_relative_to_screen_recording_start",36.078785,424288.938,424338.938,1,36.078785,"1781266396475","../../../../../../Project/UE5/Gallery/Saved/ScreenRecordings/A017_2_20260612_201316_screen.mkv",424288.938,424338.938,424313.938,"1781266820763","1781266820813","2026-06-12T20:20:20.762+08:00","2026-06-12T20:20:20.812+08:00",453.117737,EXP2,"exp2_table",2,3,"1:3|2:4|3:2|4:1"
"exp2_target_object","实验二当前目标模型_右脸","Exp2_003_exp2_target_object_0292","video_relative_to_recording_start",rectangle,1039,274,1919,853,,,,"A017_2","Exp2_003","E3_SPATIAL_NONPROGRESSIVE",loading,,,,,1,TRUE,7250.000,7300.000,460.367737,460.417725,1920,1046,"ObjectSlot3",1,1,"video_relative_to_screen_recording_start",36.078785,424288.938,424338.938,1,36.078785,"1781266396475","../../../../../../Project/UE5/Gallery/Saved/ScreenRecordings/A017_2_20260612_201316_screen.mkv",424288.938,424338.938,424313.938,"1781266820763","1781266820813","2026-06-12T20:20:20.762+08:00","2026-06-12T20:20:20.812+08:00",453.117737,EXP2,"exp2_target",2,3,"1:3|2:4|3:2|4:1"
"exp2_table_objects","实验二桌面四模型总体区域","Exp2_003_exp2_table_objects_0293","video_relative_to_recording_start",rectangle,0,187,1919,1045,,,,"A017_2","Exp2_003","E3_SPATIAL_NONPROGRESSIVE",loading,,,,,1,TRUE,7300.000,7350.000,460.417725,460.467743,1920,1046,"ObjectSlot1-4",1,1,"video_relative_to_screen_recording_start",36.078785,424338.938,424388.938,1,36.078785,"1781266396475","../../../../../../Project/UE5/Gallery/Saved/ScreenRecordings/A017_2_20260612_201316_screen.mkv",424338.938,424388.938,424363.938,"1781266820813","1781266820863","2026-06-12T20:20:20.812+08:00","2026-06-12T20:20:20.862+08:00",453.117737,EXP2,"exp2_table",2,3,"1:3|2:4|3:2|4:1"
"exp2_target_object","实验二当前目标模型_右脸","Exp2_003_exp2_target_object_0294","video_relative_to_recording_start",rectangle,1039,274,1919,853,,,,"A017_2","Exp2_003","E3_SPATIAL_NONPROGRESSIVE",loading,,,,,1,TRUE,7300.000,7350.000,460.417725,460.467743,1920,1046,"ObjectSlot3",1,1,"video_relative_to_screen_recording_start",36.078785,424338.938,424388.938,1,36.078785,"1781266396475","../../../../../../Project/UE5/Gallery/Saved/ScreenRecordings/A017_2_20260612_201316_screen.mkv",424338.938,424388.938,424363.938,"1781266820813","1781266820863","2026-06-12T20:20:20.812+08:00","2026-06-12T20:20:20.862+08:00",453.117737,EXP2,"exp2_target",2,3,"1:3|2:4|3:2|4:1"
"exp2_table_objects","实验二桌面四模型总体区域","Exp2_003_exp2_table_objects_0295","video_relative_to_recording_start",rectangle,0,187,1919,1045,,,,"A017_2","Exp2_003","E3_SPATIAL_NONPROGRESSIVE",loading,,,,,1,TRUE,7350.000,7400.000,460.467743,460.517731,1920,1046,"ObjectSlot1-4",1,1,"video_relative_to_screen_recording_start",36.078785,424388.938,424438.938,1,36.078785,"1781266396475","../../../../../../Project/UE5/Gallery/Saved/ScreenRecordings/A017_2_20260612_201316_screen.mkv",424388.938,424438.938,424413.938,"1781266820863","1781266820913","2026-06-12T20:20:20.862+08:00","2026-06-12T20:20:20.912+08:00",453.117737,EXP2,"exp2_table",2,3,"1:3|2:4|3:2|4:1"
"exp2_target_object","实验二当前目标模型_右脸","Exp2_003_exp2_target_object_0296","video_relative_to_recording_start",rectangle,1037,274,1919,853,,,,"A017_2","Exp2_003","E3_SPATIAL_NONPROGRESSIVE",loading,,,,,1,TRUE,7350.000,7400.000,460.467743,460.517731,1920,1046,"ObjectSlot3",1,1,"video_relative_to_screen_recording_start",36.078785,424388.938,424438.938,1,36.078785,"1781266396475","../../../../../../Project/UE5/Gallery/Saved/ScreenRecordings/A017_2_20260612_201316_screen.mkv",424388.938,424438.938,424413.938,"1781266820863","1781266820913","2026-06-12T20:20:20.862+08:00","2026-06-12T20:20:20.912+08:00",453.117737,EXP2,"exp2_target",2,3,"1:3|2:4|3:2|4:1"
"exp2_table_objects","实验二桌面四模型总体区域","Exp2_003_exp2_table_objects_0297","video_relative_to_recording_start",rectangle,0,187,1919,1045,,,,"A017_2","Exp2_003","E3_SPATIAL_NONPROGRESSIVE",loading,,,,,1,TRUE,7400.000,7450.000,460.517731,460.567749,1920,1046,"ObjectSlot1-4",1,1,"video_relative_to_screen_recording_start",36.078785,424438.938,424488.938,1,36.078785,"1781266396475","../../../../../../Project/UE5/Gallery/Saved/ScreenRecordings/A017_2_20260612_201316_screen.mkv",424438.938,424488.938,424463.938,"1781266820913","1781266820963","2026-06-12T20:20:20.912+08:00","2026-06-12T20:20:20.962+08:00",453.117737,EXP2,"exp2_table",2,3,"1:3|2:4|3:2|4:1"
"exp2_target_object","实验二当前目标模型_右脸","Exp2_003_exp2_target_object_0298","video_relative_to_recording_start",rectangle,1037,274,1919,853,,,,"A017_2","Exp2_003","E3_SPATIAL_NONPROGRESSIVE",loading,,,,,1,TRUE,7400.000,7450.000,460.517731,460.567749,1920,1046,"ObjectSlot3",1,1,"video_relative_to_screen_recording_start",36.078785,424438.938,424488.938,1,36.078785,"1781266396475","../../../../../../Project/UE5/Gallery/Saved/ScreenRecordings/A017_2_20260612_201316_screen.mkv",424438.938,424488.938,424463.938,"1781266820913","1781266820963","2026-06-12T20:20:20.912+08:00","2026-06-12T20:20:20.962+08:00",453.117737,EXP2,"exp2_target",2,3,"1:3|2:4|3:2|4:1"
"exp2_table_objects","实验二桌面四模型总体区域","Exp2_003_exp2_table_objects_0299","video_relative_to_recording_start",rectangle,0,187,1919,1045,,,,"A017_2","Exp2_003","E3_SPATIAL_NONPROGRESSIVE",loading,,,,,1,TRUE,7450.000,7500.000,460.567749,460.617737,1920,1046,"ObjectSlot1-4",1,1,"video_relative_to_screen_recording_start",36.078785,424488.938,424538.938,1,36.078785,"1781266396475","../../../../../../Project/UE5/Gallery/Saved/ScreenRecordings/A017_2_20260612_201316_screen.mkv",424488.938,424538.938,424513.938,"1781266820963","1781266821013","2026-06-12T20:20:20.962+08:00","2026-06-12T20:20:21.012+08:00",453.117737,EXP2,"exp2_table",2,3,"1:3|2:4|3:2|4:1"
"exp2_target_object","实验二当前目标模型_右脸","Exp2_003_exp2_target_object_0300","video_relative_to_recording_start",rectangle,1037,274,1919,853,,,,"A017_2","Exp2_003","E3_SPATIAL_NONPROGRESSIVE",loading,,,,,1,TRUE,7450.000,7500.000,460.567749,460.617737,1920,1046,"ObjectSlot3",1,1,"video_relative_to_screen_recording_start",36.078785,424488.938,424538.938,1,36.078785,"1781266396475","../../../../../../Project/UE5/Gallery/Saved/ScreenRecordings/A017_2_20260612_201316_screen.mkv",424488.938,424538.938,424513.938,"1781266820963","1781266821013","2026-06-12T20:20:20.962+08:00","2026-06-12T20:20:21.012+08:00",453.117737,EXP2,"exp2_target",2,3,"1:3|2:4|3:2|4:1"
"exp2_table_objects","实验二桌面四模型总体区域","Exp2_003_exp2_table_objects_0301","video_relative_to_recording_start",rectangle,0,187,1919,1045,,,,"A017_2","Exp2_003","E3_SPATIAL_NONPROGRESSIVE",loading,,,,,1,TRUE,7500.000,7550.000,460.617737,460.667725,1920,1046,"ObjectSlot1-4",1,1,"video_relative_to_screen_recording_start",36.078785,424538.938,424588.938,1,36.078785,"1781266396475","../../../../../../Project/UE5/Gallery/Saved/ScreenRecordings/A017_2_20260612_201316_screen.mkv",424538.938,424588.938,424563.938,"1781266821013","1781266821063","2026-06-12T20:20:21.012+08:00","2026-06-12T20:20:21.062+08:00",453.117737,EXP2,"exp2_table",2,3,"1:3|2:4|3:2|4:1"
"exp2_target_object","实验二当前目标模型_右脸","Exp2_003_exp2_target_object_0302","video_relative_to_recording_start",rectangle,1037,274,1919,853,,,,"A017_2","Exp2_003","E3_SPATIAL_NONPROGRESSIVE",loading,,,,,1,TRUE,7500.000,7550.000,460.617737,460.667725,1920,1046,"ObjectSlot3",1,1,"video_relative_to_screen_recording_start",36.078785,424538.938,424588.938,1,36.078785,"1781266396475","../../../../../../Project/UE5/Gallery/Saved/ScreenRecordings/A017_2_20260612_201316_screen.mkv",424538.938,424588.938,424563.938,"1781266821013","1781266821063","2026-06-12T20:20:21.012+08:00","2026-06-12T20:20:21.062+08:00",453.117737,EXP2,"exp2_target",2,3,"1:3|2:4|3:2|4:1"
"exp2_table_objects","实验二桌面四模型总体区域","Exp2_003_exp2_table_objects_0303","video_relative_to_recording_start",rectangle,0,187,1919,1045,,,,"A017_2","Exp2_003","E3_SPATIAL_NONPROGRESSIVE",loading,,,,,1,TRUE,7550.000,7600.000,460.667725,460.717743,1920,1046,"ObjectSlot1-4",1,1,"video_relative_to_screen_recording_start",36.078785,424588.938,424638.938,1,36.078785,"1781266396475","../../../../../../Project/UE5/Gallery/Saved/ScreenRecordings/A017_2_20260612_201316_screen.mkv",424588.938,424638.938,424613.938,"1781266821063","1781266821113","2026-06-12T20:20:21.062+08:00","2026-06-12T20:20:21.112+08:00",453.117737,EXP2,"exp2_table",2,3,"1:3|2:4|3:2|4:1"
"exp2_target_object","实验二当前目标模型_右脸","Exp2_003_exp2_target_object_0304","video_relative_to_recording_start",rectangle,1037,274,1919,853,,,,"A017_2","Exp2_003","E3_SPATIAL_NONPROGRESSIVE",loading,,,,,1,TRUE,7550.000,7600.000,460.667725,460.717743,1920,1046,"ObjectSlot3",1,1,"video_relative_to_screen_recording_start",36.078785,424588.938,424638.938,1,36.078785,"1781266396475","../../../../../../Project/UE5/Gallery/Saved/ScreenRecordings/A017_2_20260612_201316_screen.mkv",424588.938,424638.938,424613.938,"1781266821063","1781266821113","2026-06-12T20:20:21.062+08:00","2026-06-12T20:20:21.112+08:00",453.117737,EXP2,"exp2_target",2,3,"1:3|2:4|3:2|4:1"
"exp2_table_objects","实验二桌面四模型总体区域","Exp2_003_exp2_table_objects_0305","video_relative_to_recording_start",rectangle,0,187,1919,1045,,,,"A017_2","Exp2_003","E3_SPATIAL_NONPROGRESSIVE",loading,,,,,1,TRUE,7600.000,7650.000,460.717743,460.767731,1920,1046,"ObjectSlot1-4",1,1,"video_relative_to_screen_recording_start",36.078785,424638.938,424688.938,1,36.078785,"1781266396475","../../../../../../Project/UE5/Gallery/Saved/ScreenRecordings/A017_2_20260612_201316_screen.mkv",424638.938,424688.938,424663.938,"1781266821113","1781266821163","2026-06-12T20:20:21.112+08:00","2026-06-12T20:20:21.162+08:00",453.117737,EXP2,"exp2_table",2,3,"1:3|2:4|3:2|4:1"
"exp2_target_object","实验二当前目标模型_右脸","Exp2_003_exp2_target_object_0306","video_relative_to_recording_start",rectangle,1037,274,1919,853,,,,"A017_2","Exp2_003","E3_SPATIAL_NONPROGRESSIVE",loading,,,,,1,TRUE,7600.000,7650.000,460.717743,460.767731,1920,1046,"ObjectSlot3",1,1,"video_relative_to_screen_recording_start",36.078785,424638.938,424688.938,1,36.078785,"1781266396475","../../../../../../Project/UE5/Gallery/Saved/ScreenRecordings/A017_2_20260612_201316_screen.mkv",424638.938,424688.938,424663.938,"1781266821113","1781266821163","2026-06-12T20:20:21.112+08:00","2026-06-12T20:20:21.162+08:00",453.117737,EXP2,"exp2_target",2,3,"1:3|2:4|3:2|4:1"
"exp2_table_objects","实验二桌面四模型总体区域","Exp2_003_exp2_table_objects_0307","video_relative_to_recording_start",rectangle,0,188,1919,1045,,,,"A017_2","Exp2_003","E3_SPATIAL_NONPROGRESSIVE",loading,,,,,1,TRUE,7650.000,7700.000,460.767731,460.817749,1920,1046,"ObjectSlot1-4",1,1,"video_relative_to_screen_recording_start",36.078785,424688.938,424738.938,1,36.078785,"1781266396475","../../../../../../Project/UE5/Gallery/Saved/ScreenRecordings/A017_2_20260612_201316_screen.mkv",424688.938,424738.938,424713.938,"1781266821163","1781266821213","2026-06-12T20:20:21.162+08:00","2026-06-12T20:20:21.212+08:00",453.117737,EXP2,"exp2_table",2,3,"1:3|2:4|3:2|4:1"
"exp2_target_object","实验二当前目标模型_右脸","Exp2_003_exp2_target_object_0308","video_relative_to_recording_start",rectangle,1039,275,1919,854,,,,"A017_2","Exp2_003","E3_SPATIAL_NONPROGRESSIVE",loading,,,,,1,TRUE,7650.000,7700.000,460.767731,460.817749,1920,1046,"ObjectSlot3",1,1,"video_relative_to_screen_recording_start",36.078785,424688.938,424738.938,1,36.078785,"1781266396475","../../../../../../Project/UE5/Gallery/Saved/ScreenRecordings/A017_2_20260612_201316_screen.mkv",424688.938,424738.938,424713.938,"1781266821163","1781266821213","2026-06-12T20:20:21.162+08:00","2026-06-12T20:20:21.212+08:00",453.117737,EXP2,"exp2_target",2,3,"1:3|2:4|3:2|4:1"
"exp2_table_objects","实验二桌面四模型总体区域","Exp2_003_exp2_table_objects_0309","video_relative_to_recording_start",rectangle,0,188,1919,1045,,,,"A017_2","Exp2_003","E3_SPATIAL_NONPROGRESSIVE",loading,,,,,1,TRUE,7700.000,7750.000,460.817749,460.867737,1920,1046,"ObjectSlot1-4",1,1,"video_relative_to_screen_recording_start",36.078785,424738.938,424788.938,1,36.078785,"1781266396475","../../../../../../Project/UE5/Gallery/Saved/ScreenRecordings/A017_2_20260612_201316_screen.mkv",424738.938,424788.938,424763.938,"1781266821213","1781266821263","2026-06-12T20:20:21.212+08:00","2026-06-12T20:20:21.262+08:00",453.117737,EXP2,"exp2_table",2,3,"1:3|2:4|3:2|4:1"
"exp2_target_object","实验二当前目标模型_右脸","Exp2_003_exp2_target_object_0310","video_relative_to_recording_start",rectangle,1062,275,1919,854,,,,"A017_2","Exp2_003","E3_SPATIAL_NONPROGRESSIVE",loading,,,,,1,TRUE,7700.000,7750.000,460.817749,460.867737,1920,1046,"ObjectSlot3",1,1,"video_relative_to_screen_recording_start",36.078785,424738.938,424788.938,1,36.078785,"1781266396475","../../../../../../Project/UE5/Gallery/Saved/ScreenRecordings/A017_2_20260612_201316_screen.mkv",424738.938,424788.938,424763.938,"1781266821213","1781266821263","2026-06-12T20:20:21.212+08:00","2026-06-12T20:20:21.262+08:00",453.117737,EXP2,"exp2_target",2,3,"1:3|2:4|3:2|4:1"
"exp2_table_objects","实验二桌面四模型总体区域","Exp2_003_exp2_table_objects_0311","video_relative_to_recording_start",rectangle,81,190,1919,1045,,,,"A017_2","Exp2_003","E3_SPATIAL_NONPROGRESSIVE",loading,,,,,1,TRUE,7750.000,7800.000,460.867737,460.917725,1920,1046,"ObjectSlot1-4",1,1,"video_relative_to_screen_recording_start",36.078785,424788.938,424838.938,1,36.078785,"1781266396475","../../../../../../Project/UE5/Gallery/Saved/ScreenRecordings/A017_2_20260612_201316_screen.mkv",424788.938,424838.938,424813.938,"1781266821263","1781266821313","2026-06-12T20:20:21.262+08:00","2026-06-12T20:20:21.312+08:00",453.117737,EXP2,"exp2_table",2,3,"1:3|2:4|3:2|4:1"
"exp2_target_object","实验二当前目标模型_右脸","Exp2_003_exp2_target_object_0312","video_relative_to_recording_start",rectangle,1106,277,1919,856,,,,"A017_2","Exp2_003","E3_SPATIAL_NONPROGRESSIVE",loading,,,,,1,TRUE,7750.000,7800.000,460.867737,460.917725,1920,1046,"ObjectSlot3",1,1,"video_relative_to_screen_recording_start",36.078785,424788.938,424838.938,1,36.078785,"1781266396475","../../../../../../Project/UE5/Gallery/Saved/ScreenRecordings/A017_2_20260612_201316_screen.mkv",424788.938,424838.938,424813.938,"1781266821263","1781266821313","2026-06-12T20:20:21.262+08:00","2026-06-12T20:20:21.312+08:00",453.117737,EXP2,"exp2_target",2,3,"1:3|2:4|3:2|4:1"
"exp2_table_objects","实验二桌面四模型总体区域","Exp2_003_exp2_table_objects_0313","video_relative_to_recording_start",rectangle,177,195,1919,1045,,,,"A017_2","Exp2_003","E3_SPATIAL_NONPROGRESSIVE",loading,,,,,1,TRUE,7800.000,7850.000,460.917725,460.967743,1920,1046,"ObjectSlot1-4",1,1,"video_relative_to_screen_recording_start",36.078785,424838.938,424888.938,1,36.078785,"1781266396475","../../../../../../Project/UE5/Gallery/Saved/ScreenRecordings/A017_2_20260612_201316_screen.mkv",424838.938,424888.938,424863.938,"1781266821313","1781266821363","2026-06-12T20:20:21.312+08:00","2026-06-12T20:20:21.362+08:00",453.117737,EXP2,"exp2_table",2,3,"1:3|2:4|3:2|4:1"
"exp2_target_object","实验二当前目标模型_右脸","Exp2_003_exp2_target_object_0314","video_relative_to_recording_start",rectangle,1141,281,1919,860,,,,"A017_2","Exp2_003","E3_SPATIAL_NONPROGRESSIVE",loading,,,,,1,TRUE,7800.000,7850.000,460.917725,460.967743,1920,1046,"ObjectSlot3",1,1,"video_relative_to_screen_recording_start",36.078785,424838.938,424888.938,1,36.078785,"1781266396475","../../../../../../Project/UE5/Gallery/Saved/ScreenRecordings/A017_2_20260612_201316_screen.mkv",424838.938,424888.938,424863.938,"1781266821313","1781266821363","2026-06-12T20:20:21.312+08:00","2026-06-12T20:20:21.362+08:00",453.117737,EXP2,"exp2_target",2,3,"1:3|2:4|3:2|4:1"
"exp2_table_objects","实验二桌面四模型总体区域","Exp2_003_exp2_table_objects_0315","video_relative_to_recording_start",rectangle,183,197,1919,1045,,,,"A017_2","Exp2_003","E3_SPATIAL_NONPROGRESSIVE",loading,,,,,1,TRUE,7850.000,7900.000,460.967743,461.017731,1920,1046,"ObjectSlot1-4",1,1,"video_relative_to_screen_recording_start",36.078785,424888.938,424938.938,1,36.078785,"1781266396475","../../../../../../Project/UE5/Gallery/Saved/ScreenRecordings/A017_2_20260612_201316_screen.mkv",424888.938,424938.938,424913.938,"1781266821363","1781266821413","2026-06-12T20:20:21.362+08:00","2026-06-12T20:20:21.412+08:00",453.117737,EXP2,"exp2_table",2,3,"1:3|2:4|3:2|4:1"
"exp2_target_object","实验二当前目标模型_右脸","Exp2_003_exp2_target_object_0316","video_relative_to_recording_start",rectangle,1143,283,1919,863,,,,"A017_2","Exp2_003","E3_SPATIAL_NONPROGRESSIVE",loading,,,,,1,TRUE,7850.000,7900.000,460.967743,461.017731,1920,1046,"ObjectSlot3",1,1,"video_relative_to_screen_recording_start",36.078785,424888.938,424938.938,1,36.078785,"1781266396475","../../../../../../Project/UE5/Gallery/Saved/ScreenRecordings/A017_2_20260612_201316_screen.mkv",424888.938,424938.938,424913.938,"1781266821363","1781266821413","2026-06-12T20:20:21.362+08:00","2026-06-12T20:20:21.412+08:00",453.117737,EXP2,"exp2_target",2,3,"1:3|2:4|3:2|4:1"
"exp2_table_objects","实验二桌面四模型总体区域","Exp2_003_exp2_table_objects_0317","video_relative_to_recording_start",rectangle,183,197,1919,1045,,,,"A017_2","Exp2_003","E3_SPATIAL_NONPROGRESSIVE",loading,,,,,1,TRUE,7900.000,7950.000,461.017731,461.067749,1920,1046,"ObjectSlot1-4",1,1,"video_relative_to_screen_recording_start",36.078785,424938.938,424988.938,1,36.078785,"1781266396475","../../../../../../Project/UE5/Gallery/Saved/ScreenRecordings/A017_2_20260612_201316_screen.mkv",424938.938,424988.938,424963.938,"1781266821413","1781266821463","2026-06-12T20:20:21.412+08:00","2026-06-12T20:20:21.462+08:00",453.117737,EXP2,"exp2_table",2,3,"1:3|2:4|3:2|4:1"
"exp2_target_object","实验二当前目标模型_右脸","Exp2_003_exp2_target_object_0318","video_relative_to_recording_start",rectangle,1143,283,1919,863,,,,"A017_2","Exp2_003","E3_SPATIAL_NONPROGRESSIVE",loading,,,,,1,TRUE,7900.000,7950.000,461.017731,461.067749,1920,1046,"ObjectSlot3",1,1,"video_relative_to_screen_recording_start",36.078785,424938.938,424988.938,1,36.078785,"1781266396475","../../../../../../Project/UE5/Gallery/Saved/ScreenRecordings/A017_2_20260612_201316_screen.mkv",424938.938,424988.938,424963.938,"1781266821413","1781266821463","2026-06-12T20:20:21.412+08:00","2026-06-12T20:20:21.462+08:00",453.117737,EXP2,"exp2_target",2,3,"1:3|2:4|3:2|4:1"
"exp2_table_objects","实验二桌面四模型总体区域","Exp2_003_exp2_table_objects_0319","video_relative_to_recording_start",rectangle,185,201,1919,1045,,,,"A017_2","Exp2_003","E3_SPATIAL_NONPROGRESSIVE",loading,,,,,1,TRUE,7950.000,8000.000,461.067749,461.117737,1920,1046,"ObjectSlot1-4",1,1,"video_relative_to_screen_recording_start",36.078785,424988.938,425038.938,1,36.078785,"1781266396475","../../../../../../Project/UE5/Gallery/Saved/ScreenRecordings/A017_2_20260612_201316_screen.mkv",424988.938,425038.938,425013.938,"1781266821463","1781266821513","2026-06-12T20:20:21.462+08:00","2026-06-12T20:20:21.512+08:00",453.117737,EXP2,"exp2_table",2,3,"1:3|2:4|3:2|4:1"
"exp2_target_object","实验二当前目标模型_右脸","Exp2_003_exp2_target_object_0320","video_relative_to_recording_start",rectangle,1144,288,1919,867,,,,"A017_2","Exp2_003","E3_SPATIAL_NONPROGRESSIVE",loading,,,,,1,TRUE,7950.000,8000.000,461.067749,461.117737,1920,1046,"ObjectSlot3",1,1,"video_relative_to_screen_recording_start",36.078785,424988.938,425038.938,1,36.078785,"1781266396475","../../../../../../Project/UE5/Gallery/Saved/ScreenRecordings/A017_2_20260612_201316_screen.mkv",424988.938,425038.938,425013.938,"1781266821463","1781266821513","2026-06-12T20:20:21.462+08:00","2026-06-12T20:20:21.512+08:00",453.117737,EXP2,"exp2_target",2,3,"1:3|2:4|3:2|4:1"
"exp2_table_objects","实验二桌面四模型总体区域","Exp2_003_exp2_table_objects_0321","video_relative_to_recording_start",rectangle,185,203,1919,1045,,,,"A017_2","Exp2_003","E3_SPATIAL_NONPROGRESSIVE",loading,,,,,1,TRUE,8000.000,8050.000,461.117737,461.167725,1920,1046,"ObjectSlot1-4",1,1,"video_relative_to_screen_recording_start",36.078785,425038.938,425088.938,1,36.078785,"1781266396475","../../../../../../Project/UE5/Gallery/Saved/ScreenRecordings/A017_2_20260612_201316_screen.mkv",425038.938,425088.938,425063.938,"1781266821513","1781266821563","2026-06-12T20:20:21.512+08:00","2026-06-12T20:20:21.562+08:00",453.117737,EXP2,"exp2_table",2,3,"1:3|2:4|3:2|4:1"
"exp2_target_object","实验二当前目标模型_右脸","Exp2_003_exp2_target_object_0322","video_relative_to_recording_start",rectangle,1144,289,1919,868,,,,"A017_2","Exp2_003","E3_SPATIAL_NONPROGRESSIVE",loading,,,,,1,TRUE,8000.000,8050.000,461.117737,461.167725,1920,1046,"ObjectSlot3",1,1,"video_relative_to_screen_recording_start",36.078785,425038.938,425088.938,1,36.078785,"1781266396475","../../../../../../Project/UE5/Gallery/Saved/ScreenRecordings/A017_2_20260612_201316_screen.mkv",425038.938,425088.938,425063.938,"1781266821513","1781266821563","2026-06-12T20:20:21.512+08:00","2026-06-12T20:20:21.562+08:00",453.117737,EXP2,"exp2_target",2,3,"1:3|2:4|3:2|4:1"
"exp2_table_objects","实验二桌面四模型总体区域","Exp2_003_exp2_table_objects_0323","video_relative_to_recording_start",rectangle,185,203,1919,1045,,,,"A017_2","Exp2_003","E3_SPATIAL_NONPROGRESSIVE",loading,,,,,1,TRUE,8050.000,8100.000,461.167725,461.217743,1920,1046,"ObjectSlot1-4",1,1,"video_relative_to_screen_recording_start",36.078785,425088.938,425138.938,1,36.078785,"1781266396475","../../../../../../Project/UE5/Gallery/Saved/ScreenRecordings/A017_2_20260612_201316_screen.mkv",425088.938,425138.938,425113.938,"1781266821563","1781266821613","2026-06-12T20:20:21.562+08:00","2026-06-12T20:20:21.612+08:00",453.117737,EXP2,"exp2_table",2,3,"1:3|2:4|3:2|4:1"
"exp2_target_object","实验二当前目标模型_右脸","Exp2_003_exp2_target_object_0324","video_relative_to_recording_start",rectangle,1144,289,1919,868,,,,"A017_2","Exp2_003","E3_SPATIAL_NONPROGRESSIVE",loading,,,,,1,TRUE,8050.000,8100.000,461.167725,461.217743,1920,1046,"ObjectSlot3",1,1,"video_relative_to_screen_recording_start",36.078785,425088.938,425138.938,1,36.078785,"1781266396475","../../../../../../Project/UE5/Gallery/Saved/ScreenRecordings/A017_2_20260612_201316_screen.mkv",425088.938,425138.938,425113.938,"1781266821563","1781266821613","2026-06-12T20:20:21.562+08:00","2026-06-12T20:20:21.612+08:00",453.117737,EXP2,"exp2_target",2,3,"1:3|2:4|3:2|4:1"
"exp2_table_objects","实验二桌面四模型总体区域","Exp2_003_exp2_table_objects_0325","video_relative_to_recording_start",rectangle,188,210,1919,1045,,,,"A017_2","Exp2_003","E3_SPATIAL_NONPROGRESSIVE",loading,,,,,1,TRUE,8100.000,8150.000,461.217743,461.267731,1920,1046,"ObjectSlot1-4",1,1,"video_relative_to_screen_recording_start",36.078785,425138.938,425188.938,1,36.078785,"1781266396475","../../../../../../Project/UE5/Gallery/Saved/ScreenRecordings/A017_2_20260612_201316_screen.mkv",425138.938,425188.938,425163.938,"1781266821613","1781266821663","2026-06-12T20:20:21.612+08:00","2026-06-12T20:20:21.662+08:00",453.117737,EXP2,"exp2_table",2,3,"1:3|2:4|3:2|4:1"
"exp2_target_object","实验二当前目标模型_右脸","Exp2_003_exp2_target_object_0326","video_relative_to_recording_start",rectangle,1145,296,1919,876,,,,"A017_2","Exp2_003","E3_SPATIAL_NONPROGRESSIVE",loading,,,,,1,TRUE,8100.000,8150.000,461.217743,461.267731,1920,1046,"ObjectSlot3",1,1,"video_relative_to_screen_recording_start",36.078785,425138.938,425188.938,1,36.078785,"1781266396475","../../../../../../Project/UE5/Gallery/Saved/ScreenRecordings/A017_2_20260612_201316_screen.mkv",425138.938,425188.938,425163.938,"1781266821613","1781266821663","2026-06-12T20:20:21.612+08:00","2026-06-12T20:20:21.662+08:00",453.117737,EXP2,"exp2_target",2,3,"1:3|2:4|3:2|4:1"
"exp2_table_objects","实验二桌面四模型总体区域","Exp2_003_exp2_table_objects_0327","video_relative_to_recording_start",rectangle,189,214,1919,1045,,,,"A017_2","Exp2_003","E3_SPATIAL_NONPROGRESSIVE",loading,,,,,1,TRUE,8150.000,8200.000,461.267731,461.317749,1920,1046,"ObjectSlot1-4",1,1,"video_relative_to_screen_recording_start",36.078785,425188.938,425238.938,1,36.078785,"1781266396475","../../../../../../Project/UE5/Gallery/Saved/ScreenRecordings/A017_2_20260612_201316_screen.mkv",425188.938,425238.938,425213.938,"1781266821663","1781266821713","2026-06-12T20:20:21.662+08:00","2026-06-12T20:20:21.712+08:00",453.117737,EXP2,"exp2_table",2,3,"1:3|2:4|3:2|4:1"
"exp2_target_object","实验二当前目标模型_右脸","Exp2_003_exp2_target_object_0328","video_relative_to_recording_start",rectangle,1145,299,1919,880,,,,"A017_2","Exp2_003","E3_SPATIAL_NONPROGRESSIVE",loading,,,,,1,TRUE,8150.000,8200.000,461.267731,461.317749,1920,1046,"ObjectSlot3",1,1,"video_relative_to_screen_recording_start",36.078785,425188.938,425238.938,1,36.078785,"1781266396475","../../../../../../Project/UE5/Gallery/Saved/ScreenRecordings/A017_2_20260612_201316_screen.mkv",425188.938,425238.938,425213.938,"1781266821663","1781266821713","2026-06-12T20:20:21.662+08:00","2026-06-12T20:20:21.712+08:00",453.117737,EXP2,"exp2_target",2,3,"1:3|2:4|3:2|4:1"
"exp2_table_objects","实验二桌面四模型总体区域","Exp2_003_exp2_table_objects_0329","video_relative_to_recording_start",rectangle,192,218,1919,1045,,,,"A017_2","Exp2_003","E3_SPATIAL_NONPROGRESSIVE",loading,,,,,1,TRUE,8200.000,8250.000,461.317749,461.367737,1920,1046,"ObjectSlot1-4",1,1,"video_relative_to_screen_recording_start",36.078785,425238.938,425288.938,1,36.078785,"1781266396475","../../../../../../Project/UE5/Gallery/Saved/ScreenRecordings/A017_2_20260612_201316_screen.mkv",425238.938,425288.938,425263.938,"1781266821713","1781266821763","2026-06-12T20:20:21.712+08:00","2026-06-12T20:20:21.762+08:00",453.117737,EXP2,"exp2_table",2,3,"1:3|2:4|3:2|4:1"
"exp2_target_object","实验二当前目标模型_右脸","Exp2_003_exp2_target_object_0330","video_relative_to_recording_start",rectangle,1147,303,1919,884,,,,"A017_2","Exp2_003","E3_SPATIAL_NONPROGRESSIVE",loading,,,,,1,TRUE,8200.000,8250.000,461.317749,461.367737,1920,1046,"ObjectSlot3",1,1,"video_relative_to_screen_recording_start",36.078785,425238.938,425288.938,1,36.078785,"1781266396475","../../../../../../Project/UE5/Gallery/Saved/ScreenRecordings/A017_2_20260612_201316_screen.mkv",425238.938,425288.938,425263.938,"1781266821713","1781266821763","2026-06-12T20:20:21.712+08:00","2026-06-12T20:20:21.762+08:00",453.117737,EXP2,"exp2_target",2,3,"1:3|2:4|3:2|4:1"
"exp2_table_objects","实验二桌面四模型总体区域","Exp2_003_exp2_table_objects_0331","video_relative_to_recording_start",rectangle,157,218,1919,1045,,,,"A017_2","Exp2_003","E3_SPATIAL_NONPROGRESSIVE",loading,,,,,1,TRUE,8250.000,8300.000,461.367737,461.417725,1920,1046,"ObjectSlot1-4",1,1,"video_relative_to_screen_recording_start",36.078785,425288.938,425338.938,1,36.078785,"1781266396475","../../../../../../Project/UE5/Gallery/Saved/ScreenRecordings/A017_2_20260612_201316_screen.mkv",425288.938,425338.938,425313.938,"1781266821763","1781266821813","2026-06-12T20:20:21.762+08:00","2026-06-12T20:20:21.812+08:00",453.117737,EXP2,"exp2_table",2,3,"1:3|2:4|3:2|4:1"
"exp2_target_object","实验二当前目标模型_右脸","Exp2_003_exp2_target_object_0332","video_relative_to_recording_start",rectangle,1134,303,1919,884,,,,"A017_2","Exp2_003","E3_SPATIAL_NONPROGRESSIVE",loading,,,,,1,TRUE,8250.000,8300.000,461.367737,461.417725,1920,1046,"ObjectSlot3",1,1,"video_relative_to_screen_recording_start",36.078785,425288.938,425338.938,1,36.078785,"1781266396475","../../../../../../Project/UE5/Gallery/Saved/ScreenRecordings/A017_2_20260612_201316_screen.mkv",425288.938,425338.938,425313.938,"1781266821763","1781266821813","2026-06-12T20:20:21.762+08:00","2026-06-12T20:20:21.812+08:00",453.117737,EXP2,"exp2_target",2,3,"1:3|2:4|3:2|4:1"
"exp2_table_objects","实验二桌面四模型总体区域","Exp2_003_exp2_table_objects_0333","video_relative_to_recording_start",rectangle,73,224,1919,1045,,,,"A017_2","Exp2_003","E3_SPATIAL_NONPROGRESSIVE",loading,,,,,1,TRUE,8300.000,8350.000,461.417725,461.467743,1920,1046,"ObjectSlot1-4",1,1,"video_relative_to_screen_recording_start",36.078785,425338.938,425388.938,1,36.078785,"1781266396475","../../../../../../Project/UE5/Gallery/Saved/ScreenRecordings/A017_2_20260612_201316_screen.mkv",425338.938,425388.938,425363.938,"1781266821813","1781266821863","2026-06-12T20:20:21.812+08:00","2026-06-12T20:20:21.862+08:00",453.117737,EXP2,"exp2_table",2,3,"1:3|2:4|3:2|4:1"
"exp2_target_object","实验二当前目标模型_右脸","Exp2_003_exp2_target_object_0334","video_relative_to_recording_start",rectangle,1104,309,1919,890,,,,"A017_2","Exp2_003","E3_SPATIAL_NONPROGRESSIVE",loading,,,,,1,TRUE,8300.000,8350.000,461.417725,461.467743,1920,1046,"ObjectSlot3",1,1,"video_relative_to_screen_recording_start",36.078785,425338.938,425388.938,1,36.078785,"1781266396475","../../../../../../Project/UE5/Gallery/Saved/ScreenRecordings/A017_2_20260612_201316_screen.mkv",425338.938,425388.938,425363.938,"1781266821813","1781266821863","2026-06-12T20:20:21.812+08:00","2026-06-12T20:20:21.862+08:00",453.117737,EXP2,"exp2_target",2,3,"1:3|2:4|3:2|4:1"
"exp2_table_objects","实验二桌面四模型总体区域","Exp2_003_exp2_table_objects_0335","video_relative_to_recording_start",rectangle,0,231,1919,1045,,,,"A017_2","Exp2_003","E3_SPATIAL_NONPROGRESSIVE",loading,,,,,1,TRUE,8350.000,8400.000,461.467743,461.517731,1920,1046,"ObjectSlot1-4",1,1,"video_relative_to_screen_recording_start",36.078785,425388.938,425438.938,1,36.078785,"1781266396475","../../../../../../Project/UE5/Gallery/Saved/ScreenRecordings/A017_2_20260612_201316_screen.mkv",425388.938,425438.938,425413.938,"1781266821863","1781266821913","2026-06-12T20:20:21.862+08:00","2026-06-12T20:20:21.912+08:00",453.117737,EXP2,"exp2_table",2,3,"1:3|2:4|3:2|4:1"
"exp2_target_object","实验二当前目标模型_右脸","Exp2_003_exp2_target_object_0336","video_relative_to_recording_start",rectangle,1067,314,1919,897,,,,"A017_2","Exp2_003","E3_SPATIAL_NONPROGRESSIVE",loading,,,,,1,TRUE,8350.000,8400.000,461.467743,461.517731,1920,1046,"ObjectSlot3",1,1,"video_relative_to_screen_recording_start",36.078785,425388.938,425438.938,1,36.078785,"1781266396475","../../../../../../Project/UE5/Gallery/Saved/ScreenRecordings/A017_2_20260612_201316_screen.mkv",425388.938,425438.938,425413.938,"1781266821863","1781266821913","2026-06-12T20:20:21.862+08:00","2026-06-12T20:20:21.912+08:00",453.117737,EXP2,"exp2_target",2,3,"1:3|2:4|3:2|4:1"
"exp2_table_objects","实验二桌面四模型总体区域","Exp2_003_exp2_table_objects_0337","video_relative_to_recording_start",rectangle,0,234,1919,1045,,,,"A017_2","Exp2_003","E3_SPATIAL_NONPROGRESSIVE",loading,,,,,1,TRUE,8400.000,8450.000,461.517731,461.567749,1920,1046,"ObjectSlot1-4",1,1,"video_relative_to_screen_recording_start",36.078785,425438.938,425488.938,1,36.078785,"1781266396475","../../../../../../Project/UE5/Gallery/Saved/ScreenRecordings/A017_2_20260612_201316_screen.mkv",425438.938,425488.938,425463.938,"1781266821913","1781266821963","2026-06-12T20:20:21.912+08:00","2026-06-12T20:20:21.962+08:00",453.117737,EXP2,"exp2_table",2,3,"1:3|2:4|3:2|4:1"
"exp2_target_object","实验二当前目标模型_右脸","Exp2_003_exp2_target_object_0338","video_relative_to_recording_start",rectangle,1068,315,1919,900,,,,"A017_2","Exp2_003","E3_SPATIAL_NONPROGRESSIVE",loading,,,,,1,TRUE,8400.000,8450.000,461.517731,461.567749,1920,1046,"ObjectSlot3",1,1,"video_relative_to_screen_recording_start",36.078785,425438.938,425488.938,1,36.078785,"1781266396475","../../../../../../Project/UE5/Gallery/Saved/ScreenRecordings/A017_2_20260612_201316_screen.mkv",425438.938,425488.938,425463.938,"1781266821913","1781266821963","2026-06-12T20:20:21.912+08:00","2026-06-12T20:20:21.962+08:00",453.117737,EXP2,"exp2_target",2,3,"1:3|2:4|3:2|4:1"
"exp2_table_objects","实验二桌面四模型总体区域","Exp2_003_exp2_table_objects_0339","video_relative_to_recording_start",rectangle,0,237,1919,1045,,,,"A017_2","Exp2_003","E3_SPATIAL_NONPROGRESSIVE",loading,,,,,1,TRUE,8450.000,8500.000,461.567749,461.617737,1920,1046,"ObjectSlot1-4",1,1,"video_relative_to_screen_recording_start",36.078785,425488.938,425538.938,1,36.078785,"1781266396475","../../../../../../Project/UE5/Gallery/Saved/ScreenRecordings/A017_2_20260612_201316_screen.mkv",425488.938,425538.938,425513.938,"1781266821963","1781266822013","2026-06-12T20:20:21.962+08:00","2026-06-12T20:20:22.012+08:00",453.117737,EXP2,"exp2_table",2,3,"1:3|2:4|3:2|4:1"
"exp2_target_object","实验二当前目标模型_右脸","Exp2_003_exp2_target_object_0340","video_relative_to_recording_start",rectangle,1073,317,1919,902,,,,"A017_2","Exp2_003","E3_SPATIAL_NONPROGRESSIVE",loading,,,,,1,TRUE,8450.000,8500.000,461.567749,461.617737,1920,1046,"ObjectSlot3",1,1,"video_relative_to_screen_recording_start",36.078785,425488.938,425538.938,1,36.078785,"1781266396475","../../../../../../Project/UE5/Gallery/Saved/ScreenRecordings/A017_2_20260612_201316_screen.mkv",425488.938,425538.938,425513.938,"1781266821963","1781266822013","2026-06-12T20:20:21.962+08:00","2026-06-12T20:20:22.012+08:00",453.117737,EXP2,"exp2_target",2,3,"1:3|2:4|3:2|4:1"
"exp2_table_objects","实验二桌面四模型总体区域","Exp2_003_exp2_table_objects_0341","video_relative_to_recording_start",rectangle,0,239,1919,1045,,,,"A017_2","Exp2_003","E3_SPATIAL_NONPROGRESSIVE",loading,,,,,1,TRUE,8500.000,8550.000,461.617737,461.667725,1920,1046,"ObjectSlot1-4",1,1,"video_relative_to_screen_recording_start",36.078785,425538.938,425588.938,1,36.078785,"1781266396475","../../../../../../Project/UE5/Gallery/Saved/ScreenRecordings/A017_2_20260612_201316_screen.mkv",425538.938,425588.938,425563.938,"1781266822013","1781266822063","2026-06-12T20:20:22.012+08:00","2026-06-12T20:20:22.062+08:00",453.117737,EXP2,"exp2_table",2,3,"1:3|2:4|3:2|4:1"
"exp2_target_object","实验二当前目标模型_右脸","Exp2_003_exp2_target_object_0342","video_relative_to_recording_start",rectangle,1080,317,1919,903,,,,"A017_2","Exp2_003","E3_SPATIAL_NONPROGRESSIVE",loading,,,,,1,TRUE,8500.000,8550.000,461.617737,461.667725,1920,1046,"ObjectSlot3",1,1,"video_relative_to_screen_recording_start",36.078785,425538.938,425588.938,1,36.078785,"1781266396475","../../../../../../Project/UE5/Gallery/Saved/ScreenRecordings/A017_2_20260612_201316_screen.mkv",425538.938,425588.938,425563.938,"1781266822013","1781266822063","2026-06-12T20:20:22.012+08:00","2026-06-12T20:20:22.062+08:00",453.117737,EXP2,"exp2_target",2,3,"1:3|2:4|3:2|4:1"
"exp2_table_objects","实验二桌面四模型总体区域","Exp2_003_exp2_table_objects_0343","video_relative_to_recording_start",rectangle,0,239,1919,1045,,,,"A017_2","Exp2_003","E3_SPATIAL_NONPROGRESSIVE",loading,,,,,1,TRUE,8550.000,8600.000,461.667725,461.717743,1920,1046,"ObjectSlot1-4",1,1,"video_relative_to_screen_recording_start",36.078785,425588.938,425638.938,1,36.078785,"1781266396475","../../../../../../Project/UE5/Gallery/Saved/ScreenRecordings/A017_2_20260612_201316_screen.mkv",425588.938,425638.938,425613.938,"1781266822063","1781266822113","2026-06-12T20:20:22.062+08:00","2026-06-12T20:20:22.112+08:00",453.117737,EXP2,"exp2_table",2,3,"1:3|2:4|3:2|4:1"
"exp2_target_object","实验二当前目标模型_右脸","Exp2_003_exp2_target_object_0344","video_relative_to_recording_start",rectangle,1080,317,1919,903,,,,"A017_2","Exp2_003","E3_SPATIAL_NONPROGRESSIVE",loading,,,,,1,TRUE,8550.000,8600.000,461.667725,461.717743,1920,1046,"ObjectSlot3",1,1,"video_relative_to_screen_recording_start",36.078785,425588.938,425638.938,1,36.078785,"1781266396475","../../../../../../Project/UE5/Gallery/Saved/ScreenRecordings/A017_2_20260612_201316_screen.mkv",425588.938,425638.938,425613.938,"1781266822063","1781266822113","2026-06-12T20:20:22.062+08:00","2026-06-12T20:20:22.112+08:00",453.117737,EXP2,"exp2_target",2,3,"1:3|2:4|3:2|4:1"
"exp2_table_objects","实验二桌面四模型总体区域","Exp2_003_exp2_table_objects_0345","video_relative_to_recording_start",rectangle,3,241,1919,1045,,,,"A017_2","Exp2_003","E3_SPATIAL_NONPROGRESSIVE",loading,,,,,1,TRUE,8600.000,8650.000,461.717743,461.767731,1920,1046,"ObjectSlot1-4",1,1,"video_relative_to_screen_recording_start",36.078785,425638.938,425688.938,1,36.078785,"1781266396475","../../../../../../Project/UE5/Gallery/Saved/ScreenRecordings/A017_2_20260612_201316_screen.mkv",425638.938,425688.938,425663.938,"1781266822113","1781266822163","2026-06-12T20:20:22.112+08:00","2026-06-12T20:20:22.162+08:00",453.117737,EXP2,"exp2_table",2,3,"1:3|2:4|3:2|4:1"
"exp2_target_object","实验二当前目标模型_右脸","Exp2_003_exp2_target_object_0346","video_relative_to_recording_start",rectangle,1090,317,1919,904,,,,"A017_2","Exp2_003","E3_SPATIAL_NONPROGRESSIVE",loading,,,,,1,TRUE,8600.000,8650.000,461.717743,461.767731,1920,1046,"ObjectSlot3",1,1,"video_relative_to_screen_recording_start",36.078785,425638.938,425688.938,1,36.078785,"1781266396475","../../../../../../Project/UE5/Gallery/Saved/ScreenRecordings/A017_2_20260612_201316_screen.mkv",425638.938,425688.938,425663.938,"1781266822113","1781266822163","2026-06-12T20:20:22.112+08:00","2026-06-12T20:20:22.162+08:00",453.117737,EXP2,"exp2_target",2,3,"1:3|2:4|3:2|4:1"
"exp2_table_objects","实验二桌面四模型总体区域","Exp2_003_exp2_table_objects_0347","video_relative_to_recording_start",rectangle,18,241,1919,1045,,,,"A017_2","Exp2_003","E3_SPATIAL_NONPROGRESSIVE",loading,,,,,1,TRUE,8650.000,8700.000,461.767731,461.817749,1920,1046,"ObjectSlot1-4",1,1,"video_relative_to_screen_recording_start",36.078785,425688.938,425738.938,1,36.078785,"1781266396475","../../../../../../Project/UE5/Gallery/Saved/ScreenRecordings/A017_2_20260612_201316_screen.mkv",425688.938,425738.938,425713.938,"1781266822163","1781266822213","2026-06-12T20:20:22.162+08:00","2026-06-12T20:20:22.212+08:00",453.117737,EXP2,"exp2_table",2,3,"1:3|2:4|3:2|4:1"
"exp2_target_object","实验二当前目标模型_右脸","Exp2_003_exp2_target_object_0348","video_relative_to_recording_start",rectangle,1097,317,1919,905,,,,"A017_2","Exp2_003","E3_SPATIAL_NONPROGRESSIVE",loading,,,,,1,TRUE,8650.000,8700.000,461.767731,461.817749,1920,1046,"ObjectSlot3",1,1,"video_relative_to_screen_recording_start",36.078785,425688.938,425738.938,1,36.078785,"1781266396475","../../../../../../Project/UE5/Gallery/Saved/ScreenRecordings/A017_2_20260612_201316_screen.mkv",425688.938,425738.938,425713.938,"1781266822163","1781266822213","2026-06-12T20:20:22.162+08:00","2026-06-12T20:20:22.212+08:00",453.117737,EXP2,"exp2_target",2,3,"1:3|2:4|3:2|4:1"
"exp2_table_objects","实验二桌面四模型总体区域","Exp2_003_exp2_table_objects_0349","video_relative_to_recording_start",rectangle,82,241,1919,1045,,,,"A017_2","Exp2_003","E3_SPATIAL_NONPROGRESSIVE",loading,,,,,1,TRUE,8700.000,8750.000,461.817749,461.867737,1920,1046,"ObjectSlot1-4",1,1,"video_relative_to_screen_recording_start",36.078785,425738.938,425788.938,1,36.078785,"1781266396475","../../../../../../Project/UE5/Gallery/Saved/ScreenRecordings/A017_2_20260612_201316_screen.mkv",425738.938,425788.938,425763.938,"1781266822213","1781266822263","2026-06-12T20:20:22.212+08:00","2026-06-12T20:20:22.262+08:00",453.117737,EXP2,"exp2_table",2,3,"1:3|2:4|3:2|4:1"
"exp2_target_object","实验二当前目标模型_右脸","Exp2_003_exp2_target_object_0350","video_relative_to_recording_start",rectangle,1122,317,1919,905,,,,"A017_2","Exp2_003","E3_SPATIAL_NONPROGRESSIVE",loading,,,,,1,TRUE,8700.000,8750.000,461.817749,461.867737,1920,1046,"ObjectSlot3",1,1,"video_relative_to_screen_recording_start",36.078785,425738.938,425788.938,1,36.078785,"1781266396475","../../../../../../Project/UE5/Gallery/Saved/ScreenRecordings/A017_2_20260612_201316_screen.mkv",425738.938,425788.938,425763.938,"1781266822213","1781266822263","2026-06-12T20:20:22.212+08:00","2026-06-12T20:20:22.262+08:00",453.117737,EXP2,"exp2_target",2,3,"1:3|2:4|3:2|4:1"
"exp2_table_objects","实验二桌面四模型总体区域","Exp2_003_exp2_table_objects_0351","video_relative_to_recording_start",rectangle,168,241,1919,1045,,,,"A017_2","Exp2_003","E3_SPATIAL_NONPROGRESSIVE",loading,,,,,1,TRUE,8750.000,8800.000,461.867737,461.917725,1920,1046,"ObjectSlot1-4",1,1,"video_relative_to_screen_recording_start",36.078785,425788.938,425838.938,1,36.078785,"1781266396475","../../../../../../Project/UE5/Gallery/Saved/ScreenRecordings/A017_2_20260612_201316_screen.mkv",425788.938,425838.938,425813.938,"1781266822263","1781266822313","2026-06-12T20:20:22.262+08:00","2026-06-12T20:20:22.312+08:00",453.117737,EXP2,"exp2_table",2,3,"1:3|2:4|3:2|4:1"
"exp2_target_object","实验二当前目标模型_右脸","Exp2_003_exp2_target_object_0352","video_relative_to_recording_start",rectangle,1155,317,1919,905,,,,"A017_2","Exp2_003","E3_SPATIAL_NONPROGRESSIVE",loading,,,,,1,TRUE,8750.000,8800.000,461.867737,461.917725,1920,1046,"ObjectSlot3",1,1,"video_relative_to_screen_recording_start",36.078785,425788.938,425838.938,1,36.078785,"1781266396475","../../../../../../Project/UE5/Gallery/Saved/ScreenRecordings/A017_2_20260612_201316_screen.mkv",425788.938,425838.938,425813.938,"1781266822263","1781266822313","2026-06-12T20:20:22.262+08:00","2026-06-12T20:20:22.312+08:00",453.117737,EXP2,"exp2_target",2,3,"1:3|2:4|3:2|4:1"
"exp2_table_objects","实验二桌面四模型总体区域","Exp2_003_exp2_table_objects_0353","video_relative_to_recording_start",rectangle,174,241,1919,1045,,,,"A017_2","Exp2_003","E3_SPATIAL_NONPROGRESSIVE",loading,,,,,1,TRUE,8800.000,8850.000,461.917725,461.967743,1920,1046,"ObjectSlot1-4",1,1,"video_relative_to_screen_recording_start",36.078785,425838.938,425888.938,1,36.078785,"1781266396475","../../../../../../Project/UE5/Gallery/Saved/ScreenRecordings/A017_2_20260612_201316_screen.mkv",425838.938,425888.938,425863.938,"1781266822313","1781266822363","2026-06-12T20:20:22.312+08:00","2026-06-12T20:20:22.362+08:00",453.117737,EXP2,"exp2_table",2,3,"1:3|2:4|3:2|4:1"
"exp2_target_object","实验二当前目标模型_右脸","Exp2_003_exp2_target_object_0354","video_relative_to_recording_start",rectangle,1157,317,1919,905,,,,"A017_2","Exp2_003","E3_SPATIAL_NONPROGRESSIVE",loading,,,,,1,TRUE,8800.000,8850.000,461.917725,461.967743,1920,1046,"ObjectSlot3",1,1,"video_relative_to_screen_recording_start",36.078785,425838.938,425888.938,1,36.078785,"1781266396475","../../../../../../Project/UE5/Gallery/Saved/ScreenRecordings/A017_2_20260612_201316_screen.mkv",425838.938,425888.938,425863.938,"1781266822313","1781266822363","2026-06-12T20:20:22.312+08:00","2026-06-12T20:20:22.362+08:00",453.117737,EXP2,"exp2_target",2,3,"1:3|2:4|3:2|4:1"
"exp2_table_objects","实验二桌面四模型总体区域","Exp2_003_exp2_table_objects_0355","video_relative_to_recording_start",rectangle,174,241,1919,1045,,,,"A017_2","Exp2_003","E3_SPATIAL_NONPROGRESSIVE",loading,,,,,1,TRUE,8850.000,8900.000,461.967743,462.017731,1920,1046,"ObjectSlot1-4",1,1,"video_relative_to_screen_recording_start",36.078785,425888.938,425938.938,1,36.078785,"1781266396475","../../../../../../Project/UE5/Gallery/Saved/ScreenRecordings/A017_2_20260612_201316_screen.mkv",425888.938,425938.938,425913.938,"1781266822363","1781266822413","2026-06-12T20:20:22.362+08:00","2026-06-12T20:20:22.412+08:00",453.117737,EXP2,"exp2_table",2,3,"1:3|2:4|3:2|4:1"
"exp2_target_object","实验二当前目标模型_右脸","Exp2_003_exp2_target_object_0356","video_relative_to_recording_start",rectangle,1157,317,1919,905,,,,"A017_2","Exp2_003","E3_SPATIAL_NONPROGRESSIVE",loading,,,,,1,TRUE,8850.000,8900.000,461.967743,462.017731,1920,1046,"ObjectSlot3",1,1,"video_relative_to_screen_recording_start",36.078785,425888.938,425938.938,1,36.078785,"1781266396475","../../../../../../Project/UE5/Gallery/Saved/ScreenRecordings/A017_2_20260612_201316_screen.mkv",425888.938,425938.938,425913.938,"1781266822363","1781266822413","2026-06-12T20:20:22.362+08:00","2026-06-12T20:20:22.412+08:00",453.117737,EXP2,"exp2_target",2,3,"1:3|2:4|3:2|4:1"
"exp2_table_objects","实验二桌面四模型总体区域","Exp2_003_exp2_table_objects_0357","video_relative_to_recording_start",rectangle,174,241,1919,1045,,,,"A017_2","Exp2_003","E3_SPATIAL_NONPROGRESSIVE",loading,,,,,1,TRUE,8900.000,8950.000,462.017731,462.067749,1920,1046,"ObjectSlot1-4",1,1,"video_relative_to_screen_recording_start",36.078785,425938.938,425988.938,1,36.078785,"1781266396475","../../../../../../Project/UE5/Gallery/Saved/ScreenRecordings/A017_2_20260612_201316_screen.mkv",425938.938,425988.938,425963.938,"1781266822413","1781266822463","2026-06-12T20:20:22.412+08:00","2026-06-12T20:20:22.462+08:00",453.117737,EXP2,"exp2_table",2,3,"1:3|2:4|3:2|4:1"
"exp2_target_object","实验二当前目标模型_右脸","Exp2_003_exp2_target_object_0358","video_relative_to_recording_start",rectangle,1157,317,1919,905,,,,"A017_2","Exp2_003","E3_SPATIAL_NONPROGRESSIVE",loading,,,,,1,TRUE,8900.000,8950.000,462.017731,462.067749,1920,1046,"ObjectSlot3",1,1,"video_relative_to_screen_recording_start",36.078785,425938.938,425988.938,1,36.078785,"1781266396475","../../../../../../Project/UE5/Gallery/Saved/ScreenRecordings/A017_2_20260612_201316_screen.mkv",425938.938,425988.938,425963.938,"1781266822413","1781266822463","2026-06-12T20:20:22.412+08:00","2026-06-12T20:20:22.462+08:00",453.117737,EXP2,"exp2_target",2,3,"1:3|2:4|3:2|4:1"
"exp2_table_objects","实验二桌面四模型总体区域","Exp2_003_exp2_table_objects_0359","video_relative_to_recording_start",rectangle,174,241,1919,1045,,,,"A017_2","Exp2_003","E3_SPATIAL_NONPROGRESSIVE",loading,,,,,1,TRUE,8950.000,9000.000,462.067749,462.117737,1920,1046,"ObjectSlot1-4",1,1,"video_relative_to_screen_recording_start",36.078785,425988.938,426038.938,1,36.078785,"1781266396475","../../../../../../Project/UE5/Gallery/Saved/ScreenRecordings/A017_2_20260612_201316_screen.mkv",425988.938,426038.938,426013.938,"1781266822463","1781266822513","2026-06-12T20:20:22.462+08:00","2026-06-12T20:20:22.512+08:00",453.117737,EXP2,"exp2_table",2,3,"1:3|2:4|3:2|4:1"
"exp2_target_object","实验二当前目标模型_右脸","Exp2_003_exp2_target_object_0360","video_relative_to_recording_start",rectangle,1157,317,1919,905,,,,"A017_2","Exp2_003","E3_SPATIAL_NONPROGRESSIVE",loading,,,,,1,TRUE,8950.000,9000.000,462.067749,462.117737,1920,1046,"ObjectSlot3",1,1,"video_relative_to_screen_recording_start",36.078785,425988.938,426038.938,1,36.078785,"1781266396475","../../../../../../Project/UE5/Gallery/Saved/ScreenRecordings/A017_2_20260612_201316_screen.mkv",425988.938,426038.938,426013.938,"1781266822463","1781266822513","2026-06-12T20:20:22.462+08:00","2026-06-12T20:20:22.512+08:00",453.117737,EXP2,"exp2_target",2,3,"1:3|2:4|3:2|4:1"
"exp2_table_objects","实验二桌面四模型总体区域","Exp2_003_exp2_table_objects_0361","video_relative_to_recording_start",rectangle,174,241,1919,1045,,,,"A017_2","Exp2_003","E3_SPATIAL_NONPROGRESSIVE",loading,,,,,1,TRUE,9000.000,9050.000,462.117737,462.167725,1920,1046,"ObjectSlot1-4",1,1,"video_relative_to_screen_recording_start",36.078785,426038.938,426088.938,1,36.078785,"1781266396475","../../../../../../Project/UE5/Gallery/Saved/ScreenRecordings/A017_2_20260612_201316_screen.mkv",426038.938,426088.938,426063.938,"1781266822513","1781266822563","2026-06-12T20:20:22.512+08:00","2026-06-12T20:20:22.562+08:00",453.117737,EXP2,"exp2_table",2,3,"1:3|2:4|3:2|4:1"
"exp2_target_object","实验二当前目标模型_右脸","Exp2_003_exp2_target_object_0362","video_relative_to_recording_start",rectangle,1157,317,1919,905,,,,"A017_2","Exp2_003","E3_SPATIAL_NONPROGRESSIVE",loading,,,,,1,TRUE,9000.000,9050.000,462.117737,462.167725,1920,1046,"ObjectSlot3",1,1,"video_relative_to_screen_recording_start",36.078785,426038.938,426088.938,1,36.078785,"1781266396475","../../../../../../Project/UE5/Gallery/Saved/ScreenRecordings/A017_2_20260612_201316_screen.mkv",426038.938,426088.938,426063.938,"1781266822513","1781266822563","2026-06-12T20:20:22.512+08:00","2026-06-12T20:20:22.562+08:00",453.117737,EXP2,"exp2_target",2,3,"1:3|2:4|3:2|4:1"
"exp2_table_objects","实验二桌面四模型总体区域","Exp2_003_exp2_table_objects_0363","video_relative_to_recording_start",rectangle,174,241,1919,1045,,,,"A017_2","Exp2_003","E3_SPATIAL_NONPROGRESSIVE",loading,,,,,1,TRUE,9050.000,9100.000,462.167725,462.217743,1920,1046,"ObjectSlot1-4",1,1,"video_relative_to_screen_recording_start",36.078785,426088.938,426138.938,1,36.078785,"1781266396475","../../../../../../Project/UE5/Gallery/Saved/ScreenRecordings/A017_2_20260612_201316_screen.mkv",426088.938,426138.938,426113.938,"1781266822563","1781266822613","2026-06-12T20:20:22.562+08:00","2026-06-12T20:20:22.612+08:00",453.117737,EXP2,"exp2_table",2,3,"1:3|2:4|3:2|4:1"
"exp2_target_object","实验二当前目标模型_右脸","Exp2_003_exp2_target_object_0364","video_relative_to_recording_start",rectangle,1157,317,1919,905,,,,"A017_2","Exp2_003","E3_SPATIAL_NONPROGRESSIVE",loading,,,,,1,TRUE,9050.000,9100.000,462.167725,462.217743,1920,1046,"ObjectSlot3",1,1,"video_relative_to_screen_recording_start",36.078785,426088.938,426138.938,1,36.078785,"1781266396475","../../../../../../Project/UE5/Gallery/Saved/ScreenRecordings/A017_2_20260612_201316_screen.mkv",426088.938,426138.938,426113.938,"1781266822563","1781266822613","2026-06-12T20:20:22.562+08:00","2026-06-12T20:20:22.612+08:00",453.117737,EXP2,"exp2_target",2,3,"1:3|2:4|3:2|4:1"
"exp2_table_objects","实验二桌面四模型总体区域","Exp2_003_exp2_table_objects_0365","video_relative_to_recording_start",rectangle,174,241,1919,1045,,,,"A017_2","Exp2_003","E3_SPATIAL_NONPROGRESSIVE",loading,,,,,1,TRUE,9100.000,9150.000,462.217743,462.267731,1920,1046,"ObjectSlot1-4",1,1,"video_relative_to_screen_recording_start",36.078785,426138.938,426188.938,1,36.078785,"1781266396475","../../../../../../Project/UE5/Gallery/Saved/ScreenRecordings/A017_2_20260612_201316_screen.mkv",426138.938,426188.938,426163.938,"1781266822613","1781266822663","2026-06-12T20:20:22.612+08:00","2026-06-12T20:20:22.662+08:00",453.117737,EXP2,"exp2_table",2,3,"1:3|2:4|3:2|4:1"
"exp2_target_object","实验二当前目标模型_右脸","Exp2_003_exp2_target_object_0366","video_relative_to_recording_start",rectangle,1157,317,1919,905,,,,"A017_2","Exp2_003","E3_SPATIAL_NONPROGRESSIVE",loading,,,,,1,TRUE,9100.000,9150.000,462.217743,462.267731,1920,1046,"ObjectSlot3",1,1,"video_relative_to_screen_recording_start",36.078785,426138.938,426188.938,1,36.078785,"1781266396475","../../../../../../Project/UE5/Gallery/Saved/ScreenRecordings/A017_2_20260612_201316_screen.mkv",426138.938,426188.938,426163.938,"1781266822613","1781266822663","2026-06-12T20:20:22.612+08:00","2026-06-12T20:20:22.662+08:00",453.117737,EXP2,"exp2_target",2,3,"1:3|2:4|3:2|4:1"
"exp2_table_objects","实验二桌面四模型总体区域","Exp2_003_exp2_table_objects_0367","video_relative_to_recording_start",rectangle,174,241,1919,1045,,,,"A017_2","Exp2_003","E3_SPATIAL_NONPROGRESSIVE",loading,,,,,1,TRUE,9150.000,9200.000,462.267731,462.317749,1920,1046,"ObjectSlot1-4",1,1,"video_relative_to_screen_recording_start",36.078785,426188.938,426238.938,1,36.078785,"1781266396475","../../../../../../Project/UE5/Gallery/Saved/ScreenRecordings/A017_2_20260612_201316_screen.mkv",426188.938,426238.938,426213.938,"1781266822663","1781266822713","2026-06-12T20:20:22.662+08:00","2026-06-12T20:20:22.712+08:00",453.117737,EXP2,"exp2_table",2,3,"1:3|2:4|3:2|4:1"
"exp2_target_object","实验二当前目标模型_右脸","Exp2_003_exp2_target_object_0368","video_relative_to_recording_start",rectangle,1157,317,1919,905,,,,"A017_2","Exp2_003","E3_SPATIAL_NONPROGRESSIVE",loading,,,,,1,TRUE,9150.000,9200.000,462.267731,462.317749,1920,1046,"ObjectSlot3",1,1,"video_relative_to_screen_recording_start",36.078785,426188.938,426238.938,1,36.078785,"1781266396475","../../../../../../Project/UE5/Gallery/Saved/ScreenRecordings/A017_2_20260612_201316_screen.mkv",426188.938,426238.938,426213.938,"1781266822663","1781266822713","2026-06-12T20:20:22.662+08:00","2026-06-12T20:20:22.712+08:00",453.117737,EXP2,"exp2_target",2,3,"1:3|2:4|3:2|4:1"
"exp2_table_objects","实验二桌面四模型总体区域","Exp2_003_exp2_table_objects_0369","video_relative_to_recording_start",rectangle,174,241,1919,1045,,,,"A017_2","Exp2_003","E3_SPATIAL_NONPROGRESSIVE",loading,,,,,1,TRUE,9200.000,9250.000,462.317749,462.367737,1920,1046,"ObjectSlot1-4",1,1,"video_relative_to_screen_recording_start",36.078785,426238.938,426288.938,1,36.078785,"1781266396475","../../../../../../Project/UE5/Gallery/Saved/ScreenRecordings/A017_2_20260612_201316_screen.mkv",426238.938,426288.938,426263.938,"1781266822713","1781266822763","2026-06-12T20:20:22.712+08:00","2026-06-12T20:20:22.762+08:00",453.117737,EXP2,"exp2_table",2,3,"1:3|2:4|3:2|4:1"
"exp2_target_object","实验二当前目标模型_右脸","Exp2_003_exp2_target_object_0370","video_relative_to_recording_start",rectangle,1157,317,1919,905,,,,"A017_2","Exp2_003","E3_SPATIAL_NONPROGRESSIVE",loading,,,,,1,TRUE,9200.000,9250.000,462.317749,462.367737,1920,1046,"ObjectSlot3",1,1,"video_relative_to_screen_recording_start",36.078785,426238.938,426288.938,1,36.078785,"1781266396475","../../../../../../Project/UE5/Gallery/Saved/ScreenRecordings/A017_2_20260612_201316_screen.mkv",426238.938,426288.938,426263.938,"1781266822713","1781266822763","2026-06-12T20:20:22.712+08:00","2026-06-12T20:20:22.762+08:00",453.117737,EXP2,"exp2_target",2,3,"1:3|2:4|3:2|4:1"
"exp2_table_objects","实验二桌面四模型总体区域","Exp2_003_exp2_table_objects_0371","video_relative_to_recording_start",rectangle,174,241,1919,1045,,,,"A017_2","Exp2_003","E3_SPATIAL_NONPROGRESSIVE",loading,,,,,1,TRUE,9250.000,9300.000,462.367737,462.417725,1920,1046,"ObjectSlot1-4",1,1,"video_relative_to_screen_recording_start",36.078785,426288.938,426338.938,1,36.078785,"1781266396475","../../../../../../Project/UE5/Gallery/Saved/ScreenRecordings/A017_2_20260612_201316_screen.mkv",426288.938,426338.938,426313.938,"1781266822763","1781266822813","2026-06-12T20:20:22.762+08:00","2026-06-12T20:20:22.812+08:00",453.117737,EXP2,"exp2_table",2,3,"1:3|2:4|3:2|4:1"
"exp2_target_object","实验二当前目标模型_右脸","Exp2_003_exp2_target_object_0372","video_relative_to_recording_start",rectangle,1157,317,1919,905,,,,"A017_2","Exp2_003","E3_SPATIAL_NONPROGRESSIVE",loading,,,,,1,TRUE,9250.000,9300.000,462.367737,462.417725,1920,1046,"ObjectSlot3",1,1,"video_relative_to_screen_recording_start",36.078785,426288.938,426338.938,1,36.078785,"1781266396475","../../../../../../Project/UE5/Gallery/Saved/ScreenRecordings/A017_2_20260612_201316_screen.mkv",426288.938,426338.938,426313.938,"1781266822763","1781266822813","2026-06-12T20:20:22.762+08:00","2026-06-12T20:20:22.812+08:00",453.117737,EXP2,"exp2_target",2,3,"1:3|2:4|3:2|4:1"
"exp2_table_objects","实验二桌面四模型总体区域","Exp2_003_exp2_table_objects_0373","video_relative_to_recording_start",rectangle,174,241,1919,1045,,,,"A017_2","Exp2_003","E3_SPATIAL_NONPROGRESSIVE",loading,,,,,1,TRUE,9300.000,9350.000,462.417725,462.467743,1920,1046,"ObjectSlot1-4",1,1,"video_relative_to_screen_recording_start",36.078785,426338.938,426388.938,1,36.078785,"1781266396475","../../../../../../Project/UE5/Gallery/Saved/ScreenRecordings/A017_2_20260612_201316_screen.mkv",426338.938,426388.938,426363.938,"1781266822813","1781266822863","2026-06-12T20:20:22.812+08:00","2026-06-12T20:20:22.862+08:00",453.117737,EXP2,"exp2_table",2,3,"1:3|2:4|3:2|4:1"
"exp2_target_object","实验二当前目标模型_右脸","Exp2_003_exp2_target_object_0374","video_relative_to_recording_start",rectangle,1157,317,1919,905,,,,"A017_2","Exp2_003","E3_SPATIAL_NONPROGRESSIVE",loading,,,,,1,TRUE,9300.000,9350.000,462.417725,462.467743,1920,1046,"ObjectSlot3",1,1,"video_relative_to_screen_recording_start",36.078785,426338.938,426388.938,1,36.078785,"1781266396475","../../../../../../Project/UE5/Gallery/Saved/ScreenRecordings/A017_2_20260612_201316_screen.mkv",426338.938,426388.938,426363.938,"1781266822813","1781266822863","2026-06-12T20:20:22.812+08:00","2026-06-12T20:20:22.862+08:00",453.117737,EXP2,"exp2_target",2,3,"1:3|2:4|3:2|4:1"
"exp2_table_objects","实验二桌面四模型总体区域","Exp2_003_exp2_table_objects_0375","video_relative_to_recording_start",rectangle,174,241,1919,1045,,,,"A017_2","Exp2_003","E3_SPATIAL_NONPROGRESSIVE",loading,,,,,1,TRUE,9350.000,9400.000,462.467743,462.517731,1920,1046,"ObjectSlot1-4",1,1,"video_relative_to_screen_recording_start",36.078785,426388.938,426438.938,1,36.078785,"1781266396475","../../../../../../Project/UE5/Gallery/Saved/ScreenRecordings/A017_2_20260612_201316_screen.mkv",426388.938,426438.938,426413.938,"1781266822863","1781266822913","2026-06-12T20:20:22.862+08:00","2026-06-12T20:20:22.912+08:00",453.117737,EXP2,"exp2_table",2,3,"1:3|2:4|3:2|4:1"
"exp2_target_object","实验二当前目标模型_右脸","Exp2_003_exp2_target_object_0376","video_relative_to_recording_start",rectangle,1157,317,1919,905,,,,"A017_2","Exp2_003","E3_SPATIAL_NONPROGRESSIVE",loading,,,,,1,TRUE,9350.000,9400.000,462.467743,462.517731,1920,1046,"ObjectSlot3",1,1,"video_relative_to_screen_recording_start",36.078785,426388.938,426438.938,1,36.078785,"1781266396475","../../../../../../Project/UE5/Gallery/Saved/ScreenRecordings/A017_2_20260612_201316_screen.mkv",426388.938,426438.938,426413.938,"1781266822863","1781266822913","2026-06-12T20:20:22.862+08:00","2026-06-12T20:20:22.912+08:00",453.117737,EXP2,"exp2_target",2,3,"1:3|2:4|3:2|4:1"
"exp2_table_objects","实验二桌面四模型总体区域","Exp2_003_exp2_table_objects_0377","video_relative_to_recording_start",rectangle,174,241,1919,1045,,,,"A017_2","Exp2_003","E3_SPATIAL_NONPROGRESSIVE",loading,,,,,1,TRUE,9400.000,9450.000,462.517731,462.567749,1920,1046,"ObjectSlot1-4",1,1,"video_relative_to_screen_recording_start",36.078785,426438.938,426488.938,1,36.078785,"1781266396475","../../../../../../Project/UE5/Gallery/Saved/ScreenRecordings/A017_2_20260612_201316_screen.mkv",426438.938,426488.938,426463.938,"1781266822913","1781266822963","2026-06-12T20:20:22.912+08:00","2026-06-12T20:20:22.962+08:00",453.117737,EXP2,"exp2_table",2,3,"1:3|2:4|3:2|4:1"
"exp2_target_object","实验二当前目标模型_右脸","Exp2_003_exp2_target_object_0378","video_relative_to_recording_start",rectangle,1157,317,1919,905,,,,"A017_2","Exp2_003","E3_SPATIAL_NONPROGRESSIVE",loading,,,,,1,TRUE,9400.000,9450.000,462.517731,462.567749,1920,1046,"ObjectSlot3",1,1,"video_relative_to_screen_recording_start",36.078785,426438.938,426488.938,1,36.078785,"1781266396475","../../../../../../Project/UE5/Gallery/Saved/ScreenRecordings/A017_2_20260612_201316_screen.mkv",426438.938,426488.938,426463.938,"1781266822913","1781266822963","2026-06-12T20:20:22.912+08:00","2026-06-12T20:20:22.962+08:00",453.117737,EXP2,"exp2_target",2,3,"1:3|2:4|3:2|4:1"
"exp2_table_objects","实验二桌面四模型总体区域","Exp2_003_exp2_table_objects_0379","video_relative_to_recording_start",rectangle,174,241,1919,1045,,,,"A017_2","Exp2_003","E3_SPATIAL_NONPROGRESSIVE",loading,,,,,1,TRUE,9450.000,9500.000,462.567749,462.617737,1920,1046,"ObjectSlot1-4",1,1,"video_relative_to_screen_recording_start",36.078785,426488.938,426538.938,1,36.078785,"1781266396475","../../../../../../Project/UE5/Gallery/Saved/ScreenRecordings/A017_2_20260612_201316_screen.mkv",426488.938,426538.938,426513.938,"1781266822963","1781266823013","2026-06-12T20:20:22.962+08:00","2026-06-12T20:20:23.012+08:00",453.117737,EXP2,"exp2_table",2,3,"1:3|2:4|3:2|4:1"
"exp2_target_object","实验二当前目标模型_右脸","Exp2_003_exp2_target_object_0380","video_relative_to_recording_start",rectangle,1157,317,1919,905,,,,"A017_2","Exp2_003","E3_SPATIAL_NONPROGRESSIVE",loading,,,,,1,TRUE,9450.000,9500.000,462.567749,462.617737,1920,1046,"ObjectSlot3",1,1,"video_relative_to_screen_recording_start",36.078785,426488.938,426538.938,1,36.078785,"1781266396475","../../../../../../Project/UE5/Gallery/Saved/ScreenRecordings/A017_2_20260612_201316_screen.mkv",426488.938,426538.938,426513.938,"1781266822963","1781266823013","2026-06-12T20:20:22.962+08:00","2026-06-12T20:20:23.012+08:00",453.117737,EXP2,"exp2_target",2,3,"1:3|2:4|3:2|4:1"
"exp2_table_objects","实验二桌面四模型总体区域","Exp2_003_exp2_table_objects_0381","video_relative_to_recording_start",rectangle,174,241,1919,1045,,,,"A017_2","Exp2_003","E3_SPATIAL_NONPROGRESSIVE",loading,,,,,1,TRUE,9500.000,9550.000,462.617737,462.667725,1920,1046,"ObjectSlot1-4",1,1,"video_relative_to_screen_recording_start",36.078785,426538.938,426588.938,1,36.078785,"1781266396475","../../../../../../Project/UE5/Gallery/Saved/ScreenRecordings/A017_2_20260612_201316_screen.mkv",426538.938,426588.938,426563.938,"1781266823013","1781266823063","2026-06-12T20:20:23.012+08:00","2026-06-12T20:20:23.062+08:00",453.117737,EXP2,"exp2_table",2,3,"1:3|2:4|3:2|4:1"
"exp2_target_object","实验二当前目标模型_右脸","Exp2_003_exp2_target_object_0382","video_relative_to_recording_start",rectangle,1157,317,1919,905,,,,"A017_2","Exp2_003","E3_SPATIAL_NONPROGRESSIVE",loading,,,,,1,TRUE,9500.000,9550.000,462.617737,462.667725,1920,1046,"ObjectSlot3",1,1,"video_relative_to_screen_recording_start",36.078785,426538.938,426588.938,1,36.078785,"1781266396475","../../../../../../Project/UE5/Gallery/Saved/ScreenRecordings/A017_2_20260612_201316_screen.mkv",426538.938,426588.938,426563.938,"1781266823013","1781266823063","2026-06-12T20:20:23.012+08:00","2026-06-12T20:20:23.062+08:00",453.117737,EXP2,"exp2_target",2,3,"1:3|2:4|3:2|4:1"
"exp2_table_objects","实验二桌面四模型总体区域","Exp2_003_exp2_table_objects_0383","video_relative_to_recording_start",rectangle,174,241,1919,1045,,,,"A017_2","Exp2_003","E3_SPATIAL_NONPROGRESSIVE",loading,,,,,1,TRUE,9550.000,9600.000,462.667725,462.717743,1920,1046,"ObjectSlot1-4",1,1,"video_relative_to_screen_recording_start",36.078785,426588.938,426638.938,1,36.078785,"1781266396475","../../../../../../Project/UE5/Gallery/Saved/ScreenRecordings/A017_2_20260612_201316_screen.mkv",426588.938,426638.938,426613.938,"1781266823063","1781266823113","2026-06-12T20:20:23.062+08:00","2026-06-12T20:20:23.112+08:00",453.117737,EXP2,"exp2_table",2,3,"1:3|2:4|3:2|4:1"
"exp2_target_object","实验二当前目标模型_右脸","Exp2_003_exp2_target_object_0384","video_relative_to_recording_start",rectangle,1157,317,1919,905,,,,"A017_2","Exp2_003","E3_SPATIAL_NONPROGRESSIVE",loading,,,,,1,TRUE,9550.000,9600.000,462.667725,462.717743,1920,1046,"ObjectSlot3",1,1,"video_relative_to_screen_recording_start",36.078785,426588.938,426638.938,1,36.078785,"1781266396475","../../../../../../Project/UE5/Gallery/Saved/ScreenRecordings/A017_2_20260612_201316_screen.mkv",426588.938,426638.938,426613.938,"1781266823063","1781266823113","2026-06-12T20:20:23.062+08:00","2026-06-12T20:20:23.112+08:00",453.117737,EXP2,"exp2_target",2,3,"1:3|2:4|3:2|4:1"
"exp2_table_objects","实验二桌面四模型总体区域","Exp2_003_exp2_table_objects_0385","video_relative_to_recording_start",rectangle,174,241,1919,1045,,,,"A017_2","Exp2_003","E3_SPATIAL_NONPROGRESSIVE",loading,,,,,1,TRUE,9600.000,9650.000,462.717743,462.767731,1920,1046,"ObjectSlot1-4",1,1,"video_relative_to_screen_recording_start",36.078785,426638.938,426688.938,1,36.078785,"1781266396475","../../../../../../Project/UE5/Gallery/Saved/ScreenRecordings/A017_2_20260612_201316_screen.mkv",426638.938,426688.938,426663.938,"1781266823113","1781266823163","2026-06-12T20:20:23.112+08:00","2026-06-12T20:20:23.162+08:00",453.117737,EXP2,"exp2_table",2,3,"1:3|2:4|3:2|4:1"
"exp2_target_object","实验二当前目标模型_右脸","Exp2_003_exp2_target_object_0386","video_relative_to_recording_start",rectangle,1157,317,1919,905,,,,"A017_2","Exp2_003","E3_SPATIAL_NONPROGRESSIVE",loading,,,,,1,TRUE,9600.000,9650.000,462.717743,462.767731,1920,1046,"ObjectSlot3",1,1,"video_relative_to_screen_recording_start",36.078785,426638.938,426688.938,1,36.078785,"1781266396475","../../../../../../Project/UE5/Gallery/Saved/ScreenRecordings/A017_2_20260612_201316_screen.mkv",426638.938,426688.938,426663.938,"1781266823113","1781266823163","2026-06-12T20:20:23.112+08:00","2026-06-12T20:20:23.162+08:00",453.117737,EXP2,"exp2_target",2,3,"1:3|2:4|3:2|4:1"
"exp2_table_objects","实验二桌面四模型总体区域","Exp2_003_exp2_table_objects_0387","video_relative_to_recording_start",rectangle,174,241,1919,1045,,,,"A017_2","Exp2_003","E3_SPATIAL_NONPROGRESSIVE",loading,,,,,1,TRUE,9650.000,9700.000,462.767731,462.817749,1920,1046,"ObjectSlot1-4",1,1,"video_relative_to_screen_recording_start",36.078785,426688.938,426738.938,1,36.078785,"1781266396475","../../../../../../Project/UE5/Gallery/Saved/ScreenRecordings/A017_2_20260612_201316_screen.mkv",426688.938,426738.938,426713.938,"1781266823163","1781266823213","2026-06-12T20:20:23.162+08:00","2026-06-12T20:20:23.212+08:00",453.117737,EXP2,"exp2_table",2,3,"1:3|2:4|3:2|4:1"
"exp2_target_object","实验二当前目标模型_右脸","Exp2_003_exp2_target_object_0388","video_relative_to_recording_start",rectangle,1157,317,1919,905,,,,"A017_2","Exp2_003","E3_SPATIAL_NONPROGRESSIVE",loading,,,,,1,TRUE,9650.000,9700.000,462.767731,462.817749,1920,1046,"ObjectSlot3",1,1,"video_relative_to_screen_recording_start",36.078785,426688.938,426738.938,1,36.078785,"1781266396475","../../../../../../Project/UE5/Gallery/Saved/ScreenRecordings/A017_2_20260612_201316_screen.mkv",426688.938,426738.938,426713.938,"1781266823163","1781266823213","2026-06-12T20:20:23.162+08:00","2026-06-12T20:20:23.212+08:00",453.117737,EXP2,"exp2_target",2,3,"1:3|2:4|3:2|4:1"
"exp2_table_objects","实验二桌面四模型总体区域","Exp2_003_exp2_table_objects_0389","video_relative_to_recording_start",rectangle,174,241,1919,1045,,,,"A017_2","Exp2_003","E3_SPATIAL_NONPROGRESSIVE",loading,,,,,1,TRUE,9700.000,9750.000,462.817749,462.867737,1920,1046,"ObjectSlot1-4",1,1,"video_relative_to_screen_recording_start",36.078785,426738.938,426788.938,1,36.078785,"1781266396475","../../../../../../Project/UE5/Gallery/Saved/ScreenRecordings/A017_2_20260612_201316_screen.mkv",426738.938,426788.938,426763.938,"1781266823213","1781266823263","2026-06-12T20:20:23.212+08:00","2026-06-12T20:20:23.262+08:00",453.117737,EXP2,"exp2_table",2,3,"1:3|2:4|3:2|4:1"
"exp2_target_object","实验二当前目标模型_右脸","Exp2_003_exp2_target_object_0390","video_relative_to_recording_start",rectangle,1157,317,1919,905,,,,"A017_2","Exp2_003","E3_SPATIAL_NONPROGRESSIVE",loading,,,,,1,TRUE,9700.000,9750.000,462.817749,462.867737,1920,1046,"ObjectSlot3",1,1,"video_relative_to_screen_recording_start",36.078785,426738.938,426788.938,1,36.078785,"1781266396475","../../../../../../Project/UE5/Gallery/Saved/ScreenRecordings/A017_2_20260612_201316_screen.mkv",426738.938,426788.938,426763.938,"1781266823213","1781266823263","2026-06-12T20:20:23.212+08:00","2026-06-12T20:20:23.262+08:00",453.117737,EXP2,"exp2_target",2,3,"1:3|2:4|3:2|4:1"
"exp2_table_objects","实验二桌面四模型总体区域","Exp2_003_exp2_table_objects_0391","video_relative_to_recording_start",rectangle,174,241,1919,1045,,,,"A017_2","Exp2_003","E3_SPATIAL_NONPROGRESSIVE",loading,,,,,1,TRUE,9750.000,9800.000,462.867737,462.917725,1920,1046,"ObjectSlot1-4",1,1,"video_relative_to_screen_recording_start",36.078785,426788.938,426838.938,1,36.078785,"1781266396475","../../../../../../Project/UE5/Gallery/Saved/ScreenRecordings/A017_2_20260612_201316_screen.mkv",426788.938,426838.938,426813.938,"1781266823263","1781266823313","2026-06-12T20:20:23.262+08:00","2026-06-12T20:20:23.312+08:00",453.117737,EXP2,"exp2_table",2,3,"1:3|2:4|3:2|4:1"
"exp2_target_object","实验二当前目标模型_右脸","Exp2_003_exp2_target_object_0392","video_relative_to_recording_start",rectangle,1157,317,1919,905,,,,"A017_2","Exp2_003","E3_SPATIAL_NONPROGRESSIVE",loading,,,,,1,TRUE,9750.000,9800.000,462.867737,462.917725,1920,1046,"ObjectSlot3",1,1,"video_relative_to_screen_recording_start",36.078785,426788.938,426838.938,1,36.078785,"1781266396475","../../../../../../Project/UE5/Gallery/Saved/ScreenRecordings/A017_2_20260612_201316_screen.mkv",426788.938,426838.938,426813.938,"1781266823263","1781266823313","2026-06-12T20:20:23.262+08:00","2026-06-12T20:20:23.312+08:00",453.117737,EXP2,"exp2_target",2,3,"1:3|2:4|3:2|4:1"
"exp2_table_objects","实验二桌面四模型总体区域","Exp2_003_exp2_table_objects_0393","video_relative_to_recording_start",rectangle,174,241,1919,1045,,,,"A017_2","Exp2_003","E3_SPATIAL_NONPROGRESSIVE",loading,,,,,1,TRUE,9800.000,9850.000,462.917725,462.967743,1920,1046,"ObjectSlot1-4",1,1,"video_relative_to_screen_recording_start",36.078785,426838.938,426888.938,1,36.078785,"1781266396475","../../../../../../Project/UE5/Gallery/Saved/ScreenRecordings/A017_2_20260612_201316_screen.mkv",426838.938,426888.938,426863.938,"1781266823313","1781266823363","2026-06-12T20:20:23.312+08:00","2026-06-12T20:20:23.362+08:00",453.117737,EXP2,"exp2_table",2,3,"1:3|2:4|3:2|4:1"
"exp2_target_object","实验二当前目标模型_右脸","Exp2_003_exp2_target_object_0394","video_relative_to_recording_start",rectangle,1157,317,1919,905,,,,"A017_2","Exp2_003","E3_SPATIAL_NONPROGRESSIVE",loading,,,,,1,TRUE,9800.000,9850.000,462.917725,462.967743,1920,1046,"ObjectSlot3",1,1,"video_relative_to_screen_recording_start",36.078785,426838.938,426888.938,1,36.078785,"1781266396475","../../../../../../Project/UE5/Gallery/Saved/ScreenRecordings/A017_2_20260612_201316_screen.mkv",426838.938,426888.938,426863.938,"1781266823313","1781266823363","2026-06-12T20:20:23.312+08:00","2026-06-12T20:20:23.362+08:00",453.117737,EXP2,"exp2_target",2,3,"1:3|2:4|3:2|4:1"
"exp2_table_objects","实验二桌面四模型总体区域","Exp2_003_exp2_table_objects_0395","video_relative_to_recording_start",rectangle,174,241,1919,1045,,,,"A017_2","Exp2_003","E3_SPATIAL_NONPROGRESSIVE",loading,,,,,1,TRUE,9850.000,9900.000,462.967743,463.017731,1920,1046,"ObjectSlot1-4",1,1,"video_relative_to_screen_recording_start",36.078785,426888.938,426938.938,1,36.078785,"1781266396475","../../../../../../Project/UE5/Gallery/Saved/ScreenRecordings/A017_2_20260612_201316_screen.mkv",426888.938,426938.938,426913.938,"1781266823363","1781266823413","2026-06-12T20:20:23.362+08:00","2026-06-12T20:20:23.412+08:00",453.117737,EXP2,"exp2_table",2,3,"1:3|2:4|3:2|4:1"
"exp2_target_object","实验二当前目标模型_右脸","Exp2_003_exp2_target_object_0396","video_relative_to_recording_start",rectangle,1157,317,1919,905,,,,"A017_2","Exp2_003","E3_SPATIAL_NONPROGRESSIVE",loading,,,,,1,TRUE,9850.000,9900.000,462.967743,463.017731,1920,1046,"ObjectSlot3",1,1,"video_relative_to_screen_recording_start",36.078785,426888.938,426938.938,1,36.078785,"1781266396475","../../../../../../Project/UE5/Gallery/Saved/ScreenRecordings/A017_2_20260612_201316_screen.mkv",426888.938,426938.938,426913.938,"1781266823363","1781266823413","2026-06-12T20:20:23.362+08:00","2026-06-12T20:20:23.412+08:00",453.117737,EXP2,"exp2_target",2,3,"1:3|2:4|3:2|4:1"
"exp2_table_objects","实验二桌面四模型总体区域","Exp2_003_exp2_table_objects_0397","video_relative_to_recording_start",rectangle,174,241,1919,1045,,,,"A017_2","Exp2_003","E3_SPATIAL_NONPROGRESSIVE",loading,,,,,1,TRUE,9900.000,9950.000,463.017731,463.067749,1920,1046,"ObjectSlot1-4",1,1,"video_relative_to_screen_recording_start",36.078785,426938.938,426988.938,1,36.078785,"1781266396475","../../../../../../Project/UE5/Gallery/Saved/ScreenRecordings/A017_2_20260612_201316_screen.mkv",426938.938,426988.938,426963.938,"1781266823413","1781266823463","2026-06-12T20:20:23.412+08:00","2026-06-12T20:20:23.462+08:00",453.117737,EXP2,"exp2_table",2,3,"1:3|2:4|3:2|4:1"
"exp2_target_object","实验二当前目标模型_右脸","Exp2_003_exp2_target_object_0398","video_relative_to_recording_start",rectangle,1157,317,1919,905,,,,"A017_2","Exp2_003","E3_SPATIAL_NONPROGRESSIVE",loading,,,,,1,TRUE,9900.000,9950.000,463.017731,463.067749,1920,1046,"ObjectSlot3",1,1,"video_relative_to_screen_recording_start",36.078785,426938.938,426988.938,1,36.078785,"1781266396475","../../../../../../Project/UE5/Gallery/Saved/ScreenRecordings/A017_2_20260612_201316_screen.mkv",426938.938,426988.938,426963.938,"1781266823413","1781266823463","2026-06-12T20:20:23.412+08:00","2026-06-12T20:20:23.462+08:00",453.117737,EXP2,"exp2_target",2,3,"1:3|2:4|3:2|4:1"
"exp2_table_objects","实验二桌面四模型总体区域","Exp2_003_exp2_table_objects_0399","video_relative_to_recording_start",rectangle,174,241,1919,1045,,,,"A017_2","Exp2_003","E3_SPATIAL_NONPROGRESSIVE",loading,,,,,1,TRUE,9950.000,10000.000,463.067749,463.117737,1920,1046,"ObjectSlot1-4",1,1,"video_relative_to_screen_recording_start",36.078785,426988.938,427038.938,1,36.078785,"1781266396475","../../../../../../Project/UE5/Gallery/Saved/ScreenRecordings/A017_2_20260612_201316_screen.mkv",426988.938,427038.938,427013.938,"1781266823463","1781266823513","2026-06-12T20:20:23.462+08:00","2026-06-12T20:20:23.512+08:00",453.117737,EXP2,"exp2_table",2,3,"1:3|2:4|3:2|4:1"
"exp2_target_object","实验二当前目标模型_右脸","Exp2_003_exp2_target_object_0400","video_relative_to_recording_start",rectangle,1157,317,1919,905,,,,"A017_2","Exp2_003","E3_SPATIAL_NONPROGRESSIVE",loading,,,,,1,TRUE,9950.000,10000.000,463.067749,463.117737,1920,1046,"ObjectSlot3",1,1,"video_relative_to_screen_recording_start",36.078785,426988.938,427038.938,1,36.078785,"1781266396475","../../../../../../Project/UE5/Gallery/Saved/ScreenRecordings/A017_2_20260612_201316_screen.mkv",426988.938,427038.938,427013.938,"1781266823463","1781266823513","2026-06-12T20:20:23.462+08:00","2026-06-12T20:20:23.512+08:00",453.117737,EXP2,"exp2_target",2,3,"1:3|2:4|3:2|4:1"
"exp2_table_objects","实验二桌面四模型总体区域","Exp2_003_exp2_table_objects_0401","video_relative_to_recording_start",rectangle,174,241,1919,1045,,,,"A017_2","Exp2_003","E3_SPATIAL_NONPROGRESSIVE",loading,,,,,1,TRUE,10000.000,10050.000,463.117737,463.167725,1920,1046,"ObjectSlot1-4",1,1,"video_relative_to_screen_recording_start",36.078785,427038.938,427088.938,1,36.078785,"1781266396475","../../../../../../Project/UE5/Gallery/Saved/ScreenRecordings/A017_2_20260612_201316_screen.mkv",427038.938,427088.938,427063.938,"1781266823513","1781266823563","2026-06-12T20:20:23.512+08:00","2026-06-12T20:20:23.562+08:00",453.117737,EXP2,"exp2_table",2,3,"1:3|2:4|3:2|4:1"
"exp2_target_object","实验二当前目标模型_右脸","Exp2_003_exp2_target_object_0402","video_relative_to_recording_start",rectangle,1157,317,1919,905,,,,"A017_2","Exp2_003","E3_SPATIAL_NONPROGRESSIVE",loading,,,,,1,TRUE,10000.000,10050.000,463.117737,463.167725,1920,1046,"ObjectSlot3",1,1,"video_relative_to_screen_recording_start",36.078785,427038.938,427088.938,1,36.078785,"1781266396475","../../../../../../Project/UE5/Gallery/Saved/ScreenRecordings/A017_2_20260612_201316_screen.mkv",427038.938,427088.938,427063.938,"1781266823513","1781266823563","2026-06-12T20:20:23.512+08:00","2026-06-12T20:20:23.562+08:00",453.117737,EXP2,"exp2_target",2,3,"1:3|2:4|3:2|4:1"
"exp2_table_objects","实验二桌面四模型总体区域","Exp2_003_exp2_table_objects_0403","video_relative_to_recording_start",rectangle,174,241,1919,1045,,,,"A017_2","Exp2_003","E3_SPATIAL_NONPROGRESSIVE",loading,,,,,1,TRUE,10050.000,10100.000,463.167725,463.217743,1920,1046,"ObjectSlot1-4",1,1,"video_relative_to_screen_recording_start",36.078785,427088.938,427138.938,1,36.078785,"1781266396475","../../../../../../Project/UE5/Gallery/Saved/ScreenRecordings/A017_2_20260612_201316_screen.mkv",427088.938,427138.938,427113.938,"1781266823563","1781266823613","2026-06-12T20:20:23.562+08:00","2026-06-12T20:20:23.612+08:00",453.117737,EXP2,"exp2_table",2,3,"1:3|2:4|3:2|4:1"
"exp2_target_object","实验二当前目标模型_右脸","Exp2_003_exp2_target_object_0404","video_relative_to_recording_start",rectangle,1157,317,1919,905,,,,"A017_2","Exp2_003","E3_SPATIAL_NONPROGRESSIVE",loading,,,,,1,TRUE,10050.000,10100.000,463.167725,463.217743,1920,1046,"ObjectSlot3",1,1,"video_relative_to_screen_recording_start",36.078785,427088.938,427138.938,1,36.078785,"1781266396475","../../../../../../Project/UE5/Gallery/Saved/ScreenRecordings/A017_2_20260612_201316_screen.mkv",427088.938,427138.938,427113.938,"1781266823563","1781266823613","2026-06-12T20:20:23.562+08:00","2026-06-12T20:20:23.612+08:00",453.117737,EXP2,"exp2_target",2,3,"1:3|2:4|3:2|4:1"
"exp2_table_objects","实验二桌面四模型总体区域","Exp2_003_exp2_table_objects_0405","video_relative_to_recording_start",rectangle,174,241,1919,1045,,,,"A017_2","Exp2_003","E3_SPATIAL_NONPROGRESSIVE",loading,,,,,1,TRUE,10100.000,10150.000,463.217743,463.267731,1920,1046,"ObjectSlot1-4",1,1,"video_relative_to_screen_recording_start",36.078785,427138.938,427188.938,1,36.078785,"1781266396475","../../../../../../Project/UE5/Gallery/Saved/ScreenRecordings/A017_2_20260612_201316_screen.mkv",427138.938,427188.938,427163.938,"1781266823613","1781266823663","2026-06-12T20:20:23.612+08:00","2026-06-12T20:20:23.662+08:00",453.117737,EXP2,"exp2_table",2,3,"1:3|2:4|3:2|4:1"
"exp2_target_object","实验二当前目标模型_右脸","Exp2_003_exp2_target_object_0406","video_relative_to_recording_start",rectangle,1157,317,1919,905,,,,"A017_2","Exp2_003","E3_SPATIAL_NONPROGRESSIVE",loading,,,,,1,TRUE,10100.000,10150.000,463.217743,463.267731,1920,1046,"ObjectSlot3",1,1,"video_relative_to_screen_recording_start",36.078785,427138.938,427188.938,1,36.078785,"1781266396475","../../../../../../Project/UE5/Gallery/Saved/ScreenRecordings/A017_2_20260612_201316_screen.mkv",427138.938,427188.938,427163.938,"1781266823613","1781266823663","2026-06-12T20:20:23.612+08:00","2026-06-12T20:20:23.662+08:00",453.117737,EXP2,"exp2_target",2,3,"1:3|2:4|3:2|4:1"
"exp2_table_objects","实验二桌面四模型总体区域","Exp2_003_exp2_table_objects_0407","video_relative_to_recording_start",rectangle,174,241,1919,1045,,,,"A017_2","Exp2_003","E3_SPATIAL_NONPROGRESSIVE",loading,,,,,1,TRUE,10150.000,10200.000,463.267731,463.317749,1920,1046,"ObjectSlot1-4",1,1,"video_relative_to_screen_recording_start",36.078785,427188.938,427238.938,1,36.078785,"1781266396475","../../../../../../Project/UE5/Gallery/Saved/ScreenRecordings/A017_2_20260612_201316_screen.mkv",427188.938,427238.938,427213.938,"1781266823663","1781266823713","2026-06-12T20:20:23.662+08:00","2026-06-12T20:20:23.712+08:00",453.117737,EXP2,"exp2_table",2,3,"1:3|2:4|3:2|4:1"
"exp2_target_object","实验二当前目标模型_右脸","Exp2_003_exp2_target_object_0408","video_relative_to_recording_start",rectangle,1157,317,1919,905,,,,"A017_2","Exp2_003","E3_SPATIAL_NONPROGRESSIVE",loading,,,,,1,TRUE,10150.000,10200.000,463.267731,463.317749,1920,1046,"ObjectSlot3",1,1,"video_relative_to_screen_recording_start",36.078785,427188.938,427238.938,1,36.078785,"1781266396475","../../../../../../Project/UE5/Gallery/Saved/ScreenRecordings/A017_2_20260612_201316_screen.mkv",427188.938,427238.938,427213.938,"1781266823663","1781266823713","2026-06-12T20:20:23.662+08:00","2026-06-12T20:20:23.712+08:00",453.117737,EXP2,"exp2_target",2,3,"1:3|2:4|3:2|4:1"
"exp2_table_objects","实验二桌面四模型总体区域","Exp2_003_exp2_table_objects_0409","video_relative_to_recording_start",rectangle,174,241,1919,1045,,,,"A017_2","Exp2_003","E3_SPATIAL_NONPROGRESSIVE",loading,,,,,1,TRUE,10200.000,10250.000,463.317749,463.367737,1920,1046,"ObjectSlot1-4",1,1,"video_relative_to_screen_recording_start",36.078785,427238.938,427288.938,1,36.078785,"1781266396475","../../../../../../Project/UE5/Gallery/Saved/ScreenRecordings/A017_2_20260612_201316_screen.mkv",427238.938,427288.938,427263.938,"1781266823713","1781266823763","2026-06-12T20:20:23.712+08:00","2026-06-12T20:20:23.762+08:00",453.117737,EXP2,"exp2_table",2,3,"1:3|2:4|3:2|4:1"
"exp2_target_object","实验二当前目标模型_右脸","Exp2_003_exp2_target_object_0410","video_relative_to_recording_start",rectangle,1157,317,1919,905,,,,"A017_2","Exp2_003","E3_SPATIAL_NONPROGRESSIVE",loading,,,,,1,TRUE,10200.000,10250.000,463.317749,463.367737,1920,1046,"ObjectSlot3",1,1,"video_relative_to_screen_recording_start",36.078785,427238.938,427288.938,1,36.078785,"1781266396475","../../../../../../Project/UE5/Gallery/Saved/ScreenRecordings/A017_2_20260612_201316_screen.mkv",427238.938,427288.938,427263.938,"1781266823713","1781266823763","2026-06-12T20:20:23.712+08:00","2026-06-12T20:20:23.762+08:00",453.117737,EXP2,"exp2_target",2,3,"1:3|2:4|3:2|4:1"
"exp2_table_objects","实验二桌面四模型总体区域","Exp2_003_exp2_table_objects_0411","video_relative_to_recording_start",rectangle,174,241,1919,1045,,,,"A017_2","Exp2_003","E3_SPATIAL_NONPROGRESSIVE",loading,,,,,1,TRUE,10250.000,10300.000,463.367737,463.417725,1920,1046,"ObjectSlot1-4",1,1,"video_relative_to_screen_recording_start",36.078785,427288.938,427338.938,1,36.078785,"1781266396475","../../../../../../Project/UE5/Gallery/Saved/ScreenRecordings/A017_2_20260612_201316_screen.mkv",427288.938,427338.938,427313.938,"1781266823763","1781266823813","2026-06-12T20:20:23.762+08:00","2026-06-12T20:20:23.812+08:00",453.117737,EXP2,"exp2_table",2,3,"1:3|2:4|3:2|4:1"
"exp2_target_object","实验二当前目标模型_右脸","Exp2_003_exp2_target_object_0412","video_relative_to_recording_start",rectangle,1157,317,1919,905,,,,"A017_2","Exp2_003","E3_SPATIAL_NONPROGRESSIVE",loading,,,,,1,TRUE,10250.000,10300.000,463.367737,463.417725,1920,1046,"ObjectSlot3",1,1,"video_relative_to_screen_recording_start",36.078785,427288.938,427338.938,1,36.078785,"1781266396475","../../../../../../Project/UE5/Gallery/Saved/ScreenRecordings/A017_2_20260612_201316_screen.mkv",427288.938,427338.938,427313.938,"1781266823763","1781266823813","2026-06-12T20:20:23.762+08:00","2026-06-12T20:20:23.812+08:00",453.117737,EXP2,"exp2_target",2,3,"1:3|2:4|3:2|4:1"
"exp2_table_objects","实验二桌面四模型总体区域","Exp2_003_exp2_table_objects_0413","video_relative_to_recording_start",rectangle,174,241,1919,1045,,,,"A017_2","Exp2_003","E3_SPATIAL_NONPROGRESSIVE",loading,,,,,1,TRUE,10300.000,10350.000,463.417725,463.467743,1920,1046,"ObjectSlot1-4",1,1,"video_relative_to_screen_recording_start",36.078785,427338.938,427388.938,1,36.078785,"1781266396475","../../../../../../Project/UE5/Gallery/Saved/ScreenRecordings/A017_2_20260612_201316_screen.mkv",427338.938,427388.938,427363.938,"1781266823813","1781266823863","2026-06-12T20:20:23.812+08:00","2026-06-12T20:20:23.862+08:00",453.117737,EXP2,"exp2_table",2,3,"1:3|2:4|3:2|4:1"
"exp2_target_object","实验二当前目标模型_右脸","Exp2_003_exp2_target_object_0414","video_relative_to_recording_start",rectangle,1157,317,1919,905,,,,"A017_2","Exp2_003","E3_SPATIAL_NONPROGRESSIVE",loading,,,,,1,TRUE,10300.000,10350.000,463.417725,463.467743,1920,1046,"ObjectSlot3",1,1,"video_relative_to_screen_recording_start",36.078785,427338.938,427388.938,1,36.078785,"1781266396475","../../../../../../Project/UE5/Gallery/Saved/ScreenRecordings/A017_2_20260612_201316_screen.mkv",427338.938,427388.938,427363.938,"1781266823813","1781266823863","2026-06-12T20:20:23.812+08:00","2026-06-12T20:20:23.862+08:00",453.117737,EXP2,"exp2_target",2,3,"1:3|2:4|3:2|4:1"
"exp2_table_objects","实验二桌面四模型总体区域","Exp2_003_exp2_table_objects_0415","video_relative_to_recording_start",rectangle,174,241,1919,1045,,,,"A017_2","Exp2_003","E3_SPATIAL_NONPROGRESSIVE",loading,,,,,1,TRUE,10350.000,10400.000,463.467743,463.517731,1920,1046,"ObjectSlot1-4",1,1,"video_relative_to_screen_recording_start",36.078785,427388.938,427438.938,1,36.078785,"1781266396475","../../../../../../Project/UE5/Gallery/Saved/ScreenRecordings/A017_2_20260612_201316_screen.mkv",427388.938,427438.938,427413.938,"1781266823863","1781266823913","2026-06-12T20:20:23.862+08:00","2026-06-12T20:20:23.912+08:00",453.117737,EXP2,"exp2_table",2,3,"1:3|2:4|3:2|4:1"
"exp2_target_object","实验二当前目标模型_右脸","Exp2_003_exp2_target_object_0416","video_relative_to_recording_start",rectangle,1157,317,1919,905,,,,"A017_2","Exp2_003","E3_SPATIAL_NONPROGRESSIVE",loading,,,,,1,TRUE,10350.000,10400.000,463.467743,463.517731,1920,1046,"ObjectSlot3",1,1,"video_relative_to_screen_recording_start",36.078785,427388.938,427438.938,1,36.078785,"1781266396475","../../../../../../Project/UE5/Gallery/Saved/ScreenRecordings/A017_2_20260612_201316_screen.mkv",427388.938,427438.938,427413.938,"1781266823863","1781266823913","2026-06-12T20:20:23.862+08:00","2026-06-12T20:20:23.912+08:00",453.117737,EXP2,"exp2_target",2,3,"1:3|2:4|3:2|4:1"
"exp2_table_objects","实验二桌面四模型总体区域","Exp2_003_exp2_table_objects_0417","video_relative_to_recording_start",rectangle,174,241,1919,1045,,,,"A017_2","Exp2_003","E3_SPATIAL_NONPROGRESSIVE",loading,,,,,1,TRUE,10400.000,10450.000,463.517731,463.567749,1920,1046,"ObjectSlot1-4",1,1,"video_relative_to_screen_recording_start",36.078785,427438.938,427488.938,1,36.078785,"1781266396475","../../../../../../Project/UE5/Gallery/Saved/ScreenRecordings/A017_2_20260612_201316_screen.mkv",427438.938,427488.938,427463.938,"1781266823913","1781266823963","2026-06-12T20:20:23.912+08:00","2026-06-12T20:20:23.962+08:00",453.117737,EXP2,"exp2_table",2,3,"1:3|2:4|3:2|4:1"
"exp2_target_object","实验二当前目标模型_右脸","Exp2_003_exp2_target_object_0418","video_relative_to_recording_start",rectangle,1157,317,1919,905,,,,"A017_2","Exp2_003","E3_SPATIAL_NONPROGRESSIVE",loading,,,,,1,TRUE,10400.000,10450.000,463.517731,463.567749,1920,1046,"ObjectSlot3",1,1,"video_relative_to_screen_recording_start",36.078785,427438.938,427488.938,1,36.078785,"1781266396475","../../../../../../Project/UE5/Gallery/Saved/ScreenRecordings/A017_2_20260612_201316_screen.mkv",427438.938,427488.938,427463.938,"1781266823913","1781266823963","2026-06-12T20:20:23.912+08:00","2026-06-12T20:20:23.962+08:00",453.117737,EXP2,"exp2_target",2,3,"1:3|2:4|3:2|4:1"
"exp2_table_objects","实验二桌面四模型总体区域","Exp2_003_exp2_table_objects_0419","video_relative_to_recording_start",rectangle,174,241,1919,1045,,,,"A017_2","Exp2_003","E3_SPATIAL_NONPROGRESSIVE",loading,,,,,1,TRUE,10450.000,10500.000,463.567749,463.617737,1920,1046,"ObjectSlot1-4",1,1,"video_relative_to_screen_recording_start",36.078785,427488.938,427538.938,1,36.078785,"1781266396475","../../../../../../Project/UE5/Gallery/Saved/ScreenRecordings/A017_2_20260612_201316_screen.mkv",427488.938,427538.938,427513.938,"1781266823963","1781266824013","2026-06-12T20:20:23.962+08:00","2026-06-12T20:20:24.012+08:00",453.117737,EXP2,"exp2_table",2,3,"1:3|2:4|3:2|4:1"
"exp2_target_object","实验二当前目标模型_右脸","Exp2_003_exp2_target_object_0420","video_relative_to_recording_start",rectangle,1157,317,1919,905,,,,"A017_2","Exp2_003","E3_SPATIAL_NONPROGRESSIVE",loading,,,,,1,TRUE,10450.000,10500.000,463.567749,463.617737,1920,1046,"ObjectSlot3",1,1,"video_relative_to_screen_recording_start",36.078785,427488.938,427538.938,1,36.078785,"1781266396475","../../../../../../Project/UE5/Gallery/Saved/ScreenRecordings/A017_2_20260612_201316_screen.mkv",427488.938,427538.938,427513.938,"1781266823963","1781266824013","2026-06-12T20:20:23.962+08:00","2026-06-12T20:20:24.012+08:00",453.117737,EXP2,"exp2_target",2,3,"1:3|2:4|3:2|4:1"
"exp2_table_objects","实验二桌面四模型总体区域","Exp2_003_exp2_table_objects_0421","video_relative_to_recording_start",rectangle,174,241,1919,1045,,,,"A017_2","Exp2_003","E3_SPATIAL_NONPROGRESSIVE",loading,,,,,1,TRUE,10500.000,10550.000,463.617737,463.667725,1920,1046,"ObjectSlot1-4",1,1,"video_relative_to_screen_recording_start",36.078785,427538.938,427588.938,1,36.078785,"1781266396475","../../../../../../Project/UE5/Gallery/Saved/ScreenRecordings/A017_2_20260612_201316_screen.mkv",427538.938,427588.938,427563.938,"1781266824013","1781266824063","2026-06-12T20:20:24.012+08:00","2026-06-12T20:20:24.062+08:00",453.117737,EXP2,"exp2_table",2,3,"1:3|2:4|3:2|4:1"
"exp2_target_object","实验二当前目标模型_右脸","Exp2_003_exp2_target_object_0422","video_relative_to_recording_start",rectangle,1157,317,1919,905,,,,"A017_2","Exp2_003","E3_SPATIAL_NONPROGRESSIVE",loading,,,,,1,TRUE,10500.000,10550.000,463.617737,463.667725,1920,1046,"ObjectSlot3",1,1,"video_relative_to_screen_recording_start",36.078785,427538.938,427588.938,1,36.078785,"1781266396475","../../../../../../Project/UE5/Gallery/Saved/ScreenRecordings/A017_2_20260612_201316_screen.mkv",427538.938,427588.938,427563.938,"1781266824013","1781266824063","2026-06-12T20:20:24.012+08:00","2026-06-12T20:20:24.062+08:00",453.117737,EXP2,"exp2_target",2,3,"1:3|2:4|3:2|4:1"
"exp2_table_objects","实验二桌面四模型总体区域","Exp2_003_exp2_table_objects_0423","video_relative_to_recording_start",rectangle,174,241,1919,1045,,,,"A017_2","Exp2_003","E3_SPATIAL_NONPROGRESSIVE",loading,,,,,1,TRUE,10550.000,10600.000,463.667725,463.717743,1920,1046,"ObjectSlot1-4",1,1,"video_relative_to_screen_recording_start",36.078785,427588.938,427638.938,1,36.078785,"1781266396475","../../../../../../Project/UE5/Gallery/Saved/ScreenRecordings/A017_2_20260612_201316_screen.mkv",427588.938,427638.938,427613.938,"1781266824063","1781266824113","2026-06-12T20:20:24.062+08:00","2026-06-12T20:20:24.112+08:00",453.117737,EXP2,"exp2_table",2,3,"1:3|2:4|3:2|4:1"
"exp2_target_object","实验二当前目标模型_右脸","Exp2_003_exp2_target_object_0424","video_relative_to_recording_start",rectangle,1157,317,1919,905,,,,"A017_2","Exp2_003","E3_SPATIAL_NONPROGRESSIVE",loading,,,,,1,TRUE,10550.000,10600.000,463.667725,463.717743,1920,1046,"ObjectSlot3",1,1,"video_relative_to_screen_recording_start",36.078785,427588.938,427638.938,1,36.078785,"1781266396475","../../../../../../Project/UE5/Gallery/Saved/ScreenRecordings/A017_2_20260612_201316_screen.mkv",427588.938,427638.938,427613.938,"1781266824063","1781266824113","2026-06-12T20:20:24.062+08:00","2026-06-12T20:20:24.112+08:00",453.117737,EXP2,"exp2_target",2,3,"1:3|2:4|3:2|4:1"
"exp2_table_objects","实验二桌面四模型总体区域","Exp2_003_exp2_table_objects_0425","video_relative_to_recording_start",rectangle,174,241,1919,1045,,,,"A017_2","Exp2_003","E3_SPATIAL_NONPROGRESSIVE",loading,,,,,1,TRUE,10600.000,10650.000,463.717743,463.767731,1920,1046,"ObjectSlot1-4",1,1,"video_relative_to_screen_recording_start",36.078785,427638.938,427688.938,1,36.078785,"1781266396475","../../../../../../Project/UE5/Gallery/Saved/ScreenRecordings/A017_2_20260612_201316_screen.mkv",427638.938,427688.938,427663.938,"1781266824113","1781266824163","2026-06-12T20:20:24.112+08:00","2026-06-12T20:20:24.162+08:00",453.117737,EXP2,"exp2_table",2,3,"1:3|2:4|3:2|4:1"
"exp2_target_object","实验二当前目标模型_右脸","Exp2_003_exp2_target_object_0426","video_relative_to_recording_start",rectangle,1157,317,1919,905,,,,"A017_2","Exp2_003","E3_SPATIAL_NONPROGRESSIVE",loading,,,,,1,TRUE,10600.000,10650.000,463.717743,463.767731,1920,1046,"ObjectSlot3",1,1,"video_relative_to_screen_recording_start",36.078785,427638.938,427688.938,1,36.078785,"1781266396475","../../../../../../Project/UE5/Gallery/Saved/ScreenRecordings/A017_2_20260612_201316_screen.mkv",427638.938,427688.938,427663.938,"1781266824113","1781266824163","2026-06-12T20:20:24.112+08:00","2026-06-12T20:20:24.162+08:00",453.117737,EXP2,"exp2_target",2,3,"1:3|2:4|3:2|4:1"
"exp2_table_objects","实验二桌面四模型总体区域","Exp2_003_exp2_table_objects_0427","video_relative_to_recording_start",rectangle,174,241,1919,1045,,,,"A017_2","Exp2_003","E3_SPATIAL_NONPROGRESSIVE",loading,,,,,1,TRUE,10650.000,10700.000,463.767731,463.817749,1920,1046,"ObjectSlot1-4",1,1,"video_relative_to_screen_recording_start",36.078785,427688.938,427738.938,1,36.078785,"1781266396475","../../../../../../Project/UE5/Gallery/Saved/ScreenRecordings/A017_2_20260612_201316_screen.mkv",427688.938,427738.938,427713.938,"1781266824163","1781266824213","2026-06-12T20:20:24.162+08:00","2026-06-12T20:20:24.212+08:00",453.117737,EXP2,"exp2_table",2,3,"1:3|2:4|3:2|4:1"
"exp2_target_object","实验二当前目标模型_右脸","Exp2_003_exp2_target_object_0428","video_relative_to_recording_start",rectangle,1157,317,1919,905,,,,"A017_2","Exp2_003","E3_SPATIAL_NONPROGRESSIVE",loading,,,,,1,TRUE,10650.000,10700.000,463.767731,463.817749,1920,1046,"ObjectSlot3",1,1,"video_relative_to_screen_recording_start",36.078785,427688.938,427738.938,1,36.078785,"1781266396475","../../../../../../Project/UE5/Gallery/Saved/ScreenRecordings/A017_2_20260612_201316_screen.mkv",427688.938,427738.938,427713.938,"1781266824163","1781266824213","2026-06-12T20:20:24.162+08:00","2026-06-12T20:20:24.212+08:00",453.117737,EXP2,"exp2_target",2,3,"1:3|2:4|3:2|4:1"
"exp2_table_objects","实验二桌面四模型总体区域","Exp2_003_exp2_table_objects_0429","video_relative_to_recording_start",rectangle,174,241,1919,1045,,,,"A017_2","Exp2_003","E3_SPATIAL_NONPROGRESSIVE",loading,,,,,1,TRUE,10700.000,10750.000,463.817749,463.867737,1920,1046,"ObjectSlot1-4",1,1,"video_relative_to_screen_recording_start",36.078785,427738.938,427788.938,1,36.078785,"1781266396475","../../../../../../Project/UE5/Gallery/Saved/ScreenRecordings/A017_2_20260612_201316_screen.mkv",427738.938,427788.938,427763.938,"1781266824213","1781266824263","2026-06-12T20:20:24.212+08:00","2026-06-12T20:20:24.262+08:00",453.117737,EXP2,"exp2_table",2,3,"1:3|2:4|3:2|4:1"
"exp2_target_object","实验二当前目标模型_右脸","Exp2_003_exp2_target_object_0430","video_relative_to_recording_start",rectangle,1157,317,1919,905,,,,"A017_2","Exp2_003","E3_SPATIAL_NONPROGRESSIVE",loading,,,,,1,TRUE,10700.000,10750.000,463.817749,463.867737,1920,1046,"ObjectSlot3",1,1,"video_relative_to_screen_recording_start",36.078785,427738.938,427788.938,1,36.078785,"1781266396475","../../../../../../Project/UE5/Gallery/Saved/ScreenRecordings/A017_2_20260612_201316_screen.mkv",427738.938,427788.938,427763.938,"1781266824213","1781266824263","2026-06-12T20:20:24.212+08:00","2026-06-12T20:20:24.262+08:00",453.117737,EXP2,"exp2_target",2,3,"1:3|2:4|3:2|4:1"
"exp2_table_objects","实验二桌面四模型总体区域","Exp2_003_exp2_table_objects_0431","video_relative_to_recording_start",rectangle,174,241,1919,1045,,,,"A017_2","Exp2_003","E3_SPATIAL_NONPROGRESSIVE",loading,,,,,1,TRUE,10750.000,10800.000,463.867737,463.917725,1920,1046,"ObjectSlot1-4",1,1,"video_relative_to_screen_recording_start",36.078785,427788.938,427838.938,1,36.078785,"1781266396475","../../../../../../Project/UE5/Gallery/Saved/ScreenRecordings/A017_2_20260612_201316_screen.mkv",427788.938,427838.938,427813.938,"1781266824263","1781266824313","2026-06-12T20:20:24.262+08:00","2026-06-12T20:20:24.312+08:00",453.117737,EXP2,"exp2_table",2,3,"1:3|2:4|3:2|4:1"
"exp2_target_object","实验二当前目标模型_右脸","Exp2_003_exp2_target_object_0432","video_relative_to_recording_start",rectangle,1157,317,1919,905,,,,"A017_2","Exp2_003","E3_SPATIAL_NONPROGRESSIVE",loading,,,,,1,TRUE,10750.000,10800.000,463.867737,463.917725,1920,1046,"ObjectSlot3",1,1,"video_relative_to_screen_recording_start",36.078785,427788.938,427838.938,1,36.078785,"1781266396475","../../../../../../Project/UE5/Gallery/Saved/ScreenRecordings/A017_2_20260612_201316_screen.mkv",427788.938,427838.938,427813.938,"1781266824263","1781266824313","2026-06-12T20:20:24.262+08:00","2026-06-12T20:20:24.312+08:00",453.117737,EXP2,"exp2_target",2,3,"1:3|2:4|3:2|4:1"
"exp2_table_objects","实验二桌面四模型总体区域","Exp2_003_exp2_table_objects_0433","video_relative_to_recording_start",rectangle,174,241,1919,1045,,,,"A017_2","Exp2_003","E3_SPATIAL_NONPROGRESSIVE",loading,,,,,1,TRUE,10800.000,10850.000,463.917725,463.967743,1920,1046,"ObjectSlot1-4",1,1,"video_relative_to_screen_recording_start",36.078785,427838.938,427888.938,1,36.078785,"1781266396475","../../../../../../Project/UE5/Gallery/Saved/ScreenRecordings/A017_2_20260612_201316_screen.mkv",427838.938,427888.938,427863.938,"1781266824313","1781266824363","2026-06-12T20:20:24.312+08:00","2026-06-12T20:20:24.362+08:00",453.117737,EXP2,"exp2_table",2,3,"1:3|2:4|3:2|4:1"
"exp2_target_object","实验二当前目标模型_右脸","Exp2_003_exp2_target_object_0434","video_relative_to_recording_start",rectangle,1157,317,1919,905,,,,"A017_2","Exp2_003","E3_SPATIAL_NONPROGRESSIVE",loading,,,,,1,TRUE,10800.000,10850.000,463.917725,463.967743,1920,1046,"ObjectSlot3",1,1,"video_relative_to_screen_recording_start",36.078785,427838.938,427888.938,1,36.078785,"1781266396475","../../../../../../Project/UE5/Gallery/Saved/ScreenRecordings/A017_2_20260612_201316_screen.mkv",427838.938,427888.938,427863.938,"1781266824313","1781266824363","2026-06-12T20:20:24.312+08:00","2026-06-12T20:20:24.362+08:00",453.117737,EXP2,"exp2_target",2,3,"1:3|2:4|3:2|4:1"
"exp2_table_objects","实验二桌面四模型总体区域","Exp2_003_exp2_table_objects_0435","video_relative_to_recording_start",rectangle,174,241,1919,1045,,,,"A017_2","Exp2_003","E3_SPATIAL_NONPROGRESSIVE",loading,,,,,1,TRUE,10850.000,10900.000,463.967743,464.017731,1920,1046,"ObjectSlot1-4",1,1,"video_relative_to_screen_recording_start",36.078785,427888.938,427938.938,1,36.078785,"1781266396475","../../../../../../Project/UE5/Gallery/Saved/ScreenRecordings/A017_2_20260612_201316_screen.mkv",427888.938,427938.938,427913.938,"1781266824363","1781266824413","2026-06-12T20:20:24.362+08:00","2026-06-12T20:20:24.412+08:00",453.117737,EXP2,"exp2_table",2,3,"1:3|2:4|3:2|4:1"
"exp2_target_object","实验二当前目标模型_右脸","Exp2_003_exp2_target_object_0436","video_relative_to_recording_start",rectangle,1157,317,1919,905,,,,"A017_2","Exp2_003","E3_SPATIAL_NONPROGRESSIVE",loading,,,,,1,TRUE,10850.000,10900.000,463.967743,464.017731,1920,1046,"ObjectSlot3",1,1,"video_relative_to_screen_recording_start",36.078785,427888.938,427938.938,1,36.078785,"1781266396475","../../../../../../Project/UE5/Gallery/Saved/ScreenRecordings/A017_2_20260612_201316_screen.mkv",427888.938,427938.938,427913.938,"1781266824363","1781266824413","2026-06-12T20:20:24.362+08:00","2026-06-12T20:20:24.412+08:00",453.117737,EXP2,"exp2_target",2,3,"1:3|2:4|3:2|4:1"
"exp2_table_objects","实验二桌面四模型总体区域","Exp2_003_exp2_table_objects_0437","video_relative_to_recording_start",rectangle,174,241,1919,1045,,,,"A017_2","Exp2_003","E3_SPATIAL_NONPROGRESSIVE",loading,,,,,1,TRUE,10900.000,10950.000,464.017731,464.067749,1920,1046,"ObjectSlot1-4",1,1,"video_relative_to_screen_recording_start",36.078785,427938.938,427988.938,1,36.078785,"1781266396475","../../../../../../Project/UE5/Gallery/Saved/ScreenRecordings/A017_2_20260612_201316_screen.mkv",427938.938,427988.938,427963.938,"1781266824413","1781266824463","2026-06-12T20:20:24.412+08:00","2026-06-12T20:20:24.462+08:00",453.117737,EXP2,"exp2_table",2,3,"1:3|2:4|3:2|4:1"
"exp2_target_object","实验二当前目标模型_右脸","Exp2_003_exp2_target_object_0438","video_relative_to_recording_start",rectangle,1157,317,1919,905,,,,"A017_2","Exp2_003","E3_SPATIAL_NONPROGRESSIVE",loading,,,,,1,TRUE,10900.000,10950.000,464.017731,464.067749,1920,1046,"ObjectSlot3",1,1,"video_relative_to_screen_recording_start",36.078785,427938.938,427988.938,1,36.078785,"1781266396475","../../../../../../Project/UE5/Gallery/Saved/ScreenRecordings/A017_2_20260612_201316_screen.mkv",427938.938,427988.938,427963.938,"1781266824413","1781266824463","2026-06-12T20:20:24.412+08:00","2026-06-12T20:20:24.462+08:00",453.117737,EXP2,"exp2_target",2,3,"1:3|2:4|3:2|4:1"
"exp2_table_objects","实验二桌面四模型总体区域","Exp2_003_exp2_table_objects_0439","video_relative_to_recording_start",rectangle,174,241,1919,1045,,,,"A017_2","Exp2_003","E3_SPATIAL_NONPROGRESSIVE",loading,,,,,1,TRUE,10950.000,11000.000,464.067749,464.117737,1920,1046,"ObjectSlot1-4",1,1,"video_relative_to_screen_recording_start",36.078785,427988.938,428038.938,1,36.078785,"1781266396475","../../../../../../Project/UE5/Gallery/Saved/ScreenRecordings/A017_2_20260612_201316_screen.mkv",427988.938,428038.938,428013.938,"1781266824463","1781266824513","2026-06-12T20:20:24.462+08:00","2026-06-12T20:20:24.512+08:00",453.117737,EXP2,"exp2_table",2,3,"1:3|2:4|3:2|4:1"
"exp2_target_object","实验二当前目标模型_右脸","Exp2_003_exp2_target_object_0440","video_relative_to_recording_start",rectangle,1157,317,1919,905,,,,"A017_2","Exp2_003","E3_SPATIAL_NONPROGRESSIVE",loading,,,,,1,TRUE,10950.000,11000.000,464.067749,464.117737,1920,1046,"ObjectSlot3",1,1,"video_relative_to_screen_recording_start",36.078785,427988.938,428038.938,1,36.078785,"1781266396475","../../../../../../Project/UE5/Gallery/Saved/ScreenRecordings/A017_2_20260612_201316_screen.mkv",427988.938,428038.938,428013.938,"1781266824463","1781266824513","2026-06-12T20:20:24.462+08:00","2026-06-12T20:20:24.512+08:00",453.117737,EXP2,"exp2_target",2,3,"1:3|2:4|3:2|4:1"
"exp2_table_objects","实验二桌面四模型总体区域","Exp2_003_exp2_table_objects_0441","video_relative_to_recording_start",rectangle,174,241,1919,1045,,,,"A017_2","Exp2_003","E3_SPATIAL_NONPROGRESSIVE",loading,,,,,1,TRUE,11000.000,11050.000,464.117737,464.167725,1920,1046,"ObjectSlot1-4",1,1,"video_relative_to_screen_recording_start",36.078785,428038.938,428088.938,1,36.078785,"1781266396475","../../../../../../Project/UE5/Gallery/Saved/ScreenRecordings/A017_2_20260612_201316_screen.mkv",428038.938,428088.938,428063.938,"1781266824513","1781266824563","2026-06-12T20:20:24.512+08:00","2026-06-12T20:20:24.562+08:00",453.117737,EXP2,"exp2_table",2,3,"1:3|2:4|3:2|4:1"
"exp2_target_object","实验二当前目标模型_右脸","Exp2_003_exp2_target_object_0442","video_relative_to_recording_start",rectangle,1157,317,1919,905,,,,"A017_2","Exp2_003","E3_SPATIAL_NONPROGRESSIVE",loading,,,,,1,TRUE,11000.000,11050.000,464.117737,464.167725,1920,1046,"ObjectSlot3",1,1,"video_relative_to_screen_recording_start",36.078785,428038.938,428088.938,1,36.078785,"1781266396475","../../../../../../Project/UE5/Gallery/Saved/ScreenRecordings/A017_2_20260612_201316_screen.mkv",428038.938,428088.938,428063.938,"1781266824513","1781266824563","2026-06-12T20:20:24.512+08:00","2026-06-12T20:20:24.562+08:00",453.117737,EXP2,"exp2_target",2,3,"1:3|2:4|3:2|4:1"
"exp2_table_objects","实验二桌面四模型总体区域","Exp2_003_exp2_table_objects_0443","video_relative_to_recording_start",rectangle,174,241,1919,1045,,,,"A017_2","Exp2_003","E3_SPATIAL_NONPROGRESSIVE",loading,,,,,1,TRUE,11050.000,11100.000,464.167725,464.217743,1920,1046,"ObjectSlot1-4",1,1,"video_relative_to_screen_recording_start",36.078785,428088.938,428138.938,1,36.078785,"1781266396475","../../../../../../Project/UE5/Gallery/Saved/ScreenRecordings/A017_2_20260612_201316_screen.mkv",428088.938,428138.938,428113.938,"1781266824563","1781266824613","2026-06-12T20:20:24.562+08:00","2026-06-12T20:20:24.612+08:00",453.117737,EXP2,"exp2_table",2,3,"1:3|2:4|3:2|4:1"
"exp2_target_object","实验二当前目标模型_右脸","Exp2_003_exp2_target_object_0444","video_relative_to_recording_start",rectangle,1157,317,1919,905,,,,"A017_2","Exp2_003","E3_SPATIAL_NONPROGRESSIVE",loading,,,,,1,TRUE,11050.000,11100.000,464.167725,464.217743,1920,1046,"ObjectSlot3",1,1,"video_relative_to_screen_recording_start",36.078785,428088.938,428138.938,1,36.078785,"1781266396475","../../../../../../Project/UE5/Gallery/Saved/ScreenRecordings/A017_2_20260612_201316_screen.mkv",428088.938,428138.938,428113.938,"1781266824563","1781266824613","2026-06-12T20:20:24.562+08:00","2026-06-12T20:20:24.612+08:00",453.117737,EXP2,"exp2_target",2,3,"1:3|2:4|3:2|4:1"
"exp2_table_objects","实验二桌面四模型总体区域","Exp2_003_exp2_table_objects_0445","video_relative_to_recording_start",rectangle,174,241,1919,1045,,,,"A017_2","Exp2_003","E3_SPATIAL_NONPROGRESSIVE",loading,,,,,1,TRUE,11100.000,11150.000,464.217743,464.267731,1920,1046,"ObjectSlot1-4",1,1,"video_relative_to_screen_recording_start",36.078785,428138.938,428188.938,1,36.078785,"1781266396475","../../../../../../Project/UE5/Gallery/Saved/ScreenRecordings/A017_2_20260612_201316_screen.mkv",428138.938,428188.938,428163.938,"1781266824613","1781266824663","2026-06-12T20:20:24.612+08:00","2026-06-12T20:20:24.662+08:00",453.117737,EXP2,"exp2_table",2,3,"1:3|2:4|3:2|4:1"
"exp2_target_object","实验二当前目标模型_右脸","Exp2_003_exp2_target_object_0446","video_relative_to_recording_start",rectangle,1157,317,1919,905,,,,"A017_2","Exp2_003","E3_SPATIAL_NONPROGRESSIVE",loading,,,,,1,TRUE,11100.000,11150.000,464.217743,464.267731,1920,1046,"ObjectSlot3",1,1,"video_relative_to_screen_recording_start",36.078785,428138.938,428188.938,1,36.078785,"1781266396475","../../../../../../Project/UE5/Gallery/Saved/ScreenRecordings/A017_2_20260612_201316_screen.mkv",428138.938,428188.938,428163.938,"1781266824613","1781266824663","2026-06-12T20:20:24.612+08:00","2026-06-12T20:20:24.662+08:00",453.117737,EXP2,"exp2_target",2,3,"1:3|2:4|3:2|4:1"
"exp2_table_objects","实验二桌面四模型总体区域","Exp2_003_exp2_table_objects_0447","video_relative_to_recording_start",rectangle,161,246,1919,1045,,,,"A017_2","Exp2_003","E3_SPATIAL_NONPROGRESSIVE",loading,,,,,1,TRUE,11150.000,11200.000,464.267731,464.317749,1920,1046,"ObjectSlot1-4",1,1,"video_relative_to_screen_recording_start",36.078785,428188.938,428238.938,1,36.078785,"1781266396475","../../../../../../Project/UE5/Gallery/Saved/ScreenRecordings/A017_2_20260612_201316_screen.mkv",428188.938,428238.938,428213.938,"1781266824663","1781266824713","2026-06-12T20:20:24.662+08:00","2026-06-12T20:20:24.712+08:00",453.117737,EXP2,"exp2_table",2,3,"1:3|2:4|3:2|4:1"
"exp2_target_object","实验二当前目标模型_右脸","Exp2_003_exp2_target_object_0448","video_relative_to_recording_start",rectangle,1147,323,1919,910,,,,"A017_2","Exp2_003","E3_SPATIAL_NONPROGRESSIVE",loading,,,,,1,TRUE,11150.000,11200.000,464.267731,464.317749,1920,1046,"ObjectSlot3",1,1,"video_relative_to_screen_recording_start",36.078785,428188.938,428238.938,1,36.078785,"1781266396475","../../../../../../Project/UE5/Gallery/Saved/ScreenRecordings/A017_2_20260612_201316_screen.mkv",428188.938,428238.938,428213.938,"1781266824663","1781266824713","2026-06-12T20:20:24.662+08:00","2026-06-12T20:20:24.712+08:00",453.117737,EXP2,"exp2_target",2,3,"1:3|2:4|3:2|4:1"
"exp2_table_objects","实验二桌面四模型总体区域","Exp2_003_exp2_table_objects_0449","video_relative_to_recording_start",rectangle,148,250,1919,1045,,,,"A017_2","Exp2_003","E3_SPATIAL_NONPROGRESSIVE",loading,,,,,1,TRUE,11200.000,11250.000,464.317749,464.367737,1920,1046,"ObjectSlot1-4",1,1,"video_relative_to_screen_recording_start",36.078785,428238.938,428288.938,1,36.078785,"1781266396475","../../../../../../Project/UE5/Gallery/Saved/ScreenRecordings/A017_2_20260612_201316_screen.mkv",428238.938,428288.938,428263.938,"1781266824713","1781266824763","2026-06-12T20:20:24.712+08:00","2026-06-12T20:20:24.762+08:00",453.117737,EXP2,"exp2_table",2,3,"1:3|2:4|3:2|4:1"
"exp2_target_object","实验二当前目标模型_右脸","Exp2_003_exp2_target_object_0450","video_relative_to_recording_start",rectangle,1138,329,1919,914,,,,"A017_2","Exp2_003","E3_SPATIAL_NONPROGRESSIVE",loading,,,,,1,TRUE,11200.000,11250.000,464.317749,464.367737,1920,1046,"ObjectSlot3",1,1,"video_relative_to_screen_recording_start",36.078785,428238.938,428288.938,1,36.078785,"1781266396475","../../../../../../Project/UE5/Gallery/Saved/ScreenRecordings/A017_2_20260612_201316_screen.mkv",428238.938,428288.938,428263.938,"1781266824713","1781266824763","2026-06-12T20:20:24.712+08:00","2026-06-12T20:20:24.762+08:00",453.117737,EXP2,"exp2_target",2,3,"1:3|2:4|3:2|4:1"
"exp2_table_objects","实验二桌面四模型总体区域","Exp2_003_exp2_table_objects_0451","video_relative_to_recording_start",rectangle,136,252,1919,1045,,,,"A017_2","Exp2_003","E3_SPATIAL_NONPROGRESSIVE",loading,,,,,1,TRUE,11250.000,11300.000,464.367737,464.417725,1920,1046,"ObjectSlot1-4",1,1,"video_relative_to_screen_recording_start",36.078785,428288.938,428338.938,1,36.078785,"1781266396475","../../../../../../Project/UE5/Gallery/Saved/ScreenRecordings/A017_2_20260612_201316_screen.mkv",428288.938,428338.938,428313.938,"1781266824763","1781266824813","2026-06-12T20:20:24.762+08:00","2026-06-12T20:20:24.812+08:00",453.117737,EXP2,"exp2_table",2,3,"1:3|2:4|3:2|4:1"
"exp2_target_object","实验二当前目标模型_右脸","Exp2_003_exp2_target_object_0452","video_relative_to_recording_start",rectangle,1129,333,1919,917,,,,"A017_2","Exp2_003","E3_SPATIAL_NONPROGRESSIVE",loading,,,,,1,TRUE,11250.000,11300.000,464.367737,464.417725,1920,1046,"ObjectSlot3",1,1,"video_relative_to_screen_recording_start",36.078785,428288.938,428338.938,1,36.078785,"1781266396475","../../../../../../Project/UE5/Gallery/Saved/ScreenRecordings/A017_2_20260612_201316_screen.mkv",428288.938,428338.938,428313.938,"1781266824763","1781266824813","2026-06-12T20:20:24.762+08:00","2026-06-12T20:20:24.812+08:00",453.117737,EXP2,"exp2_target",2,3,"1:3|2:4|3:2|4:1"
"exp2_table_objects","实验二桌面四模型总体区域","Exp2_003_exp2_table_objects_0453","video_relative_to_recording_start",rectangle,136,252,1919,1045,,,,"A017_2","Exp2_003","E3_SPATIAL_NONPROGRESSIVE",loading,,,,,1,TRUE,11300.000,11350.000,464.417725,464.467743,1920,1046,"ObjectSlot1-4",1,1,"video_relative_to_screen_recording_start",36.078785,428338.938,428388.938,1,36.078785,"1781266396475","../../../../../../Project/UE5/Gallery/Saved/ScreenRecordings/A017_2_20260612_201316_screen.mkv",428338.938,428388.938,428363.938,"1781266824813","1781266824863","2026-06-12T20:20:24.812+08:00","2026-06-12T20:20:24.862+08:00",453.117737,EXP2,"exp2_table",2,3,"1:3|2:4|3:2|4:1"
"exp2_target_object","实验二当前目标模型_右脸","Exp2_003_exp2_target_object_0454","video_relative_to_recording_start",rectangle,1129,333,1919,917,,,,"A017_2","Exp2_003","E3_SPATIAL_NONPROGRESSIVE",loading,,,,,1,TRUE,11300.000,11350.000,464.417725,464.467743,1920,1046,"ObjectSlot3",1,1,"video_relative_to_screen_recording_start",36.078785,428338.938,428388.938,1,36.078785,"1781266396475","../../../../../../Project/UE5/Gallery/Saved/ScreenRecordings/A017_2_20260612_201316_screen.mkv",428338.938,428388.938,428363.938,"1781266824813","1781266824863","2026-06-12T20:20:24.812+08:00","2026-06-12T20:20:24.862+08:00",453.117737,EXP2,"exp2_target",2,3,"1:3|2:4|3:2|4:1"
"exp2_table_objects","实验二桌面四模型总体区域","Exp2_003_exp2_table_objects_0455","video_relative_to_recording_start",rectangle,130,254,1919,1045,,,,"A017_2","Exp2_003","E3_SPATIAL_NONPROGRESSIVE",loading,,,,,1,TRUE,11350.000,11400.000,464.467743,464.517731,1920,1046,"ObjectSlot1-4",1,1,"video_relative_to_screen_recording_start",36.078785,428388.938,428438.938,1,36.078785,"1781266396475","../../../../../../Project/UE5/Gallery/Saved/ScreenRecordings/A017_2_20260612_201316_screen.mkv",428388.938,428438.938,428413.938,"1781266824863","1781266824913","2026-06-12T20:20:24.862+08:00","2026-06-12T20:20:24.912+08:00",453.117737,EXP2,"exp2_table",2,3,"1:3|2:4|3:2|4:1"
"exp2_target_object","实验二当前目标模型_右脸","Exp2_003_exp2_target_object_0456","video_relative_to_recording_start",rectangle,1125,335,1919,918,,,,"A017_2","Exp2_003","E3_SPATIAL_NONPROGRESSIVE",loading,,,,,1,TRUE,11350.000,11400.000,464.467743,464.517731,1920,1046,"ObjectSlot3",1,1,"video_relative_to_screen_recording_start",36.078785,428388.938,428438.938,1,36.078785,"1781266396475","../../../../../../Project/UE5/Gallery/Saved/ScreenRecordings/A017_2_20260612_201316_screen.mkv",428388.938,428438.938,428413.938,"1781266824863","1781266824913","2026-06-12T20:20:24.862+08:00","2026-06-12T20:20:24.912+08:00",453.117737,EXP2,"exp2_target",2,3,"1:3|2:4|3:2|4:1"
"exp2_table_objects","实验二桌面四模型总体区域","Exp2_003_exp2_table_objects_0457","video_relative_to_recording_start",rectangle,80,260,1919,1045,,,,"A017_2","Exp2_003","E3_SPATIAL_NONPROGRESSIVE",loading,,,,,1,TRUE,11400.000,11450.000,464.517731,464.567749,1920,1046,"ObjectSlot1-4",1,1,"video_relative_to_screen_recording_start",36.078785,428438.938,428488.938,1,36.078785,"1781266396475","../../../../../../Project/UE5/Gallery/Saved/ScreenRecordings/A017_2_20260612_201316_screen.mkv",428438.938,428488.938,428463.938,"1781266824913","1781266824963","2026-06-12T20:20:24.912+08:00","2026-06-12T20:20:24.962+08:00",453.117737,EXP2,"exp2_table",2,3,"1:3|2:4|3:2|4:1"
"exp2_target_object","实验二当前目标模型_右脸","Exp2_003_exp2_target_object_0458","video_relative_to_recording_start",rectangle,1103,343,1919,925,,,,"A017_2","Exp2_003","E3_SPATIAL_NONPROGRESSIVE",loading,,,,,1,TRUE,11400.000,11450.000,464.517731,464.567749,1920,1046,"ObjectSlot3",1,1,"video_relative_to_screen_recording_start",36.078785,428438.938,428488.938,1,36.078785,"1781266396475","../../../../../../Project/UE5/Gallery/Saved/ScreenRecordings/A017_2_20260612_201316_screen.mkv",428438.938,428488.938,428463.938,"1781266824913","1781266824963","2026-06-12T20:20:24.912+08:00","2026-06-12T20:20:24.962+08:00",453.117737,EXP2,"exp2_target",2,3,"1:3|2:4|3:2|4:1"
"exp2_table_objects","实验二桌面四模型总体区域","Exp2_003_exp2_table_objects_0459","video_relative_to_recording_start",rectangle,0,265,1919,1045,,,,"A017_2","Exp2_003","E3_SPATIAL_NONPROGRESSIVE",loading,,,,,1,TRUE,11450.000,11500.000,464.567749,464.617737,1920,1046,"ObjectSlot1-4",1,1,"video_relative_to_screen_recording_start",36.078785,428488.938,428538.938,1,36.078785,"1781266396475","../../../../../../Project/UE5/Gallery/Saved/ScreenRecordings/A017_2_20260612_201316_screen.mkv",428488.938,428538.938,428513.938,"1781266824963","1781266825013","2026-06-12T20:20:24.962+08:00","2026-06-12T20:20:25.012+08:00",453.117737,EXP2,"exp2_table",2,3,"1:3|2:4|3:2|4:1"
"exp2_target_object","实验二当前目标模型_右脸","Exp2_003_exp2_target_object_0460","video_relative_to_recording_start",rectangle,1063,348,1919,931,,,,"A017_2","Exp2_003","E3_SPATIAL_NONPROGRESSIVE",loading,,,,,1,TRUE,11450.000,11500.000,464.567749,464.617737,1920,1046,"ObjectSlot3",1,1,"video_relative_to_screen_recording_start",36.078785,428488.938,428538.938,1,36.078785,"1781266396475","../../../../../../Project/UE5/Gallery/Saved/ScreenRecordings/A017_2_20260612_201316_screen.mkv",428488.938,428538.938,428513.938,"1781266824963","1781266825013","2026-06-12T20:20:24.962+08:00","2026-06-12T20:20:25.012+08:00",453.117737,EXP2,"exp2_target",2,3,"1:3|2:4|3:2|4:1"
"exp2_table_objects","实验二桌面四模型总体区域","Exp2_003_exp2_table_objects_0461","video_relative_to_recording_start",rectangle,0,294,1919,1045,,,,"A017_2","Exp2_003","E3_SPATIAL_NONPROGRESSIVE",loading,,,,,1,TRUE,11500.000,11550.000,464.617737,464.667725,1920,1046,"ObjectSlot1-4",1,1,"video_relative_to_screen_recording_start",36.078785,428538.938,428588.938,1,36.078785,"1781266396475","../../../../../../Project/UE5/Gallery/Saved/ScreenRecordings/A017_2_20260612_201316_screen.mkv",428538.938,428588.938,428563.938,"1781266825013","1781266825063","2026-06-12T20:20:25.012+08:00","2026-06-12T20:20:25.062+08:00",453.117737,EXP2,"exp2_table",2,3,"1:3|2:4|3:2|4:1"
"exp2_target_object","实验二当前目标模型_右脸","Exp2_003_exp2_target_object_0462","video_relative_to_recording_start",rectangle,997,369,1865,952,,,,"A017_2","Exp2_003","E3_SPATIAL_NONPROGRESSIVE",loading,,,,,1,TRUE,11500.000,11550.000,464.617737,464.667725,1920,1046,"ObjectSlot3",1,0,"video_relative_to_screen_recording_start",36.078785,428538.938,428588.938,1,36.078785,"1781266396475","../../../../../../Project/UE5/Gallery/Saved/ScreenRecordings/A017_2_20260612_201316_screen.mkv",428538.938,428588.938,428563.938,"1781266825013","1781266825063","2026-06-12T20:20:25.012+08:00","2026-06-12T20:20:25.062+08:00",453.117737,EXP2,"exp2_target",2,3,"1:3|2:4|3:2|4:1"
"exp2_table_objects","实验二桌面四模型总体区域","Exp2_003_exp2_table_objects_0463","video_relative_to_recording_start",rectangle,0,356,1919,1045,,,,"A017_2","Exp2_003","E3_SPATIAL_NONPROGRESSIVE",loading,,,,,1,TRUE,11550.000,11600.000,464.667725,464.717743,1920,1046,"ObjectSlot1-4",1,1,"video_relative_to_screen_recording_start",36.078785,428588.938,428638.938,1,36.078785,"1781266396475","../../../../../../Project/UE5/Gallery/Saved/ScreenRecordings/A017_2_20260612_201316_screen.mkv",428588.938,428638.938,428613.938,"1781266825063","1781266825113","2026-06-12T20:20:25.062+08:00","2026-06-12T20:20:25.112+08:00",453.117737,EXP2,"exp2_table",2,3,"1:3|2:4|3:2|4:1"
"exp2_target_object","实验二当前目标模型_右脸","Exp2_003_exp2_target_object_0464","video_relative_to_recording_start",rectangle,944,414,1780,997,,,,"A017_2","Exp2_003","E3_SPATIAL_NONPROGRESSIVE",loading,,,,,1,TRUE,11550.000,11600.000,464.667725,464.717743,1920,1046,"ObjectSlot3",1,0,"video_relative_to_screen_recording_start",36.078785,428588.938,428638.938,1,36.078785,"1781266396475","../../../../../../Project/UE5/Gallery/Saved/ScreenRecordings/A017_2_20260612_201316_screen.mkv",428588.938,428638.938,428613.938,"1781266825063","1781266825113","2026-06-12T20:20:25.062+08:00","2026-06-12T20:20:25.112+08:00",453.117737,EXP2,"exp2_target",2,3,"1:3|2:4|3:2|4:1"
"exp2_table_objects","实验二桌面四模型总体区域","Exp2_003_exp2_table_objects_0465","video_relative_to_recording_start",rectangle,0,363,1919,1045,,,,"A017_2","Exp2_003","E3_SPATIAL_NONPROGRESSIVE",loading,,,,,1,TRUE,11600.000,11650.000,464.717743,464.767731,1920,1046,"ObjectSlot1-4",1,1,"video_relative_to_screen_recording_start",36.078785,428638.938,428688.938,1,36.078785,"1781266396475","../../../../../../Project/UE5/Gallery/Saved/ScreenRecordings/A017_2_20260612_201316_screen.mkv",428638.938,428688.938,428663.938,"1781266825113","1781266825163","2026-06-12T20:20:25.112+08:00","2026-06-12T20:20:25.162+08:00",453.117737,EXP2,"exp2_table",2,3,"1:3|2:4|3:2|4:1"
"exp2_target_object","实验二当前目标模型_右脸","Exp2_003_exp2_target_object_0466","video_relative_to_recording_start",rectangle,940,421,1774,1006,,,,"A017_2","Exp2_003","E3_SPATIAL_NONPROGRESSIVE",loading,,,,,1,TRUE,11600.000,11650.000,464.717743,464.767731,1920,1046,"ObjectSlot3",1,0,"video_relative_to_screen_recording_start",36.078785,428638.938,428688.938,1,36.078785,"1781266396475","../../../../../../Project/UE5/Gallery/Saved/ScreenRecordings/A017_2_20260612_201316_screen.mkv",428638.938,428688.938,428663.938,"1781266825113","1781266825163","2026-06-12T20:20:25.112+08:00","2026-06-12T20:20:25.162+08:00",453.117737,EXP2,"exp2_target",2,3,"1:3|2:4|3:2|4:1"
"exp2_table_objects","实验二桌面四模型总体区域","Exp2_003_exp2_table_objects_0467","video_relative_to_recording_start",rectangle,0,364,1919,1045,,,,"A017_2","Exp2_003","E3_SPATIAL_NONPROGRESSIVE",loading,,,,,1,TRUE,11650.000,11700.000,464.767731,464.817749,1920,1046,"ObjectSlot1-4",1,1,"video_relative_to_screen_recording_start",36.078785,428688.938,428738.938,1,36.078785,"1781266396475","../../../../../../Project/UE5/Gallery/Saved/ScreenRecordings/A017_2_20260612_201316_screen.mkv",428688.938,428738.938,428713.938,"1781266825163","1781266825213","2026-06-12T20:20:25.162+08:00","2026-06-12T20:20:25.212+08:00",453.117737,EXP2,"exp2_table",2,3,"1:3|2:4|3:2|4:1"
"exp2_target_object","实验二当前目标模型_右脸","Exp2_003_exp2_target_object_0468","video_relative_to_recording_start",rectangle,940,422,1774,1007,,,,"A017_2","Exp2_003","E3_SPATIAL_NONPROGRESSIVE",loading,,,,,1,TRUE,11650.000,11700.000,464.767731,464.817749,1920,1046,"ObjectSlot3",1,0,"video_relative_to_screen_recording_start",36.078785,428688.938,428738.938,1,36.078785,"1781266396475","../../../../../../Project/UE5/Gallery/Saved/ScreenRecordings/A017_2_20260612_201316_screen.mkv",428688.938,428738.938,428713.938,"1781266825163","1781266825213","2026-06-12T20:20:25.162+08:00","2026-06-12T20:20:25.212+08:00",453.117737,EXP2,"exp2_target",2,3,"1:3|2:4|3:2|4:1"
"exp2_table_objects","实验二桌面四模型总体区域","Exp2_003_exp2_table_objects_0469","video_relative_to_recording_start",rectangle,0,369,1919,1045,,,,"A017_2","Exp2_003","E3_SPATIAL_NONPROGRESSIVE",loading,,,,,1,TRUE,11700.000,11750.000,464.817749,464.867737,1920,1046,"ObjectSlot1-4",1,1,"video_relative_to_screen_recording_start",36.078785,428738.938,428788.938,1,36.078785,"1781266396475","../../../../../../Project/UE5/Gallery/Saved/ScreenRecordings/A017_2_20260612_201316_screen.mkv",428738.938,428788.938,428763.938,"1781266825213","1781266825263","2026-06-12T20:20:25.212+08:00","2026-06-12T20:20:25.262+08:00",453.117737,EXP2,"exp2_table",2,3,"1:3|2:4|3:2|4:1"
"exp2_target_object","实验二当前目标模型_右脸","Exp2_003_exp2_target_object_0470","video_relative_to_recording_start",rectangle,948,426,1787,1012,,,,"A017_2","Exp2_003","E3_SPATIAL_NONPROGRESSIVE",loading,,,,,1,TRUE,11700.000,11750.000,464.817749,464.867737,1920,1046,"ObjectSlot3",1,0,"video_relative_to_screen_recording_start",36.078785,428738.938,428788.938,1,36.078785,"1781266396475","../../../../../../Project/UE5/Gallery/Saved/ScreenRecordings/A017_2_20260612_201316_screen.mkv",428738.938,428788.938,428763.938,"1781266825213","1781266825263","2026-06-12T20:20:25.212+08:00","2026-06-12T20:20:25.262+08:00",453.117737,EXP2,"exp2_target",2,3,"1:3|2:4|3:2|4:1"
"exp2_table_objects","实验二桌面四模型总体区域","Exp2_003_exp2_table_objects_0471","video_relative_to_recording_start",rectangle,0,369,1919,1045,,,,"A017_2","Exp2_003","E3_SPATIAL_NONPROGRESSIVE",loading,,,,,1,TRUE,11750.000,11800.000,464.867737,464.917725,1920,1046,"ObjectSlot1-4",1,1,"video_relative_to_screen_recording_start",36.078785,428788.938,428838.938,1,36.078785,"1781266396475","../../../../../../Project/UE5/Gallery/Saved/ScreenRecordings/A017_2_20260612_201316_screen.mkv",428788.938,428838.938,428813.938,"1781266825263","1781266825313","2026-06-12T20:20:25.262+08:00","2026-06-12T20:20:25.312+08:00",453.117737,EXP2,"exp2_table",2,3,"1:3|2:4|3:2|4:1"
"exp2_target_object","实验二当前目标模型_右脸","Exp2_003_exp2_target_object_0472","video_relative_to_recording_start",rectangle,948,426,1787,1012,,,,"A017_2","Exp2_003","E3_SPATIAL_NONPROGRESSIVE",loading,,,,,1,TRUE,11750.000,11800.000,464.867737,464.917725,1920,1046,"ObjectSlot3",1,0,"video_relative_to_screen_recording_start",36.078785,428788.938,428838.938,1,36.078785,"1781266396475","../../../../../../Project/UE5/Gallery/Saved/ScreenRecordings/A017_2_20260612_201316_screen.mkv",428788.938,428838.938,428813.938,"1781266825263","1781266825313","2026-06-12T20:20:25.262+08:00","2026-06-12T20:20:25.312+08:00",453.117737,EXP2,"exp2_target",2,3,"1:3|2:4|3:2|4:1"
"exp2_table_objects","实验二桌面四模型总体区域","Exp2_003_exp2_table_objects_0473","video_relative_to_recording_start",rectangle,0,371,1919,1045,,,,"A017_2","Exp2_003","E3_SPATIAL_NONPROGRESSIVE",loading,,,,,1,TRUE,11800.000,11850.000,464.917725,464.967743,1920,1046,"ObjectSlot1-4",1,1,"video_relative_to_screen_recording_start",36.078785,428838.938,428888.938,1,36.078785,"1781266396475","../../../../../../Project/UE5/Gallery/Saved/ScreenRecordings/A017_2_20260612_201316_screen.mkv",428838.938,428888.938,428863.938,"1781266825313","1781266825363","2026-06-12T20:20:25.312+08:00","2026-06-12T20:20:25.362+08:00",453.117737,EXP2,"exp2_table",2,3,"1:3|2:4|3:2|4:1"
"exp2_target_object","实验二当前目标模型_右脸","Exp2_003_exp2_target_object_0474","video_relative_to_recording_start",rectangle,959,426,1804,1013,,,,"A017_2","Exp2_003","E3_SPATIAL_NONPROGRESSIVE",loading,,,,,1,TRUE,11800.000,11850.000,464.917725,464.967743,1920,1046,"ObjectSlot3",1,0,"video_relative_to_screen_recording_start",36.078785,428838.938,428888.938,1,36.078785,"1781266396475","../../../../../../Project/UE5/Gallery/Saved/ScreenRecordings/A017_2_20260612_201316_screen.mkv",428838.938,428888.938,428863.938,"1781266825313","1781266825363","2026-06-12T20:20:25.312+08:00","2026-06-12T20:20:25.362+08:00",453.117737,EXP2,"exp2_target",2,3,"1:3|2:4|3:2|4:1"
"exp2_table_objects","实验二桌面四模型总体区域","Exp2_003_exp2_table_objects_0475","video_relative_to_recording_start",rectangle,0,370,1919,1045,,,,"A017_2","Exp2_003","E3_SPATIAL_NONPROGRESSIVE",loading,,,,,1,TRUE,11850.000,11900.000,464.967743,465.017731,1920,1046,"ObjectSlot1-4",1,1,"video_relative_to_screen_recording_start",36.078785,428888.938,428938.938,1,36.078785,"1781266396475","../../../../../../Project/UE5/Gallery/Saved/ScreenRecordings/A017_2_20260612_201316_screen.mkv",428888.938,428938.938,428913.938,"1781266825363","1781266825413","2026-06-12T20:20:25.362+08:00","2026-06-12T20:20:25.412+08:00",453.117737,EXP2,"exp2_table",2,3,"1:3|2:4|3:2|4:1"
"exp2_target_object","实验二当前目标模型_右脸","Exp2_003_exp2_target_object_0476","video_relative_to_recording_start",rectangle,979,421,1835,1009,,,,"A017_2","Exp2_003","E3_SPATIAL_NONPROGRESSIVE",loading,,,,,1,TRUE,11850.000,11900.000,464.967743,465.017731,1920,1046,"ObjectSlot3",1,0,"video_relative_to_screen_recording_start",36.078785,428888.938,428938.938,1,36.078785,"1781266396475","../../../../../../Project/UE5/Gallery/Saved/ScreenRecordings/A017_2_20260612_201316_screen.mkv",428888.938,428938.938,428913.938,"1781266825363","1781266825413","2026-06-12T20:20:25.362+08:00","2026-06-12T20:20:25.412+08:00",453.117737,EXP2,"exp2_target",2,3,"1:3|2:4|3:2|4:1"
"exp2_table_objects","实验二桌面四模型总体区域","Exp2_003_exp2_table_objects_0477","video_relative_to_recording_start",rectangle,0,368,1919,1045,,,,"A017_2","Exp2_003","E3_SPATIAL_NONPROGRESSIVE",loading,,,,,1,TRUE,11900.000,11950.000,465.017731,465.067749,1920,1046,"ObjectSlot1-4",1,1,"video_relative_to_screen_recording_start",36.078785,428938.938,428988.938,1,36.078785,"1781266396475","../../../../../../Project/UE5/Gallery/Saved/ScreenRecordings/A017_2_20260612_201316_screen.mkv",428938.938,428988.938,428963.938,"1781266825413","1781266825463","2026-06-12T20:20:25.412+08:00","2026-06-12T20:20:25.462+08:00",453.117737,EXP2,"exp2_table",2,3,"1:3|2:4|3:2|4:1"
"exp2_target_object","实验二当前目标模型_右脸","Exp2_003_exp2_target_object_0478","video_relative_to_recording_start",rectangle,991,417,1856,1005,,,,"A017_2","Exp2_003","E3_SPATIAL_NONPROGRESSIVE",loading,,,,,1,TRUE,11900.000,11950.000,465.017731,465.067749,1920,1046,"ObjectSlot3",1,0,"video_relative_to_screen_recording_start",36.078785,428938.938,428988.938,1,36.078785,"1781266396475","../../../../../../Project/UE5/Gallery/Saved/ScreenRecordings/A017_2_20260612_201316_screen.mkv",428938.938,428988.938,428963.938,"1781266825413","1781266825463","2026-06-12T20:20:25.412+08:00","2026-06-12T20:20:25.462+08:00",453.117737,EXP2,"exp2_target",2,3,"1:3|2:4|3:2|4:1"
"exp2_table_objects","实验二桌面四模型总体区域","Exp2_003_exp2_table_objects_0479","video_relative_to_recording_start",rectangle,9,403,1919,1045,,,,"A017_2","Exp2_003","E3_SPATIAL_NONPROGRESSIVE",loading,,,,,1,TRUE,11950.000,12011.581,465.067749,465.129333,1920,1046,"ObjectSlot1-4",1,1,"video_relative_to_screen_recording_start",36.078785,428988.938,429050.531,1,36.078785,"1781266396475","../../../../../../Project/UE5/Gallery/Saved/ScreenRecordings/A017_2_20260612_201316_screen.mkv",428988.938,429050.531,429019.750,"1781266825463","1781266825525","2026-06-12T20:20:25.462+08:00","2026-06-12T20:20:25.524+08:00",453.117737,EXP2,"exp2_table",2,3,"1:3|2:4|3:2|4:1"
"exp2_target_object","实验二当前目标模型_右脸","Exp2_003_exp2_target_object_0480","video_relative_to_recording_start",rectangle,1079,439,1651,958,,,,"A017_2","Exp2_003","E3_SPATIAL_NONPROGRESSIVE",loading,,,,,1,TRUE,11950.000,12011.581,465.067749,465.129333,1920,1046,"ObjectSlot3",1,0,"video_relative_to_screen_recording_start",36.078785,428988.938,429050.531,1,36.078785,"1781266396475","../../../../../../Project/UE5/Gallery/Saved/ScreenRecordings/A017_2_20260612_201316_screen.mkv",428988.938,429050.531,429019.750,"1781266825463","1781266825525","2026-06-12T20:20:25.462+08:00","2026-06-12T20:20:25.524+08:00",453.117737,EXP2,"exp2_target",2,3,"1:3|2:4|3:2|4:1"
"exp2_table_objects","实验二桌面四模型总体区域","Exp2_004_exp2_table_objects_0001","video_relative_to_recording_start",rectangle,0,270,1919,1045,,,,"A017_2","Exp2_004","E2_FIXED_PROGRESSIVE",loading,,,,,1,TRUE,0.000,50.000,550.744751,550.794739,1920,1046,"ObjectSlot1-4",1,1,"video_relative_to_screen_recording_start",36.078785,514665.969,514715.938,1,36.078785,"1781266396475","../../../../../../Project/UE5/Gallery/Saved/ScreenRecordings/A017_2_20260612_201316_screen.mkv",514665.969,514715.938,514690.938,"1781266911140","1781266911190","2026-06-12T20:21:51.139+08:00","2026-06-12T20:21:51.189+08:00",550.744751,EXP2,"exp2_table",4,1,"1:4|2:1|3:2|4:3"
"exp2_target_object","实验二当前目标模型_头顶","Exp2_004_exp2_target_object_0002","video_relative_to_recording_start",rectangle,0,310,562,968,,,,"A017_2","Exp2_004","E2_FIXED_PROGRESSIVE",loading,,,,,1,TRUE,0.000,50.000,550.744751,550.794739,1920,1046,"ObjectSlot1",1,1,"video_relative_to_screen_recording_start",36.078785,514665.969,514715.938,1,36.078785,"1781266396475","../../../../../../Project/UE5/Gallery/Saved/ScreenRecordings/A017_2_20260612_201316_screen.mkv",514665.969,514715.938,514690.938,"1781266911140","1781266911190","2026-06-12T20:21:51.139+08:00","2026-06-12T20:21:51.189+08:00",550.744751,EXP2,"exp2_target",4,1,"1:4|2:1|3:2|4:3"
"exp2_table_objects","实验二桌面四模型总体区域","Exp2_004_exp2_table_objects_0003","video_relative_to_recording_start",rectangle,0,270,1919,1045,,,,"A017_2","Exp2_004","E2_FIXED_PROGRESSIVE",loading,,,,,1,TRUE,50.000,100.000,550.794739,550.844727,1920,1046,"ObjectSlot1-4",1,1,"video_relative_to_screen_recording_start",36.078785,514715.938,514765.938,1,36.078785,"1781266396475","../../../../../../Project/UE5/Gallery/Saved/ScreenRecordings/A017_2_20260612_201316_screen.mkv",514715.938,514765.938,514740.938,"1781266911190","1781266911240","2026-06-12T20:21:51.189+08:00","2026-06-12T20:21:51.239+08:00",550.744751,EXP2,"exp2_table",4,1,"1:4|2:1|3:2|4:3"
"exp2_target_object","实验二当前目标模型_头顶","Exp2_004_exp2_target_object_0004","video_relative_to_recording_start",rectangle,0,310,562,968,,,,"A017_2","Exp2_004","E2_FIXED_PROGRESSIVE",loading,,,,,1,TRUE,50.000,100.000,550.794739,550.844727,1920,1046,"ObjectSlot1",1,1,"video_relative_to_screen_recording_start",36.078785,514715.938,514765.938,1,36.078785,"1781266396475","../../../../../../Project/UE5/Gallery/Saved/ScreenRecordings/A017_2_20260612_201316_screen.mkv",514715.938,514765.938,514740.938,"1781266911190","1781266911240","2026-06-12T20:21:51.189+08:00","2026-06-12T20:21:51.239+08:00",550.744751,EXP2,"exp2_target",4,1,"1:4|2:1|3:2|4:3"
"exp2_table_objects","实验二桌面四模型总体区域","Exp2_004_exp2_table_objects_0005","video_relative_to_recording_start",rectangle,0,270,1919,1045,,,,"A017_2","Exp2_004","E2_FIXED_PROGRESSIVE",loading,,,,,1,TRUE,100.000,150.000,550.844727,550.894775,1920,1046,"ObjectSlot1-4",1,1,"video_relative_to_screen_recording_start",36.078785,514765.938,514815.969,1,36.078785,"1781266396475","../../../../../../Project/UE5/Gallery/Saved/ScreenRecordings/A017_2_20260612_201316_screen.mkv",514765.938,514815.969,514790.938,"1781266911240","1781266911290","2026-06-12T20:21:51.239+08:00","2026-06-12T20:21:51.290+08:00",550.744751,EXP2,"exp2_table",4,1,"1:4|2:1|3:2|4:3"
"exp2_target_object","实验二当前目标模型_头顶","Exp2_004_exp2_target_object_0006","video_relative_to_recording_start",rectangle,0,310,562,968,,,,"A017_2","Exp2_004","E2_FIXED_PROGRESSIVE",loading,,,,,1,TRUE,100.000,150.000,550.844727,550.894775,1920,1046,"ObjectSlot1",1,1,"video_relative_to_screen_recording_start",36.078785,514765.938,514815.969,1,36.078785,"1781266396475","../../../../../../Project/UE5/Gallery/Saved/ScreenRecordings/A017_2_20260612_201316_screen.mkv",514765.938,514815.969,514790.938,"1781266911240","1781266911290","2026-06-12T20:21:51.239+08:00","2026-06-12T20:21:51.290+08:00",550.744751,EXP2,"exp2_target",4,1,"1:4|2:1|3:2|4:3"
"exp2_table_objects","实验二桌面四模型总体区域","Exp2_004_exp2_table_objects_0007","video_relative_to_recording_start",rectangle,0,270,1919,1045,,,,"A017_2","Exp2_004","E2_FIXED_PROGRESSIVE",loading,,,,,1,TRUE,150.000,200.000,550.894775,550.944763,1920,1046,"ObjectSlot1-4",1,1,"video_relative_to_screen_recording_start",36.078785,514815.969,514865.969,1,36.078785,"1781266396475","../../../../../../Project/UE5/Gallery/Saved/ScreenRecordings/A017_2_20260612_201316_screen.mkv",514815.969,514865.969,514840.969,"1781266911290","1781266911340","2026-06-12T20:21:51.290+08:00","2026-06-12T20:21:51.339+08:00",550.744751,EXP2,"exp2_table",4,1,"1:4|2:1|3:2|4:3"
"exp2_target_object","实验二当前目标模型_头顶","Exp2_004_exp2_target_object_0008","video_relative_to_recording_start",rectangle,0,310,562,968,,,,"A017_2","Exp2_004","E2_FIXED_PROGRESSIVE",loading,,,,,1,TRUE,150.000,200.000,550.894775,550.944763,1920,1046,"ObjectSlot1",1,1,"video_relative_to_screen_recording_start",36.078785,514815.969,514865.969,1,36.078785,"1781266396475","../../../../../../Project/UE5/Gallery/Saved/ScreenRecordings/A017_2_20260612_201316_screen.mkv",514815.969,514865.969,514840.969,"1781266911290","1781266911340","2026-06-12T20:21:51.290+08:00","2026-06-12T20:21:51.339+08:00",550.744751,EXP2,"exp2_target",4,1,"1:4|2:1|3:2|4:3"
"exp2_table_objects","实验二桌面四模型总体区域","Exp2_004_exp2_table_objects_0009","video_relative_to_recording_start",rectangle,0,270,1919,1045,,,,"A017_2","Exp2_004","E2_FIXED_PROGRESSIVE",loading,,,,,1,TRUE,200.000,250.000,550.944763,550.994751,1920,1046,"ObjectSlot1-4",1,1,"video_relative_to_screen_recording_start",36.078785,514865.969,514915.969,1,36.078785,"1781266396475","../../../../../../Project/UE5/Gallery/Saved/ScreenRecordings/A017_2_20260612_201316_screen.mkv",514865.969,514915.969,514890.969,"1781266911340","1781266911390","2026-06-12T20:21:51.339+08:00","2026-06-12T20:21:51.389+08:00",550.744751,EXP2,"exp2_table",4,1,"1:4|2:1|3:2|4:3"
"exp2_target_object","实验二当前目标模型_头顶","Exp2_004_exp2_target_object_0010","video_relative_to_recording_start",rectangle,0,310,562,968,,,,"A017_2","Exp2_004","E2_FIXED_PROGRESSIVE",loading,,,,,1,TRUE,200.000,250.000,550.944763,550.994751,1920,1046,"ObjectSlot1",1,1,"video_relative_to_screen_recording_start",36.078785,514865.969,514915.969,1,36.078785,"1781266396475","../../../../../../Project/UE5/Gallery/Saved/ScreenRecordings/A017_2_20260612_201316_screen.mkv",514865.969,514915.969,514890.969,"1781266911340","1781266911390","2026-06-12T20:21:51.339+08:00","2026-06-12T20:21:51.389+08:00",550.744751,EXP2,"exp2_target",4,1,"1:4|2:1|3:2|4:3"
"exp2_table_objects","实验二桌面四模型总体区域","Exp2_004_exp2_table_objects_0011","video_relative_to_recording_start",rectangle,0,270,1919,1045,,,,"A017_2","Exp2_004","E2_FIXED_PROGRESSIVE",loading,,,,,1,TRUE,250.000,300.000,550.994751,551.044739,1920,1046,"ObjectSlot1-4",1,1,"video_relative_to_screen_recording_start",36.078785,514915.969,514965.938,1,36.078785,"1781266396475","../../../../../../Project/UE5/Gallery/Saved/ScreenRecordings/A017_2_20260612_201316_screen.mkv",514915.969,514965.938,514940.938,"1781266911390","1781266911440","2026-06-12T20:21:51.389+08:00","2026-06-12T20:21:51.439+08:00",550.744751,EXP2,"exp2_table",4,1,"1:4|2:1|3:2|4:3"
"exp2_target_object","实验二当前目标模型_头顶","Exp2_004_exp2_target_object_0012","video_relative_to_recording_start",rectangle,0,310,562,968,,,,"A017_2","Exp2_004","E2_FIXED_PROGRESSIVE",loading,,,,,1,TRUE,250.000,300.000,550.994751,551.044739,1920,1046,"ObjectSlot1",1,1,"video_relative_to_screen_recording_start",36.078785,514915.969,514965.938,1,36.078785,"1781266396475","../../../../../../Project/UE5/Gallery/Saved/ScreenRecordings/A017_2_20260612_201316_screen.mkv",514915.969,514965.938,514940.938,"1781266911390","1781266911440","2026-06-12T20:21:51.389+08:00","2026-06-12T20:21:51.439+08:00",550.744751,EXP2,"exp2_target",4,1,"1:4|2:1|3:2|4:3"
"exp2_table_objects","实验二桌面四模型总体区域","Exp2_004_exp2_table_objects_0013","video_relative_to_recording_start",rectangle,0,270,1919,1045,,,,"A017_2","Exp2_004","E2_FIXED_PROGRESSIVE",loading,,,,,1,TRUE,300.000,350.000,551.044739,551.094727,1920,1046,"ObjectSlot1-4",1,1,"video_relative_to_screen_recording_start",36.078785,514965.938,515015.938,1,36.078785,"1781266396475","../../../../../../Project/UE5/Gallery/Saved/ScreenRecordings/A017_2_20260612_201316_screen.mkv",514965.938,515015.938,514990.938,"1781266911440","1781266911490","2026-06-12T20:21:51.439+08:00","2026-06-12T20:21:51.489+08:00",550.744751,EXP2,"exp2_table",4,1,"1:4|2:1|3:2|4:3"
"exp2_target_object","实验二当前目标模型_头顶","Exp2_004_exp2_target_object_0014","video_relative_to_recording_start",rectangle,0,310,562,968,,,,"A017_2","Exp2_004","E2_FIXED_PROGRESSIVE",loading,,,,,1,TRUE,300.000,350.000,551.044739,551.094727,1920,1046,"ObjectSlot1",1,1,"video_relative_to_screen_recording_start",36.078785,514965.938,515015.938,1,36.078785,"1781266396475","../../../../../../Project/UE5/Gallery/Saved/ScreenRecordings/A017_2_20260612_201316_screen.mkv",514965.938,515015.938,514990.938,"1781266911440","1781266911490","2026-06-12T20:21:51.439+08:00","2026-06-12T20:21:51.489+08:00",550.744751,EXP2,"exp2_target",4,1,"1:4|2:1|3:2|4:3"
"exp2_table_objects","实验二桌面四模型总体区域","Exp2_004_exp2_table_objects_0015","video_relative_to_recording_start",rectangle,0,270,1919,1045,,,,"A017_2","Exp2_004","E2_FIXED_PROGRESSIVE",loading,,,,,1,TRUE,350.000,400.000,551.094727,551.144775,1920,1046,"ObjectSlot1-4",1,1,"video_relative_to_screen_recording_start",36.078785,515015.938,515065.969,1,36.078785,"1781266396475","../../../../../../Project/UE5/Gallery/Saved/ScreenRecordings/A017_2_20260612_201316_screen.mkv",515015.938,515065.969,515040.938,"1781266911490","1781266911540","2026-06-12T20:21:51.489+08:00","2026-06-12T20:21:51.539+08:00",550.744751,EXP2,"exp2_table",4,1,"1:4|2:1|3:2|4:3"
"exp2_target_object","实验二当前目标模型_头顶","Exp2_004_exp2_target_object_0016","video_relative_to_recording_start",rectangle,0,310,562,968,,,,"A017_2","Exp2_004","E2_FIXED_PROGRESSIVE",loading,,,,,1,TRUE,350.000,400.000,551.094727,551.144775,1920,1046,"ObjectSlot1",1,1,"video_relative_to_screen_recording_start",36.078785,515015.938,515065.969,1,36.078785,"1781266396475","../../../../../../Project/UE5/Gallery/Saved/ScreenRecordings/A017_2_20260612_201316_screen.mkv",515015.938,515065.969,515040.938,"1781266911490","1781266911540","2026-06-12T20:21:51.489+08:00","2026-06-12T20:21:51.539+08:00",550.744751,EXP2,"exp2_target",4,1,"1:4|2:1|3:2|4:3"
"exp2_table_objects","实验二桌面四模型总体区域","Exp2_004_exp2_table_objects_0017","video_relative_to_recording_start",rectangle,0,270,1919,1045,,,,"A017_2","Exp2_004","E2_FIXED_PROGRESSIVE",loading,,,,,1,TRUE,400.000,450.000,551.144775,551.194763,1920,1046,"ObjectSlot1-4",1,1,"video_relative_to_screen_recording_start",36.078785,515065.969,515115.969,1,36.078785,"1781266396475","../../../../../../Project/UE5/Gallery/Saved/ScreenRecordings/A017_2_20260612_201316_screen.mkv",515065.969,515115.969,515090.969,"1781266911540","1781266911590","2026-06-12T20:21:51.539+08:00","2026-06-12T20:21:51.589+08:00",550.744751,EXP2,"exp2_table",4,1,"1:4|2:1|3:2|4:3"
"exp2_target_object","实验二当前目标模型_头顶","Exp2_004_exp2_target_object_0018","video_relative_to_recording_start",rectangle,0,310,562,968,,,,"A017_2","Exp2_004","E2_FIXED_PROGRESSIVE",loading,,,,,1,TRUE,400.000,450.000,551.144775,551.194763,1920,1046,"ObjectSlot1",1,1,"video_relative_to_screen_recording_start",36.078785,515065.969,515115.969,1,36.078785,"1781266396475","../../../../../../Project/UE5/Gallery/Saved/ScreenRecordings/A017_2_20260612_201316_screen.mkv",515065.969,515115.969,515090.969,"1781266911540","1781266911590","2026-06-12T20:21:51.539+08:00","2026-06-12T20:21:51.589+08:00",550.744751,EXP2,"exp2_target",4,1,"1:4|2:1|3:2|4:3"
"exp2_table_objects","实验二桌面四模型总体区域","Exp2_004_exp2_table_objects_0019","video_relative_to_recording_start",rectangle,0,270,1919,1045,,,,"A017_2","Exp2_004","E2_FIXED_PROGRESSIVE",loading,,,,,1,TRUE,450.000,500.000,551.194763,551.244751,1920,1046,"ObjectSlot1-4",1,1,"video_relative_to_screen_recording_start",36.078785,515115.969,515165.969,1,36.078785,"1781266396475","../../../../../../Project/UE5/Gallery/Saved/ScreenRecordings/A017_2_20260612_201316_screen.mkv",515115.969,515165.969,515140.969,"1781266911590","1781266911640","2026-06-12T20:21:51.589+08:00","2026-06-12T20:21:51.639+08:00",550.744751,EXP2,"exp2_table",4,1,"1:4|2:1|3:2|4:3"
"exp2_target_object","实验二当前目标模型_头顶","Exp2_004_exp2_target_object_0020","video_relative_to_recording_start",rectangle,0,310,562,968,,,,"A017_2","Exp2_004","E2_FIXED_PROGRESSIVE",loading,,,,,1,TRUE,450.000,500.000,551.194763,551.244751,1920,1046,"ObjectSlot1",1,1,"video_relative_to_screen_recording_start",36.078785,515115.969,515165.969,1,36.078785,"1781266396475","../../../../../../Project/UE5/Gallery/Saved/ScreenRecordings/A017_2_20260612_201316_screen.mkv",515115.969,515165.969,515140.969,"1781266911590","1781266911640","2026-06-12T20:21:51.589+08:00","2026-06-12T20:21:51.639+08:00",550.744751,EXP2,"exp2_target",4,1,"1:4|2:1|3:2|4:3"
"exp2_table_objects","实验二桌面四模型总体区域","Exp2_004_exp2_table_objects_0021","video_relative_to_recording_start",rectangle,0,270,1919,1045,,,,"A017_2","Exp2_004","E2_FIXED_PROGRESSIVE",loading,,,,,1,TRUE,500.000,550.000,551.244751,551.294739,1920,1046,"ObjectSlot1-4",1,1,"video_relative_to_screen_recording_start",36.078785,515165.969,515215.938,1,36.078785,"1781266396475","../../../../../../Project/UE5/Gallery/Saved/ScreenRecordings/A017_2_20260612_201316_screen.mkv",515165.969,515215.938,515190.938,"1781266911640","1781266911690","2026-06-12T20:21:51.639+08:00","2026-06-12T20:21:51.689+08:00",550.744751,EXP2,"exp2_table",4,1,"1:4|2:1|3:2|4:3"
"exp2_target_object","实验二当前目标模型_头顶","Exp2_004_exp2_target_object_0022","video_relative_to_recording_start",rectangle,0,310,562,968,,,,"A017_2","Exp2_004","E2_FIXED_PROGRESSIVE",loading,,,,,1,TRUE,500.000,550.000,551.244751,551.294739,1920,1046,"ObjectSlot1",1,1,"video_relative_to_screen_recording_start",36.078785,515165.969,515215.938,1,36.078785,"1781266396475","../../../../../../Project/UE5/Gallery/Saved/ScreenRecordings/A017_2_20260612_201316_screen.mkv",515165.969,515215.938,515190.938,"1781266911640","1781266911690","2026-06-12T20:21:51.639+08:00","2026-06-12T20:21:51.689+08:00",550.744751,EXP2,"exp2_target",4,1,"1:4|2:1|3:2|4:3"
"exp2_table_objects","实验二桌面四模型总体区域","Exp2_004_exp2_table_objects_0023","video_relative_to_recording_start",rectangle,0,270,1919,1045,,,,"A017_2","Exp2_004","E2_FIXED_PROGRESSIVE",loading,,,,,1,TRUE,550.000,600.000,551.294739,551.344727,1920,1046,"ObjectSlot1-4",1,1,"video_relative_to_screen_recording_start",36.078785,515215.938,515265.938,1,36.078785,"1781266396475","../../../../../../Project/UE5/Gallery/Saved/ScreenRecordings/A017_2_20260612_201316_screen.mkv",515215.938,515265.938,515240.938,"1781266911690","1781266911740","2026-06-12T20:21:51.689+08:00","2026-06-12T20:21:51.739+08:00",550.744751,EXP2,"exp2_table",4,1,"1:4|2:1|3:2|4:3"
"exp2_target_object","实验二当前目标模型_头顶","Exp2_004_exp2_target_object_0024","video_relative_to_recording_start",rectangle,0,310,562,968,,,,"A017_2","Exp2_004","E2_FIXED_PROGRESSIVE",loading,,,,,1,TRUE,550.000,600.000,551.294739,551.344727,1920,1046,"ObjectSlot1",1,1,"video_relative_to_screen_recording_start",36.078785,515215.938,515265.938,1,36.078785,"1781266396475","../../../../../../Project/UE5/Gallery/Saved/ScreenRecordings/A017_2_20260612_201316_screen.mkv",515215.938,515265.938,515240.938,"1781266911690","1781266911740","2026-06-12T20:21:51.689+08:00","2026-06-12T20:21:51.739+08:00",550.744751,EXP2,"exp2_target",4,1,"1:4|2:1|3:2|4:3"
"exp2_table_objects","实验二桌面四模型总体区域","Exp2_004_exp2_table_objects_0025","video_relative_to_recording_start",rectangle,0,270,1919,1045,,,,"A017_2","Exp2_004","E2_FIXED_PROGRESSIVE",loading,,,,,1,TRUE,600.000,650.000,551.344727,551.394775,1920,1046,"ObjectSlot1-4",1,1,"video_relative_to_screen_recording_start",36.078785,515265.938,515315.969,1,36.078785,"1781266396475","../../../../../../Project/UE5/Gallery/Saved/ScreenRecordings/A017_2_20260612_201316_screen.mkv",515265.938,515315.969,515290.938,"1781266911740","1781266911790","2026-06-12T20:21:51.739+08:00","2026-06-12T20:21:51.789+08:00",550.744751,EXP2,"exp2_table",4,1,"1:4|2:1|3:2|4:3"
"exp2_target_object","实验二当前目标模型_头顶","Exp2_004_exp2_target_object_0026","video_relative_to_recording_start",rectangle,0,310,562,968,,,,"A017_2","Exp2_004","E2_FIXED_PROGRESSIVE",loading,,,,,1,TRUE,600.000,650.000,551.344727,551.394775,1920,1046,"ObjectSlot1",1,1,"video_relative_to_screen_recording_start",36.078785,515265.938,515315.969,1,36.078785,"1781266396475","../../../../../../Project/UE5/Gallery/Saved/ScreenRecordings/A017_2_20260612_201316_screen.mkv",515265.938,515315.969,515290.938,"1781266911740","1781266911790","2026-06-12T20:21:51.739+08:00","2026-06-12T20:21:51.789+08:00",550.744751,EXP2,"exp2_target",4,1,"1:4|2:1|3:2|4:3"
"exp2_table_objects","实验二桌面四模型总体区域","Exp2_004_exp2_table_objects_0027","video_relative_to_recording_start",rectangle,0,270,1919,1045,,,,"A017_2","Exp2_004","E2_FIXED_PROGRESSIVE",loading,,,,,1,TRUE,650.000,700.000,551.394775,551.444763,1920,1046,"ObjectSlot1-4",1,1,"video_relative_to_screen_recording_start",36.078785,515315.969,515365.969,1,36.078785,"1781266396475","../../../../../../Project/UE5/Gallery/Saved/ScreenRecordings/A017_2_20260612_201316_screen.mkv",515315.969,515365.969,515340.969,"1781266911790","1781266911840","2026-06-12T20:21:51.789+08:00","2026-06-12T20:21:51.839+08:00",550.744751,EXP2,"exp2_table",4,1,"1:4|2:1|3:2|4:3"
"exp2_target_object","实验二当前目标模型_头顶","Exp2_004_exp2_target_object_0028","video_relative_to_recording_start",rectangle,0,310,562,968,,,,"A017_2","Exp2_004","E2_FIXED_PROGRESSIVE",loading,,,,,1,TRUE,650.000,700.000,551.394775,551.444763,1920,1046,"ObjectSlot1",1,1,"video_relative_to_screen_recording_start",36.078785,515315.969,515365.969,1,36.078785,"1781266396475","../../../../../../Project/UE5/Gallery/Saved/ScreenRecordings/A017_2_20260612_201316_screen.mkv",515315.969,515365.969,515340.969,"1781266911790","1781266911840","2026-06-12T20:21:51.789+08:00","2026-06-12T20:21:51.839+08:00",550.744751,EXP2,"exp2_target",4,1,"1:4|2:1|3:2|4:3"
"exp2_table_objects","实验二桌面四模型总体区域","Exp2_004_exp2_table_objects_0029","video_relative_to_recording_start",rectangle,0,270,1919,1045,,,,"A017_2","Exp2_004","E2_FIXED_PROGRESSIVE",loading,,,,,1,TRUE,700.000,750.000,551.444763,551.494751,1920,1046,"ObjectSlot1-4",1,1,"video_relative_to_screen_recording_start",36.078785,515365.969,515415.969,1,36.078785,"1781266396475","../../../../../../Project/UE5/Gallery/Saved/ScreenRecordings/A017_2_20260612_201316_screen.mkv",515365.969,515415.969,515390.969,"1781266911840","1781266911890","2026-06-12T20:21:51.839+08:00","2026-06-12T20:21:51.889+08:00",550.744751,EXP2,"exp2_table",4,1,"1:4|2:1|3:2|4:3"
"exp2_target_object","实验二当前目标模型_头顶","Exp2_004_exp2_target_object_0030","video_relative_to_recording_start",rectangle,0,310,562,968,,,,"A017_2","Exp2_004","E2_FIXED_PROGRESSIVE",loading,,,,,1,TRUE,700.000,750.000,551.444763,551.494751,1920,1046,"ObjectSlot1",1,1,"video_relative_to_screen_recording_start",36.078785,515365.969,515415.969,1,36.078785,"1781266396475","../../../../../../Project/UE5/Gallery/Saved/ScreenRecordings/A017_2_20260612_201316_screen.mkv",515365.969,515415.969,515390.969,"1781266911840","1781266911890","2026-06-12T20:21:51.839+08:00","2026-06-12T20:21:51.889+08:00",550.744751,EXP2,"exp2_target",4,1,"1:4|2:1|3:2|4:3"
"exp2_table_objects","实验二桌面四模型总体区域","Exp2_004_exp2_table_objects_0031","video_relative_to_recording_start",rectangle,0,270,1919,1045,,,,"A017_2","Exp2_004","E2_FIXED_PROGRESSIVE",loading,,,,,1,TRUE,750.000,800.000,551.494751,551.544739,1920,1046,"ObjectSlot1-4",1,1,"video_relative_to_screen_recording_start",36.078785,515415.969,515465.938,1,36.078785,"1781266396475","../../../../../../Project/UE5/Gallery/Saved/ScreenRecordings/A017_2_20260612_201316_screen.mkv",515415.969,515465.938,515440.938,"1781266911890","1781266911940","2026-06-12T20:21:51.889+08:00","2026-06-12T20:21:51.939+08:00",550.744751,EXP2,"exp2_table",4,1,"1:4|2:1|3:2|4:3"
"exp2_target_object","实验二当前目标模型_头顶","Exp2_004_exp2_target_object_0032","video_relative_to_recording_start",rectangle,0,310,562,968,,,,"A017_2","Exp2_004","E2_FIXED_PROGRESSIVE",loading,,,,,1,TRUE,750.000,800.000,551.494751,551.544739,1920,1046,"ObjectSlot1",1,1,"video_relative_to_screen_recording_start",36.078785,515415.969,515465.938,1,36.078785,"1781266396475","../../../../../../Project/UE5/Gallery/Saved/ScreenRecordings/A017_2_20260612_201316_screen.mkv",515415.969,515465.938,515440.938,"1781266911890","1781266911940","2026-06-12T20:21:51.889+08:00","2026-06-12T20:21:51.939+08:00",550.744751,EXP2,"exp2_target",4,1,"1:4|2:1|3:2|4:3"
"exp2_table_objects","实验二桌面四模型总体区域","Exp2_004_exp2_table_objects_0033","video_relative_to_recording_start",rectangle,0,270,1919,1045,,,,"A017_2","Exp2_004","E2_FIXED_PROGRESSIVE",loading,,,,,1,TRUE,800.000,850.000,551.544739,551.594727,1920,1046,"ObjectSlot1-4",1,1,"video_relative_to_screen_recording_start",36.078785,515465.938,515515.938,1,36.078785,"1781266396475","../../../../../../Project/UE5/Gallery/Saved/ScreenRecordings/A017_2_20260612_201316_screen.mkv",515465.938,515515.938,515490.938,"1781266911940","1781266911990","2026-06-12T20:21:51.939+08:00","2026-06-12T20:21:51.989+08:00",550.744751,EXP2,"exp2_table",4,1,"1:4|2:1|3:2|4:3"
"exp2_target_object","实验二当前目标模型_头顶","Exp2_004_exp2_target_object_0034","video_relative_to_recording_start",rectangle,0,310,562,968,,,,"A017_2","Exp2_004","E2_FIXED_PROGRESSIVE",loading,,,,,1,TRUE,800.000,850.000,551.544739,551.594727,1920,1046,"ObjectSlot1",1,1,"video_relative_to_screen_recording_start",36.078785,515465.938,515515.938,1,36.078785,"1781266396475","../../../../../../Project/UE5/Gallery/Saved/ScreenRecordings/A017_2_20260612_201316_screen.mkv",515465.938,515515.938,515490.938,"1781266911940","1781266911990","2026-06-12T20:21:51.939+08:00","2026-06-12T20:21:51.989+08:00",550.744751,EXP2,"exp2_target",4,1,"1:4|2:1|3:2|4:3"
"exp2_table_objects","实验二桌面四模型总体区域","Exp2_004_exp2_table_objects_0035","video_relative_to_recording_start",rectangle,0,270,1919,1045,,,,"A017_2","Exp2_004","E2_FIXED_PROGRESSIVE",loading,,,,,1,TRUE,850.000,900.000,551.594727,551.644775,1920,1046,"ObjectSlot1-4",1,1,"video_relative_to_screen_recording_start",36.078785,515515.938,515565.969,1,36.078785,"1781266396475","../../../../../../Project/UE5/Gallery/Saved/ScreenRecordings/A017_2_20260612_201316_screen.mkv",515515.938,515565.969,515540.938,"1781266911990","1781266912040","2026-06-12T20:21:51.989+08:00","2026-06-12T20:21:52.039+08:00",550.744751,EXP2,"exp2_table",4,1,"1:4|2:1|3:2|4:3"
"exp2_target_object","实验二当前目标模型_头顶","Exp2_004_exp2_target_object_0036","video_relative_to_recording_start",rectangle,0,310,562,968,,,,"A017_2","Exp2_004","E2_FIXED_PROGRESSIVE",loading,,,,,1,TRUE,850.000,900.000,551.594727,551.644775,1920,1046,"ObjectSlot1",1,1,"video_relative_to_screen_recording_start",36.078785,515515.938,515565.969,1,36.078785,"1781266396475","../../../../../../Project/UE5/Gallery/Saved/ScreenRecordings/A017_2_20260612_201316_screen.mkv",515515.938,515565.969,515540.938,"1781266911990","1781266912040","2026-06-12T20:21:51.989+08:00","2026-06-12T20:21:52.039+08:00",550.744751,EXP2,"exp2_target",4,1,"1:4|2:1|3:2|4:3"
"exp2_table_objects","实验二桌面四模型总体区域","Exp2_004_exp2_table_objects_0037","video_relative_to_recording_start",rectangle,0,270,1919,1045,,,,"A017_2","Exp2_004","E2_FIXED_PROGRESSIVE",loading,,,,,1,TRUE,900.000,950.000,551.644775,551.694763,1920,1046,"ObjectSlot1-4",1,1,"video_relative_to_screen_recording_start",36.078785,515565.969,515615.969,1,36.078785,"1781266396475","../../../../../../Project/UE5/Gallery/Saved/ScreenRecordings/A017_2_20260612_201316_screen.mkv",515565.969,515615.969,515590.969,"1781266912040","1781266912090","2026-06-12T20:21:52.039+08:00","2026-06-12T20:21:52.089+08:00",550.744751,EXP2,"exp2_table",4,1,"1:4|2:1|3:2|4:3"
"exp2_target_object","实验二当前目标模型_头顶","Exp2_004_exp2_target_object_0038","video_relative_to_recording_start",rectangle,0,310,562,968,,,,"A017_2","Exp2_004","E2_FIXED_PROGRESSIVE",loading,,,,,1,TRUE,900.000,950.000,551.644775,551.694763,1920,1046,"ObjectSlot1",1,1,"video_relative_to_screen_recording_start",36.078785,515565.969,515615.969,1,36.078785,"1781266396475","../../../../../../Project/UE5/Gallery/Saved/ScreenRecordings/A017_2_20260612_201316_screen.mkv",515565.969,515615.969,515590.969,"1781266912040","1781266912090","2026-06-12T20:21:52.039+08:00","2026-06-12T20:21:52.089+08:00",550.744751,EXP2,"exp2_target",4,1,"1:4|2:1|3:2|4:3"
"exp2_table_objects","实验二桌面四模型总体区域","Exp2_004_exp2_table_objects_0039","video_relative_to_recording_start",rectangle,0,270,1919,1045,,,,"A017_2","Exp2_004","E2_FIXED_PROGRESSIVE",loading,,,,,1,TRUE,950.000,1000.000,551.694763,551.744751,1920,1046,"ObjectSlot1-4",1,1,"video_relative_to_screen_recording_start",36.078785,515615.969,515665.969,1,36.078785,"1781266396475","../../../../../../Project/UE5/Gallery/Saved/ScreenRecordings/A017_2_20260612_201316_screen.mkv",515615.969,515665.969,515640.969,"1781266912090","1781266912140","2026-06-12T20:21:52.089+08:00","2026-06-12T20:21:52.139+08:00",550.744751,EXP2,"exp2_table",4,1,"1:4|2:1|3:2|4:3"
"exp2_target_object","实验二当前目标模型_头顶","Exp2_004_exp2_target_object_0040","video_relative_to_recording_start",rectangle,0,310,562,968,,,,"A017_2","Exp2_004","E2_FIXED_PROGRESSIVE",loading,,,,,1,TRUE,950.000,1000.000,551.694763,551.744751,1920,1046,"ObjectSlot1",1,1,"video_relative_to_screen_recording_start",36.078785,515615.969,515665.969,1,36.078785,"1781266396475","../../../../../../Project/UE5/Gallery/Saved/ScreenRecordings/A017_2_20260612_201316_screen.mkv",515615.969,515665.969,515640.969,"1781266912090","1781266912140","2026-06-12T20:21:52.089+08:00","2026-06-12T20:21:52.139+08:00",550.744751,EXP2,"exp2_target",4,1,"1:4|2:1|3:2|4:3"
"exp2_table_objects","实验二桌面四模型总体区域","Exp2_004_exp2_table_objects_0041","video_relative_to_recording_start",rectangle,0,270,1919,1045,,,,"A017_2","Exp2_004","E2_FIXED_PROGRESSIVE",loading,,,,,1,TRUE,1000.000,1050.000,551.744751,551.794739,1920,1046,"ObjectSlot1-4",1,1,"video_relative_to_screen_recording_start",36.078785,515665.969,515715.938,1,36.078785,"1781266396475","../../../../../../Project/UE5/Gallery/Saved/ScreenRecordings/A017_2_20260612_201316_screen.mkv",515665.969,515715.938,515690.938,"1781266912140","1781266912190","2026-06-12T20:21:52.139+08:00","2026-06-12T20:21:52.189+08:00",550.744751,EXP2,"exp2_table",4,1,"1:4|2:1|3:2|4:3"
"exp2_target_object","实验二当前目标模型_头顶","Exp2_004_exp2_target_object_0042","video_relative_to_recording_start",rectangle,0,310,562,968,,,,"A017_2","Exp2_004","E2_FIXED_PROGRESSIVE",loading,,,,,1,TRUE,1000.000,1050.000,551.744751,551.794739,1920,1046,"ObjectSlot1",1,1,"video_relative_to_screen_recording_start",36.078785,515665.969,515715.938,1,36.078785,"1781266396475","../../../../../../Project/UE5/Gallery/Saved/ScreenRecordings/A017_2_20260612_201316_screen.mkv",515665.969,515715.938,515690.938,"1781266912140","1781266912190","2026-06-12T20:21:52.139+08:00","2026-06-12T20:21:52.189+08:00",550.744751,EXP2,"exp2_target",4,1,"1:4|2:1|3:2|4:3"
"exp2_table_objects","实验二桌面四模型总体区域","Exp2_004_exp2_table_objects_0043","video_relative_to_recording_start",rectangle,0,270,1919,1045,,,,"A017_2","Exp2_004","E2_FIXED_PROGRESSIVE",loading,,,,,1,TRUE,1050.000,1100.000,551.794739,551.844727,1920,1046,"ObjectSlot1-4",1,1,"video_relative_to_screen_recording_start",36.078785,515715.938,515765.938,1,36.078785,"1781266396475","../../../../../../Project/UE5/Gallery/Saved/ScreenRecordings/A017_2_20260612_201316_screen.mkv",515715.938,515765.938,515740.938,"1781266912190","1781266912240","2026-06-12T20:21:52.189+08:00","2026-06-12T20:21:52.239+08:00",550.744751,EXP2,"exp2_table",4,1,"1:4|2:1|3:2|4:3"
"exp2_target_object","实验二当前目标模型_头顶","Exp2_004_exp2_target_object_0044","video_relative_to_recording_start",rectangle,0,310,562,968,,,,"A017_2","Exp2_004","E2_FIXED_PROGRESSIVE",loading,,,,,1,TRUE,1050.000,1100.000,551.794739,551.844727,1920,1046,"ObjectSlot1",1,1,"video_relative_to_screen_recording_start",36.078785,515715.938,515765.938,1,36.078785,"1781266396475","../../../../../../Project/UE5/Gallery/Saved/ScreenRecordings/A017_2_20260612_201316_screen.mkv",515715.938,515765.938,515740.938,"1781266912190","1781266912240","2026-06-12T20:21:52.189+08:00","2026-06-12T20:21:52.239+08:00",550.744751,EXP2,"exp2_target",4,1,"1:4|2:1|3:2|4:3"
"exp2_table_objects","实验二桌面四模型总体区域","Exp2_004_exp2_table_objects_0045","video_relative_to_recording_start",rectangle,0,270,1919,1045,,,,"A017_2","Exp2_004","E2_FIXED_PROGRESSIVE",loading,,,,,1,TRUE,1100.000,1150.000,551.844727,551.894775,1920,1046,"ObjectSlot1-4",1,1,"video_relative_to_screen_recording_start",36.078785,515765.938,515815.969,1,36.078785,"1781266396475","../../../../../../Project/UE5/Gallery/Saved/ScreenRecordings/A017_2_20260612_201316_screen.mkv",515765.938,515815.969,515790.938,"1781266912240","1781266912290","2026-06-12T20:21:52.239+08:00","2026-06-12T20:21:52.289+08:00",550.744751,EXP2,"exp2_table",4,1,"1:4|2:1|3:2|4:3"
"exp2_target_object","实验二当前目标模型_头顶","Exp2_004_exp2_target_object_0046","video_relative_to_recording_start",rectangle,0,310,562,968,,,,"A017_2","Exp2_004","E2_FIXED_PROGRESSIVE",loading,,,,,1,TRUE,1100.000,1150.000,551.844727,551.894775,1920,1046,"ObjectSlot1",1,1,"video_relative_to_screen_recording_start",36.078785,515765.938,515815.969,1,36.078785,"1781266396475","../../../../../../Project/UE5/Gallery/Saved/ScreenRecordings/A017_2_20260612_201316_screen.mkv",515765.938,515815.969,515790.938,"1781266912240","1781266912290","2026-06-12T20:21:52.239+08:00","2026-06-12T20:21:52.289+08:00",550.744751,EXP2,"exp2_target",4,1,"1:4|2:1|3:2|4:3"
"exp2_table_objects","实验二桌面四模型总体区域","Exp2_004_exp2_table_objects_0047","video_relative_to_recording_start",rectangle,0,270,1919,1045,,,,"A017_2","Exp2_004","E2_FIXED_PROGRESSIVE",loading,,,,,1,TRUE,1150.000,1200.000,551.894775,551.944763,1920,1046,"ObjectSlot1-4",1,1,"video_relative_to_screen_recording_start",36.078785,515815.969,515865.969,1,36.078785,"1781266396475","../../../../../../Project/UE5/Gallery/Saved/ScreenRecordings/A017_2_20260612_201316_screen.mkv",515815.969,515865.969,515840.969,"1781266912290","1781266912340","2026-06-12T20:21:52.289+08:00","2026-06-12T20:21:52.339+08:00",550.744751,EXP2,"exp2_table",4,1,"1:4|2:1|3:2|4:3"
"exp2_target_object","实验二当前目标模型_头顶","Exp2_004_exp2_target_object_0048","video_relative_to_recording_start",rectangle,0,310,562,968,,,,"A017_2","Exp2_004","E2_FIXED_PROGRESSIVE",loading,,,,,1,TRUE,1150.000,1200.000,551.894775,551.944763,1920,1046,"ObjectSlot1",1,1,"video_relative_to_screen_recording_start",36.078785,515815.969,515865.969,1,36.078785,"1781266396475","../../../../../../Project/UE5/Gallery/Saved/ScreenRecordings/A017_2_20260612_201316_screen.mkv",515815.969,515865.969,515840.969,"1781266912290","1781266912340","2026-06-12T20:21:52.289+08:00","2026-06-12T20:21:52.339+08:00",550.744751,EXP2,"exp2_target",4,1,"1:4|2:1|3:2|4:3"
"exp2_table_objects","实验二桌面四模型总体区域","Exp2_004_exp2_table_objects_0049","video_relative_to_recording_start",rectangle,0,270,1919,1045,,,,"A017_2","Exp2_004","E2_FIXED_PROGRESSIVE",loading,,,,,1,TRUE,1200.000,1250.000,551.944763,551.994751,1920,1046,"ObjectSlot1-4",1,1,"video_relative_to_screen_recording_start",36.078785,515865.969,515915.969,1,36.078785,"1781266396475","../../../../../../Project/UE5/Gallery/Saved/ScreenRecordings/A017_2_20260612_201316_screen.mkv",515865.969,515915.969,515890.969,"1781266912340","1781266912390","2026-06-12T20:21:52.339+08:00","2026-06-12T20:21:52.389+08:00",550.744751,EXP2,"exp2_table",4,1,"1:4|2:1|3:2|4:3"
"exp2_target_object","实验二当前目标模型_头顶","Exp2_004_exp2_target_object_0050","video_relative_to_recording_start",rectangle,0,310,562,968,,,,"A017_2","Exp2_004","E2_FIXED_PROGRESSIVE",loading,,,,,1,TRUE,1200.000,1250.000,551.944763,551.994751,1920,1046,"ObjectSlot1",1,1,"video_relative_to_screen_recording_start",36.078785,515865.969,515915.969,1,36.078785,"1781266396475","../../../../../../Project/UE5/Gallery/Saved/ScreenRecordings/A017_2_20260612_201316_screen.mkv",515865.969,515915.969,515890.969,"1781266912340","1781266912390","2026-06-12T20:21:52.339+08:00","2026-06-12T20:21:52.389+08:00",550.744751,EXP2,"exp2_target",4,1,"1:4|2:1|3:2|4:3"
"exp2_table_objects","实验二桌面四模型总体区域","Exp2_004_exp2_table_objects_0051","video_relative_to_recording_start",rectangle,0,270,1919,1045,,,,"A017_2","Exp2_004","E2_FIXED_PROGRESSIVE",loading,,,,,1,TRUE,1250.000,1300.000,551.994751,552.044739,1920,1046,"ObjectSlot1-4",1,1,"video_relative_to_screen_recording_start",36.078785,515915.969,515965.938,1,36.078785,"1781266396475","../../../../../../Project/UE5/Gallery/Saved/ScreenRecordings/A017_2_20260612_201316_screen.mkv",515915.969,515965.938,515940.938,"1781266912390","1781266912440","2026-06-12T20:21:52.389+08:00","2026-06-12T20:21:52.439+08:00",550.744751,EXP2,"exp2_table",4,1,"1:4|2:1|3:2|4:3"
"exp2_target_object","实验二当前目标模型_头顶","Exp2_004_exp2_target_object_0052","video_relative_to_recording_start",rectangle,0,310,562,968,,,,"A017_2","Exp2_004","E2_FIXED_PROGRESSIVE",loading,,,,,1,TRUE,1250.000,1300.000,551.994751,552.044739,1920,1046,"ObjectSlot1",1,1,"video_relative_to_screen_recording_start",36.078785,515915.969,515965.938,1,36.078785,"1781266396475","../../../../../../Project/UE5/Gallery/Saved/ScreenRecordings/A017_2_20260612_201316_screen.mkv",515915.969,515965.938,515940.938,"1781266912390","1781266912440","2026-06-12T20:21:52.389+08:00","2026-06-12T20:21:52.439+08:00",550.744751,EXP2,"exp2_target",4,1,"1:4|2:1|3:2|4:3"
"exp2_table_objects","实验二桌面四模型总体区域","Exp2_004_exp2_table_objects_0053","video_relative_to_recording_start",rectangle,0,270,1919,1045,,,,"A017_2","Exp2_004","E2_FIXED_PROGRESSIVE",loading,,,,,1,TRUE,1300.000,1350.000,552.044739,552.094727,1920,1046,"ObjectSlot1-4",1,1,"video_relative_to_screen_recording_start",36.078785,515965.938,516015.938,1,36.078785,"1781266396475","../../../../../../Project/UE5/Gallery/Saved/ScreenRecordings/A017_2_20260612_201316_screen.mkv",515965.938,516015.938,515990.938,"1781266912440","1781266912490","2026-06-12T20:21:52.439+08:00","2026-06-12T20:21:52.489+08:00",550.744751,EXP2,"exp2_table",4,1,"1:4|2:1|3:2|4:3"
"exp2_target_object","实验二当前目标模型_头顶","Exp2_004_exp2_target_object_0054","video_relative_to_recording_start",rectangle,0,310,562,968,,,,"A017_2","Exp2_004","E2_FIXED_PROGRESSIVE",loading,,,,,1,TRUE,1300.000,1350.000,552.044739,552.094727,1920,1046,"ObjectSlot1",1,1,"video_relative_to_screen_recording_start",36.078785,515965.938,516015.938,1,36.078785,"1781266396475","../../../../../../Project/UE5/Gallery/Saved/ScreenRecordings/A017_2_20260612_201316_screen.mkv",515965.938,516015.938,515990.938,"1781266912440","1781266912490","2026-06-12T20:21:52.439+08:00","2026-06-12T20:21:52.489+08:00",550.744751,EXP2,"exp2_target",4,1,"1:4|2:1|3:2|4:3"
"exp2_table_objects","实验二桌面四模型总体区域","Exp2_004_exp2_table_objects_0055","video_relative_to_recording_start",rectangle,0,270,1919,1045,,,,"A017_2","Exp2_004","E2_FIXED_PROGRESSIVE",loading,,,,,1,TRUE,1350.000,1400.000,552.094727,552.144775,1920,1046,"ObjectSlot1-4",1,1,"video_relative_to_screen_recording_start",36.078785,516015.938,516065.969,1,36.078785,"1781266396475","../../../../../../Project/UE5/Gallery/Saved/ScreenRecordings/A017_2_20260612_201316_screen.mkv",516015.938,516065.969,516040.938,"1781266912490","1781266912540","2026-06-12T20:21:52.489+08:00","2026-06-12T20:21:52.539+08:00",550.744751,EXP2,"exp2_table",4,1,"1:4|2:1|3:2|4:3"
"exp2_target_object","实验二当前目标模型_头顶","Exp2_004_exp2_target_object_0056","video_relative_to_recording_start",rectangle,0,310,562,968,,,,"A017_2","Exp2_004","E2_FIXED_PROGRESSIVE",loading,,,,,1,TRUE,1350.000,1400.000,552.094727,552.144775,1920,1046,"ObjectSlot1",1,1,"video_relative_to_screen_recording_start",36.078785,516015.938,516065.969,1,36.078785,"1781266396475","../../../../../../Project/UE5/Gallery/Saved/ScreenRecordings/A017_2_20260612_201316_screen.mkv",516015.938,516065.969,516040.938,"1781266912490","1781266912540","2026-06-12T20:21:52.489+08:00","2026-06-12T20:21:52.539+08:00",550.744751,EXP2,"exp2_target",4,1,"1:4|2:1|3:2|4:3"
"exp2_table_objects","实验二桌面四模型总体区域","Exp2_004_exp2_table_objects_0057","video_relative_to_recording_start",rectangle,0,270,1919,1045,,,,"A017_2","Exp2_004","E2_FIXED_PROGRESSIVE",loading,,,,,1,TRUE,1400.000,1450.000,552.144775,552.194763,1920,1046,"ObjectSlot1-4",1,1,"video_relative_to_screen_recording_start",36.078785,516065.969,516115.969,1,36.078785,"1781266396475","../../../../../../Project/UE5/Gallery/Saved/ScreenRecordings/A017_2_20260612_201316_screen.mkv",516065.969,516115.969,516090.969,"1781266912540","1781266912590","2026-06-12T20:21:52.539+08:00","2026-06-12T20:21:52.589+08:00",550.744751,EXP2,"exp2_table",4,1,"1:4|2:1|3:2|4:3"
"exp2_target_object","实验二当前目标模型_头顶","Exp2_004_exp2_target_object_0058","video_relative_to_recording_start",rectangle,0,310,562,968,,,,"A017_2","Exp2_004","E2_FIXED_PROGRESSIVE",loading,,,,,1,TRUE,1400.000,1450.000,552.144775,552.194763,1920,1046,"ObjectSlot1",1,1,"video_relative_to_screen_recording_start",36.078785,516065.969,516115.969,1,36.078785,"1781266396475","../../../../../../Project/UE5/Gallery/Saved/ScreenRecordings/A017_2_20260612_201316_screen.mkv",516065.969,516115.969,516090.969,"1781266912540","1781266912590","2026-06-12T20:21:52.539+08:00","2026-06-12T20:21:52.589+08:00",550.744751,EXP2,"exp2_target",4,1,"1:4|2:1|3:2|4:3"
"exp2_table_objects","实验二桌面四模型总体区域","Exp2_004_exp2_table_objects_0059","video_relative_to_recording_start",rectangle,0,270,1919,1045,,,,"A017_2","Exp2_004","E2_FIXED_PROGRESSIVE",loading,,,,,1,TRUE,1450.000,1500.000,552.194763,552.244751,1920,1046,"ObjectSlot1-4",1,1,"video_relative_to_screen_recording_start",36.078785,516115.969,516165.969,1,36.078785,"1781266396475","../../../../../../Project/UE5/Gallery/Saved/ScreenRecordings/A017_2_20260612_201316_screen.mkv",516115.969,516165.969,516140.969,"1781266912590","1781266912640","2026-06-12T20:21:52.589+08:00","2026-06-12T20:21:52.639+08:00",550.744751,EXP2,"exp2_table",4,1,"1:4|2:1|3:2|4:3"
"exp2_target_object","实验二当前目标模型_头顶","Exp2_004_exp2_target_object_0060","video_relative_to_recording_start",rectangle,0,310,562,968,,,,"A017_2","Exp2_004","E2_FIXED_PROGRESSIVE",loading,,,,,1,TRUE,1450.000,1500.000,552.194763,552.244751,1920,1046,"ObjectSlot1",1,1,"video_relative_to_screen_recording_start",36.078785,516115.969,516165.969,1,36.078785,"1781266396475","../../../../../../Project/UE5/Gallery/Saved/ScreenRecordings/A017_2_20260612_201316_screen.mkv",516115.969,516165.969,516140.969,"1781266912590","1781266912640","2026-06-12T20:21:52.589+08:00","2026-06-12T20:21:52.639+08:00",550.744751,EXP2,"exp2_target",4,1,"1:4|2:1|3:2|4:3"
"exp2_table_objects","实验二桌面四模型总体区域","Exp2_004_exp2_table_objects_0061","video_relative_to_recording_start",rectangle,0,270,1919,1045,,,,"A017_2","Exp2_004","E2_FIXED_PROGRESSIVE",loading,,,,,1,TRUE,1500.000,1550.000,552.244751,552.294739,1920,1046,"ObjectSlot1-4",1,1,"video_relative_to_screen_recording_start",36.078785,516165.969,516215.938,1,36.078785,"1781266396475","../../../../../../Project/UE5/Gallery/Saved/ScreenRecordings/A017_2_20260612_201316_screen.mkv",516165.969,516215.938,516190.938,"1781266912640","1781266912690","2026-06-12T20:21:52.639+08:00","2026-06-12T20:21:52.689+08:00",550.744751,EXP2,"exp2_table",4,1,"1:4|2:1|3:2|4:3"
"exp2_target_object","实验二当前目标模型_头顶","Exp2_004_exp2_target_object_0062","video_relative_to_recording_start",rectangle,0,310,562,968,,,,"A017_2","Exp2_004","E2_FIXED_PROGRESSIVE",loading,,,,,1,TRUE,1500.000,1550.000,552.244751,552.294739,1920,1046,"ObjectSlot1",1,1,"video_relative_to_screen_recording_start",36.078785,516165.969,516215.938,1,36.078785,"1781266396475","../../../../../../Project/UE5/Gallery/Saved/ScreenRecordings/A017_2_20260612_201316_screen.mkv",516165.969,516215.938,516190.938,"1781266912640","1781266912690","2026-06-12T20:21:52.639+08:00","2026-06-12T20:21:52.689+08:00",550.744751,EXP2,"exp2_target",4,1,"1:4|2:1|3:2|4:3"
"exp2_table_objects","实验二桌面四模型总体区域","Exp2_004_exp2_table_objects_0063","video_relative_to_recording_start",rectangle,0,270,1919,1045,,,,"A017_2","Exp2_004","E2_FIXED_PROGRESSIVE",loading,,,,,1,TRUE,1550.000,1600.000,552.294739,552.344727,1920,1046,"ObjectSlot1-4",1,1,"video_relative_to_screen_recording_start",36.078785,516215.938,516265.938,1,36.078785,"1781266396475","../../../../../../Project/UE5/Gallery/Saved/ScreenRecordings/A017_2_20260612_201316_screen.mkv",516215.938,516265.938,516240.938,"1781266912690","1781266912740","2026-06-12T20:21:52.689+08:00","2026-06-12T20:21:52.739+08:00",550.744751,EXP2,"exp2_table",4,1,"1:4|2:1|3:2|4:3"
"exp2_target_object","实验二当前目标模型_头顶","Exp2_004_exp2_target_object_0064","video_relative_to_recording_start",rectangle,0,310,562,968,,,,"A017_2","Exp2_004","E2_FIXED_PROGRESSIVE",loading,,,,,1,TRUE,1550.000,1600.000,552.294739,552.344727,1920,1046,"ObjectSlot1",1,1,"video_relative_to_screen_recording_start",36.078785,516215.938,516265.938,1,36.078785,"1781266396475","../../../../../../Project/UE5/Gallery/Saved/ScreenRecordings/A017_2_20260612_201316_screen.mkv",516215.938,516265.938,516240.938,"1781266912690","1781266912740","2026-06-12T20:21:52.689+08:00","2026-06-12T20:21:52.739+08:00",550.744751,EXP2,"exp2_target",4,1,"1:4|2:1|3:2|4:3"
"exp2_table_objects","实验二桌面四模型总体区域","Exp2_004_exp2_table_objects_0065","video_relative_to_recording_start",rectangle,0,270,1919,1045,,,,"A017_2","Exp2_004","E2_FIXED_PROGRESSIVE",loading,,,,,1,TRUE,1600.000,1650.000,552.344727,552.394775,1920,1046,"ObjectSlot1-4",1,1,"video_relative_to_screen_recording_start",36.078785,516265.938,516315.969,1,36.078785,"1781266396475","../../../../../../Project/UE5/Gallery/Saved/ScreenRecordings/A017_2_20260612_201316_screen.mkv",516265.938,516315.969,516290.938,"1781266912740","1781266912790","2026-06-12T20:21:52.739+08:00","2026-06-12T20:21:52.789+08:00",550.744751,EXP2,"exp2_table",4,1,"1:4|2:1|3:2|4:3"
"exp2_target_object","实验二当前目标模型_头顶","Exp2_004_exp2_target_object_0066","video_relative_to_recording_start",rectangle,0,310,562,968,,,,"A017_2","Exp2_004","E2_FIXED_PROGRESSIVE",loading,,,,,1,TRUE,1600.000,1650.000,552.344727,552.394775,1920,1046,"ObjectSlot1",1,1,"video_relative_to_screen_recording_start",36.078785,516265.938,516315.969,1,36.078785,"1781266396475","../../../../../../Project/UE5/Gallery/Saved/ScreenRecordings/A017_2_20260612_201316_screen.mkv",516265.938,516315.969,516290.938,"1781266912740","1781266912790","2026-06-12T20:21:52.739+08:00","2026-06-12T20:21:52.789+08:00",550.744751,EXP2,"exp2_target",4,1,"1:4|2:1|3:2|4:3"
"exp2_table_objects","实验二桌面四模型总体区域","Exp2_004_exp2_table_objects_0067","video_relative_to_recording_start",rectangle,0,270,1919,1045,,,,"A017_2","Exp2_004","E2_FIXED_PROGRESSIVE",loading,,,,,1,TRUE,1650.000,1700.000,552.394775,552.444763,1920,1046,"ObjectSlot1-4",1,1,"video_relative_to_screen_recording_start",36.078785,516315.969,516365.969,1,36.078785,"1781266396475","../../../../../../Project/UE5/Gallery/Saved/ScreenRecordings/A017_2_20260612_201316_screen.mkv",516315.969,516365.969,516340.969,"1781266912790","1781266912840","2026-06-12T20:21:52.789+08:00","2026-06-12T20:21:52.839+08:00",550.744751,EXP2,"exp2_table",4,1,"1:4|2:1|3:2|4:3"
"exp2_target_object","实验二当前目标模型_头顶","Exp2_004_exp2_target_object_0068","video_relative_to_recording_start",rectangle,0,310,562,968,,,,"A017_2","Exp2_004","E2_FIXED_PROGRESSIVE",loading,,,,,1,TRUE,1650.000,1700.000,552.394775,552.444763,1920,1046,"ObjectSlot1",1,1,"video_relative_to_screen_recording_start",36.078785,516315.969,516365.969,1,36.078785,"1781266396475","../../../../../../Project/UE5/Gallery/Saved/ScreenRecordings/A017_2_20260612_201316_screen.mkv",516315.969,516365.969,516340.969,"1781266912790","1781266912840","2026-06-12T20:21:52.789+08:00","2026-06-12T20:21:52.839+08:00",550.744751,EXP2,"exp2_target",4,1,"1:4|2:1|3:2|4:3"
"exp2_table_objects","实验二桌面四模型总体区域","Exp2_004_exp2_table_objects_0069","video_relative_to_recording_start",rectangle,0,270,1919,1045,,,,"A017_2","Exp2_004","E2_FIXED_PROGRESSIVE",loading,,,,,1,TRUE,1700.000,1750.000,552.444763,552.494751,1920,1046,"ObjectSlot1-4",1,1,"video_relative_to_screen_recording_start",36.078785,516365.969,516415.969,1,36.078785,"1781266396475","../../../../../../Project/UE5/Gallery/Saved/ScreenRecordings/A017_2_20260612_201316_screen.mkv",516365.969,516415.969,516390.969,"1781266912840","1781266912890","2026-06-12T20:21:52.839+08:00","2026-06-12T20:21:52.889+08:00",550.744751,EXP2,"exp2_table",4,1,"1:4|2:1|3:2|4:3"
"exp2_target_object","实验二当前目标模型_头顶","Exp2_004_exp2_target_object_0070","video_relative_to_recording_start",rectangle,0,310,562,968,,,,"A017_2","Exp2_004","E2_FIXED_PROGRESSIVE",loading,,,,,1,TRUE,1700.000,1750.000,552.444763,552.494751,1920,1046,"ObjectSlot1",1,1,"video_relative_to_screen_recording_start",36.078785,516365.969,516415.969,1,36.078785,"1781266396475","../../../../../../Project/UE5/Gallery/Saved/ScreenRecordings/A017_2_20260612_201316_screen.mkv",516365.969,516415.969,516390.969,"1781266912840","1781266912890","2026-06-12T20:21:52.839+08:00","2026-06-12T20:21:52.889+08:00",550.744751,EXP2,"exp2_target",4,1,"1:4|2:1|3:2|4:3"
"exp2_table_objects","实验二桌面四模型总体区域","Exp2_004_exp2_table_objects_0071","video_relative_to_recording_start",rectangle,0,270,1919,1045,,,,"A017_2","Exp2_004","E2_FIXED_PROGRESSIVE",loading,,,,,1,TRUE,1750.000,1800.000,552.494751,552.544739,1920,1046,"ObjectSlot1-4",1,1,"video_relative_to_screen_recording_start",36.078785,516415.969,516465.938,1,36.078785,"1781266396475","../../../../../../Project/UE5/Gallery/Saved/ScreenRecordings/A017_2_20260612_201316_screen.mkv",516415.969,516465.938,516440.938,"1781266912890","1781266912940","2026-06-12T20:21:52.889+08:00","2026-06-12T20:21:52.939+08:00",550.744751,EXP2,"exp2_table",4,1,"1:4|2:1|3:2|4:3"
"exp2_target_object","实验二当前目标模型_头顶","Exp2_004_exp2_target_object_0072","video_relative_to_recording_start",rectangle,0,310,562,968,,,,"A017_2","Exp2_004","E2_FIXED_PROGRESSIVE",loading,,,,,1,TRUE,1750.000,1800.000,552.494751,552.544739,1920,1046,"ObjectSlot1",1,1,"video_relative_to_screen_recording_start",36.078785,516415.969,516465.938,1,36.078785,"1781266396475","../../../../../../Project/UE5/Gallery/Saved/ScreenRecordings/A017_2_20260612_201316_screen.mkv",516415.969,516465.938,516440.938,"1781266912890","1781266912940","2026-06-12T20:21:52.889+08:00","2026-06-12T20:21:52.939+08:00",550.744751,EXP2,"exp2_target",4,1,"1:4|2:1|3:2|4:3"
"exp2_table_objects","实验二桌面四模型总体区域","Exp2_004_exp2_table_objects_0073","video_relative_to_recording_start",rectangle,0,270,1919,1045,,,,"A017_2","Exp2_004","E2_FIXED_PROGRESSIVE",loading,,,,,1,TRUE,1800.000,1850.000,552.544739,552.594727,1920,1046,"ObjectSlot1-4",1,1,"video_relative_to_screen_recording_start",36.078785,516465.938,516515.938,1,36.078785,"1781266396475","../../../../../../Project/UE5/Gallery/Saved/ScreenRecordings/A017_2_20260612_201316_screen.mkv",516465.938,516515.938,516490.938,"1781266912940","1781266912990","2026-06-12T20:21:52.939+08:00","2026-06-12T20:21:52.989+08:00",550.744751,EXP2,"exp2_table",4,1,"1:4|2:1|3:2|4:3"
"exp2_target_object","实验二当前目标模型_头顶","Exp2_004_exp2_target_object_0074","video_relative_to_recording_start",rectangle,0,310,562,968,,,,"A017_2","Exp2_004","E2_FIXED_PROGRESSIVE",loading,,,,,1,TRUE,1800.000,1850.000,552.544739,552.594727,1920,1046,"ObjectSlot1",1,1,"video_relative_to_screen_recording_start",36.078785,516465.938,516515.938,1,36.078785,"1781266396475","../../../../../../Project/UE5/Gallery/Saved/ScreenRecordings/A017_2_20260612_201316_screen.mkv",516465.938,516515.938,516490.938,"1781266912940","1781266912990","2026-06-12T20:21:52.939+08:00","2026-06-12T20:21:52.989+08:00",550.744751,EXP2,"exp2_target",4,1,"1:4|2:1|3:2|4:3"
"exp2_table_objects","实验二桌面四模型总体区域","Exp2_004_exp2_table_objects_0075","video_relative_to_recording_start",rectangle,0,270,1919,1045,,,,"A017_2","Exp2_004","E2_FIXED_PROGRESSIVE",loading,,,,,1,TRUE,1850.000,1900.000,552.594727,552.644775,1920,1046,"ObjectSlot1-4",1,1,"video_relative_to_screen_recording_start",36.078785,516515.938,516565.969,1,36.078785,"1781266396475","../../../../../../Project/UE5/Gallery/Saved/ScreenRecordings/A017_2_20260612_201316_screen.mkv",516515.938,516565.969,516540.938,"1781266912990","1781266913040","2026-06-12T20:21:52.989+08:00","2026-06-12T20:21:53.039+08:00",550.744751,EXP2,"exp2_table",4,1,"1:4|2:1|3:2|4:3"
"exp2_target_object","实验二当前目标模型_头顶","Exp2_004_exp2_target_object_0076","video_relative_to_recording_start",rectangle,0,310,562,968,,,,"A017_2","Exp2_004","E2_FIXED_PROGRESSIVE",loading,,,,,1,TRUE,1850.000,1900.000,552.594727,552.644775,1920,1046,"ObjectSlot1",1,1,"video_relative_to_screen_recording_start",36.078785,516515.938,516565.969,1,36.078785,"1781266396475","../../../../../../Project/UE5/Gallery/Saved/ScreenRecordings/A017_2_20260612_201316_screen.mkv",516515.938,516565.969,516540.938,"1781266912990","1781266913040","2026-06-12T20:21:52.989+08:00","2026-06-12T20:21:53.039+08:00",550.744751,EXP2,"exp2_target",4,1,"1:4|2:1|3:2|4:3"
"exp2_table_objects","实验二桌面四模型总体区域","Exp2_004_exp2_table_objects_0077","video_relative_to_recording_start",rectangle,0,270,1919,1045,,,,"A017_2","Exp2_004","E2_FIXED_PROGRESSIVE",loading,,,,,1,TRUE,1900.000,1950.000,552.644775,552.694763,1920,1046,"ObjectSlot1-4",1,1,"video_relative_to_screen_recording_start",36.078785,516565.969,516615.969,1,36.078785,"1781266396475","../../../../../../Project/UE5/Gallery/Saved/ScreenRecordings/A017_2_20260612_201316_screen.mkv",516565.969,516615.969,516590.969,"1781266913040","1781266913090","2026-06-12T20:21:53.039+08:00","2026-06-12T20:21:53.089+08:00",550.744751,EXP2,"exp2_table",4,1,"1:4|2:1|3:2|4:3"
"exp2_target_object","实验二当前目标模型_头顶","Exp2_004_exp2_target_object_0078","video_relative_to_recording_start",rectangle,0,310,562,968,,,,"A017_2","Exp2_004","E2_FIXED_PROGRESSIVE",loading,,,,,1,TRUE,1900.000,1950.000,552.644775,552.694763,1920,1046,"ObjectSlot1",1,1,"video_relative_to_screen_recording_start",36.078785,516565.969,516615.969,1,36.078785,"1781266396475","../../../../../../Project/UE5/Gallery/Saved/ScreenRecordings/A017_2_20260612_201316_screen.mkv",516565.969,516615.969,516590.969,"1781266913040","1781266913090","2026-06-12T20:21:53.039+08:00","2026-06-12T20:21:53.089+08:00",550.744751,EXP2,"exp2_target",4,1,"1:4|2:1|3:2|4:3"
"exp2_table_objects","实验二桌面四模型总体区域","Exp2_004_exp2_table_objects_0079","video_relative_to_recording_start",rectangle,0,270,1919,1045,,,,"A017_2","Exp2_004","E2_FIXED_PROGRESSIVE",loading,,,,,1,TRUE,1950.000,2000.000,552.694763,552.744751,1920,1046,"ObjectSlot1-4",1,1,"video_relative_to_screen_recording_start",36.078785,516615.969,516665.969,1,36.078785,"1781266396475","../../../../../../Project/UE5/Gallery/Saved/ScreenRecordings/A017_2_20260612_201316_screen.mkv",516615.969,516665.969,516640.969,"1781266913090","1781266913140","2026-06-12T20:21:53.089+08:00","2026-06-12T20:21:53.139+08:00",550.744751,EXP2,"exp2_table",4,1,"1:4|2:1|3:2|4:3"
"exp2_target_object","实验二当前目标模型_头顶","Exp2_004_exp2_target_object_0080","video_relative_to_recording_start",rectangle,0,310,562,968,,,,"A017_2","Exp2_004","E2_FIXED_PROGRESSIVE",loading,,,,,1,TRUE,1950.000,2000.000,552.694763,552.744751,1920,1046,"ObjectSlot1",1,1,"video_relative_to_screen_recording_start",36.078785,516615.969,516665.969,1,36.078785,"1781266396475","../../../../../../Project/UE5/Gallery/Saved/ScreenRecordings/A017_2_20260612_201316_screen.mkv",516615.969,516665.969,516640.969,"1781266913090","1781266913140","2026-06-12T20:21:53.089+08:00","2026-06-12T20:21:53.139+08:00",550.744751,EXP2,"exp2_target",4,1,"1:4|2:1|3:2|4:3"
"exp2_table_objects","实验二桌面四模型总体区域","Exp2_004_exp2_table_objects_0081","video_relative_to_recording_start",rectangle,0,270,1919,1045,,,,"A017_2","Exp2_004","E2_FIXED_PROGRESSIVE",loading,,,,,1,TRUE,2000.000,2050.000,552.744751,552.794739,1920,1046,"ObjectSlot1-4",1,1,"video_relative_to_screen_recording_start",36.078785,516665.969,516715.938,1,36.078785,"1781266396475","../../../../../../Project/UE5/Gallery/Saved/ScreenRecordings/A017_2_20260612_201316_screen.mkv",516665.969,516715.938,516690.938,"1781266913140","1781266913190","2026-06-12T20:21:53.139+08:00","2026-06-12T20:21:53.189+08:00",550.744751,EXP2,"exp2_table",4,1,"1:4|2:1|3:2|4:3"
"exp2_target_object","实验二当前目标模型_头顶","Exp2_004_exp2_target_object_0082","video_relative_to_recording_start",rectangle,0,310,562,968,,,,"A017_2","Exp2_004","E2_FIXED_PROGRESSIVE",loading,,,,,1,TRUE,2000.000,2050.000,552.744751,552.794739,1920,1046,"ObjectSlot1",1,1,"video_relative_to_screen_recording_start",36.078785,516665.969,516715.938,1,36.078785,"1781266396475","../../../../../../Project/UE5/Gallery/Saved/ScreenRecordings/A017_2_20260612_201316_screen.mkv",516665.969,516715.938,516690.938,"1781266913140","1781266913190","2026-06-12T20:21:53.139+08:00","2026-06-12T20:21:53.189+08:00",550.744751,EXP2,"exp2_target",4,1,"1:4|2:1|3:2|4:3"
"exp2_table_objects","实验二桌面四模型总体区域","Exp2_004_exp2_table_objects_0083","video_relative_to_recording_start",rectangle,0,270,1919,1045,,,,"A017_2","Exp2_004","E2_FIXED_PROGRESSIVE",loading,,,,,1,TRUE,2050.000,2100.000,552.794739,552.844727,1920,1046,"ObjectSlot1-4",1,1,"video_relative_to_screen_recording_start",36.078785,516715.938,516765.938,1,36.078785,"1781266396475","../../../../../../Project/UE5/Gallery/Saved/ScreenRecordings/A017_2_20260612_201316_screen.mkv",516715.938,516765.938,516740.938,"1781266913190","1781266913240","2026-06-12T20:21:53.189+08:00","2026-06-12T20:21:53.239+08:00",550.744751,EXP2,"exp2_table",4,1,"1:4|2:1|3:2|4:3"
"exp2_target_object","实验二当前目标模型_头顶","Exp2_004_exp2_target_object_0084","video_relative_to_recording_start",rectangle,0,310,562,968,,,,"A017_2","Exp2_004","E2_FIXED_PROGRESSIVE",loading,,,,,1,TRUE,2050.000,2100.000,552.794739,552.844727,1920,1046,"ObjectSlot1",1,1,"video_relative_to_screen_recording_start",36.078785,516715.938,516765.938,1,36.078785,"1781266396475","../../../../../../Project/UE5/Gallery/Saved/ScreenRecordings/A017_2_20260612_201316_screen.mkv",516715.938,516765.938,516740.938,"1781266913190","1781266913240","2026-06-12T20:21:53.189+08:00","2026-06-12T20:21:53.239+08:00",550.744751,EXP2,"exp2_target",4,1,"1:4|2:1|3:2|4:3"
"exp2_table_objects","实验二桌面四模型总体区域","Exp2_004_exp2_table_objects_0085","video_relative_to_recording_start",rectangle,0,270,1919,1045,,,,"A017_2","Exp2_004","E2_FIXED_PROGRESSIVE",loading,,,,,1,TRUE,2100.000,2150.000,552.844727,552.894775,1920,1046,"ObjectSlot1-4",1,1,"video_relative_to_screen_recording_start",36.078785,516765.938,516815.969,1,36.078785,"1781266396475","../../../../../../Project/UE5/Gallery/Saved/ScreenRecordings/A017_2_20260612_201316_screen.mkv",516765.938,516815.969,516790.938,"1781266913240","1781266913290","2026-06-12T20:21:53.239+08:00","2026-06-12T20:21:53.289+08:00",550.744751,EXP2,"exp2_table",4,1,"1:4|2:1|3:2|4:3"
"exp2_target_object","实验二当前目标模型_头顶","Exp2_004_exp2_target_object_0086","video_relative_to_recording_start",rectangle,0,310,562,968,,,,"A017_2","Exp2_004","E2_FIXED_PROGRESSIVE",loading,,,,,1,TRUE,2100.000,2150.000,552.844727,552.894775,1920,1046,"ObjectSlot1",1,1,"video_relative_to_screen_recording_start",36.078785,516765.938,516815.969,1,36.078785,"1781266396475","../../../../../../Project/UE5/Gallery/Saved/ScreenRecordings/A017_2_20260612_201316_screen.mkv",516765.938,516815.969,516790.938,"1781266913240","1781266913290","2026-06-12T20:21:53.239+08:00","2026-06-12T20:21:53.289+08:00",550.744751,EXP2,"exp2_target",4,1,"1:4|2:1|3:2|4:3"
"exp2_table_objects","实验二桌面四模型总体区域","Exp2_004_exp2_table_objects_0087","video_relative_to_recording_start",rectangle,0,270,1919,1045,,,,"A017_2","Exp2_004","E2_FIXED_PROGRESSIVE",loading,,,,,1,TRUE,2150.000,2200.000,552.894775,552.944763,1920,1046,"ObjectSlot1-4",1,1,"video_relative_to_screen_recording_start",36.078785,516815.969,516865.969,1,36.078785,"1781266396475","../../../../../../Project/UE5/Gallery/Saved/ScreenRecordings/A017_2_20260612_201316_screen.mkv",516815.969,516865.969,516840.969,"1781266913290","1781266913340","2026-06-12T20:21:53.289+08:00","2026-06-12T20:21:53.339+08:00",550.744751,EXP2,"exp2_table",4,1,"1:4|2:1|3:2|4:3"
"exp2_target_object","实验二当前目标模型_头顶","Exp2_004_exp2_target_object_0088","video_relative_to_recording_start",rectangle,0,310,562,968,,,,"A017_2","Exp2_004","E2_FIXED_PROGRESSIVE",loading,,,,,1,TRUE,2150.000,2200.000,552.894775,552.944763,1920,1046,"ObjectSlot1",1,1,"video_relative_to_screen_recording_start",36.078785,516815.969,516865.969,1,36.078785,"1781266396475","../../../../../../Project/UE5/Gallery/Saved/ScreenRecordings/A017_2_20260612_201316_screen.mkv",516815.969,516865.969,516840.969,"1781266913290","1781266913340","2026-06-12T20:21:53.289+08:00","2026-06-12T20:21:53.339+08:00",550.744751,EXP2,"exp2_target",4,1,"1:4|2:1|3:2|4:3"
"exp2_table_objects","实验二桌面四模型总体区域","Exp2_004_exp2_table_objects_0089","video_relative_to_recording_start",rectangle,0,270,1919,1045,,,,"A017_2","Exp2_004","E2_FIXED_PROGRESSIVE",loading,,,,,1,TRUE,2200.000,2250.000,552.944763,552.994751,1920,1046,"ObjectSlot1-4",1,1,"video_relative_to_screen_recording_start",36.078785,516865.969,516915.969,1,36.078785,"1781266396475","../../../../../../Project/UE5/Gallery/Saved/ScreenRecordings/A017_2_20260612_201316_screen.mkv",516865.969,516915.969,516890.969,"1781266913340","1781266913390","2026-06-12T20:21:53.339+08:00","2026-06-12T20:21:53.389+08:00",550.744751,EXP2,"exp2_table",4,1,"1:4|2:1|3:2|4:3"
"exp2_target_object","实验二当前目标模型_头顶","Exp2_004_exp2_target_object_0090","video_relative_to_recording_start",rectangle,0,310,562,968,,,,"A017_2","Exp2_004","E2_FIXED_PROGRESSIVE",loading,,,,,1,TRUE,2200.000,2250.000,552.944763,552.994751,1920,1046,"ObjectSlot1",1,1,"video_relative_to_screen_recording_start",36.078785,516865.969,516915.969,1,36.078785,"1781266396475","../../../../../../Project/UE5/Gallery/Saved/ScreenRecordings/A017_2_20260612_201316_screen.mkv",516865.969,516915.969,516890.969,"1781266913340","1781266913390","2026-06-12T20:21:53.339+08:00","2026-06-12T20:21:53.389+08:00",550.744751,EXP2,"exp2_target",4,1,"1:4|2:1|3:2|4:3"
"exp2_table_objects","实验二桌面四模型总体区域","Exp2_004_exp2_table_objects_0091","video_relative_to_recording_start",rectangle,0,270,1919,1045,,,,"A017_2","Exp2_004","E2_FIXED_PROGRESSIVE",loading,,,,,1,TRUE,2250.000,2300.000,552.994751,553.044739,1920,1046,"ObjectSlot1-4",1,1,"video_relative_to_screen_recording_start",36.078785,516915.969,516965.938,1,36.078785,"1781266396475","../../../../../../Project/UE5/Gallery/Saved/ScreenRecordings/A017_2_20260612_201316_screen.mkv",516915.969,516965.938,516940.938,"1781266913390","1781266913440","2026-06-12T20:21:53.389+08:00","2026-06-12T20:21:53.439+08:00",550.744751,EXP2,"exp2_table",4,1,"1:4|2:1|3:2|4:3"
"exp2_target_object","实验二当前目标模型_头顶","Exp2_004_exp2_target_object_0092","video_relative_to_recording_start",rectangle,0,310,562,968,,,,"A017_2","Exp2_004","E2_FIXED_PROGRESSIVE",loading,,,,,1,TRUE,2250.000,2300.000,552.994751,553.044739,1920,1046,"ObjectSlot1",1,1,"video_relative_to_screen_recording_start",36.078785,516915.969,516965.938,1,36.078785,"1781266396475","../../../../../../Project/UE5/Gallery/Saved/ScreenRecordings/A017_2_20260612_201316_screen.mkv",516915.969,516965.938,516940.938,"1781266913390","1781266913440","2026-06-12T20:21:53.389+08:00","2026-06-12T20:21:53.439+08:00",550.744751,EXP2,"exp2_target",4,1,"1:4|2:1|3:2|4:3"
"exp2_table_objects","实验二桌面四模型总体区域","Exp2_004_exp2_table_objects_0093","video_relative_to_recording_start",rectangle,0,270,1919,1045,,,,"A017_2","Exp2_004","E2_FIXED_PROGRESSIVE",loading,,,,,1,TRUE,2300.000,2350.000,553.044739,553.094727,1920,1046,"ObjectSlot1-4",1,1,"video_relative_to_screen_recording_start",36.078785,516965.938,517015.938,1,36.078785,"1781266396475","../../../../../../Project/UE5/Gallery/Saved/ScreenRecordings/A017_2_20260612_201316_screen.mkv",516965.938,517015.938,516990.938,"1781266913440","1781266913490","2026-06-12T20:21:53.439+08:00","2026-06-12T20:21:53.489+08:00",550.744751,EXP2,"exp2_table",4,1,"1:4|2:1|3:2|4:3"
"exp2_target_object","实验二当前目标模型_头顶","Exp2_004_exp2_target_object_0094","video_relative_to_recording_start",rectangle,0,310,562,968,,,,"A017_2","Exp2_004","E2_FIXED_PROGRESSIVE",loading,,,,,1,TRUE,2300.000,2350.000,553.044739,553.094727,1920,1046,"ObjectSlot1",1,1,"video_relative_to_screen_recording_start",36.078785,516965.938,517015.938,1,36.078785,"1781266396475","../../../../../../Project/UE5/Gallery/Saved/ScreenRecordings/A017_2_20260612_201316_screen.mkv",516965.938,517015.938,516990.938,"1781266913440","1781266913490","2026-06-12T20:21:53.439+08:00","2026-06-12T20:21:53.489+08:00",550.744751,EXP2,"exp2_target",4,1,"1:4|2:1|3:2|4:3"
"exp2_table_objects","实验二桌面四模型总体区域","Exp2_004_exp2_table_objects_0095","video_relative_to_recording_start",rectangle,0,270,1919,1045,,,,"A017_2","Exp2_004","E2_FIXED_PROGRESSIVE",loading,,,,,1,TRUE,2350.000,2400.000,553.094727,553.144775,1920,1046,"ObjectSlot1-4",1,1,"video_relative_to_screen_recording_start",36.078785,517015.938,517065.969,1,36.078785,"1781266396475","../../../../../../Project/UE5/Gallery/Saved/ScreenRecordings/A017_2_20260612_201316_screen.mkv",517015.938,517065.969,517040.938,"1781266913490","1781266913540","2026-06-12T20:21:53.489+08:00","2026-06-12T20:21:53.539+08:00",550.744751,EXP2,"exp2_table",4,1,"1:4|2:1|3:2|4:3"
"exp2_target_object","实验二当前目标模型_头顶","Exp2_004_exp2_target_object_0096","video_relative_to_recording_start",rectangle,0,310,562,968,,,,"A017_2","Exp2_004","E2_FIXED_PROGRESSIVE",loading,,,,,1,TRUE,2350.000,2400.000,553.094727,553.144775,1920,1046,"ObjectSlot1",1,1,"video_relative_to_screen_recording_start",36.078785,517015.938,517065.969,1,36.078785,"1781266396475","../../../../../../Project/UE5/Gallery/Saved/ScreenRecordings/A017_2_20260612_201316_screen.mkv",517015.938,517065.969,517040.938,"1781266913490","1781266913540","2026-06-12T20:21:53.489+08:00","2026-06-12T20:21:53.539+08:00",550.744751,EXP2,"exp2_target",4,1,"1:4|2:1|3:2|4:3"
"exp2_table_objects","实验二桌面四模型总体区域","Exp2_004_exp2_table_objects_0097","video_relative_to_recording_start",rectangle,0,270,1919,1045,,,,"A017_2","Exp2_004","E2_FIXED_PROGRESSIVE",loading,,,,,1,TRUE,2400.000,2450.000,553.144775,553.194763,1920,1046,"ObjectSlot1-4",1,1,"video_relative_to_screen_recording_start",36.078785,517065.969,517115.969,1,36.078785,"1781266396475","../../../../../../Project/UE5/Gallery/Saved/ScreenRecordings/A017_2_20260612_201316_screen.mkv",517065.969,517115.969,517090.969,"1781266913540","1781266913590","2026-06-12T20:21:53.539+08:00","2026-06-12T20:21:53.589+08:00",550.744751,EXP2,"exp2_table",4,1,"1:4|2:1|3:2|4:3"
"exp2_target_object","实验二当前目标模型_头顶","Exp2_004_exp2_target_object_0098","video_relative_to_recording_start",rectangle,0,310,562,968,,,,"A017_2","Exp2_004","E2_FIXED_PROGRESSIVE",loading,,,,,1,TRUE,2400.000,2450.000,553.144775,553.194763,1920,1046,"ObjectSlot1",1,1,"video_relative_to_screen_recording_start",36.078785,517065.969,517115.969,1,36.078785,"1781266396475","../../../../../../Project/UE5/Gallery/Saved/ScreenRecordings/A017_2_20260612_201316_screen.mkv",517065.969,517115.969,517090.969,"1781266913540","1781266913590","2026-06-12T20:21:53.539+08:00","2026-06-12T20:21:53.589+08:00",550.744751,EXP2,"exp2_target",4,1,"1:4|2:1|3:2|4:3"
"exp2_table_objects","实验二桌面四模型总体区域","Exp2_004_exp2_table_objects_0099","video_relative_to_recording_start",rectangle,0,270,1919,1045,,,,"A017_2","Exp2_004","E2_FIXED_PROGRESSIVE",loading,,,,,1,TRUE,2450.000,2500.000,553.194763,553.244751,1920,1046,"ObjectSlot1-4",1,1,"video_relative_to_screen_recording_start",36.078785,517115.969,517165.969,1,36.078785,"1781266396475","../../../../../../Project/UE5/Gallery/Saved/ScreenRecordings/A017_2_20260612_201316_screen.mkv",517115.969,517165.969,517140.969,"1781266913590","1781266913640","2026-06-12T20:21:53.589+08:00","2026-06-12T20:21:53.639+08:00",550.744751,EXP2,"exp2_table",4,1,"1:4|2:1|3:2|4:3"
"exp2_target_object","实验二当前目标模型_头顶","Exp2_004_exp2_target_object_0100","video_relative_to_recording_start",rectangle,0,310,562,968,,,,"A017_2","Exp2_004","E2_FIXED_PROGRESSIVE",loading,,,,,1,TRUE,2450.000,2500.000,553.194763,553.244751,1920,1046,"ObjectSlot1",1,1,"video_relative_to_screen_recording_start",36.078785,517115.969,517165.969,1,36.078785,"1781266396475","../../../../../../Project/UE5/Gallery/Saved/ScreenRecordings/A017_2_20260612_201316_screen.mkv",517115.969,517165.969,517140.969,"1781266913590","1781266913640","2026-06-12T20:21:53.589+08:00","2026-06-12T20:21:53.639+08:00",550.744751,EXP2,"exp2_target",4,1,"1:4|2:1|3:2|4:3"
"exp2_table_objects","实验二桌面四模型总体区域","Exp2_004_exp2_table_objects_0101","video_relative_to_recording_start",rectangle,0,270,1919,1045,,,,"A017_2","Exp2_004","E2_FIXED_PROGRESSIVE",loading,,,,,1,TRUE,2500.000,2550.000,553.244751,553.294739,1920,1046,"ObjectSlot1-4",1,1,"video_relative_to_screen_recording_start",36.078785,517165.969,517215.938,1,36.078785,"1781266396475","../../../../../../Project/UE5/Gallery/Saved/ScreenRecordings/A017_2_20260612_201316_screen.mkv",517165.969,517215.938,517190.938,"1781266913640","1781266913690","2026-06-12T20:21:53.639+08:00","2026-06-12T20:21:53.689+08:00",550.744751,EXP2,"exp2_table",4,1,"1:4|2:1|3:2|4:3"
"exp2_target_object","实验二当前目标模型_头顶","Exp2_004_exp2_target_object_0102","video_relative_to_recording_start",rectangle,0,310,562,968,,,,"A017_2","Exp2_004","E2_FIXED_PROGRESSIVE",loading,,,,,1,TRUE,2500.000,2550.000,553.244751,553.294739,1920,1046,"ObjectSlot1",1,1,"video_relative_to_screen_recording_start",36.078785,517165.969,517215.938,1,36.078785,"1781266396475","../../../../../../Project/UE5/Gallery/Saved/ScreenRecordings/A017_2_20260612_201316_screen.mkv",517165.969,517215.938,517190.938,"1781266913640","1781266913690","2026-06-12T20:21:53.639+08:00","2026-06-12T20:21:53.689+08:00",550.744751,EXP2,"exp2_target",4,1,"1:4|2:1|3:2|4:3"
"exp2_table_objects","实验二桌面四模型总体区域","Exp2_004_exp2_table_objects_0103","video_relative_to_recording_start",rectangle,0,270,1919,1045,,,,"A017_2","Exp2_004","E2_FIXED_PROGRESSIVE",loading,,,,,1,TRUE,2550.000,2600.000,553.294739,553.344727,1920,1046,"ObjectSlot1-4",1,1,"video_relative_to_screen_recording_start",36.078785,517215.938,517265.938,1,36.078785,"1781266396475","../../../../../../Project/UE5/Gallery/Saved/ScreenRecordings/A017_2_20260612_201316_screen.mkv",517215.938,517265.938,517240.938,"1781266913690","1781266913740","2026-06-12T20:21:53.689+08:00","2026-06-12T20:21:53.739+08:00",550.744751,EXP2,"exp2_table",4,1,"1:4|2:1|3:2|4:3"
"exp2_target_object","实验二当前目标模型_头顶","Exp2_004_exp2_target_object_0104","video_relative_to_recording_start",rectangle,0,310,562,968,,,,"A017_2","Exp2_004","E2_FIXED_PROGRESSIVE",loading,,,,,1,TRUE,2550.000,2600.000,553.294739,553.344727,1920,1046,"ObjectSlot1",1,1,"video_relative_to_screen_recording_start",36.078785,517215.938,517265.938,1,36.078785,"1781266396475","../../../../../../Project/UE5/Gallery/Saved/ScreenRecordings/A017_2_20260612_201316_screen.mkv",517215.938,517265.938,517240.938,"1781266913690","1781266913740","2026-06-12T20:21:53.689+08:00","2026-06-12T20:21:53.739+08:00",550.744751,EXP2,"exp2_target",4,1,"1:4|2:1|3:2|4:3"
"exp2_table_objects","实验二桌面四模型总体区域","Exp2_004_exp2_table_objects_0105","video_relative_to_recording_start",rectangle,0,270,1919,1045,,,,"A017_2","Exp2_004","E2_FIXED_PROGRESSIVE",loading,,,,,1,TRUE,2600.000,2650.000,553.344727,553.394775,1920,1046,"ObjectSlot1-4",1,1,"video_relative_to_screen_recording_start",36.078785,517265.938,517315.969,1,36.078785,"1781266396475","../../../../../../Project/UE5/Gallery/Saved/ScreenRecordings/A017_2_20260612_201316_screen.mkv",517265.938,517315.969,517290.938,"1781266913740","1781266913790","2026-06-12T20:21:53.739+08:00","2026-06-12T20:21:53.789+08:00",550.744751,EXP2,"exp2_table",4,1,"1:4|2:1|3:2|4:3"
"exp2_target_object","实验二当前目标模型_头顶","Exp2_004_exp2_target_object_0106","video_relative_to_recording_start",rectangle,0,310,562,968,,,,"A017_2","Exp2_004","E2_FIXED_PROGRESSIVE",loading,,,,,1,TRUE,2600.000,2650.000,553.344727,553.394775,1920,1046,"ObjectSlot1",1,1,"video_relative_to_screen_recording_start",36.078785,517265.938,517315.969,1,36.078785,"1781266396475","../../../../../../Project/UE5/Gallery/Saved/ScreenRecordings/A017_2_20260612_201316_screen.mkv",517265.938,517315.969,517290.938,"1781266913740","1781266913790","2026-06-12T20:21:53.739+08:00","2026-06-12T20:21:53.789+08:00",550.744751,EXP2,"exp2_target",4,1,"1:4|2:1|3:2|4:3"
"exp2_table_objects","实验二桌面四模型总体区域","Exp2_004_exp2_table_objects_0107","video_relative_to_recording_start",rectangle,0,270,1919,1045,,,,"A017_2","Exp2_004","E2_FIXED_PROGRESSIVE",loading,,,,,1,TRUE,2650.000,2700.000,553.394775,553.444763,1920,1046,"ObjectSlot1-4",1,1,"video_relative_to_screen_recording_start",36.078785,517315.969,517365.969,1,36.078785,"1781266396475","../../../../../../Project/UE5/Gallery/Saved/ScreenRecordings/A017_2_20260612_201316_screen.mkv",517315.969,517365.969,517340.969,"1781266913790","1781266913840","2026-06-12T20:21:53.789+08:00","2026-06-12T20:21:53.839+08:00",550.744751,EXP2,"exp2_table",4,1,"1:4|2:1|3:2|4:3"
"exp2_target_object","实验二当前目标模型_头顶","Exp2_004_exp2_target_object_0108","video_relative_to_recording_start",rectangle,0,310,562,968,,,,"A017_2","Exp2_004","E2_FIXED_PROGRESSIVE",loading,,,,,1,TRUE,2650.000,2700.000,553.394775,553.444763,1920,1046,"ObjectSlot1",1,1,"video_relative_to_screen_recording_start",36.078785,517315.969,517365.969,1,36.078785,"1781266396475","../../../../../../Project/UE5/Gallery/Saved/ScreenRecordings/A017_2_20260612_201316_screen.mkv",517315.969,517365.969,517340.969,"1781266913790","1781266913840","2026-06-12T20:21:53.789+08:00","2026-06-12T20:21:53.839+08:00",550.744751,EXP2,"exp2_target",4,1,"1:4|2:1|3:2|4:3"
"exp2_table_objects","实验二桌面四模型总体区域","Exp2_004_exp2_table_objects_0109","video_relative_to_recording_start",rectangle,0,270,1919,1045,,,,"A017_2","Exp2_004","E2_FIXED_PROGRESSIVE",loading,,,,,1,TRUE,2700.000,2750.000,553.444763,553.494751,1920,1046,"ObjectSlot1-4",1,1,"video_relative_to_screen_recording_start",36.078785,517365.969,517415.969,1,36.078785,"1781266396475","../../../../../../Project/UE5/Gallery/Saved/ScreenRecordings/A017_2_20260612_201316_screen.mkv",517365.969,517415.969,517390.969,"1781266913840","1781266913890","2026-06-12T20:21:53.839+08:00","2026-06-12T20:21:53.889+08:00",550.744751,EXP2,"exp2_table",4,1,"1:4|2:1|3:2|4:3"
"exp2_target_object","实验二当前目标模型_头顶","Exp2_004_exp2_target_object_0110","video_relative_to_recording_start",rectangle,0,310,562,968,,,,"A017_2","Exp2_004","E2_FIXED_PROGRESSIVE",loading,,,,,1,TRUE,2700.000,2750.000,553.444763,553.494751,1920,1046,"ObjectSlot1",1,1,"video_relative_to_screen_recording_start",36.078785,517365.969,517415.969,1,36.078785,"1781266396475","../../../../../../Project/UE5/Gallery/Saved/ScreenRecordings/A017_2_20260612_201316_screen.mkv",517365.969,517415.969,517390.969,"1781266913840","1781266913890","2026-06-12T20:21:53.839+08:00","2026-06-12T20:21:53.889+08:00",550.744751,EXP2,"exp2_target",4,1,"1:4|2:1|3:2|4:3"
"exp2_table_objects","实验二桌面四模型总体区域","Exp2_004_exp2_table_objects_0111","video_relative_to_recording_start",rectangle,0,270,1919,1045,,,,"A017_2","Exp2_004","E2_FIXED_PROGRESSIVE",loading,,,,,1,TRUE,2750.000,2800.000,553.494751,553.544739,1920,1046,"ObjectSlot1-4",1,1,"video_relative_to_screen_recording_start",36.078785,517415.969,517465.938,1,36.078785,"1781266396475","../../../../../../Project/UE5/Gallery/Saved/ScreenRecordings/A017_2_20260612_201316_screen.mkv",517415.969,517465.938,517440.938,"1781266913890","1781266913940","2026-06-12T20:21:53.889+08:00","2026-06-12T20:21:53.939+08:00",550.744751,EXP2,"exp2_table",4,1,"1:4|2:1|3:2|4:3"
"exp2_target_object","实验二当前目标模型_头顶","Exp2_004_exp2_target_object_0112","video_relative_to_recording_start",rectangle,0,310,562,968,,,,"A017_2","Exp2_004","E2_FIXED_PROGRESSIVE",loading,,,,,1,TRUE,2750.000,2800.000,553.494751,553.544739,1920,1046,"ObjectSlot1",1,1,"video_relative_to_screen_recording_start",36.078785,517415.969,517465.938,1,36.078785,"1781266396475","../../../../../../Project/UE5/Gallery/Saved/ScreenRecordings/A017_2_20260612_201316_screen.mkv",517415.969,517465.938,517440.938,"1781266913890","1781266913940","2026-06-12T20:21:53.889+08:00","2026-06-12T20:21:53.939+08:00",550.744751,EXP2,"exp2_target",4,1,"1:4|2:1|3:2|4:3"
"exp2_table_objects","实验二桌面四模型总体区域","Exp2_004_exp2_table_objects_0113","video_relative_to_recording_start",rectangle,0,270,1919,1045,,,,"A017_2","Exp2_004","E2_FIXED_PROGRESSIVE",loading,,,,,1,TRUE,2800.000,2850.000,553.544739,553.594727,1920,1046,"ObjectSlot1-4",1,1,"video_relative_to_screen_recording_start",36.078785,517465.938,517515.938,1,36.078785,"1781266396475","../../../../../../Project/UE5/Gallery/Saved/ScreenRecordings/A017_2_20260612_201316_screen.mkv",517465.938,517515.938,517490.938,"1781266913940","1781266913990","2026-06-12T20:21:53.939+08:00","2026-06-12T20:21:53.989+08:00",550.744751,EXP2,"exp2_table",4,1,"1:4|2:1|3:2|4:3"
"exp2_target_object","实验二当前目标模型_头顶","Exp2_004_exp2_target_object_0114","video_relative_to_recording_start",rectangle,0,310,562,968,,,,"A017_2","Exp2_004","E2_FIXED_PROGRESSIVE",loading,,,,,1,TRUE,2800.000,2850.000,553.544739,553.594727,1920,1046,"ObjectSlot1",1,1,"video_relative_to_screen_recording_start",36.078785,517465.938,517515.938,1,36.078785,"1781266396475","../../../../../../Project/UE5/Gallery/Saved/ScreenRecordings/A017_2_20260612_201316_screen.mkv",517465.938,517515.938,517490.938,"1781266913940","1781266913990","2026-06-12T20:21:53.939+08:00","2026-06-12T20:21:53.989+08:00",550.744751,EXP2,"exp2_target",4,1,"1:4|2:1|3:2|4:3"
"exp2_table_objects","实验二桌面四模型总体区域","Exp2_004_exp2_table_objects_0115","video_relative_to_recording_start",rectangle,0,270,1919,1045,,,,"A017_2","Exp2_004","E2_FIXED_PROGRESSIVE",loading,,,,,1,TRUE,2850.000,2900.000,553.594727,553.644775,1920,1046,"ObjectSlot1-4",1,1,"video_relative_to_screen_recording_start",36.078785,517515.938,517565.969,1,36.078785,"1781266396475","../../../../../../Project/UE5/Gallery/Saved/ScreenRecordings/A017_2_20260612_201316_screen.mkv",517515.938,517565.969,517540.938,"1781266913990","1781266914040","2026-06-12T20:21:53.989+08:00","2026-06-12T20:21:54.040+08:00",550.744751,EXP2,"exp2_table",4,1,"1:4|2:1|3:2|4:3"
"exp2_target_object","实验二当前目标模型_头顶","Exp2_004_exp2_target_object_0116","video_relative_to_recording_start",rectangle,0,310,562,968,,,,"A017_2","Exp2_004","E2_FIXED_PROGRESSIVE",loading,,,,,1,TRUE,2850.000,2900.000,553.594727,553.644775,1920,1046,"ObjectSlot1",1,1,"video_relative_to_screen_recording_start",36.078785,517515.938,517565.969,1,36.078785,"1781266396475","../../../../../../Project/UE5/Gallery/Saved/ScreenRecordings/A017_2_20260612_201316_screen.mkv",517515.938,517565.969,517540.938,"1781266913990","1781266914040","2026-06-12T20:21:53.989+08:00","2026-06-12T20:21:54.040+08:00",550.744751,EXP2,"exp2_target",4,1,"1:4|2:1|3:2|4:3"
"exp2_table_objects","实验二桌面四模型总体区域","Exp2_004_exp2_table_objects_0117","video_relative_to_recording_start",rectangle,0,270,1919,1045,,,,"A017_2","Exp2_004","E2_FIXED_PROGRESSIVE",loading,,,,,1,TRUE,2900.000,2950.000,553.644775,553.694763,1920,1046,"ObjectSlot1-4",1,1,"video_relative_to_screen_recording_start",36.078785,517565.969,517615.969,1,36.078785,"1781266396475","../../../../../../Project/UE5/Gallery/Saved/ScreenRecordings/A017_2_20260612_201316_screen.mkv",517565.969,517615.969,517590.969,"1781266914040","1781266914090","2026-06-12T20:21:54.040+08:00","2026-06-12T20:21:54.089+08:00",550.744751,EXP2,"exp2_table",4,1,"1:4|2:1|3:2|4:3"
"exp2_target_object","实验二当前目标模型_头顶","Exp2_004_exp2_target_object_0118","video_relative_to_recording_start",rectangle,0,310,562,968,,,,"A017_2","Exp2_004","E2_FIXED_PROGRESSIVE",loading,,,,,1,TRUE,2900.000,2950.000,553.644775,553.694763,1920,1046,"ObjectSlot1",1,1,"video_relative_to_screen_recording_start",36.078785,517565.969,517615.969,1,36.078785,"1781266396475","../../../../../../Project/UE5/Gallery/Saved/ScreenRecordings/A017_2_20260612_201316_screen.mkv",517565.969,517615.969,517590.969,"1781266914040","1781266914090","2026-06-12T20:21:54.040+08:00","2026-06-12T20:21:54.089+08:00",550.744751,EXP2,"exp2_target",4,1,"1:4|2:1|3:2|4:3"
"exp2_table_objects","实验二桌面四模型总体区域","Exp2_004_exp2_table_objects_0119","video_relative_to_recording_start",rectangle,0,270,1919,1045,,,,"A017_2","Exp2_004","E2_FIXED_PROGRESSIVE",loading,,,,,1,TRUE,2950.000,3000.000,553.694763,553.744751,1920,1046,"ObjectSlot1-4",1,1,"video_relative_to_screen_recording_start",36.078785,517615.969,517665.969,1,36.078785,"1781266396475","../../../../../../Project/UE5/Gallery/Saved/ScreenRecordings/A017_2_20260612_201316_screen.mkv",517615.969,517665.969,517640.969,"1781266914090","1781266914140","2026-06-12T20:21:54.089+08:00","2026-06-12T20:21:54.139+08:00",550.744751,EXP2,"exp2_table",4,1,"1:4|2:1|3:2|4:3"
"exp2_target_object","实验二当前目标模型_头顶","Exp2_004_exp2_target_object_0120","video_relative_to_recording_start",rectangle,0,310,562,968,,,,"A017_2","Exp2_004","E2_FIXED_PROGRESSIVE",loading,,,,,1,TRUE,2950.000,3000.000,553.694763,553.744751,1920,1046,"ObjectSlot1",1,1,"video_relative_to_screen_recording_start",36.078785,517615.969,517665.969,1,36.078785,"1781266396475","../../../../../../Project/UE5/Gallery/Saved/ScreenRecordings/A017_2_20260612_201316_screen.mkv",517615.969,517665.969,517640.969,"1781266914090","1781266914140","2026-06-12T20:21:54.089+08:00","2026-06-12T20:21:54.139+08:00",550.744751,EXP2,"exp2_target",4,1,"1:4|2:1|3:2|4:3"
"exp2_table_objects","实验二桌面四模型总体区域","Exp2_004_exp2_table_objects_0121","video_relative_to_recording_start",rectangle,0,270,1919,1045,,,,"A017_2","Exp2_004","E2_FIXED_PROGRESSIVE",loading,,,,,1,TRUE,3000.000,3050.000,553.744751,553.794739,1920,1046,"ObjectSlot1-4",1,1,"video_relative_to_screen_recording_start",36.078785,517665.969,517715.938,1,36.078785,"1781266396475","../../../../../../Project/UE5/Gallery/Saved/ScreenRecordings/A017_2_20260612_201316_screen.mkv",517665.969,517715.938,517690.938,"1781266914140","1781266914190","2026-06-12T20:21:54.139+08:00","2026-06-12T20:21:54.189+08:00",550.744751,EXP2,"exp2_table",4,1,"1:4|2:1|3:2|4:3"
"exp2_target_object","实验二当前目标模型_头顶","Exp2_004_exp2_target_object_0122","video_relative_to_recording_start",rectangle,0,310,562,968,,,,"A017_2","Exp2_004","E2_FIXED_PROGRESSIVE",loading,,,,,1,TRUE,3000.000,3050.000,553.744751,553.794739,1920,1046,"ObjectSlot1",1,1,"video_relative_to_screen_recording_start",36.078785,517665.969,517715.938,1,36.078785,"1781266396475","../../../../../../Project/UE5/Gallery/Saved/ScreenRecordings/A017_2_20260612_201316_screen.mkv",517665.969,517715.938,517690.938,"1781266914140","1781266914190","2026-06-12T20:21:54.139+08:00","2026-06-12T20:21:54.189+08:00",550.744751,EXP2,"exp2_target",4,1,"1:4|2:1|3:2|4:3"
"exp2_table_objects","实验二桌面四模型总体区域","Exp2_004_exp2_table_objects_0123","video_relative_to_recording_start",rectangle,0,270,1919,1045,,,,"A017_2","Exp2_004","E2_FIXED_PROGRESSIVE",loading,,,,,1,TRUE,3050.000,3100.000,553.794739,553.844727,1920,1046,"ObjectSlot1-4",1,1,"video_relative_to_screen_recording_start",36.078785,517715.938,517765.938,1,36.078785,"1781266396475","../../../../../../Project/UE5/Gallery/Saved/ScreenRecordings/A017_2_20260612_201316_screen.mkv",517715.938,517765.938,517740.938,"1781266914190","1781266914240","2026-06-12T20:21:54.189+08:00","2026-06-12T20:21:54.239+08:00",550.744751,EXP2,"exp2_table",4,1,"1:4|2:1|3:2|4:3"
"exp2_target_object","实验二当前目标模型_头顶","Exp2_004_exp2_target_object_0124","video_relative_to_recording_start",rectangle,0,310,562,968,,,,"A017_2","Exp2_004","E2_FIXED_PROGRESSIVE",loading,,,,,1,TRUE,3050.000,3100.000,553.794739,553.844727,1920,1046,"ObjectSlot1",1,1,"video_relative_to_screen_recording_start",36.078785,517715.938,517765.938,1,36.078785,"1781266396475","../../../../../../Project/UE5/Gallery/Saved/ScreenRecordings/A017_2_20260612_201316_screen.mkv",517715.938,517765.938,517740.938,"1781266914190","1781266914240","2026-06-12T20:21:54.189+08:00","2026-06-12T20:21:54.239+08:00",550.744751,EXP2,"exp2_target",4,1,"1:4|2:1|3:2|4:3"
"exp2_table_objects","实验二桌面四模型总体区域","Exp2_004_exp2_table_objects_0125","video_relative_to_recording_start",rectangle,0,270,1919,1045,,,,"A017_2","Exp2_004","E2_FIXED_PROGRESSIVE",loading,,,,,1,TRUE,3100.000,3150.000,553.844727,553.894775,1920,1046,"ObjectSlot1-4",1,1,"video_relative_to_screen_recording_start",36.078785,517765.938,517815.969,1,36.078785,"1781266396475","../../../../../../Project/UE5/Gallery/Saved/ScreenRecordings/A017_2_20260612_201316_screen.mkv",517765.938,517815.969,517790.938,"1781266914240","1781266914290","2026-06-12T20:21:54.239+08:00","2026-06-12T20:21:54.289+08:00",550.744751,EXP2,"exp2_table",4,1,"1:4|2:1|3:2|4:3"
"exp2_target_object","实验二当前目标模型_头顶","Exp2_004_exp2_target_object_0126","video_relative_to_recording_start",rectangle,0,310,562,968,,,,"A017_2","Exp2_004","E2_FIXED_PROGRESSIVE",loading,,,,,1,TRUE,3100.000,3150.000,553.844727,553.894775,1920,1046,"ObjectSlot1",1,1,"video_relative_to_screen_recording_start",36.078785,517765.938,517815.969,1,36.078785,"1781266396475","../../../../../../Project/UE5/Gallery/Saved/ScreenRecordings/A017_2_20260612_201316_screen.mkv",517765.938,517815.969,517790.938,"1781266914240","1781266914290","2026-06-12T20:21:54.239+08:00","2026-06-12T20:21:54.289+08:00",550.744751,EXP2,"exp2_target",4,1,"1:4|2:1|3:2|4:3"
"exp2_table_objects","实验二桌面四模型总体区域","Exp2_004_exp2_table_objects_0127","video_relative_to_recording_start",rectangle,0,270,1919,1045,,,,"A017_2","Exp2_004","E2_FIXED_PROGRESSIVE",loading,,,,,1,TRUE,3150.000,3200.000,553.894775,553.944763,1920,1046,"ObjectSlot1-4",1,1,"video_relative_to_screen_recording_start",36.078785,517815.969,517865.969,1,36.078785,"1781266396475","../../../../../../Project/UE5/Gallery/Saved/ScreenRecordings/A017_2_20260612_201316_screen.mkv",517815.969,517865.969,517840.969,"1781266914290","1781266914340","2026-06-12T20:21:54.289+08:00","2026-06-12T20:21:54.339+08:00",550.744751,EXP2,"exp2_table",4,1,"1:4|2:1|3:2|4:3"
"exp2_target_object","实验二当前目标模型_头顶","Exp2_004_exp2_target_object_0128","video_relative_to_recording_start",rectangle,0,310,562,968,,,,"A017_2","Exp2_004","E2_FIXED_PROGRESSIVE",loading,,,,,1,TRUE,3150.000,3200.000,553.894775,553.944763,1920,1046,"ObjectSlot1",1,1,"video_relative_to_screen_recording_start",36.078785,517815.969,517865.969,1,36.078785,"1781266396475","../../../../../../Project/UE5/Gallery/Saved/ScreenRecordings/A017_2_20260612_201316_screen.mkv",517815.969,517865.969,517840.969,"1781266914290","1781266914340","2026-06-12T20:21:54.289+08:00","2026-06-12T20:21:54.339+08:00",550.744751,EXP2,"exp2_target",4,1,"1:4|2:1|3:2|4:3"
"exp2_table_objects","实验二桌面四模型总体区域","Exp2_004_exp2_table_objects_0129","video_relative_to_recording_start",rectangle,0,270,1919,1045,,,,"A017_2","Exp2_004","E2_FIXED_PROGRESSIVE",loading,,,,,1,TRUE,3200.000,3250.000,553.944763,553.994751,1920,1046,"ObjectSlot1-4",1,1,"video_relative_to_screen_recording_start",36.078785,517865.969,517915.969,1,36.078785,"1781266396475","../../../../../../Project/UE5/Gallery/Saved/ScreenRecordings/A017_2_20260612_201316_screen.mkv",517865.969,517915.969,517890.969,"1781266914340","1781266914390","2026-06-12T20:21:54.339+08:00","2026-06-12T20:21:54.389+08:00",550.744751,EXP2,"exp2_table",4,1,"1:4|2:1|3:2|4:3"
"exp2_target_object","实验二当前目标模型_头顶","Exp2_004_exp2_target_object_0130","video_relative_to_recording_start",rectangle,0,310,562,968,,,,"A017_2","Exp2_004","E2_FIXED_PROGRESSIVE",loading,,,,,1,TRUE,3200.000,3250.000,553.944763,553.994751,1920,1046,"ObjectSlot1",1,1,"video_relative_to_screen_recording_start",36.078785,517865.969,517915.969,1,36.078785,"1781266396475","../../../../../../Project/UE5/Gallery/Saved/ScreenRecordings/A017_2_20260612_201316_screen.mkv",517865.969,517915.969,517890.969,"1781266914340","1781266914390","2026-06-12T20:21:54.339+08:00","2026-06-12T20:21:54.389+08:00",550.744751,EXP2,"exp2_target",4,1,"1:4|2:1|3:2|4:3"
"exp2_table_objects","实验二桌面四模型总体区域","Exp2_004_exp2_table_objects_0131","video_relative_to_recording_start",rectangle,0,270,1919,1045,,,,"A017_2","Exp2_004","E2_FIXED_PROGRESSIVE",loading,,,,,1,TRUE,3250.000,3300.000,553.994751,554.044739,1920,1046,"ObjectSlot1-4",1,1,"video_relative_to_screen_recording_start",36.078785,517915.969,517965.938,1,36.078785,"1781266396475","../../../../../../Project/UE5/Gallery/Saved/ScreenRecordings/A017_2_20260612_201316_screen.mkv",517915.969,517965.938,517940.938,"1781266914390","1781266914440","2026-06-12T20:21:54.389+08:00","2026-06-12T20:21:54.439+08:00",550.744751,EXP2,"exp2_table",4,1,"1:4|2:1|3:2|4:3"
"exp2_target_object","实验二当前目标模型_头顶","Exp2_004_exp2_target_object_0132","video_relative_to_recording_start",rectangle,0,310,562,968,,,,"A017_2","Exp2_004","E2_FIXED_PROGRESSIVE",loading,,,,,1,TRUE,3250.000,3300.000,553.994751,554.044739,1920,1046,"ObjectSlot1",1,1,"video_relative_to_screen_recording_start",36.078785,517915.969,517965.938,1,36.078785,"1781266396475","../../../../../../Project/UE5/Gallery/Saved/ScreenRecordings/A017_2_20260612_201316_screen.mkv",517915.969,517965.938,517940.938,"1781266914390","1781266914440","2026-06-12T20:21:54.389+08:00","2026-06-12T20:21:54.439+08:00",550.744751,EXP2,"exp2_target",4,1,"1:4|2:1|3:2|4:3"
"exp2_table_objects","实验二桌面四模型总体区域","Exp2_004_exp2_table_objects_0133","video_relative_to_recording_start",rectangle,0,270,1919,1045,,,,"A017_2","Exp2_004","E2_FIXED_PROGRESSIVE",loading,,,,,1,TRUE,3300.000,3350.000,554.044739,554.094727,1920,1046,"ObjectSlot1-4",1,1,"video_relative_to_screen_recording_start",36.078785,517965.938,518015.938,1,36.078785,"1781266396475","../../../../../../Project/UE5/Gallery/Saved/ScreenRecordings/A017_2_20260612_201316_screen.mkv",517965.938,518015.938,517990.938,"1781266914440","1781266914490","2026-06-12T20:21:54.439+08:00","2026-06-12T20:21:54.489+08:00",550.744751,EXP2,"exp2_table",4,1,"1:4|2:1|3:2|4:3"
"exp2_target_object","实验二当前目标模型_头顶","Exp2_004_exp2_target_object_0134","video_relative_to_recording_start",rectangle,0,310,562,968,,,,"A017_2","Exp2_004","E2_FIXED_PROGRESSIVE",loading,,,,,1,TRUE,3300.000,3350.000,554.044739,554.094727,1920,1046,"ObjectSlot1",1,1,"video_relative_to_screen_recording_start",36.078785,517965.938,518015.938,1,36.078785,"1781266396475","../../../../../../Project/UE5/Gallery/Saved/ScreenRecordings/A017_2_20260612_201316_screen.mkv",517965.938,518015.938,517990.938,"1781266914440","1781266914490","2026-06-12T20:21:54.439+08:00","2026-06-12T20:21:54.489+08:00",550.744751,EXP2,"exp2_target",4,1,"1:4|2:1|3:2|4:3"
"exp2_table_objects","实验二桌面四模型总体区域","Exp2_004_exp2_table_objects_0135","video_relative_to_recording_start",rectangle,0,270,1919,1045,,,,"A017_2","Exp2_004","E2_FIXED_PROGRESSIVE",loading,,,,,1,TRUE,3350.000,3400.000,554.094727,554.144775,1920,1046,"ObjectSlot1-4",1,1,"video_relative_to_screen_recording_start",36.078785,518015.938,518065.969,1,36.078785,"1781266396475","../../../../../../Project/UE5/Gallery/Saved/ScreenRecordings/A017_2_20260612_201316_screen.mkv",518015.938,518065.969,518040.938,"1781266914490","1781266914540","2026-06-12T20:21:54.489+08:00","2026-06-12T20:21:54.539+08:00",550.744751,EXP2,"exp2_table",4,1,"1:4|2:1|3:2|4:3"
"exp2_target_object","实验二当前目标模型_头顶","Exp2_004_exp2_target_object_0136","video_relative_to_recording_start",rectangle,0,310,562,968,,,,"A017_2","Exp2_004","E2_FIXED_PROGRESSIVE",loading,,,,,1,TRUE,3350.000,3400.000,554.094727,554.144775,1920,1046,"ObjectSlot1",1,1,"video_relative_to_screen_recording_start",36.078785,518015.938,518065.969,1,36.078785,"1781266396475","../../../../../../Project/UE5/Gallery/Saved/ScreenRecordings/A017_2_20260612_201316_screen.mkv",518015.938,518065.969,518040.938,"1781266914490","1781266914540","2026-06-12T20:21:54.489+08:00","2026-06-12T20:21:54.539+08:00",550.744751,EXP2,"exp2_target",4,1,"1:4|2:1|3:2|4:3"
"exp2_table_objects","实验二桌面四模型总体区域","Exp2_004_exp2_table_objects_0137","video_relative_to_recording_start",rectangle,0,270,1919,1045,,,,"A017_2","Exp2_004","E2_FIXED_PROGRESSIVE",loading,,,,,1,TRUE,3400.000,3450.000,554.144775,554.194763,1920,1046,"ObjectSlot1-4",1,1,"video_relative_to_screen_recording_start",36.078785,518065.969,518115.969,1,36.078785,"1781266396475","../../../../../../Project/UE5/Gallery/Saved/ScreenRecordings/A017_2_20260612_201316_screen.mkv",518065.969,518115.969,518090.969,"1781266914540","1781266914590","2026-06-12T20:21:54.539+08:00","2026-06-12T20:21:54.589+08:00",550.744751,EXP2,"exp2_table",4,1,"1:4|2:1|3:2|4:3"
"exp2_target_object","实验二当前目标模型_头顶","Exp2_004_exp2_target_object_0138","video_relative_to_recording_start",rectangle,0,310,562,968,,,,"A017_2","Exp2_004","E2_FIXED_PROGRESSIVE",loading,,,,,1,TRUE,3400.000,3450.000,554.144775,554.194763,1920,1046,"ObjectSlot1",1,1,"video_relative_to_screen_recording_start",36.078785,518065.969,518115.969,1,36.078785,"1781266396475","../../../../../../Project/UE5/Gallery/Saved/ScreenRecordings/A017_2_20260612_201316_screen.mkv",518065.969,518115.969,518090.969,"1781266914540","1781266914590","2026-06-12T20:21:54.539+08:00","2026-06-12T20:21:54.589+08:00",550.744751,EXP2,"exp2_target",4,1,"1:4|2:1|3:2|4:3"
"exp2_table_objects","实验二桌面四模型总体区域","Exp2_004_exp2_table_objects_0139","video_relative_to_recording_start",rectangle,0,270,1919,1045,,,,"A017_2","Exp2_004","E2_FIXED_PROGRESSIVE",loading,,,,,1,TRUE,3450.000,3500.000,554.194763,554.244751,1920,1046,"ObjectSlot1-4",1,1,"video_relative_to_screen_recording_start",36.078785,518115.969,518165.969,1,36.078785,"1781266396475","../../../../../../Project/UE5/Gallery/Saved/ScreenRecordings/A017_2_20260612_201316_screen.mkv",518115.969,518165.969,518140.969,"1781266914590","1781266914640","2026-06-12T20:21:54.589+08:00","2026-06-12T20:21:54.639+08:00",550.744751,EXP2,"exp2_table",4,1,"1:4|2:1|3:2|4:3"
"exp2_target_object","实验二当前目标模型_头顶","Exp2_004_exp2_target_object_0140","video_relative_to_recording_start",rectangle,0,310,562,968,,,,"A017_2","Exp2_004","E2_FIXED_PROGRESSIVE",loading,,,,,1,TRUE,3450.000,3500.000,554.194763,554.244751,1920,1046,"ObjectSlot1",1,1,"video_relative_to_screen_recording_start",36.078785,518115.969,518165.969,1,36.078785,"1781266396475","../../../../../../Project/UE5/Gallery/Saved/ScreenRecordings/A017_2_20260612_201316_screen.mkv",518115.969,518165.969,518140.969,"1781266914590","1781266914640","2026-06-12T20:21:54.589+08:00","2026-06-12T20:21:54.639+08:00",550.744751,EXP2,"exp2_target",4,1,"1:4|2:1|3:2|4:3"
"exp2_table_objects","实验二桌面四模型总体区域","Exp2_004_exp2_table_objects_0141","video_relative_to_recording_start",rectangle,0,270,1919,1045,,,,"A017_2","Exp2_004","E2_FIXED_PROGRESSIVE",loading,,,,,1,TRUE,3500.000,3550.000,554.244751,554.294739,1920,1046,"ObjectSlot1-4",1,1,"video_relative_to_screen_recording_start",36.078785,518165.969,518215.938,1,36.078785,"1781266396475","../../../../../../Project/UE5/Gallery/Saved/ScreenRecordings/A017_2_20260612_201316_screen.mkv",518165.969,518215.938,518190.938,"1781266914640","1781266914690","2026-06-12T20:21:54.639+08:00","2026-06-12T20:21:54.689+08:00",550.744751,EXP2,"exp2_table",4,1,"1:4|2:1|3:2|4:3"
"exp2_target_object","实验二当前目标模型_头顶","Exp2_004_exp2_target_object_0142","video_relative_to_recording_start",rectangle,0,310,562,968,,,,"A017_2","Exp2_004","E2_FIXED_PROGRESSIVE",loading,,,,,1,TRUE,3500.000,3550.000,554.244751,554.294739,1920,1046,"ObjectSlot1",1,1,"video_relative_to_screen_recording_start",36.078785,518165.969,518215.938,1,36.078785,"1781266396475","../../../../../../Project/UE5/Gallery/Saved/ScreenRecordings/A017_2_20260612_201316_screen.mkv",518165.969,518215.938,518190.938,"1781266914640","1781266914690","2026-06-12T20:21:54.639+08:00","2026-06-12T20:21:54.689+08:00",550.744751,EXP2,"exp2_target",4,1,"1:4|2:1|3:2|4:3"
"exp2_table_objects","实验二桌面四模型总体区域","Exp2_004_exp2_table_objects_0143","video_relative_to_recording_start",rectangle,0,270,1919,1045,,,,"A017_2","Exp2_004","E2_FIXED_PROGRESSIVE",loading,,,,,1,TRUE,3550.000,3600.000,554.294739,554.344727,1920,1046,"ObjectSlot1-4",1,1,"video_relative_to_screen_recording_start",36.078785,518215.938,518265.938,1,36.078785,"1781266396475","../../../../../../Project/UE5/Gallery/Saved/ScreenRecordings/A017_2_20260612_201316_screen.mkv",518215.938,518265.938,518240.938,"1781266914690","1781266914740","2026-06-12T20:21:54.689+08:00","2026-06-12T20:21:54.739+08:00",550.744751,EXP2,"exp2_table",4,1,"1:4|2:1|3:2|4:3"
"exp2_target_object","实验二当前目标模型_头顶","Exp2_004_exp2_target_object_0144","video_relative_to_recording_start",rectangle,0,310,562,968,,,,"A017_2","Exp2_004","E2_FIXED_PROGRESSIVE",loading,,,,,1,TRUE,3550.000,3600.000,554.294739,554.344727,1920,1046,"ObjectSlot1",1,1,"video_relative_to_screen_recording_start",36.078785,518215.938,518265.938,1,36.078785,"1781266396475","../../../../../../Project/UE5/Gallery/Saved/ScreenRecordings/A017_2_20260612_201316_screen.mkv",518215.938,518265.938,518240.938,"1781266914690","1781266914740","2026-06-12T20:21:54.689+08:00","2026-06-12T20:21:54.739+08:00",550.744751,EXP2,"exp2_target",4,1,"1:4|2:1|3:2|4:3"
"exp2_table_objects","实验二桌面四模型总体区域","Exp2_004_exp2_table_objects_0145","video_relative_to_recording_start",rectangle,0,270,1919,1045,,,,"A017_2","Exp2_004","E2_FIXED_PROGRESSIVE",loading,,,,,1,TRUE,3600.000,3650.000,554.344727,554.394775,1920,1046,"ObjectSlot1-4",1,1,"video_relative_to_screen_recording_start",36.078785,518265.938,518315.969,1,36.078785,"1781266396475","../../../../../../Project/UE5/Gallery/Saved/ScreenRecordings/A017_2_20260612_201316_screen.mkv",518265.938,518315.969,518290.938,"1781266914740","1781266914790","2026-06-12T20:21:54.739+08:00","2026-06-12T20:21:54.789+08:00",550.744751,EXP2,"exp2_table",4,1,"1:4|2:1|3:2|4:3"
"exp2_target_object","实验二当前目标模型_头顶","Exp2_004_exp2_target_object_0146","video_relative_to_recording_start",rectangle,0,310,562,968,,,,"A017_2","Exp2_004","E2_FIXED_PROGRESSIVE",loading,,,,,1,TRUE,3600.000,3650.000,554.344727,554.394775,1920,1046,"ObjectSlot1",1,1,"video_relative_to_screen_recording_start",36.078785,518265.938,518315.969,1,36.078785,"1781266396475","../../../../../../Project/UE5/Gallery/Saved/ScreenRecordings/A017_2_20260612_201316_screen.mkv",518265.938,518315.969,518290.938,"1781266914740","1781266914790","2026-06-12T20:21:54.739+08:00","2026-06-12T20:21:54.789+08:00",550.744751,EXP2,"exp2_target",4,1,"1:4|2:1|3:2|4:3"
"exp2_table_objects","实验二桌面四模型总体区域","Exp2_004_exp2_table_objects_0147","video_relative_to_recording_start",rectangle,0,270,1919,1045,,,,"A017_2","Exp2_004","E2_FIXED_PROGRESSIVE",loading,,,,,1,TRUE,3650.000,3700.000,554.394775,554.444763,1920,1046,"ObjectSlot1-4",1,1,"video_relative_to_screen_recording_start",36.078785,518315.969,518365.969,1,36.078785,"1781266396475","../../../../../../Project/UE5/Gallery/Saved/ScreenRecordings/A017_2_20260612_201316_screen.mkv",518315.969,518365.969,518340.969,"1781266914790","1781266914840","2026-06-12T20:21:54.789+08:00","2026-06-12T20:21:54.839+08:00",550.744751,EXP2,"exp2_table",4,1,"1:4|2:1|3:2|4:3"
"exp2_target_object","实验二当前目标模型_头顶","Exp2_004_exp2_target_object_0148","video_relative_to_recording_start",rectangle,0,310,562,968,,,,"A017_2","Exp2_004","E2_FIXED_PROGRESSIVE",loading,,,,,1,TRUE,3650.000,3700.000,554.394775,554.444763,1920,1046,"ObjectSlot1",1,1,"video_relative_to_screen_recording_start",36.078785,518315.969,518365.969,1,36.078785,"1781266396475","../../../../../../Project/UE5/Gallery/Saved/ScreenRecordings/A017_2_20260612_201316_screen.mkv",518315.969,518365.969,518340.969,"1781266914790","1781266914840","2026-06-12T20:21:54.789+08:00","2026-06-12T20:21:54.839+08:00",550.744751,EXP2,"exp2_target",4,1,"1:4|2:1|3:2|4:3"
"exp2_table_objects","实验二桌面四模型总体区域","Exp2_004_exp2_table_objects_0149","video_relative_to_recording_start",rectangle,0,270,1919,1045,,,,"A017_2","Exp2_004","E2_FIXED_PROGRESSIVE",loading,,,,,1,TRUE,3700.000,3750.000,554.444763,554.494751,1920,1046,"ObjectSlot1-4",1,1,"video_relative_to_screen_recording_start",36.078785,518365.969,518415.969,1,36.078785,"1781266396475","../../../../../../Project/UE5/Gallery/Saved/ScreenRecordings/A017_2_20260612_201316_screen.mkv",518365.969,518415.969,518390.969,"1781266914840","1781266914890","2026-06-12T20:21:54.839+08:00","2026-06-12T20:21:54.889+08:00",550.744751,EXP2,"exp2_table",4,1,"1:4|2:1|3:2|4:3"
"exp2_target_object","实验二当前目标模型_头顶","Exp2_004_exp2_target_object_0150","video_relative_to_recording_start",rectangle,0,310,562,968,,,,"A017_2","Exp2_004","E2_FIXED_PROGRESSIVE",loading,,,,,1,TRUE,3700.000,3750.000,554.444763,554.494751,1920,1046,"ObjectSlot1",1,1,"video_relative_to_screen_recording_start",36.078785,518365.969,518415.969,1,36.078785,"1781266396475","../../../../../../Project/UE5/Gallery/Saved/ScreenRecordings/A017_2_20260612_201316_screen.mkv",518365.969,518415.969,518390.969,"1781266914840","1781266914890","2026-06-12T20:21:54.839+08:00","2026-06-12T20:21:54.889+08:00",550.744751,EXP2,"exp2_target",4,1,"1:4|2:1|3:2|4:3"
"exp2_table_objects","实验二桌面四模型总体区域","Exp2_004_exp2_table_objects_0151","video_relative_to_recording_start",rectangle,0,270,1919,1045,,,,"A017_2","Exp2_004","E2_FIXED_PROGRESSIVE",loading,,,,,1,TRUE,3750.000,3800.000,554.494751,554.544739,1920,1046,"ObjectSlot1-4",1,1,"video_relative_to_screen_recording_start",36.078785,518415.969,518465.938,1,36.078785,"1781266396475","../../../../../../Project/UE5/Gallery/Saved/ScreenRecordings/A017_2_20260612_201316_screen.mkv",518415.969,518465.938,518440.938,"1781266914890","1781266914940","2026-06-12T20:21:54.889+08:00","2026-06-12T20:21:54.939+08:00",550.744751,EXP2,"exp2_table",4,1,"1:4|2:1|3:2|4:3"
"exp2_target_object","实验二当前目标模型_头顶","Exp2_004_exp2_target_object_0152","video_relative_to_recording_start",rectangle,0,310,562,968,,,,"A017_2","Exp2_004","E2_FIXED_PROGRESSIVE",loading,,,,,1,TRUE,3750.000,3800.000,554.494751,554.544739,1920,1046,"ObjectSlot1",1,1,"video_relative_to_screen_recording_start",36.078785,518415.969,518465.938,1,36.078785,"1781266396475","../../../../../../Project/UE5/Gallery/Saved/ScreenRecordings/A017_2_20260612_201316_screen.mkv",518415.969,518465.938,518440.938,"1781266914890","1781266914940","2026-06-12T20:21:54.889+08:00","2026-06-12T20:21:54.939+08:00",550.744751,EXP2,"exp2_target",4,1,"1:4|2:1|3:2|4:3"
"exp2_table_objects","实验二桌面四模型总体区域","Exp2_004_exp2_table_objects_0153","video_relative_to_recording_start",rectangle,0,270,1919,1045,,,,"A017_2","Exp2_004","E2_FIXED_PROGRESSIVE",loading,,,,,1,TRUE,3800.000,3850.000,554.544739,554.594727,1920,1046,"ObjectSlot1-4",1,1,"video_relative_to_screen_recording_start",36.078785,518465.938,518515.938,1,36.078785,"1781266396475","../../../../../../Project/UE5/Gallery/Saved/ScreenRecordings/A017_2_20260612_201316_screen.mkv",518465.938,518515.938,518490.938,"1781266914940","1781266914990","2026-06-12T20:21:54.939+08:00","2026-06-12T20:21:54.989+08:00",550.744751,EXP2,"exp2_table",4,1,"1:4|2:1|3:2|4:3"
"exp2_target_object","实验二当前目标模型_头顶","Exp2_004_exp2_target_object_0154","video_relative_to_recording_start",rectangle,0,310,562,968,,,,"A017_2","Exp2_004","E2_FIXED_PROGRESSIVE",loading,,,,,1,TRUE,3800.000,3850.000,554.544739,554.594727,1920,1046,"ObjectSlot1",1,1,"video_relative_to_screen_recording_start",36.078785,518465.938,518515.938,1,36.078785,"1781266396475","../../../../../../Project/UE5/Gallery/Saved/ScreenRecordings/A017_2_20260612_201316_screen.mkv",518465.938,518515.938,518490.938,"1781266914940","1781266914990","2026-06-12T20:21:54.939+08:00","2026-06-12T20:21:54.989+08:00",550.744751,EXP2,"exp2_target",4,1,"1:4|2:1|3:2|4:3"
"exp2_table_objects","实验二桌面四模型总体区域","Exp2_004_exp2_table_objects_0155","video_relative_to_recording_start",rectangle,0,270,1919,1045,,,,"A017_2","Exp2_004","E2_FIXED_PROGRESSIVE",loading,,,,,1,TRUE,3850.000,3900.000,554.594727,554.644775,1920,1046,"ObjectSlot1-4",1,1,"video_relative_to_screen_recording_start",36.078785,518515.938,518565.969,1,36.078785,"1781266396475","../../../../../../Project/UE5/Gallery/Saved/ScreenRecordings/A017_2_20260612_201316_screen.mkv",518515.938,518565.969,518540.938,"1781266914990","1781266915040","2026-06-12T20:21:54.989+08:00","2026-06-12T20:21:55.039+08:00",550.744751,EXP2,"exp2_table",4,1,"1:4|2:1|3:2|4:3"
"exp2_target_object","实验二当前目标模型_头顶","Exp2_004_exp2_target_object_0156","video_relative_to_recording_start",rectangle,0,310,562,968,,,,"A017_2","Exp2_004","E2_FIXED_PROGRESSIVE",loading,,,,,1,TRUE,3850.000,3900.000,554.594727,554.644775,1920,1046,"ObjectSlot1",1,1,"video_relative_to_screen_recording_start",36.078785,518515.938,518565.969,1,36.078785,"1781266396475","../../../../../../Project/UE5/Gallery/Saved/ScreenRecordings/A017_2_20260612_201316_screen.mkv",518515.938,518565.969,518540.938,"1781266914990","1781266915040","2026-06-12T20:21:54.989+08:00","2026-06-12T20:21:55.039+08:00",550.744751,EXP2,"exp2_target",4,1,"1:4|2:1|3:2|4:3"
"exp2_table_objects","实验二桌面四模型总体区域","Exp2_004_exp2_table_objects_0157","video_relative_to_recording_start",rectangle,0,270,1919,1045,,,,"A017_2","Exp2_004","E2_FIXED_PROGRESSIVE",loading,,,,,1,TRUE,3900.000,3950.000,554.644775,554.694763,1920,1046,"ObjectSlot1-4",1,1,"video_relative_to_screen_recording_start",36.078785,518565.969,518615.969,1,36.078785,"1781266396475","../../../../../../Project/UE5/Gallery/Saved/ScreenRecordings/A017_2_20260612_201316_screen.mkv",518565.969,518615.969,518590.969,"1781266915040","1781266915090","2026-06-12T20:21:55.039+08:00","2026-06-12T20:21:55.089+08:00",550.744751,EXP2,"exp2_table",4,1,"1:4|2:1|3:2|4:3"
"exp2_target_object","实验二当前目标模型_头顶","Exp2_004_exp2_target_object_0158","video_relative_to_recording_start",rectangle,0,310,562,968,,,,"A017_2","Exp2_004","E2_FIXED_PROGRESSIVE",loading,,,,,1,TRUE,3900.000,3950.000,554.644775,554.694763,1920,1046,"ObjectSlot1",1,1,"video_relative_to_screen_recording_start",36.078785,518565.969,518615.969,1,36.078785,"1781266396475","../../../../../../Project/UE5/Gallery/Saved/ScreenRecordings/A017_2_20260612_201316_screen.mkv",518565.969,518615.969,518590.969,"1781266915040","1781266915090","2026-06-12T20:21:55.039+08:00","2026-06-12T20:21:55.089+08:00",550.744751,EXP2,"exp2_target",4,1,"1:4|2:1|3:2|4:3"
"exp2_table_objects","实验二桌面四模型总体区域","Exp2_004_exp2_table_objects_0159","video_relative_to_recording_start",rectangle,0,270,1919,1045,,,,"A017_2","Exp2_004","E2_FIXED_PROGRESSIVE",loading,,,,,1,TRUE,3950.000,4000.000,554.694763,554.744751,1920,1046,"ObjectSlot1-4",1,1,"video_relative_to_screen_recording_start",36.078785,518615.969,518665.969,1,36.078785,"1781266396475","../../../../../../Project/UE5/Gallery/Saved/ScreenRecordings/A017_2_20260612_201316_screen.mkv",518615.969,518665.969,518640.969,"1781266915090","1781266915140","2026-06-12T20:21:55.089+08:00","2026-06-12T20:21:55.139+08:00",550.744751,EXP2,"exp2_table",4,1,"1:4|2:1|3:2|4:3"
"exp2_target_object","实验二当前目标模型_头顶","Exp2_004_exp2_target_object_0160","video_relative_to_recording_start",rectangle,0,310,562,968,,,,"A017_2","Exp2_004","E2_FIXED_PROGRESSIVE",loading,,,,,1,TRUE,3950.000,4000.000,554.694763,554.744751,1920,1046,"ObjectSlot1",1,1,"video_relative_to_screen_recording_start",36.078785,518615.969,518665.969,1,36.078785,"1781266396475","../../../../../../Project/UE5/Gallery/Saved/ScreenRecordings/A017_2_20260612_201316_screen.mkv",518615.969,518665.969,518640.969,"1781266915090","1781266915140","2026-06-12T20:21:55.089+08:00","2026-06-12T20:21:55.139+08:00",550.744751,EXP2,"exp2_target",4,1,"1:4|2:1|3:2|4:3"
"exp2_table_objects","实验二桌面四模型总体区域","Exp2_004_exp2_table_objects_0161","video_relative_to_recording_start",rectangle,0,271,1919,1045,,,,"A017_2","Exp2_004","E2_FIXED_PROGRESSIVE",loading,,,,,1,TRUE,4000.000,4050.000,554.744751,554.794739,1920,1046,"ObjectSlot1-4",1,1,"video_relative_to_screen_recording_start",36.078785,518665.969,518715.938,1,36.078785,"1781266396475","../../../../../../Project/UE5/Gallery/Saved/ScreenRecordings/A017_2_20260612_201316_screen.mkv",518665.969,518715.938,518690.938,"1781266915140","1781266915190","2026-06-12T20:21:55.139+08:00","2026-06-12T20:21:55.189+08:00",550.744751,EXP2,"exp2_table",4,1,"1:4|2:1|3:2|4:3"
"exp2_target_object","实验二当前目标模型_头顶","Exp2_004_exp2_target_object_0162","video_relative_to_recording_start",rectangle,0,311,561,968,,,,"A017_2","Exp2_004","E2_FIXED_PROGRESSIVE",loading,,,,,1,TRUE,4000.000,4050.000,554.744751,554.794739,1920,1046,"ObjectSlot1",1,1,"video_relative_to_screen_recording_start",36.078785,518665.969,518715.938,1,36.078785,"1781266396475","../../../../../../Project/UE5/Gallery/Saved/ScreenRecordings/A017_2_20260612_201316_screen.mkv",518665.969,518715.938,518690.938,"1781266915140","1781266915190","2026-06-12T20:21:55.139+08:00","2026-06-12T20:21:55.189+08:00",550.744751,EXP2,"exp2_target",4,1,"1:4|2:1|3:2|4:3"
"exp2_table_objects","实验二桌面四模型总体区域","Exp2_004_exp2_table_objects_0163","video_relative_to_recording_start",rectangle,0,271,1919,1045,,,,"A017_2","Exp2_004","E2_FIXED_PROGRESSIVE",loading,,,,,1,TRUE,4050.000,4100.000,554.794739,554.844727,1920,1046,"ObjectSlot1-4",1,1,"video_relative_to_screen_recording_start",36.078785,518715.938,518765.938,1,36.078785,"1781266396475","../../../../../../Project/UE5/Gallery/Saved/ScreenRecordings/A017_2_20260612_201316_screen.mkv",518715.938,518765.938,518740.938,"1781266915190","1781266915240","2026-06-12T20:21:55.189+08:00","2026-06-12T20:21:55.239+08:00",550.744751,EXP2,"exp2_table",4,1,"1:4|2:1|3:2|4:3"
"exp2_target_object","实验二当前目标模型_头顶","Exp2_004_exp2_target_object_0164","video_relative_to_recording_start",rectangle,0,311,561,968,,,,"A017_2","Exp2_004","E2_FIXED_PROGRESSIVE",loading,,,,,1,TRUE,4050.000,4100.000,554.794739,554.844727,1920,1046,"ObjectSlot1",1,1,"video_relative_to_screen_recording_start",36.078785,518715.938,518765.938,1,36.078785,"1781266396475","../../../../../../Project/UE5/Gallery/Saved/ScreenRecordings/A017_2_20260612_201316_screen.mkv",518715.938,518765.938,518740.938,"1781266915190","1781266915240","2026-06-12T20:21:55.189+08:00","2026-06-12T20:21:55.239+08:00",550.744751,EXP2,"exp2_target",4,1,"1:4|2:1|3:2|4:3"
"exp2_table_objects","实验二桌面四模型总体区域","Exp2_004_exp2_table_objects_0165","video_relative_to_recording_start",rectangle,0,271,1919,1045,,,,"A017_2","Exp2_004","E2_FIXED_PROGRESSIVE",loading,,,,,1,TRUE,4100.000,4150.000,554.844727,554.894775,1920,1046,"ObjectSlot1-4",1,1,"video_relative_to_screen_recording_start",36.078785,518765.938,518815.969,1,36.078785,"1781266396475","../../../../../../Project/UE5/Gallery/Saved/ScreenRecordings/A017_2_20260612_201316_screen.mkv",518765.938,518815.969,518790.938,"1781266915240","1781266915290","2026-06-12T20:21:55.239+08:00","2026-06-12T20:21:55.290+08:00",550.744751,EXP2,"exp2_table",4,1,"1:4|2:1|3:2|4:3"
"exp2_target_object","实验二当前目标模型_头顶","Exp2_004_exp2_target_object_0166","video_relative_to_recording_start",rectangle,0,311,561,968,,,,"A017_2","Exp2_004","E2_FIXED_PROGRESSIVE",loading,,,,,1,TRUE,4100.000,4150.000,554.844727,554.894775,1920,1046,"ObjectSlot1",1,1,"video_relative_to_screen_recording_start",36.078785,518765.938,518815.969,1,36.078785,"1781266396475","../../../../../../Project/UE5/Gallery/Saved/ScreenRecordings/A017_2_20260612_201316_screen.mkv",518765.938,518815.969,518790.938,"1781266915240","1781266915290","2026-06-12T20:21:55.239+08:00","2026-06-12T20:21:55.290+08:00",550.744751,EXP2,"exp2_target",4,1,"1:4|2:1|3:2|4:3"
"exp2_table_objects","实验二桌面四模型总体区域","Exp2_004_exp2_table_objects_0167","video_relative_to_recording_start",rectangle,0,271,1919,1045,,,,"A017_2","Exp2_004","E2_FIXED_PROGRESSIVE",loading,,,,,1,TRUE,4150.000,4200.000,554.894775,554.944763,1920,1046,"ObjectSlot1-4",1,1,"video_relative_to_screen_recording_start",36.078785,518815.969,518865.969,1,36.078785,"1781266396475","../../../../../../Project/UE5/Gallery/Saved/ScreenRecordings/A017_2_20260612_201316_screen.mkv",518815.969,518865.969,518840.969,"1781266915290","1781266915340","2026-06-12T20:21:55.290+08:00","2026-06-12T20:21:55.339+08:00",550.744751,EXP2,"exp2_table",4,1,"1:4|2:1|3:2|4:3"
"exp2_target_object","实验二当前目标模型_头顶","Exp2_004_exp2_target_object_0168","video_relative_to_recording_start",rectangle,0,311,561,968,,,,"A017_2","Exp2_004","E2_FIXED_PROGRESSIVE",loading,,,,,1,TRUE,4150.000,4200.000,554.894775,554.944763,1920,1046,"ObjectSlot1",1,1,"video_relative_to_screen_recording_start",36.078785,518815.969,518865.969,1,36.078785,"1781266396475","../../../../../../Project/UE5/Gallery/Saved/ScreenRecordings/A017_2_20260612_201316_screen.mkv",518815.969,518865.969,518840.969,"1781266915290","1781266915340","2026-06-12T20:21:55.290+08:00","2026-06-12T20:21:55.339+08:00",550.744751,EXP2,"exp2_target",4,1,"1:4|2:1|3:2|4:3"
"exp2_table_objects","实验二桌面四模型总体区域","Exp2_004_exp2_table_objects_0169","video_relative_to_recording_start",rectangle,0,271,1919,1045,,,,"A017_2","Exp2_004","E2_FIXED_PROGRESSIVE",loading,,,,,1,TRUE,4200.000,4250.000,554.944763,554.994751,1920,1046,"ObjectSlot1-4",1,1,"video_relative_to_screen_recording_start",36.078785,518865.969,518915.969,1,36.078785,"1781266396475","../../../../../../Project/UE5/Gallery/Saved/ScreenRecordings/A017_2_20260612_201316_screen.mkv",518865.969,518915.969,518890.969,"1781266915340","1781266915390","2026-06-12T20:21:55.339+08:00","2026-06-12T20:21:55.389+08:00",550.744751,EXP2,"exp2_table",4,1,"1:4|2:1|3:2|4:3"
"exp2_target_object","实验二当前目标模型_头顶","Exp2_004_exp2_target_object_0170","video_relative_to_recording_start",rectangle,0,311,561,968,,,,"A017_2","Exp2_004","E2_FIXED_PROGRESSIVE",loading,,,,,1,TRUE,4200.000,4250.000,554.944763,554.994751,1920,1046,"ObjectSlot1",1,1,"video_relative_to_screen_recording_start",36.078785,518865.969,518915.969,1,36.078785,"1781266396475","../../../../../../Project/UE5/Gallery/Saved/ScreenRecordings/A017_2_20260612_201316_screen.mkv",518865.969,518915.969,518890.969,"1781266915340","1781266915390","2026-06-12T20:21:55.339+08:00","2026-06-12T20:21:55.389+08:00",550.744751,EXP2,"exp2_target",4,1,"1:4|2:1|3:2|4:3"
"exp2_table_objects","实验二桌面四模型总体区域","Exp2_004_exp2_table_objects_0171","video_relative_to_recording_start",rectangle,0,271,1919,1045,,,,"A017_2","Exp2_004","E2_FIXED_PROGRESSIVE",loading,,,,,1,TRUE,4250.000,4300.000,554.994751,555.044739,1920,1046,"ObjectSlot1-4",1,1,"video_relative_to_screen_recording_start",36.078785,518915.969,518965.938,1,36.078785,"1781266396475","../../../../../../Project/UE5/Gallery/Saved/ScreenRecordings/A017_2_20260612_201316_screen.mkv",518915.969,518965.938,518940.938,"1781266915390","1781266915440","2026-06-12T20:21:55.389+08:00","2026-06-12T20:21:55.439+08:00",550.744751,EXP2,"exp2_table",4,1,"1:4|2:1|3:2|4:3"
"exp2_target_object","实验二当前目标模型_头顶","Exp2_004_exp2_target_object_0172","video_relative_to_recording_start",rectangle,0,311,561,968,,,,"A017_2","Exp2_004","E2_FIXED_PROGRESSIVE",loading,,,,,1,TRUE,4250.000,4300.000,554.994751,555.044739,1920,1046,"ObjectSlot1",1,1,"video_relative_to_screen_recording_start",36.078785,518915.969,518965.938,1,36.078785,"1781266396475","../../../../../../Project/UE5/Gallery/Saved/ScreenRecordings/A017_2_20260612_201316_screen.mkv",518915.969,518965.938,518940.938,"1781266915390","1781266915440","2026-06-12T20:21:55.389+08:00","2026-06-12T20:21:55.439+08:00",550.744751,EXP2,"exp2_target",4,1,"1:4|2:1|3:2|4:3"
"exp2_table_objects","实验二桌面四模型总体区域","Exp2_004_exp2_table_objects_0173","video_relative_to_recording_start",rectangle,0,271,1919,1045,,,,"A017_2","Exp2_004","E2_FIXED_PROGRESSIVE",loading,,,,,1,TRUE,4300.000,4350.000,555.044739,555.094727,1920,1046,"ObjectSlot1-4",1,1,"video_relative_to_screen_recording_start",36.078785,518965.938,519015.938,1,36.078785,"1781266396475","../../../../../../Project/UE5/Gallery/Saved/ScreenRecordings/A017_2_20260612_201316_screen.mkv",518965.938,519015.938,518990.938,"1781266915440","1781266915490","2026-06-12T20:21:55.439+08:00","2026-06-12T20:21:55.489+08:00",550.744751,EXP2,"exp2_table",4,1,"1:4|2:1|3:2|4:3"
"exp2_target_object","实验二当前目标模型_头顶","Exp2_004_exp2_target_object_0174","video_relative_to_recording_start",rectangle,0,311,561,968,,,,"A017_2","Exp2_004","E2_FIXED_PROGRESSIVE",loading,,,,,1,TRUE,4300.000,4350.000,555.044739,555.094727,1920,1046,"ObjectSlot1",1,1,"video_relative_to_screen_recording_start",36.078785,518965.938,519015.938,1,36.078785,"1781266396475","../../../../../../Project/UE5/Gallery/Saved/ScreenRecordings/A017_2_20260612_201316_screen.mkv",518965.938,519015.938,518990.938,"1781266915440","1781266915490","2026-06-12T20:21:55.439+08:00","2026-06-12T20:21:55.489+08:00",550.744751,EXP2,"exp2_target",4,1,"1:4|2:1|3:2|4:3"
"exp2_table_objects","实验二桌面四模型总体区域","Exp2_004_exp2_table_objects_0175","video_relative_to_recording_start",rectangle,0,271,1919,1045,,,,"A017_2","Exp2_004","E2_FIXED_PROGRESSIVE",loading,,,,,1,TRUE,4350.000,4400.000,555.094727,555.144775,1920,1046,"ObjectSlot1-4",1,1,"video_relative_to_screen_recording_start",36.078785,519015.938,519065.969,1,36.078785,"1781266396475","../../../../../../Project/UE5/Gallery/Saved/ScreenRecordings/A017_2_20260612_201316_screen.mkv",519015.938,519065.969,519040.938,"1781266915490","1781266915540","2026-06-12T20:21:55.489+08:00","2026-06-12T20:21:55.539+08:00",550.744751,EXP2,"exp2_table",4,1,"1:4|2:1|3:2|4:3"
"exp2_target_object","实验二当前目标模型_头顶","Exp2_004_exp2_target_object_0176","video_relative_to_recording_start",rectangle,0,311,561,968,,,,"A017_2","Exp2_004","E2_FIXED_PROGRESSIVE",loading,,,,,1,TRUE,4350.000,4400.000,555.094727,555.144775,1920,1046,"ObjectSlot1",1,1,"video_relative_to_screen_recording_start",36.078785,519015.938,519065.969,1,36.078785,"1781266396475","../../../../../../Project/UE5/Gallery/Saved/ScreenRecordings/A017_2_20260612_201316_screen.mkv",519015.938,519065.969,519040.938,"1781266915490","1781266915540","2026-06-12T20:21:55.489+08:00","2026-06-12T20:21:55.539+08:00",550.744751,EXP2,"exp2_target",4,1,"1:4|2:1|3:2|4:3"
"exp2_table_objects","实验二桌面四模型总体区域","Exp2_004_exp2_table_objects_0177","video_relative_to_recording_start",rectangle,0,271,1919,1045,,,,"A017_2","Exp2_004","E2_FIXED_PROGRESSIVE",loading,,,,,1,TRUE,4400.000,4450.000,555.144775,555.194763,1920,1046,"ObjectSlot1-4",1,1,"video_relative_to_screen_recording_start",36.078785,519065.969,519115.969,1,36.078785,"1781266396475","../../../../../../Project/UE5/Gallery/Saved/ScreenRecordings/A017_2_20260612_201316_screen.mkv",519065.969,519115.969,519090.969,"1781266915540","1781266915590","2026-06-12T20:21:55.539+08:00","2026-06-12T20:21:55.589+08:00",550.744751,EXP2,"exp2_table",4,1,"1:4|2:1|3:2|4:3"
"exp2_target_object","实验二当前目标模型_头顶","Exp2_004_exp2_target_object_0178","video_relative_to_recording_start",rectangle,0,311,561,968,,,,"A017_2","Exp2_004","E2_FIXED_PROGRESSIVE",loading,,,,,1,TRUE,4400.000,4450.000,555.144775,555.194763,1920,1046,"ObjectSlot1",1,1,"video_relative_to_screen_recording_start",36.078785,519065.969,519115.969,1,36.078785,"1781266396475","../../../../../../Project/UE5/Gallery/Saved/ScreenRecordings/A017_2_20260612_201316_screen.mkv",519065.969,519115.969,519090.969,"1781266915540","1781266915590","2026-06-12T20:21:55.539+08:00","2026-06-12T20:21:55.589+08:00",550.744751,EXP2,"exp2_target",4,1,"1:4|2:1|3:2|4:3"
"exp2_table_objects","实验二桌面四模型总体区域","Exp2_004_exp2_table_objects_0179","video_relative_to_recording_start",rectangle,0,271,1919,1045,,,,"A017_2","Exp2_004","E2_FIXED_PROGRESSIVE",loading,,,,,1,TRUE,4450.000,4500.000,555.194763,555.244751,1920,1046,"ObjectSlot1-4",1,1,"video_relative_to_screen_recording_start",36.078785,519115.969,519165.969,1,36.078785,"1781266396475","../../../../../../Project/UE5/Gallery/Saved/ScreenRecordings/A017_2_20260612_201316_screen.mkv",519115.969,519165.969,519140.969,"1781266915590","1781266915640","2026-06-12T20:21:55.589+08:00","2026-06-12T20:21:55.639+08:00",550.744751,EXP2,"exp2_table",4,1,"1:4|2:1|3:2|4:3"
"exp2_target_object","实验二当前目标模型_头顶","Exp2_004_exp2_target_object_0180","video_relative_to_recording_start",rectangle,0,311,561,968,,,,"A017_2","Exp2_004","E2_FIXED_PROGRESSIVE",loading,,,,,1,TRUE,4450.000,4500.000,555.194763,555.244751,1920,1046,"ObjectSlot1",1,1,"video_relative_to_screen_recording_start",36.078785,519115.969,519165.969,1,36.078785,"1781266396475","../../../../../../Project/UE5/Gallery/Saved/ScreenRecordings/A017_2_20260612_201316_screen.mkv",519115.969,519165.969,519140.969,"1781266915590","1781266915640","2026-06-12T20:21:55.589+08:00","2026-06-12T20:21:55.639+08:00",550.744751,EXP2,"exp2_target",4,1,"1:4|2:1|3:2|4:3"
"exp2_table_objects","实验二桌面四模型总体区域","Exp2_004_exp2_table_objects_0181","video_relative_to_recording_start",rectangle,0,271,1919,1045,,,,"A017_2","Exp2_004","E2_FIXED_PROGRESSIVE",loading,,,,,1,TRUE,4500.000,4550.000,555.244751,555.294739,1920,1046,"ObjectSlot1-4",1,1,"video_relative_to_screen_recording_start",36.078785,519165.969,519215.938,1,36.078785,"1781266396475","../../../../../../Project/UE5/Gallery/Saved/ScreenRecordings/A017_2_20260612_201316_screen.mkv",519165.969,519215.938,519190.938,"1781266915640","1781266915690","2026-06-12T20:21:55.639+08:00","2026-06-12T20:21:55.689+08:00",550.744751,EXP2,"exp2_table",4,1,"1:4|2:1|3:2|4:3"
"exp2_target_object","实验二当前目标模型_头顶","Exp2_004_exp2_target_object_0182","video_relative_to_recording_start",rectangle,0,311,561,968,,,,"A017_2","Exp2_004","E2_FIXED_PROGRESSIVE",loading,,,,,1,TRUE,4500.000,4550.000,555.244751,555.294739,1920,1046,"ObjectSlot1",1,1,"video_relative_to_screen_recording_start",36.078785,519165.969,519215.938,1,36.078785,"1781266396475","../../../../../../Project/UE5/Gallery/Saved/ScreenRecordings/A017_2_20260612_201316_screen.mkv",519165.969,519215.938,519190.938,"1781266915640","1781266915690","2026-06-12T20:21:55.639+08:00","2026-06-12T20:21:55.689+08:00",550.744751,EXP2,"exp2_target",4,1,"1:4|2:1|3:2|4:3"
"exp2_table_objects","实验二桌面四模型总体区域","Exp2_004_exp2_table_objects_0183","video_relative_to_recording_start",rectangle,0,271,1919,1045,,,,"A017_2","Exp2_004","E2_FIXED_PROGRESSIVE",loading,,,,,1,TRUE,4550.000,4600.000,555.294739,555.344727,1920,1046,"ObjectSlot1-4",1,1,"video_relative_to_screen_recording_start",36.078785,519215.938,519265.938,1,36.078785,"1781266396475","../../../../../../Project/UE5/Gallery/Saved/ScreenRecordings/A017_2_20260612_201316_screen.mkv",519215.938,519265.938,519240.938,"1781266915690","1781266915740","2026-06-12T20:21:55.689+08:00","2026-06-12T20:21:55.739+08:00",550.744751,EXP2,"exp2_table",4,1,"1:4|2:1|3:2|4:3"
"exp2_target_object","实验二当前目标模型_头顶","Exp2_004_exp2_target_object_0184","video_relative_to_recording_start",rectangle,0,311,561,968,,,,"A017_2","Exp2_004","E2_FIXED_PROGRESSIVE",loading,,,,,1,TRUE,4550.000,4600.000,555.294739,555.344727,1920,1046,"ObjectSlot1",1,1,"video_relative_to_screen_recording_start",36.078785,519215.938,519265.938,1,36.078785,"1781266396475","../../../../../../Project/UE5/Gallery/Saved/ScreenRecordings/A017_2_20260612_201316_screen.mkv",519215.938,519265.938,519240.938,"1781266915690","1781266915740","2026-06-12T20:21:55.689+08:00","2026-06-12T20:21:55.739+08:00",550.744751,EXP2,"exp2_target",4,1,"1:4|2:1|3:2|4:3"
"exp2_table_objects","实验二桌面四模型总体区域","Exp2_004_exp2_table_objects_0185","video_relative_to_recording_start",rectangle,0,271,1919,1045,,,,"A017_2","Exp2_004","E2_FIXED_PROGRESSIVE",loading,,,,,1,TRUE,4600.000,4650.000,555.344727,555.394775,1920,1046,"ObjectSlot1-4",1,1,"video_relative_to_screen_recording_start",36.078785,519265.938,519315.969,1,36.078785,"1781266396475","../../../../../../Project/UE5/Gallery/Saved/ScreenRecordings/A017_2_20260612_201316_screen.mkv",519265.938,519315.969,519290.938,"1781266915740","1781266915790","2026-06-12T20:21:55.739+08:00","2026-06-12T20:21:55.789+08:00",550.744751,EXP2,"exp2_table",4,1,"1:4|2:1|3:2|4:3"
"exp2_target_object","实验二当前目标模型_头顶","Exp2_004_exp2_target_object_0186","video_relative_to_recording_start",rectangle,0,311,561,968,,,,"A017_2","Exp2_004","E2_FIXED_PROGRESSIVE",loading,,,,,1,TRUE,4600.000,4650.000,555.344727,555.394775,1920,1046,"ObjectSlot1",1,1,"video_relative_to_screen_recording_start",36.078785,519265.938,519315.969,1,36.078785,"1781266396475","../../../../../../Project/UE5/Gallery/Saved/ScreenRecordings/A017_2_20260612_201316_screen.mkv",519265.938,519315.969,519290.938,"1781266915740","1781266915790","2026-06-12T20:21:55.739+08:00","2026-06-12T20:21:55.789+08:00",550.744751,EXP2,"exp2_target",4,1,"1:4|2:1|3:2|4:3"
"exp2_table_objects","实验二桌面四模型总体区域","Exp2_004_exp2_table_objects_0187","video_relative_to_recording_start",rectangle,0,271,1919,1045,,,,"A017_2","Exp2_004","E2_FIXED_PROGRESSIVE",loading,,,,,1,TRUE,4650.000,4700.000,555.394775,555.444763,1920,1046,"ObjectSlot1-4",1,1,"video_relative_to_screen_recording_start",36.078785,519315.969,519365.969,1,36.078785,"1781266396475","../../../../../../Project/UE5/Gallery/Saved/ScreenRecordings/A017_2_20260612_201316_screen.mkv",519315.969,519365.969,519340.969,"1781266915790","1781266915840","2026-06-12T20:21:55.789+08:00","2026-06-12T20:21:55.839+08:00",550.744751,EXP2,"exp2_table",4,1,"1:4|2:1|3:2|4:3"
"exp2_target_object","实验二当前目标模型_头顶","Exp2_004_exp2_target_object_0188","video_relative_to_recording_start",rectangle,0,311,561,968,,,,"A017_2","Exp2_004","E2_FIXED_PROGRESSIVE",loading,,,,,1,TRUE,4650.000,4700.000,555.394775,555.444763,1920,1046,"ObjectSlot1",1,1,"video_relative_to_screen_recording_start",36.078785,519315.969,519365.969,1,36.078785,"1781266396475","../../../../../../Project/UE5/Gallery/Saved/ScreenRecordings/A017_2_20260612_201316_screen.mkv",519315.969,519365.969,519340.969,"1781266915790","1781266915840","2026-06-12T20:21:55.789+08:00","2026-06-12T20:21:55.839+08:00",550.744751,EXP2,"exp2_target",4,1,"1:4|2:1|3:2|4:3"
"exp2_table_objects","实验二桌面四模型总体区域","Exp2_004_exp2_table_objects_0189","video_relative_to_recording_start",rectangle,0,271,1919,1045,,,,"A017_2","Exp2_004","E2_FIXED_PROGRESSIVE",loading,,,,,1,TRUE,4700.000,4750.000,555.444763,555.494751,1920,1046,"ObjectSlot1-4",1,1,"video_relative_to_screen_recording_start",36.078785,519365.969,519415.969,1,36.078785,"1781266396475","../../../../../../Project/UE5/Gallery/Saved/ScreenRecordings/A017_2_20260612_201316_screen.mkv",519365.969,519415.969,519390.969,"1781266915840","1781266915890","2026-06-12T20:21:55.839+08:00","2026-06-12T20:21:55.889+08:00",550.744751,EXP2,"exp2_table",4,1,"1:4|2:1|3:2|4:3"
"exp2_target_object","实验二当前目标模型_头顶","Exp2_004_exp2_target_object_0190","video_relative_to_recording_start",rectangle,0,311,561,968,,,,"A017_2","Exp2_004","E2_FIXED_PROGRESSIVE",loading,,,,,1,TRUE,4700.000,4750.000,555.444763,555.494751,1920,1046,"ObjectSlot1",1,1,"video_relative_to_screen_recording_start",36.078785,519365.969,519415.969,1,36.078785,"1781266396475","../../../../../../Project/UE5/Gallery/Saved/ScreenRecordings/A017_2_20260612_201316_screen.mkv",519365.969,519415.969,519390.969,"1781266915840","1781266915890","2026-06-12T20:21:55.839+08:00","2026-06-12T20:21:55.889+08:00",550.744751,EXP2,"exp2_target",4,1,"1:4|2:1|3:2|4:3"
"exp2_table_objects","实验二桌面四模型总体区域","Exp2_004_exp2_table_objects_0191","video_relative_to_recording_start",rectangle,0,271,1919,1045,,,,"A017_2","Exp2_004","E2_FIXED_PROGRESSIVE",loading,,,,,1,TRUE,4750.000,4800.000,555.494751,555.544739,1920,1046,"ObjectSlot1-4",1,1,"video_relative_to_screen_recording_start",36.078785,519415.969,519465.938,1,36.078785,"1781266396475","../../../../../../Project/UE5/Gallery/Saved/ScreenRecordings/A017_2_20260612_201316_screen.mkv",519415.969,519465.938,519440.938,"1781266915890","1781266915940","2026-06-12T20:21:55.889+08:00","2026-06-12T20:21:55.939+08:00",550.744751,EXP2,"exp2_table",4,1,"1:4|2:1|3:2|4:3"
"exp2_target_object","实验二当前目标模型_头顶","Exp2_004_exp2_target_object_0192","video_relative_to_recording_start",rectangle,0,311,561,968,,,,"A017_2","Exp2_004","E2_FIXED_PROGRESSIVE",loading,,,,,1,TRUE,4750.000,4800.000,555.494751,555.544739,1920,1046,"ObjectSlot1",1,1,"video_relative_to_screen_recording_start",36.078785,519415.969,519465.938,1,36.078785,"1781266396475","../../../../../../Project/UE5/Gallery/Saved/ScreenRecordings/A017_2_20260612_201316_screen.mkv",519415.969,519465.938,519440.938,"1781266915890","1781266915940","2026-06-12T20:21:55.889+08:00","2026-06-12T20:21:55.939+08:00",550.744751,EXP2,"exp2_target",4,1,"1:4|2:1|3:2|4:3"
"exp2_table_objects","实验二桌面四模型总体区域","Exp2_004_exp2_table_objects_0193","video_relative_to_recording_start",rectangle,0,271,1919,1045,,,,"A017_2","Exp2_004","E2_FIXED_PROGRESSIVE",loading,,,,,1,TRUE,4800.000,4850.000,555.544739,555.594727,1920,1046,"ObjectSlot1-4",1,1,"video_relative_to_screen_recording_start",36.078785,519465.938,519515.938,1,36.078785,"1781266396475","../../../../../../Project/UE5/Gallery/Saved/ScreenRecordings/A017_2_20260612_201316_screen.mkv",519465.938,519515.938,519490.938,"1781266915940","1781266915990","2026-06-12T20:21:55.939+08:00","2026-06-12T20:21:55.989+08:00",550.744751,EXP2,"exp2_table",4,1,"1:4|2:1|3:2|4:3"
"exp2_target_object","实验二当前目标模型_头顶","Exp2_004_exp2_target_object_0194","video_relative_to_recording_start",rectangle,0,311,561,968,,,,"A017_2","Exp2_004","E2_FIXED_PROGRESSIVE",loading,,,,,1,TRUE,4800.000,4850.000,555.544739,555.594727,1920,1046,"ObjectSlot1",1,1,"video_relative_to_screen_recording_start",36.078785,519465.938,519515.938,1,36.078785,"1781266396475","../../../../../../Project/UE5/Gallery/Saved/ScreenRecordings/A017_2_20260612_201316_screen.mkv",519465.938,519515.938,519490.938,"1781266915940","1781266915990","2026-06-12T20:21:55.939+08:00","2026-06-12T20:21:55.989+08:00",550.744751,EXP2,"exp2_target",4,1,"1:4|2:1|3:2|4:3"
"exp2_table_objects","实验二桌面四模型总体区域","Exp2_004_exp2_table_objects_0195","video_relative_to_recording_start",rectangle,0,271,1919,1045,,,,"A017_2","Exp2_004","E2_FIXED_PROGRESSIVE",loading,,,,,1,TRUE,4850.000,4900.000,555.594727,555.644775,1920,1046,"ObjectSlot1-4",1,1,"video_relative_to_screen_recording_start",36.078785,519515.938,519565.969,1,36.078785,"1781266396475","../../../../../../Project/UE5/Gallery/Saved/ScreenRecordings/A017_2_20260612_201316_screen.mkv",519515.938,519565.969,519540.938,"1781266915990","1781266916040","2026-06-12T20:21:55.989+08:00","2026-06-12T20:21:56.039+08:00",550.744751,EXP2,"exp2_table",4,1,"1:4|2:1|3:2|4:3"
"exp2_target_object","实验二当前目标模型_头顶","Exp2_004_exp2_target_object_0196","video_relative_to_recording_start",rectangle,0,311,561,968,,,,"A017_2","Exp2_004","E2_FIXED_PROGRESSIVE",loading,,,,,1,TRUE,4850.000,4900.000,555.594727,555.644775,1920,1046,"ObjectSlot1",1,1,"video_relative_to_screen_recording_start",36.078785,519515.938,519565.969,1,36.078785,"1781266396475","../../../../../../Project/UE5/Gallery/Saved/ScreenRecordings/A017_2_20260612_201316_screen.mkv",519515.938,519565.969,519540.938,"1781266915990","1781266916040","2026-06-12T20:21:55.989+08:00","2026-06-12T20:21:56.039+08:00",550.744751,EXP2,"exp2_target",4,1,"1:4|2:1|3:2|4:3"
"exp2_table_objects","实验二桌面四模型总体区域","Exp2_004_exp2_table_objects_0197","video_relative_to_recording_start",rectangle,0,271,1919,1045,,,,"A017_2","Exp2_004","E2_FIXED_PROGRESSIVE",loading,,,,,1,TRUE,4900.000,4950.000,555.644775,555.694763,1920,1046,"ObjectSlot1-4",1,1,"video_relative_to_screen_recording_start",36.078785,519565.969,519615.969,1,36.078785,"1781266396475","../../../../../../Project/UE5/Gallery/Saved/ScreenRecordings/A017_2_20260612_201316_screen.mkv",519565.969,519615.969,519590.969,"1781266916040","1781266916090","2026-06-12T20:21:56.039+08:00","2026-06-12T20:21:56.089+08:00",550.744751,EXP2,"exp2_table",4,1,"1:4|2:1|3:2|4:3"
"exp2_target_object","实验二当前目标模型_头顶","Exp2_004_exp2_target_object_0198","video_relative_to_recording_start",rectangle,0,311,561,968,,,,"A017_2","Exp2_004","E2_FIXED_PROGRESSIVE",loading,,,,,1,TRUE,4900.000,4950.000,555.644775,555.694763,1920,1046,"ObjectSlot1",1,1,"video_relative_to_screen_recording_start",36.078785,519565.969,519615.969,1,36.078785,"1781266396475","../../../../../../Project/UE5/Gallery/Saved/ScreenRecordings/A017_2_20260612_201316_screen.mkv",519565.969,519615.969,519590.969,"1781266916040","1781266916090","2026-06-12T20:21:56.039+08:00","2026-06-12T20:21:56.089+08:00",550.744751,EXP2,"exp2_target",4,1,"1:4|2:1|3:2|4:3"
"exp2_table_objects","实验二桌面四模型总体区域","Exp2_004_exp2_table_objects_0199","video_relative_to_recording_start",rectangle,0,271,1919,1045,,,,"A017_2","Exp2_004","E2_FIXED_PROGRESSIVE",loading,,,,,1,TRUE,4950.000,5000.000,555.694763,555.744751,1920,1046,"ObjectSlot1-4",1,1,"video_relative_to_screen_recording_start",36.078785,519615.969,519665.969,1,36.078785,"1781266396475","../../../../../../Project/UE5/Gallery/Saved/ScreenRecordings/A017_2_20260612_201316_screen.mkv",519615.969,519665.969,519640.969,"1781266916090","1781266916140","2026-06-12T20:21:56.089+08:00","2026-06-12T20:21:56.139+08:00",550.744751,EXP2,"exp2_table",4,1,"1:4|2:1|3:2|4:3"
"exp2_target_object","实验二当前目标模型_头顶","Exp2_004_exp2_target_object_0200","video_relative_to_recording_start",rectangle,0,311,561,968,,,,"A017_2","Exp2_004","E2_FIXED_PROGRESSIVE",loading,,,,,1,TRUE,4950.000,5000.000,555.694763,555.744751,1920,1046,"ObjectSlot1",1,1,"video_relative_to_screen_recording_start",36.078785,519615.969,519665.969,1,36.078785,"1781266396475","../../../../../../Project/UE5/Gallery/Saved/ScreenRecordings/A017_2_20260612_201316_screen.mkv",519615.969,519665.969,519640.969,"1781266916090","1781266916140","2026-06-12T20:21:56.089+08:00","2026-06-12T20:21:56.139+08:00",550.744751,EXP2,"exp2_target",4,1,"1:4|2:1|3:2|4:3"
"exp2_table_objects","实验二桌面四模型总体区域","Exp2_004_exp2_table_objects_0201","video_relative_to_recording_start",rectangle,0,271,1919,1045,,,,"A017_2","Exp2_004","E2_FIXED_PROGRESSIVE",loading,,,,,1,TRUE,5000.000,5050.000,555.744751,555.794739,1920,1046,"ObjectSlot1-4",1,1,"video_relative_to_screen_recording_start",36.078785,519665.969,519715.938,1,36.078785,"1781266396475","../../../../../../Project/UE5/Gallery/Saved/ScreenRecordings/A017_2_20260612_201316_screen.mkv",519665.969,519715.938,519690.938,"1781266916140","1781266916190","2026-06-12T20:21:56.139+08:00","2026-06-12T20:21:56.189+08:00",550.744751,EXP2,"exp2_table",4,1,"1:4|2:1|3:2|4:3"
"exp2_target_object","实验二当前目标模型_头顶","Exp2_004_exp2_target_object_0202","video_relative_to_recording_start",rectangle,0,311,561,968,,,,"A017_2","Exp2_004","E2_FIXED_PROGRESSIVE",loading,,,,,1,TRUE,5000.000,5050.000,555.744751,555.794739,1920,1046,"ObjectSlot1",1,1,"video_relative_to_screen_recording_start",36.078785,519665.969,519715.938,1,36.078785,"1781266396475","../../../../../../Project/UE5/Gallery/Saved/ScreenRecordings/A017_2_20260612_201316_screen.mkv",519665.969,519715.938,519690.938,"1781266916140","1781266916190","2026-06-12T20:21:56.139+08:00","2026-06-12T20:21:56.189+08:00",550.744751,EXP2,"exp2_target",4,1,"1:4|2:1|3:2|4:3"
"exp2_table_objects","实验二桌面四模型总体区域","Exp2_004_exp2_table_objects_0203","video_relative_to_recording_start",rectangle,0,271,1919,1045,,,,"A017_2","Exp2_004","E2_FIXED_PROGRESSIVE",loading,,,,,1,TRUE,5050.000,5100.000,555.794739,555.844727,1920,1046,"ObjectSlot1-4",1,1,"video_relative_to_screen_recording_start",36.078785,519715.938,519765.938,1,36.078785,"1781266396475","../../../../../../Project/UE5/Gallery/Saved/ScreenRecordings/A017_2_20260612_201316_screen.mkv",519715.938,519765.938,519740.938,"1781266916190","1781266916240","2026-06-12T20:21:56.189+08:00","2026-06-12T20:21:56.239+08:00",550.744751,EXP2,"exp2_table",4,1,"1:4|2:1|3:2|4:3"
"exp2_target_object","实验二当前目标模型_头顶","Exp2_004_exp2_target_object_0204","video_relative_to_recording_start",rectangle,0,311,561,968,,,,"A017_2","Exp2_004","E2_FIXED_PROGRESSIVE",loading,,,,,1,TRUE,5050.000,5100.000,555.794739,555.844727,1920,1046,"ObjectSlot1",1,1,"video_relative_to_screen_recording_start",36.078785,519715.938,519765.938,1,36.078785,"1781266396475","../../../../../../Project/UE5/Gallery/Saved/ScreenRecordings/A017_2_20260612_201316_screen.mkv",519715.938,519765.938,519740.938,"1781266916190","1781266916240","2026-06-12T20:21:56.189+08:00","2026-06-12T20:21:56.239+08:00",550.744751,EXP2,"exp2_target",4,1,"1:4|2:1|3:2|4:3"
"exp2_table_objects","实验二桌面四模型总体区域","Exp2_004_exp2_table_objects_0205","video_relative_to_recording_start",rectangle,0,271,1919,1045,,,,"A017_2","Exp2_004","E2_FIXED_PROGRESSIVE",loading,,,,,1,TRUE,5100.000,5150.000,555.844727,555.894775,1920,1046,"ObjectSlot1-4",1,1,"video_relative_to_screen_recording_start",36.078785,519765.938,519815.969,1,36.078785,"1781266396475","../../../../../../Project/UE5/Gallery/Saved/ScreenRecordings/A017_2_20260612_201316_screen.mkv",519765.938,519815.969,519790.938,"1781266916240","1781266916290","2026-06-12T20:21:56.239+08:00","2026-06-12T20:21:56.289+08:00",550.744751,EXP2,"exp2_table",4,1,"1:4|2:1|3:2|4:3"
"exp2_target_object","实验二当前目标模型_头顶","Exp2_004_exp2_target_object_0206","video_relative_to_recording_start",rectangle,0,311,561,968,,,,"A017_2","Exp2_004","E2_FIXED_PROGRESSIVE",loading,,,,,1,TRUE,5100.000,5150.000,555.844727,555.894775,1920,1046,"ObjectSlot1",1,1,"video_relative_to_screen_recording_start",36.078785,519765.938,519815.969,1,36.078785,"1781266396475","../../../../../../Project/UE5/Gallery/Saved/ScreenRecordings/A017_2_20260612_201316_screen.mkv",519765.938,519815.969,519790.938,"1781266916240","1781266916290","2026-06-12T20:21:56.239+08:00","2026-06-12T20:21:56.289+08:00",550.744751,EXP2,"exp2_target",4,1,"1:4|2:1|3:2|4:3"
"exp2_table_objects","实验二桌面四模型总体区域","Exp2_004_exp2_table_objects_0207","video_relative_to_recording_start",rectangle,0,271,1919,1045,,,,"A017_2","Exp2_004","E2_FIXED_PROGRESSIVE",loading,,,,,1,TRUE,5150.000,5200.000,555.894775,555.944763,1920,1046,"ObjectSlot1-4",1,1,"video_relative_to_screen_recording_start",36.078785,519815.969,519865.969,1,36.078785,"1781266396475","../../../../../../Project/UE5/Gallery/Saved/ScreenRecordings/A017_2_20260612_201316_screen.mkv",519815.969,519865.969,519840.969,"1781266916290","1781266916340","2026-06-12T20:21:56.289+08:00","2026-06-12T20:21:56.339+08:00",550.744751,EXP2,"exp2_table",4,1,"1:4|2:1|3:2|4:3"
"exp2_target_object","实验二当前目标模型_头顶","Exp2_004_exp2_target_object_0208","video_relative_to_recording_start",rectangle,0,311,561,968,,,,"A017_2","Exp2_004","E2_FIXED_PROGRESSIVE",loading,,,,,1,TRUE,5150.000,5200.000,555.894775,555.944763,1920,1046,"ObjectSlot1",1,1,"video_relative_to_screen_recording_start",36.078785,519815.969,519865.969,1,36.078785,"1781266396475","../../../../../../Project/UE5/Gallery/Saved/ScreenRecordings/A017_2_20260612_201316_screen.mkv",519815.969,519865.969,519840.969,"1781266916290","1781266916340","2026-06-12T20:21:56.289+08:00","2026-06-12T20:21:56.339+08:00",550.744751,EXP2,"exp2_target",4,1,"1:4|2:1|3:2|4:3"
"exp2_table_objects","实验二桌面四模型总体区域","Exp2_004_exp2_table_objects_0209","video_relative_to_recording_start",rectangle,0,271,1919,1045,,,,"A017_2","Exp2_004","E2_FIXED_PROGRESSIVE",loading,,,,,1,TRUE,5200.000,5250.000,555.944763,555.994751,1920,1046,"ObjectSlot1-4",1,1,"video_relative_to_screen_recording_start",36.078785,519865.969,519915.969,1,36.078785,"1781266396475","../../../../../../Project/UE5/Gallery/Saved/ScreenRecordings/A017_2_20260612_201316_screen.mkv",519865.969,519915.969,519890.969,"1781266916340","1781266916390","2026-06-12T20:21:56.339+08:00","2026-06-12T20:21:56.389+08:00",550.744751,EXP2,"exp2_table",4,1,"1:4|2:1|3:2|4:3"
"exp2_target_object","实验二当前目标模型_头顶","Exp2_004_exp2_target_object_0210","video_relative_to_recording_start",rectangle,0,311,561,968,,,,"A017_2","Exp2_004","E2_FIXED_PROGRESSIVE",loading,,,,,1,TRUE,5200.000,5250.000,555.944763,555.994751,1920,1046,"ObjectSlot1",1,1,"video_relative_to_screen_recording_start",36.078785,519865.969,519915.969,1,36.078785,"1781266396475","../../../../../../Project/UE5/Gallery/Saved/ScreenRecordings/A017_2_20260612_201316_screen.mkv",519865.969,519915.969,519890.969,"1781266916340","1781266916390","2026-06-12T20:21:56.339+08:00","2026-06-12T20:21:56.389+08:00",550.744751,EXP2,"exp2_target",4,1,"1:4|2:1|3:2|4:3"
"exp2_table_objects","实验二桌面四模型总体区域","Exp2_004_exp2_table_objects_0211","video_relative_to_recording_start",rectangle,0,271,1919,1045,,,,"A017_2","Exp2_004","E2_FIXED_PROGRESSIVE",loading,,,,,1,TRUE,5250.000,5300.000,555.994751,556.044739,1920,1046,"ObjectSlot1-4",1,1,"video_relative_to_screen_recording_start",36.078785,519915.969,519965.938,1,36.078785,"1781266396475","../../../../../../Project/UE5/Gallery/Saved/ScreenRecordings/A017_2_20260612_201316_screen.mkv",519915.969,519965.938,519940.938,"1781266916390","1781266916440","2026-06-12T20:21:56.389+08:00","2026-06-12T20:21:56.439+08:00",550.744751,EXP2,"exp2_table",4,1,"1:4|2:1|3:2|4:3"
"exp2_target_object","实验二当前目标模型_头顶","Exp2_004_exp2_target_object_0212","video_relative_to_recording_start",rectangle,0,311,561,968,,,,"A017_2","Exp2_004","E2_FIXED_PROGRESSIVE",loading,,,,,1,TRUE,5250.000,5300.000,555.994751,556.044739,1920,1046,"ObjectSlot1",1,1,"video_relative_to_screen_recording_start",36.078785,519915.969,519965.938,1,36.078785,"1781266396475","../../../../../../Project/UE5/Gallery/Saved/ScreenRecordings/A017_2_20260612_201316_screen.mkv",519915.969,519965.938,519940.938,"1781266916390","1781266916440","2026-06-12T20:21:56.389+08:00","2026-06-12T20:21:56.439+08:00",550.744751,EXP2,"exp2_target",4,1,"1:4|2:1|3:2|4:3"
"exp2_table_objects","实验二桌面四模型总体区域","Exp2_004_exp2_table_objects_0213","video_relative_to_recording_start",rectangle,0,271,1919,1045,,,,"A017_2","Exp2_004","E2_FIXED_PROGRESSIVE",loading,,,,,1,TRUE,5300.000,5350.000,556.044739,556.094727,1920,1046,"ObjectSlot1-4",1,1,"video_relative_to_screen_recording_start",36.078785,519965.938,520015.938,1,36.078785,"1781266396475","../../../../../../Project/UE5/Gallery/Saved/ScreenRecordings/A017_2_20260612_201316_screen.mkv",519965.938,520015.938,519990.938,"1781266916440","1781266916490","2026-06-12T20:21:56.439+08:00","2026-06-12T20:21:56.489+08:00",550.744751,EXP2,"exp2_table",4,1,"1:4|2:1|3:2|4:3"
"exp2_target_object","实验二当前目标模型_头顶","Exp2_004_exp2_target_object_0214","video_relative_to_recording_start",rectangle,0,311,561,968,,,,"A017_2","Exp2_004","E2_FIXED_PROGRESSIVE",loading,,,,,1,TRUE,5300.000,5350.000,556.044739,556.094727,1920,1046,"ObjectSlot1",1,1,"video_relative_to_screen_recording_start",36.078785,519965.938,520015.938,1,36.078785,"1781266396475","../../../../../../Project/UE5/Gallery/Saved/ScreenRecordings/A017_2_20260612_201316_screen.mkv",519965.938,520015.938,519990.938,"1781266916440","1781266916490","2026-06-12T20:21:56.439+08:00","2026-06-12T20:21:56.489+08:00",550.744751,EXP2,"exp2_target",4,1,"1:4|2:1|3:2|4:3"
"exp2_table_objects","实验二桌面四模型总体区域","Exp2_004_exp2_table_objects_0215","video_relative_to_recording_start",rectangle,0,271,1919,1045,,,,"A017_2","Exp2_004","E2_FIXED_PROGRESSIVE",loading,,,,,1,TRUE,5350.000,5400.000,556.094727,556.144775,1920,1046,"ObjectSlot1-4",1,1,"video_relative_to_screen_recording_start",36.078785,520015.938,520065.969,1,36.078785,"1781266396475","../../../../../../Project/UE5/Gallery/Saved/ScreenRecordings/A017_2_20260612_201316_screen.mkv",520015.938,520065.969,520040.938,"1781266916490","1781266916540","2026-06-12T20:21:56.489+08:00","2026-06-12T20:21:56.539+08:00",550.744751,EXP2,"exp2_table",4,1,"1:4|2:1|3:2|4:3"
"exp2_target_object","实验二当前目标模型_头顶","Exp2_004_exp2_target_object_0216","video_relative_to_recording_start",rectangle,0,311,561,968,,,,"A017_2","Exp2_004","E2_FIXED_PROGRESSIVE",loading,,,,,1,TRUE,5350.000,5400.000,556.094727,556.144775,1920,1046,"ObjectSlot1",1,1,"video_relative_to_screen_recording_start",36.078785,520015.938,520065.969,1,36.078785,"1781266396475","../../../../../../Project/UE5/Gallery/Saved/ScreenRecordings/A017_2_20260612_201316_screen.mkv",520015.938,520065.969,520040.938,"1781266916490","1781266916540","2026-06-12T20:21:56.489+08:00","2026-06-12T20:21:56.539+08:00",550.744751,EXP2,"exp2_target",4,1,"1:4|2:1|3:2|4:3"
"exp2_table_objects","实验二桌面四模型总体区域","Exp2_004_exp2_table_objects_0217","video_relative_to_recording_start",rectangle,0,271,1919,1045,,,,"A017_2","Exp2_004","E2_FIXED_PROGRESSIVE",loading,,,,,1,TRUE,5400.000,5450.000,556.144775,556.194763,1920,1046,"ObjectSlot1-4",1,1,"video_relative_to_screen_recording_start",36.078785,520065.969,520115.969,1,36.078785,"1781266396475","../../../../../../Project/UE5/Gallery/Saved/ScreenRecordings/A017_2_20260612_201316_screen.mkv",520065.969,520115.969,520090.969,"1781266916540","1781266916590","2026-06-12T20:21:56.539+08:00","2026-06-12T20:21:56.589+08:00",550.744751,EXP2,"exp2_table",4,1,"1:4|2:1|3:2|4:3"
"exp2_target_object","实验二当前目标模型_头顶","Exp2_004_exp2_target_object_0218","video_relative_to_recording_start",rectangle,0,311,561,968,,,,"A017_2","Exp2_004","E2_FIXED_PROGRESSIVE",loading,,,,,1,TRUE,5400.000,5450.000,556.144775,556.194763,1920,1046,"ObjectSlot1",1,1,"video_relative_to_screen_recording_start",36.078785,520065.969,520115.969,1,36.078785,"1781266396475","../../../../../../Project/UE5/Gallery/Saved/ScreenRecordings/A017_2_20260612_201316_screen.mkv",520065.969,520115.969,520090.969,"1781266916540","1781266916590","2026-06-12T20:21:56.539+08:00","2026-06-12T20:21:56.589+08:00",550.744751,EXP2,"exp2_target",4,1,"1:4|2:1|3:2|4:3"
"exp2_table_objects","实验二桌面四模型总体区域","Exp2_004_exp2_table_objects_0219","video_relative_to_recording_start",rectangle,0,271,1919,1045,,,,"A017_2","Exp2_004","E2_FIXED_PROGRESSIVE",loading,,,,,1,TRUE,5450.000,5500.000,556.194763,556.244751,1920,1046,"ObjectSlot1-4",1,1,"video_relative_to_screen_recording_start",36.078785,520115.969,520165.969,1,36.078785,"1781266396475","../../../../../../Project/UE5/Gallery/Saved/ScreenRecordings/A017_2_20260612_201316_screen.mkv",520115.969,520165.969,520140.969,"1781266916590","1781266916640","2026-06-12T20:21:56.589+08:00","2026-06-12T20:21:56.639+08:00",550.744751,EXP2,"exp2_table",4,1,"1:4|2:1|3:2|4:3"
"exp2_target_object","实验二当前目标模型_头顶","Exp2_004_exp2_target_object_0220","video_relative_to_recording_start",rectangle,0,311,561,968,,,,"A017_2","Exp2_004","E2_FIXED_PROGRESSIVE",loading,,,,,1,TRUE,5450.000,5500.000,556.194763,556.244751,1920,1046,"ObjectSlot1",1,1,"video_relative_to_screen_recording_start",36.078785,520115.969,520165.969,1,36.078785,"1781266396475","../../../../../../Project/UE5/Gallery/Saved/ScreenRecordings/A017_2_20260612_201316_screen.mkv",520115.969,520165.969,520140.969,"1781266916590","1781266916640","2026-06-12T20:21:56.589+08:00","2026-06-12T20:21:56.639+08:00",550.744751,EXP2,"exp2_target",4,1,"1:4|2:1|3:2|4:3"
"exp2_table_objects","实验二桌面四模型总体区域","Exp2_004_exp2_table_objects_0221","video_relative_to_recording_start",rectangle,0,271,1919,1045,,,,"A017_2","Exp2_004","E2_FIXED_PROGRESSIVE",loading,,,,,1,TRUE,5500.000,5550.000,556.244751,556.294739,1920,1046,"ObjectSlot1-4",1,1,"video_relative_to_screen_recording_start",36.078785,520165.969,520215.938,1,36.078785,"1781266396475","../../../../../../Project/UE5/Gallery/Saved/ScreenRecordings/A017_2_20260612_201316_screen.mkv",520165.969,520215.938,520190.938,"1781266916640","1781266916690","2026-06-12T20:21:56.639+08:00","2026-06-12T20:21:56.689+08:00",550.744751,EXP2,"exp2_table",4,1,"1:4|2:1|3:2|4:3"
"exp2_target_object","实验二当前目标模型_头顶","Exp2_004_exp2_target_object_0222","video_relative_to_recording_start",rectangle,0,311,561,968,,,,"A017_2","Exp2_004","E2_FIXED_PROGRESSIVE",loading,,,,,1,TRUE,5500.000,5550.000,556.244751,556.294739,1920,1046,"ObjectSlot1",1,1,"video_relative_to_screen_recording_start",36.078785,520165.969,520215.938,1,36.078785,"1781266396475","../../../../../../Project/UE5/Gallery/Saved/ScreenRecordings/A017_2_20260612_201316_screen.mkv",520165.969,520215.938,520190.938,"1781266916640","1781266916690","2026-06-12T20:21:56.639+08:00","2026-06-12T20:21:56.689+08:00",550.744751,EXP2,"exp2_target",4,1,"1:4|2:1|3:2|4:3"
"exp2_table_objects","实验二桌面四模型总体区域","Exp2_004_exp2_table_objects_0223","video_relative_to_recording_start",rectangle,0,271,1919,1045,,,,"A017_2","Exp2_004","E2_FIXED_PROGRESSIVE",loading,,,,,1,TRUE,5550.000,5600.000,556.294739,556.344727,1920,1046,"ObjectSlot1-4",1,1,"video_relative_to_screen_recording_start",36.078785,520215.938,520265.938,1,36.078785,"1781266396475","../../../../../../Project/UE5/Gallery/Saved/ScreenRecordings/A017_2_20260612_201316_screen.mkv",520215.938,520265.938,520240.938,"1781266916690","1781266916740","2026-06-12T20:21:56.689+08:00","2026-06-12T20:21:56.739+08:00",550.744751,EXP2,"exp2_table",4,1,"1:4|2:1|3:2|4:3"
"exp2_target_object","实验二当前目标模型_头顶","Exp2_004_exp2_target_object_0224","video_relative_to_recording_start",rectangle,0,311,561,968,,,,"A017_2","Exp2_004","E2_FIXED_PROGRESSIVE",loading,,,,,1,TRUE,5550.000,5600.000,556.294739,556.344727,1920,1046,"ObjectSlot1",1,1,"video_relative_to_screen_recording_start",36.078785,520215.938,520265.938,1,36.078785,"1781266396475","../../../../../../Project/UE5/Gallery/Saved/ScreenRecordings/A017_2_20260612_201316_screen.mkv",520215.938,520265.938,520240.938,"1781266916690","1781266916740","2026-06-12T20:21:56.689+08:00","2026-06-12T20:21:56.739+08:00",550.744751,EXP2,"exp2_target",4,1,"1:4|2:1|3:2|4:3"
"exp2_table_objects","实验二桌面四模型总体区域","Exp2_004_exp2_table_objects_0225","video_relative_to_recording_start",rectangle,0,271,1919,1045,,,,"A017_2","Exp2_004","E2_FIXED_PROGRESSIVE",loading,,,,,1,TRUE,5600.000,5650.000,556.344727,556.394775,1920,1046,"ObjectSlot1-4",1,1,"video_relative_to_screen_recording_start",36.078785,520265.938,520315.969,1,36.078785,"1781266396475","../../../../../../Project/UE5/Gallery/Saved/ScreenRecordings/A017_2_20260612_201316_screen.mkv",520265.938,520315.969,520290.938,"1781266916740","1781266916790","2026-06-12T20:21:56.739+08:00","2026-06-12T20:21:56.789+08:00",550.744751,EXP2,"exp2_table",4,1,"1:4|2:1|3:2|4:3"
"exp2_target_object","实验二当前目标模型_头顶","Exp2_004_exp2_target_object_0226","video_relative_to_recording_start",rectangle,0,311,561,968,,,,"A017_2","Exp2_004","E2_FIXED_PROGRESSIVE",loading,,,,,1,TRUE,5600.000,5650.000,556.344727,556.394775,1920,1046,"ObjectSlot1",1,1,"video_relative_to_screen_recording_start",36.078785,520265.938,520315.969,1,36.078785,"1781266396475","../../../../../../Project/UE5/Gallery/Saved/ScreenRecordings/A017_2_20260612_201316_screen.mkv",520265.938,520315.969,520290.938,"1781266916740","1781266916790","2026-06-12T20:21:56.739+08:00","2026-06-12T20:21:56.789+08:00",550.744751,EXP2,"exp2_target",4,1,"1:4|2:1|3:2|4:3"
"exp2_table_objects","实验二桌面四模型总体区域","Exp2_004_exp2_table_objects_0227","video_relative_to_recording_start",rectangle,0,271,1919,1045,,,,"A017_2","Exp2_004","E2_FIXED_PROGRESSIVE",loading,,,,,1,TRUE,5650.000,5700.000,556.394775,556.444763,1920,1046,"ObjectSlot1-4",1,1,"video_relative_to_screen_recording_start",36.078785,520315.969,520365.969,1,36.078785,"1781266396475","../../../../../../Project/UE5/Gallery/Saved/ScreenRecordings/A017_2_20260612_201316_screen.mkv",520315.969,520365.969,520340.969,"1781266916790","1781266916840","2026-06-12T20:21:56.789+08:00","2026-06-12T20:21:56.839+08:00",550.744751,EXP2,"exp2_table",4,1,"1:4|2:1|3:2|4:3"
"exp2_target_object","实验二当前目标模型_头顶","Exp2_004_exp2_target_object_0228","video_relative_to_recording_start",rectangle,0,311,561,968,,,,"A017_2","Exp2_004","E2_FIXED_PROGRESSIVE",loading,,,,,1,TRUE,5650.000,5700.000,556.394775,556.444763,1920,1046,"ObjectSlot1",1,1,"video_relative_to_screen_recording_start",36.078785,520315.969,520365.969,1,36.078785,"1781266396475","../../../../../../Project/UE5/Gallery/Saved/ScreenRecordings/A017_2_20260612_201316_screen.mkv",520315.969,520365.969,520340.969,"1781266916790","1781266916840","2026-06-12T20:21:56.789+08:00","2026-06-12T20:21:56.839+08:00",550.744751,EXP2,"exp2_target",4,1,"1:4|2:1|3:2|4:3"
"exp2_table_objects","实验二桌面四模型总体区域","Exp2_004_exp2_table_objects_0229","video_relative_to_recording_start",rectangle,0,271,1919,1045,,,,"A017_2","Exp2_004","E2_FIXED_PROGRESSIVE",loading,,,,,1,TRUE,5700.000,5750.000,556.444763,556.494751,1920,1046,"ObjectSlot1-4",1,1,"video_relative_to_screen_recording_start",36.078785,520365.969,520415.969,1,36.078785,"1781266396475","../../../../../../Project/UE5/Gallery/Saved/ScreenRecordings/A017_2_20260612_201316_screen.mkv",520365.969,520415.969,520390.969,"1781266916840","1781266916890","2026-06-12T20:21:56.839+08:00","2026-06-12T20:21:56.889+08:00",550.744751,EXP2,"exp2_table",4,1,"1:4|2:1|3:2|4:3"
"exp2_target_object","实验二当前目标模型_头顶","Exp2_004_exp2_target_object_0230","video_relative_to_recording_start",rectangle,0,311,561,968,,,,"A017_2","Exp2_004","E2_FIXED_PROGRESSIVE",loading,,,,,1,TRUE,5700.000,5750.000,556.444763,556.494751,1920,1046,"ObjectSlot1",1,1,"video_relative_to_screen_recording_start",36.078785,520365.969,520415.969,1,36.078785,"1781266396475","../../../../../../Project/UE5/Gallery/Saved/ScreenRecordings/A017_2_20260612_201316_screen.mkv",520365.969,520415.969,520390.969,"1781266916840","1781266916890","2026-06-12T20:21:56.839+08:00","2026-06-12T20:21:56.889+08:00",550.744751,EXP2,"exp2_target",4,1,"1:4|2:1|3:2|4:3"
"exp2_table_objects","实验二桌面四模型总体区域","Exp2_004_exp2_table_objects_0231","video_relative_to_recording_start",rectangle,0,271,1919,1045,,,,"A017_2","Exp2_004","E2_FIXED_PROGRESSIVE",loading,,,,,1,TRUE,5750.000,5800.000,556.494751,556.544739,1920,1046,"ObjectSlot1-4",1,1,"video_relative_to_screen_recording_start",36.078785,520415.969,520465.938,1,36.078785,"1781266396475","../../../../../../Project/UE5/Gallery/Saved/ScreenRecordings/A017_2_20260612_201316_screen.mkv",520415.969,520465.938,520440.938,"1781266916890","1781266916940","2026-06-12T20:21:56.889+08:00","2026-06-12T20:21:56.939+08:00",550.744751,EXP2,"exp2_table",4,1,"1:4|2:1|3:2|4:3"
"exp2_target_object","实验二当前目标模型_头顶","Exp2_004_exp2_target_object_0232","video_relative_to_recording_start",rectangle,0,311,561,968,,,,"A017_2","Exp2_004","E2_FIXED_PROGRESSIVE",loading,,,,,1,TRUE,5750.000,5800.000,556.494751,556.544739,1920,1046,"ObjectSlot1",1,1,"video_relative_to_screen_recording_start",36.078785,520415.969,520465.938,1,36.078785,"1781266396475","../../../../../../Project/UE5/Gallery/Saved/ScreenRecordings/A017_2_20260612_201316_screen.mkv",520415.969,520465.938,520440.938,"1781266916890","1781266916940","2026-06-12T20:21:56.889+08:00","2026-06-12T20:21:56.939+08:00",550.744751,EXP2,"exp2_target",4,1,"1:4|2:1|3:2|4:3"
"exp2_table_objects","实验二桌面四模型总体区域","Exp2_004_exp2_table_objects_0233","video_relative_to_recording_start",rectangle,0,271,1919,1045,,,,"A017_2","Exp2_004","E2_FIXED_PROGRESSIVE",loading,,,,,1,TRUE,5800.000,5850.000,556.544739,556.594727,1920,1046,"ObjectSlot1-4",1,1,"video_relative_to_screen_recording_start",36.078785,520465.938,520515.938,1,36.078785,"1781266396475","../../../../../../Project/UE5/Gallery/Saved/ScreenRecordings/A017_2_20260612_201316_screen.mkv",520465.938,520515.938,520490.938,"1781266916940","1781266916990","2026-06-12T20:21:56.939+08:00","2026-06-12T20:21:56.989+08:00",550.744751,EXP2,"exp2_table",4,1,"1:4|2:1|3:2|4:3"
"exp2_target_object","实验二当前目标模型_头顶","Exp2_004_exp2_target_object_0234","video_relative_to_recording_start",rectangle,0,311,561,968,,,,"A017_2","Exp2_004","E2_FIXED_PROGRESSIVE",loading,,,,,1,TRUE,5800.000,5850.000,556.544739,556.594727,1920,1046,"ObjectSlot1",1,1,"video_relative_to_screen_recording_start",36.078785,520465.938,520515.938,1,36.078785,"1781266396475","../../../../../../Project/UE5/Gallery/Saved/ScreenRecordings/A017_2_20260612_201316_screen.mkv",520465.938,520515.938,520490.938,"1781266916940","1781266916990","2026-06-12T20:21:56.939+08:00","2026-06-12T20:21:56.989+08:00",550.744751,EXP2,"exp2_target",4,1,"1:4|2:1|3:2|4:3"
"exp2_table_objects","实验二桌面四模型总体区域","Exp2_004_exp2_table_objects_0235","video_relative_to_recording_start",rectangle,0,271,1919,1045,,,,"A017_2","Exp2_004","E2_FIXED_PROGRESSIVE",loading,,,,,1,TRUE,5850.000,5900.000,556.594727,556.644775,1920,1046,"ObjectSlot1-4",1,1,"video_relative_to_screen_recording_start",36.078785,520515.938,520565.969,1,36.078785,"1781266396475","../../../../../../Project/UE5/Gallery/Saved/ScreenRecordings/A017_2_20260612_201316_screen.mkv",520515.938,520565.969,520540.938,"1781266916990","1781266917040","2026-06-12T20:21:56.989+08:00","2026-06-12T20:21:57.039+08:00",550.744751,EXP2,"exp2_table",4,1,"1:4|2:1|3:2|4:3"
"exp2_target_object","实验二当前目标模型_头顶","Exp2_004_exp2_target_object_0236","video_relative_to_recording_start",rectangle,0,311,561,968,,,,"A017_2","Exp2_004","E2_FIXED_PROGRESSIVE",loading,,,,,1,TRUE,5850.000,5900.000,556.594727,556.644775,1920,1046,"ObjectSlot1",1,1,"video_relative_to_screen_recording_start",36.078785,520515.938,520565.969,1,36.078785,"1781266396475","../../../../../../Project/UE5/Gallery/Saved/ScreenRecordings/A017_2_20260612_201316_screen.mkv",520515.938,520565.969,520540.938,"1781266916990","1781266917040","2026-06-12T20:21:56.989+08:00","2026-06-12T20:21:57.039+08:00",550.744751,EXP2,"exp2_target",4,1,"1:4|2:1|3:2|4:3"
"exp2_table_objects","实验二桌面四模型总体区域","Exp2_004_exp2_table_objects_0237","video_relative_to_recording_start",rectangle,0,271,1919,1045,,,,"A017_2","Exp2_004","E2_FIXED_PROGRESSIVE",loading,,,,,1,TRUE,5900.000,5950.000,556.644775,556.694763,1920,1046,"ObjectSlot1-4",1,1,"video_relative_to_screen_recording_start",36.078785,520565.969,520615.969,1,36.078785,"1781266396475","../../../../../../Project/UE5/Gallery/Saved/ScreenRecordings/A017_2_20260612_201316_screen.mkv",520565.969,520615.969,520590.969,"1781266917040","1781266917090","2026-06-12T20:21:57.039+08:00","2026-06-12T20:21:57.089+08:00",550.744751,EXP2,"exp2_table",4,1,"1:4|2:1|3:2|4:3"
"exp2_target_object","实验二当前目标模型_头顶","Exp2_004_exp2_target_object_0238","video_relative_to_recording_start",rectangle,0,311,561,968,,,,"A017_2","Exp2_004","E2_FIXED_PROGRESSIVE",loading,,,,,1,TRUE,5900.000,5950.000,556.644775,556.694763,1920,1046,"ObjectSlot1",1,1,"video_relative_to_screen_recording_start",36.078785,520565.969,520615.969,1,36.078785,"1781266396475","../../../../../../Project/UE5/Gallery/Saved/ScreenRecordings/A017_2_20260612_201316_screen.mkv",520565.969,520615.969,520590.969,"1781266917040","1781266917090","2026-06-12T20:21:57.039+08:00","2026-06-12T20:21:57.089+08:00",550.744751,EXP2,"exp2_target",4,1,"1:4|2:1|3:2|4:3"
"exp2_table_objects","实验二桌面四模型总体区域","Exp2_004_exp2_table_objects_0239","video_relative_to_recording_start",rectangle,0,271,1919,1045,,,,"A017_2","Exp2_004","E2_FIXED_PROGRESSIVE",loading,,,,,1,TRUE,5950.000,6000.000,556.694763,556.744751,1920,1046,"ObjectSlot1-4",1,1,"video_relative_to_screen_recording_start",36.078785,520615.969,520665.969,1,36.078785,"1781266396475","../../../../../../Project/UE5/Gallery/Saved/ScreenRecordings/A017_2_20260612_201316_screen.mkv",520615.969,520665.969,520640.969,"1781266917090","1781266917140","2026-06-12T20:21:57.089+08:00","2026-06-12T20:21:57.139+08:00",550.744751,EXP2,"exp2_table",4,1,"1:4|2:1|3:2|4:3"
"exp2_target_object","实验二当前目标模型_头顶","Exp2_004_exp2_target_object_0240","video_relative_to_recording_start",rectangle,0,311,561,968,,,,"A017_2","Exp2_004","E2_FIXED_PROGRESSIVE",loading,,,,,1,TRUE,5950.000,6000.000,556.694763,556.744751,1920,1046,"ObjectSlot1",1,1,"video_relative_to_screen_recording_start",36.078785,520615.969,520665.969,1,36.078785,"1781266396475","../../../../../../Project/UE5/Gallery/Saved/ScreenRecordings/A017_2_20260612_201316_screen.mkv",520615.969,520665.969,520640.969,"1781266917090","1781266917140","2026-06-12T20:21:57.089+08:00","2026-06-12T20:21:57.139+08:00",550.744751,EXP2,"exp2_target",4,1,"1:4|2:1|3:2|4:3"
"exp2_table_objects","实验二桌面四模型总体区域","Exp2_004_exp2_table_objects_0241","video_relative_to_recording_start",rectangle,0,271,1919,1045,,,,"A017_2","Exp2_004","E2_FIXED_PROGRESSIVE",loading,,,,,1,TRUE,6000.000,6050.000,556.744751,556.794739,1920,1046,"ObjectSlot1-4",1,1,"video_relative_to_screen_recording_start",36.078785,520665.969,520715.938,1,36.078785,"1781266396475","../../../../../../Project/UE5/Gallery/Saved/ScreenRecordings/A017_2_20260612_201316_screen.mkv",520665.969,520715.938,520690.938,"1781266917140","1781266917190","2026-06-12T20:21:57.139+08:00","2026-06-12T20:21:57.189+08:00",550.744751,EXP2,"exp2_table",4,1,"1:4|2:1|3:2|4:3"
"exp2_target_object","实验二当前目标模型_头顶","Exp2_004_exp2_target_object_0242","video_relative_to_recording_start",rectangle,0,311,561,968,,,,"A017_2","Exp2_004","E2_FIXED_PROGRESSIVE",loading,,,,,1,TRUE,6000.000,6050.000,556.744751,556.794739,1920,1046,"ObjectSlot1",1,1,"video_relative_to_screen_recording_start",36.078785,520665.969,520715.938,1,36.078785,"1781266396475","../../../../../../Project/UE5/Gallery/Saved/ScreenRecordings/A017_2_20260612_201316_screen.mkv",520665.969,520715.938,520690.938,"1781266917140","1781266917190","2026-06-12T20:21:57.139+08:00","2026-06-12T20:21:57.189+08:00",550.744751,EXP2,"exp2_target",4,1,"1:4|2:1|3:2|4:3"
"exp2_table_objects","实验二桌面四模型总体区域","Exp2_004_exp2_table_objects_0243","video_relative_to_recording_start",rectangle,0,271,1919,1045,,,,"A017_2","Exp2_004","E2_FIXED_PROGRESSIVE",loading,,,,,1,TRUE,6050.000,6100.000,556.794739,556.844727,1920,1046,"ObjectSlot1-4",1,1,"video_relative_to_screen_recording_start",36.078785,520715.938,520765.938,1,36.078785,"1781266396475","../../../../../../Project/UE5/Gallery/Saved/ScreenRecordings/A017_2_20260612_201316_screen.mkv",520715.938,520765.938,520740.938,"1781266917190","1781266917240","2026-06-12T20:21:57.189+08:00","2026-06-12T20:21:57.239+08:00",550.744751,EXP2,"exp2_table",4,1,"1:4|2:1|3:2|4:3"
"exp2_target_object","实验二当前目标模型_头顶","Exp2_004_exp2_target_object_0244","video_relative_to_recording_start",rectangle,0,311,561,968,,,,"A017_2","Exp2_004","E2_FIXED_PROGRESSIVE",loading,,,,,1,TRUE,6050.000,6100.000,556.794739,556.844727,1920,1046,"ObjectSlot1",1,1,"video_relative_to_screen_recording_start",36.078785,520715.938,520765.938,1,36.078785,"1781266396475","../../../../../../Project/UE5/Gallery/Saved/ScreenRecordings/A017_2_20260612_201316_screen.mkv",520715.938,520765.938,520740.938,"1781266917190","1781266917240","2026-06-12T20:21:57.189+08:00","2026-06-12T20:21:57.239+08:00",550.744751,EXP2,"exp2_target",4,1,"1:4|2:1|3:2|4:3"
"exp2_table_objects","实验二桌面四模型总体区域","Exp2_004_exp2_table_objects_0245","video_relative_to_recording_start",rectangle,0,271,1919,1045,,,,"A017_2","Exp2_004","E2_FIXED_PROGRESSIVE",loading,,,,,1,TRUE,6100.000,6150.000,556.844727,556.894775,1920,1046,"ObjectSlot1-4",1,1,"video_relative_to_screen_recording_start",36.078785,520765.938,520815.969,1,36.078785,"1781266396475","../../../../../../Project/UE5/Gallery/Saved/ScreenRecordings/A017_2_20260612_201316_screen.mkv",520765.938,520815.969,520790.938,"1781266917240","1781266917290","2026-06-12T20:21:57.239+08:00","2026-06-12T20:21:57.289+08:00",550.744751,EXP2,"exp2_table",4,1,"1:4|2:1|3:2|4:3"
"exp2_target_object","实验二当前目标模型_头顶","Exp2_004_exp2_target_object_0246","video_relative_to_recording_start",rectangle,0,311,561,968,,,,"A017_2","Exp2_004","E2_FIXED_PROGRESSIVE",loading,,,,,1,TRUE,6100.000,6150.000,556.844727,556.894775,1920,1046,"ObjectSlot1",1,1,"video_relative_to_screen_recording_start",36.078785,520765.938,520815.969,1,36.078785,"1781266396475","../../../../../../Project/UE5/Gallery/Saved/ScreenRecordings/A017_2_20260612_201316_screen.mkv",520765.938,520815.969,520790.938,"1781266917240","1781266917290","2026-06-12T20:21:57.239+08:00","2026-06-12T20:21:57.289+08:00",550.744751,EXP2,"exp2_target",4,1,"1:4|2:1|3:2|4:3"
"exp2_table_objects","实验二桌面四模型总体区域","Exp2_004_exp2_table_objects_0247","video_relative_to_recording_start",rectangle,0,271,1919,1045,,,,"A017_2","Exp2_004","E2_FIXED_PROGRESSIVE",loading,,,,,1,TRUE,6150.000,6200.000,556.894775,556.944763,1920,1046,"ObjectSlot1-4",1,1,"video_relative_to_screen_recording_start",36.078785,520815.969,520865.969,1,36.078785,"1781266396475","../../../../../../Project/UE5/Gallery/Saved/ScreenRecordings/A017_2_20260612_201316_screen.mkv",520815.969,520865.969,520840.969,"1781266917290","1781266917340","2026-06-12T20:21:57.289+08:00","2026-06-12T20:21:57.339+08:00",550.744751,EXP2,"exp2_table",4,1,"1:4|2:1|3:2|4:3"
"exp2_target_object","实验二当前目标模型_头顶","Exp2_004_exp2_target_object_0248","video_relative_to_recording_start",rectangle,0,311,561,968,,,,"A017_2","Exp2_004","E2_FIXED_PROGRESSIVE",loading,,,,,1,TRUE,6150.000,6200.000,556.894775,556.944763,1920,1046,"ObjectSlot1",1,1,"video_relative_to_screen_recording_start",36.078785,520815.969,520865.969,1,36.078785,"1781266396475","../../../../../../Project/UE5/Gallery/Saved/ScreenRecordings/A017_2_20260612_201316_screen.mkv",520815.969,520865.969,520840.969,"1781266917290","1781266917340","2026-06-12T20:21:57.289+08:00","2026-06-12T20:21:57.339+08:00",550.744751,EXP2,"exp2_target",4,1,"1:4|2:1|3:2|4:3"
"exp2_table_objects","实验二桌面四模型总体区域","Exp2_004_exp2_table_objects_0249","video_relative_to_recording_start",rectangle,0,271,1919,1045,,,,"A017_2","Exp2_004","E2_FIXED_PROGRESSIVE",loading,,,,,1,TRUE,6200.000,6250.000,556.944763,556.994751,1920,1046,"ObjectSlot1-4",1,1,"video_relative_to_screen_recording_start",36.078785,520865.969,520915.969,1,36.078785,"1781266396475","../../../../../../Project/UE5/Gallery/Saved/ScreenRecordings/A017_2_20260612_201316_screen.mkv",520865.969,520915.969,520890.969,"1781266917340","1781266917390","2026-06-12T20:21:57.339+08:00","2026-06-12T20:21:57.389+08:00",550.744751,EXP2,"exp2_table",4,1,"1:4|2:1|3:2|4:3"
"exp2_target_object","实验二当前目标模型_头顶","Exp2_004_exp2_target_object_0250","video_relative_to_recording_start",rectangle,0,311,561,968,,,,"A017_2","Exp2_004","E2_FIXED_PROGRESSIVE",loading,,,,,1,TRUE,6200.000,6250.000,556.944763,556.994751,1920,1046,"ObjectSlot1",1,1,"video_relative_to_screen_recording_start",36.078785,520865.969,520915.969,1,36.078785,"1781266396475","../../../../../../Project/UE5/Gallery/Saved/ScreenRecordings/A017_2_20260612_201316_screen.mkv",520865.969,520915.969,520890.969,"1781266917340","1781266917390","2026-06-12T20:21:57.339+08:00","2026-06-12T20:21:57.389+08:00",550.744751,EXP2,"exp2_target",4,1,"1:4|2:1|3:2|4:3"
"exp2_table_objects","实验二桌面四模型总体区域","Exp2_004_exp2_table_objects_0251","video_relative_to_recording_start",rectangle,0,271,1919,1045,,,,"A017_2","Exp2_004","E2_FIXED_PROGRESSIVE",loading,,,,,1,TRUE,6250.000,6300.000,556.994751,557.044739,1920,1046,"ObjectSlot1-4",1,1,"video_relative_to_screen_recording_start",36.078785,520915.969,520965.938,1,36.078785,"1781266396475","../../../../../../Project/UE5/Gallery/Saved/ScreenRecordings/A017_2_20260612_201316_screen.mkv",520915.969,520965.938,520940.938,"1781266917390","1781266917440","2026-06-12T20:21:57.389+08:00","2026-06-12T20:21:57.439+08:00",550.744751,EXP2,"exp2_table",4,1,"1:4|2:1|3:2|4:3"
"exp2_target_object","实验二当前目标模型_头顶","Exp2_004_exp2_target_object_0252","video_relative_to_recording_start",rectangle,0,311,561,968,,,,"A017_2","Exp2_004","E2_FIXED_PROGRESSIVE",loading,,,,,1,TRUE,6250.000,6300.000,556.994751,557.044739,1920,1046,"ObjectSlot1",1,1,"video_relative_to_screen_recording_start",36.078785,520915.969,520965.938,1,36.078785,"1781266396475","../../../../../../Project/UE5/Gallery/Saved/ScreenRecordings/A017_2_20260612_201316_screen.mkv",520915.969,520965.938,520940.938,"1781266917390","1781266917440","2026-06-12T20:21:57.389+08:00","2026-06-12T20:21:57.439+08:00",550.744751,EXP2,"exp2_target",4,1,"1:4|2:1|3:2|4:3"
"exp2_table_objects","实验二桌面四模型总体区域","Exp2_004_exp2_table_objects_0253","video_relative_to_recording_start",rectangle,0,271,1919,1045,,,,"A017_2","Exp2_004","E2_FIXED_PROGRESSIVE",loading,,,,,1,TRUE,6300.000,6350.000,557.044739,557.094727,1920,1046,"ObjectSlot1-4",1,1,"video_relative_to_screen_recording_start",36.078785,520965.938,521015.938,1,36.078785,"1781266396475","../../../../../../Project/UE5/Gallery/Saved/ScreenRecordings/A017_2_20260612_201316_screen.mkv",520965.938,521015.938,520990.938,"1781266917440","1781266917490","2026-06-12T20:21:57.439+08:00","2026-06-12T20:21:57.489+08:00",550.744751,EXP2,"exp2_table",4,1,"1:4|2:1|3:2|4:3"
"exp2_target_object","实验二当前目标模型_头顶","Exp2_004_exp2_target_object_0254","video_relative_to_recording_start",rectangle,0,311,561,968,,,,"A017_2","Exp2_004","E2_FIXED_PROGRESSIVE",loading,,,,,1,TRUE,6300.000,6350.000,557.044739,557.094727,1920,1046,"ObjectSlot1",1,1,"video_relative_to_screen_recording_start",36.078785,520965.938,521015.938,1,36.078785,"1781266396475","../../../../../../Project/UE5/Gallery/Saved/ScreenRecordings/A017_2_20260612_201316_screen.mkv",520965.938,521015.938,520990.938,"1781266917440","1781266917490","2026-06-12T20:21:57.439+08:00","2026-06-12T20:21:57.489+08:00",550.744751,EXP2,"exp2_target",4,1,"1:4|2:1|3:2|4:3"
"exp2_table_objects","实验二桌面四模型总体区域","Exp2_004_exp2_table_objects_0255","video_relative_to_recording_start",rectangle,0,271,1919,1045,,,,"A017_2","Exp2_004","E2_FIXED_PROGRESSIVE",loading,,,,,1,TRUE,6350.000,6400.000,557.094727,557.144775,1920,1046,"ObjectSlot1-4",1,1,"video_relative_to_screen_recording_start",36.078785,521015.938,521065.969,1,36.078785,"1781266396475","../../../../../../Project/UE5/Gallery/Saved/ScreenRecordings/A017_2_20260612_201316_screen.mkv",521015.938,521065.969,521040.938,"1781266917490","1781266917540","2026-06-12T20:21:57.489+08:00","2026-06-12T20:21:57.539+08:00",550.744751,EXP2,"exp2_table",4,1,"1:4|2:1|3:2|4:3"
"exp2_target_object","实验二当前目标模型_头顶","Exp2_004_exp2_target_object_0256","video_relative_to_recording_start",rectangle,0,311,561,968,,,,"A017_2","Exp2_004","E2_FIXED_PROGRESSIVE",loading,,,,,1,TRUE,6350.000,6400.000,557.094727,557.144775,1920,1046,"ObjectSlot1",1,1,"video_relative_to_screen_recording_start",36.078785,521015.938,521065.969,1,36.078785,"1781266396475","../../../../../../Project/UE5/Gallery/Saved/ScreenRecordings/A017_2_20260612_201316_screen.mkv",521015.938,521065.969,521040.938,"1781266917490","1781266917540","2026-06-12T20:21:57.489+08:00","2026-06-12T20:21:57.539+08:00",550.744751,EXP2,"exp2_target",4,1,"1:4|2:1|3:2|4:3"
"exp2_table_objects","实验二桌面四模型总体区域","Exp2_004_exp2_table_objects_0257","video_relative_to_recording_start",rectangle,0,271,1919,1045,,,,"A017_2","Exp2_004","E2_FIXED_PROGRESSIVE",loading,,,,,1,TRUE,6400.000,6450.000,557.144775,557.194763,1920,1046,"ObjectSlot1-4",1,1,"video_relative_to_screen_recording_start",36.078785,521065.969,521115.969,1,36.078785,"1781266396475","../../../../../../Project/UE5/Gallery/Saved/ScreenRecordings/A017_2_20260612_201316_screen.mkv",521065.969,521115.969,521090.969,"1781266917540","1781266917590","2026-06-12T20:21:57.539+08:00","2026-06-12T20:21:57.589+08:00",550.744751,EXP2,"exp2_table",4,1,"1:4|2:1|3:2|4:3"
"exp2_target_object","实验二当前目标模型_头顶","Exp2_004_exp2_target_object_0258","video_relative_to_recording_start",rectangle,0,311,561,968,,,,"A017_2","Exp2_004","E2_FIXED_PROGRESSIVE",loading,,,,,1,TRUE,6400.000,6450.000,557.144775,557.194763,1920,1046,"ObjectSlot1",1,1,"video_relative_to_screen_recording_start",36.078785,521065.969,521115.969,1,36.078785,"1781266396475","../../../../../../Project/UE5/Gallery/Saved/ScreenRecordings/A017_2_20260612_201316_screen.mkv",521065.969,521115.969,521090.969,"1781266917540","1781266917590","2026-06-12T20:21:57.539+08:00","2026-06-12T20:21:57.589+08:00",550.744751,EXP2,"exp2_target",4,1,"1:4|2:1|3:2|4:3"
"exp2_table_objects","实验二桌面四模型总体区域","Exp2_004_exp2_table_objects_0259","video_relative_to_recording_start",rectangle,0,271,1919,1045,,,,"A017_2","Exp2_004","E2_FIXED_PROGRESSIVE",loading,,,,,1,TRUE,6450.000,6500.000,557.194763,557.244751,1920,1046,"ObjectSlot1-4",1,1,"video_relative_to_screen_recording_start",36.078785,521115.969,521165.969,1,36.078785,"1781266396475","../../../../../../Project/UE5/Gallery/Saved/ScreenRecordings/A017_2_20260612_201316_screen.mkv",521115.969,521165.969,521140.969,"1781266917590","1781266917640","2026-06-12T20:21:57.589+08:00","2026-06-12T20:21:57.639+08:00",550.744751,EXP2,"exp2_table",4,1,"1:4|2:1|3:2|4:3"
"exp2_target_object","实验二当前目标模型_头顶","Exp2_004_exp2_target_object_0260","video_relative_to_recording_start",rectangle,0,311,561,968,,,,"A017_2","Exp2_004","E2_FIXED_PROGRESSIVE",loading,,,,,1,TRUE,6450.000,6500.000,557.194763,557.244751,1920,1046,"ObjectSlot1",1,1,"video_relative_to_screen_recording_start",36.078785,521115.969,521165.969,1,36.078785,"1781266396475","../../../../../../Project/UE5/Gallery/Saved/ScreenRecordings/A017_2_20260612_201316_screen.mkv",521115.969,521165.969,521140.969,"1781266917590","1781266917640","2026-06-12T20:21:57.589+08:00","2026-06-12T20:21:57.639+08:00",550.744751,EXP2,"exp2_target",4,1,"1:4|2:1|3:2|4:3"
"exp2_table_objects","实验二桌面四模型总体区域","Exp2_004_exp2_table_objects_0261","video_relative_to_recording_start",rectangle,0,271,1919,1045,,,,"A017_2","Exp2_004","E2_FIXED_PROGRESSIVE",loading,,,,,1,TRUE,6500.000,6550.000,557.244751,557.294739,1920,1046,"ObjectSlot1-4",1,1,"video_relative_to_screen_recording_start",36.078785,521165.969,521215.938,1,36.078785,"1781266396475","../../../../../../Project/UE5/Gallery/Saved/ScreenRecordings/A017_2_20260612_201316_screen.mkv",521165.969,521215.938,521190.938,"1781266917640","1781266917690","2026-06-12T20:21:57.639+08:00","2026-06-12T20:21:57.689+08:00",550.744751,EXP2,"exp2_table",4,1,"1:4|2:1|3:2|4:3"
"exp2_target_object","实验二当前目标模型_头顶","Exp2_004_exp2_target_object_0262","video_relative_to_recording_start",rectangle,0,311,561,968,,,,"A017_2","Exp2_004","E2_FIXED_PROGRESSIVE",loading,,,,,1,TRUE,6500.000,6550.000,557.244751,557.294739,1920,1046,"ObjectSlot1",1,1,"video_relative_to_screen_recording_start",36.078785,521165.969,521215.938,1,36.078785,"1781266396475","../../../../../../Project/UE5/Gallery/Saved/ScreenRecordings/A017_2_20260612_201316_screen.mkv",521165.969,521215.938,521190.938,"1781266917640","1781266917690","2026-06-12T20:21:57.639+08:00","2026-06-12T20:21:57.689+08:00",550.744751,EXP2,"exp2_target",4,1,"1:4|2:1|3:2|4:3"
"exp2_table_objects","实验二桌面四模型总体区域","Exp2_004_exp2_table_objects_0263","video_relative_to_recording_start",rectangle,0,271,1919,1045,,,,"A017_2","Exp2_004","E2_FIXED_PROGRESSIVE",loading,,,,,1,TRUE,6550.000,6600.000,557.294739,557.344727,1920,1046,"ObjectSlot1-4",1,1,"video_relative_to_screen_recording_start",36.078785,521215.938,521265.938,1,36.078785,"1781266396475","../../../../../../Project/UE5/Gallery/Saved/ScreenRecordings/A017_2_20260612_201316_screen.mkv",521215.938,521265.938,521240.938,"1781266917690","1781266917740","2026-06-12T20:21:57.689+08:00","2026-06-12T20:21:57.739+08:00",550.744751,EXP2,"exp2_table",4,1,"1:4|2:1|3:2|4:3"
"exp2_target_object","实验二当前目标模型_头顶","Exp2_004_exp2_target_object_0264","video_relative_to_recording_start",rectangle,0,311,561,968,,,,"A017_2","Exp2_004","E2_FIXED_PROGRESSIVE",loading,,,,,1,TRUE,6550.000,6600.000,557.294739,557.344727,1920,1046,"ObjectSlot1",1,1,"video_relative_to_screen_recording_start",36.078785,521215.938,521265.938,1,36.078785,"1781266396475","../../../../../../Project/UE5/Gallery/Saved/ScreenRecordings/A017_2_20260612_201316_screen.mkv",521215.938,521265.938,521240.938,"1781266917690","1781266917740","2026-06-12T20:21:57.689+08:00","2026-06-12T20:21:57.739+08:00",550.744751,EXP2,"exp2_target",4,1,"1:4|2:1|3:2|4:3"
"exp2_table_objects","实验二桌面四模型总体区域","Exp2_004_exp2_table_objects_0265","video_relative_to_recording_start",rectangle,0,271,1919,1045,,,,"A017_2","Exp2_004","E2_FIXED_PROGRESSIVE",loading,,,,,1,TRUE,6600.000,6650.000,557.344727,557.394775,1920,1046,"ObjectSlot1-4",1,1,"video_relative_to_screen_recording_start",36.078785,521265.938,521315.969,1,36.078785,"1781266396475","../../../../../../Project/UE5/Gallery/Saved/ScreenRecordings/A017_2_20260612_201316_screen.mkv",521265.938,521315.969,521290.938,"1781266917740","1781266917790","2026-06-12T20:21:57.739+08:00","2026-06-12T20:21:57.789+08:00",550.744751,EXP2,"exp2_table",4,1,"1:4|2:1|3:2|4:3"
"exp2_target_object","实验二当前目标模型_头顶","Exp2_004_exp2_target_object_0266","video_relative_to_recording_start",rectangle,0,311,561,968,,,,"A017_2","Exp2_004","E2_FIXED_PROGRESSIVE",loading,,,,,1,TRUE,6600.000,6650.000,557.344727,557.394775,1920,1046,"ObjectSlot1",1,1,"video_relative_to_screen_recording_start",36.078785,521265.938,521315.969,1,36.078785,"1781266396475","../../../../../../Project/UE5/Gallery/Saved/ScreenRecordings/A017_2_20260612_201316_screen.mkv",521265.938,521315.969,521290.938,"1781266917740","1781266917790","2026-06-12T20:21:57.739+08:00","2026-06-12T20:21:57.789+08:00",550.744751,EXP2,"exp2_target",4,1,"1:4|2:1|3:2|4:3"
"exp2_table_objects","实验二桌面四模型总体区域","Exp2_004_exp2_table_objects_0267","video_relative_to_recording_start",rectangle,0,271,1919,1045,,,,"A017_2","Exp2_004","E2_FIXED_PROGRESSIVE",loading,,,,,1,TRUE,6650.000,6700.000,557.394775,557.444763,1920,1046,"ObjectSlot1-4",1,1,"video_relative_to_screen_recording_start",36.078785,521315.969,521365.969,1,36.078785,"1781266396475","../../../../../../Project/UE5/Gallery/Saved/ScreenRecordings/A017_2_20260612_201316_screen.mkv",521315.969,521365.969,521340.969,"1781266917790","1781266917840","2026-06-12T20:21:57.789+08:00","2026-06-12T20:21:57.839+08:00",550.744751,EXP2,"exp2_table",4,1,"1:4|2:1|3:2|4:3"
"exp2_target_object","实验二当前目标模型_头顶","Exp2_004_exp2_target_object_0268","video_relative_to_recording_start",rectangle,0,311,561,968,,,,"A017_2","Exp2_004","E2_FIXED_PROGRESSIVE",loading,,,,,1,TRUE,6650.000,6700.000,557.394775,557.444763,1920,1046,"ObjectSlot1",1,1,"video_relative_to_screen_recording_start",36.078785,521315.969,521365.969,1,36.078785,"1781266396475","../../../../../../Project/UE5/Gallery/Saved/ScreenRecordings/A017_2_20260612_201316_screen.mkv",521315.969,521365.969,521340.969,"1781266917790","1781266917840","2026-06-12T20:21:57.789+08:00","2026-06-12T20:21:57.839+08:00",550.744751,EXP2,"exp2_target",4,1,"1:4|2:1|3:2|4:3"
"exp2_table_objects","实验二桌面四模型总体区域","Exp2_004_exp2_table_objects_0269","video_relative_to_recording_start",rectangle,0,271,1919,1045,,,,"A017_2","Exp2_004","E2_FIXED_PROGRESSIVE",loading,,,,,1,TRUE,6700.000,6750.000,557.444763,557.494751,1920,1046,"ObjectSlot1-4",1,1,"video_relative_to_screen_recording_start",36.078785,521365.969,521415.969,1,36.078785,"1781266396475","../../../../../../Project/UE5/Gallery/Saved/ScreenRecordings/A017_2_20260612_201316_screen.mkv",521365.969,521415.969,521390.969,"1781266917840","1781266917890","2026-06-12T20:21:57.839+08:00","2026-06-12T20:21:57.889+08:00",550.744751,EXP2,"exp2_table",4,1,"1:4|2:1|3:2|4:3"
"exp2_target_object","实验二当前目标模型_头顶","Exp2_004_exp2_target_object_0270","video_relative_to_recording_start",rectangle,0,311,561,968,,,,"A017_2","Exp2_004","E2_FIXED_PROGRESSIVE",loading,,,,,1,TRUE,6700.000,6750.000,557.444763,557.494751,1920,1046,"ObjectSlot1",1,1,"video_relative_to_screen_recording_start",36.078785,521365.969,521415.969,1,36.078785,"1781266396475","../../../../../../Project/UE5/Gallery/Saved/ScreenRecordings/A017_2_20260612_201316_screen.mkv",521365.969,521415.969,521390.969,"1781266917840","1781266917890","2026-06-12T20:21:57.839+08:00","2026-06-12T20:21:57.889+08:00",550.744751,EXP2,"exp2_target",4,1,"1:4|2:1|3:2|4:3"
"exp2_table_objects","实验二桌面四模型总体区域","Exp2_004_exp2_table_objects_0271","video_relative_to_recording_start",rectangle,0,271,1919,1045,,,,"A017_2","Exp2_004","E2_FIXED_PROGRESSIVE",loading,,,,,1,TRUE,6750.000,6800.000,557.494751,557.544739,1920,1046,"ObjectSlot1-4",1,1,"video_relative_to_screen_recording_start",36.078785,521415.969,521465.938,1,36.078785,"1781266396475","../../../../../../Project/UE5/Gallery/Saved/ScreenRecordings/A017_2_20260612_201316_screen.mkv",521415.969,521465.938,521440.938,"1781266917890","1781266917940","2026-06-12T20:21:57.889+08:00","2026-06-12T20:21:57.939+08:00",550.744751,EXP2,"exp2_table",4,1,"1:4|2:1|3:2|4:3"
"exp2_target_object","实验二当前目标模型_头顶","Exp2_004_exp2_target_object_0272","video_relative_to_recording_start",rectangle,0,311,561,968,,,,"A017_2","Exp2_004","E2_FIXED_PROGRESSIVE",loading,,,,,1,TRUE,6750.000,6800.000,557.494751,557.544739,1920,1046,"ObjectSlot1",1,1,"video_relative_to_screen_recording_start",36.078785,521415.969,521465.938,1,36.078785,"1781266396475","../../../../../../Project/UE5/Gallery/Saved/ScreenRecordings/A017_2_20260612_201316_screen.mkv",521415.969,521465.938,521440.938,"1781266917890","1781266917940","2026-06-12T20:21:57.889+08:00","2026-06-12T20:21:57.939+08:00",550.744751,EXP2,"exp2_target",4,1,"1:4|2:1|3:2|4:3"
"exp2_table_objects","实验二桌面四模型总体区域","Exp2_004_exp2_table_objects_0273","video_relative_to_recording_start",rectangle,0,271,1919,1045,,,,"A017_2","Exp2_004","E2_FIXED_PROGRESSIVE",loading,,,,,1,TRUE,6800.000,6850.000,557.544739,557.594727,1920,1046,"ObjectSlot1-4",1,1,"video_relative_to_screen_recording_start",36.078785,521465.938,521515.938,1,36.078785,"1781266396475","../../../../../../Project/UE5/Gallery/Saved/ScreenRecordings/A017_2_20260612_201316_screen.mkv",521465.938,521515.938,521490.938,"1781266917940","1781266917990","2026-06-12T20:21:57.939+08:00","2026-06-12T20:21:57.989+08:00",550.744751,EXP2,"exp2_table",4,1,"1:4|2:1|3:2|4:3"
"exp2_target_object","实验二当前目标模型_头顶","Exp2_004_exp2_target_object_0274","video_relative_to_recording_start",rectangle,0,311,561,968,,,,"A017_2","Exp2_004","E2_FIXED_PROGRESSIVE",loading,,,,,1,TRUE,6800.000,6850.000,557.544739,557.594727,1920,1046,"ObjectSlot1",1,1,"video_relative_to_screen_recording_start",36.078785,521465.938,521515.938,1,36.078785,"1781266396475","../../../../../../Project/UE5/Gallery/Saved/ScreenRecordings/A017_2_20260612_201316_screen.mkv",521465.938,521515.938,521490.938,"1781266917940","1781266917990","2026-06-12T20:21:57.939+08:00","2026-06-12T20:21:57.989+08:00",550.744751,EXP2,"exp2_target",4,1,"1:4|2:1|3:2|4:3"
"exp2_table_objects","实验二桌面四模型总体区域","Exp2_004_exp2_table_objects_0275","video_relative_to_recording_start",rectangle,0,271,1919,1045,,,,"A017_2","Exp2_004","E2_FIXED_PROGRESSIVE",loading,,,,,1,TRUE,6850.000,6900.000,557.594727,557.644775,1920,1046,"ObjectSlot1-4",1,1,"video_relative_to_screen_recording_start",36.078785,521515.938,521565.969,1,36.078785,"1781266396475","../../../../../../Project/UE5/Gallery/Saved/ScreenRecordings/A017_2_20260612_201316_screen.mkv",521515.938,521565.969,521540.938,"1781266917990","1781266918040","2026-06-12T20:21:57.989+08:00","2026-06-12T20:21:58.040+08:00",550.744751,EXP2,"exp2_table",4,1,"1:4|2:1|3:2|4:3"
"exp2_target_object","实验二当前目标模型_头顶","Exp2_004_exp2_target_object_0276","video_relative_to_recording_start",rectangle,0,311,561,968,,,,"A017_2","Exp2_004","E2_FIXED_PROGRESSIVE",loading,,,,,1,TRUE,6850.000,6900.000,557.594727,557.644775,1920,1046,"ObjectSlot1",1,1,"video_relative_to_screen_recording_start",36.078785,521515.938,521565.969,1,36.078785,"1781266396475","../../../../../../Project/UE5/Gallery/Saved/ScreenRecordings/A017_2_20260612_201316_screen.mkv",521515.938,521565.969,521540.938,"1781266917990","1781266918040","2026-06-12T20:21:57.989+08:00","2026-06-12T20:21:58.040+08:00",550.744751,EXP2,"exp2_target",4,1,"1:4|2:1|3:2|4:3"
"exp2_table_objects","实验二桌面四模型总体区域","Exp2_004_exp2_table_objects_0277","video_relative_to_recording_start",rectangle,0,271,1919,1045,,,,"A017_2","Exp2_004","E2_FIXED_PROGRESSIVE",loading,,,,,1,TRUE,6900.000,6950.000,557.644775,557.694763,1920,1046,"ObjectSlot1-4",1,1,"video_relative_to_screen_recording_start",36.078785,521565.969,521615.969,1,36.078785,"1781266396475","../../../../../../Project/UE5/Gallery/Saved/ScreenRecordings/A017_2_20260612_201316_screen.mkv",521565.969,521615.969,521590.969,"1781266918040","1781266918090","2026-06-12T20:21:58.040+08:00","2026-06-12T20:21:58.089+08:00",550.744751,EXP2,"exp2_table",4,1,"1:4|2:1|3:2|4:3"
"exp2_target_object","实验二当前目标模型_头顶","Exp2_004_exp2_target_object_0278","video_relative_to_recording_start",rectangle,0,311,561,968,,,,"A017_2","Exp2_004","E2_FIXED_PROGRESSIVE",loading,,,,,1,TRUE,6900.000,6950.000,557.644775,557.694763,1920,1046,"ObjectSlot1",1,1,"video_relative_to_screen_recording_start",36.078785,521565.969,521615.969,1,36.078785,"1781266396475","../../../../../../Project/UE5/Gallery/Saved/ScreenRecordings/A017_2_20260612_201316_screen.mkv",521565.969,521615.969,521590.969,"1781266918040","1781266918090","2026-06-12T20:21:58.040+08:00","2026-06-12T20:21:58.089+08:00",550.744751,EXP2,"exp2_target",4,1,"1:4|2:1|3:2|4:3"
"exp2_table_objects","实验二桌面四模型总体区域","Exp2_004_exp2_table_objects_0279","video_relative_to_recording_start",rectangle,0,271,1919,1045,,,,"A017_2","Exp2_004","E2_FIXED_PROGRESSIVE",loading,,,,,1,TRUE,6950.000,7000.000,557.694763,557.744751,1920,1046,"ObjectSlot1-4",1,1,"video_relative_to_screen_recording_start",36.078785,521615.969,521665.969,1,36.078785,"1781266396475","../../../../../../Project/UE5/Gallery/Saved/ScreenRecordings/A017_2_20260612_201316_screen.mkv",521615.969,521665.969,521640.969,"1781266918090","1781266918140","2026-06-12T20:21:58.089+08:00","2026-06-12T20:21:58.139+08:00",550.744751,EXP2,"exp2_table",4,1,"1:4|2:1|3:2|4:3"
"exp2_target_object","实验二当前目标模型_头顶","Exp2_004_exp2_target_object_0280","video_relative_to_recording_start",rectangle,0,311,561,968,,,,"A017_2","Exp2_004","E2_FIXED_PROGRESSIVE",loading,,,,,1,TRUE,6950.000,7000.000,557.694763,557.744751,1920,1046,"ObjectSlot1",1,1,"video_relative_to_screen_recording_start",36.078785,521615.969,521665.969,1,36.078785,"1781266396475","../../../../../../Project/UE5/Gallery/Saved/ScreenRecordings/A017_2_20260612_201316_screen.mkv",521615.969,521665.969,521640.969,"1781266918090","1781266918140","2026-06-12T20:21:58.089+08:00","2026-06-12T20:21:58.139+08:00",550.744751,EXP2,"exp2_target",4,1,"1:4|2:1|3:2|4:3"
"exp2_table_objects","实验二桌面四模型总体区域","Exp2_004_exp2_table_objects_0281","video_relative_to_recording_start",rectangle,0,271,1919,1045,,,,"A017_2","Exp2_004","E2_FIXED_PROGRESSIVE",loading,,,,,1,TRUE,7000.000,7050.000,557.744751,557.794739,1920,1046,"ObjectSlot1-4",1,1,"video_relative_to_screen_recording_start",36.078785,521665.969,521715.938,1,36.078785,"1781266396475","../../../../../../Project/UE5/Gallery/Saved/ScreenRecordings/A017_2_20260612_201316_screen.mkv",521665.969,521715.938,521690.938,"1781266918140","1781266918190","2026-06-12T20:21:58.139+08:00","2026-06-12T20:21:58.189+08:00",550.744751,EXP2,"exp2_table",4,1,"1:4|2:1|3:2|4:3"
"exp2_target_object","实验二当前目标模型_头顶","Exp2_004_exp2_target_object_0282","video_relative_to_recording_start",rectangle,0,311,561,968,,,,"A017_2","Exp2_004","E2_FIXED_PROGRESSIVE",loading,,,,,1,TRUE,7000.000,7050.000,557.744751,557.794739,1920,1046,"ObjectSlot1",1,1,"video_relative_to_screen_recording_start",36.078785,521665.969,521715.938,1,36.078785,"1781266396475","../../../../../../Project/UE5/Gallery/Saved/ScreenRecordings/A017_2_20260612_201316_screen.mkv",521665.969,521715.938,521690.938,"1781266918140","1781266918190","2026-06-12T20:21:58.139+08:00","2026-06-12T20:21:58.189+08:00",550.744751,EXP2,"exp2_target",4,1,"1:4|2:1|3:2|4:3"
"exp2_table_objects","实验二桌面四模型总体区域","Exp2_004_exp2_table_objects_0283","video_relative_to_recording_start",rectangle,0,271,1919,1045,,,,"A017_2","Exp2_004","E2_FIXED_PROGRESSIVE",loading,,,,,1,TRUE,7050.000,7100.000,557.794739,557.844727,1920,1046,"ObjectSlot1-4",1,1,"video_relative_to_screen_recording_start",36.078785,521715.938,521765.938,1,36.078785,"1781266396475","../../../../../../Project/UE5/Gallery/Saved/ScreenRecordings/A017_2_20260612_201316_screen.mkv",521715.938,521765.938,521740.938,"1781266918190","1781266918240","2026-06-12T20:21:58.189+08:00","2026-06-12T20:21:58.239+08:00",550.744751,EXP2,"exp2_table",4,1,"1:4|2:1|3:2|4:3"
"exp2_target_object","实验二当前目标模型_头顶","Exp2_004_exp2_target_object_0284","video_relative_to_recording_start",rectangle,0,311,561,968,,,,"A017_2","Exp2_004","E2_FIXED_PROGRESSIVE",loading,,,,,1,TRUE,7050.000,7100.000,557.794739,557.844727,1920,1046,"ObjectSlot1",1,1,"video_relative_to_screen_recording_start",36.078785,521715.938,521765.938,1,36.078785,"1781266396475","../../../../../../Project/UE5/Gallery/Saved/ScreenRecordings/A017_2_20260612_201316_screen.mkv",521715.938,521765.938,521740.938,"1781266918190","1781266918240","2026-06-12T20:21:58.189+08:00","2026-06-12T20:21:58.239+08:00",550.744751,EXP2,"exp2_target",4,1,"1:4|2:1|3:2|4:3"
"exp2_table_objects","实验二桌面四模型总体区域","Exp2_004_exp2_table_objects_0285","video_relative_to_recording_start",rectangle,0,271,1919,1045,,,,"A017_2","Exp2_004","E2_FIXED_PROGRESSIVE",loading,,,,,1,TRUE,7100.000,7150.000,557.844727,557.894775,1920,1046,"ObjectSlot1-4",1,1,"video_relative_to_screen_recording_start",36.078785,521765.938,521815.969,1,36.078785,"1781266396475","../../../../../../Project/UE5/Gallery/Saved/ScreenRecordings/A017_2_20260612_201316_screen.mkv",521765.938,521815.969,521790.938,"1781266918240","1781266918290","2026-06-12T20:21:58.239+08:00","2026-06-12T20:21:58.289+08:00",550.744751,EXP2,"exp2_table",4,1,"1:4|2:1|3:2|4:3"
"exp2_target_object","实验二当前目标模型_头顶","Exp2_004_exp2_target_object_0286","video_relative_to_recording_start",rectangle,0,311,561,968,,,,"A017_2","Exp2_004","E2_FIXED_PROGRESSIVE",loading,,,,,1,TRUE,7100.000,7150.000,557.844727,557.894775,1920,1046,"ObjectSlot1",1,1,"video_relative_to_screen_recording_start",36.078785,521765.938,521815.969,1,36.078785,"1781266396475","../../../../../../Project/UE5/Gallery/Saved/ScreenRecordings/A017_2_20260612_201316_screen.mkv",521765.938,521815.969,521790.938,"1781266918240","1781266918290","2026-06-12T20:21:58.239+08:00","2026-06-12T20:21:58.289+08:00",550.744751,EXP2,"exp2_target",4,1,"1:4|2:1|3:2|4:3"
"exp2_table_objects","实验二桌面四模型总体区域","Exp2_004_exp2_table_objects_0287","video_relative_to_recording_start",rectangle,0,271,1919,1045,,,,"A017_2","Exp2_004","E2_FIXED_PROGRESSIVE",loading,,,,,1,TRUE,7150.000,7200.000,557.894775,557.944763,1920,1046,"ObjectSlot1-4",1,1,"video_relative_to_screen_recording_start",36.078785,521815.969,521865.969,1,36.078785,"1781266396475","../../../../../../Project/UE5/Gallery/Saved/ScreenRecordings/A017_2_20260612_201316_screen.mkv",521815.969,521865.969,521840.969,"1781266918290","1781266918340","2026-06-12T20:21:58.289+08:00","2026-06-12T20:21:58.339+08:00",550.744751,EXP2,"exp2_table",4,1,"1:4|2:1|3:2|4:3"
"exp2_target_object","实验二当前目标模型_头顶","Exp2_004_exp2_target_object_0288","video_relative_to_recording_start",rectangle,0,311,561,968,,,,"A017_2","Exp2_004","E2_FIXED_PROGRESSIVE",loading,,,,,1,TRUE,7150.000,7200.000,557.894775,557.944763,1920,1046,"ObjectSlot1",1,1,"video_relative_to_screen_recording_start",36.078785,521815.969,521865.969,1,36.078785,"1781266396475","../../../../../../Project/UE5/Gallery/Saved/ScreenRecordings/A017_2_20260612_201316_screen.mkv",521815.969,521865.969,521840.969,"1781266918290","1781266918340","2026-06-12T20:21:58.289+08:00","2026-06-12T20:21:58.339+08:00",550.744751,EXP2,"exp2_target",4,1,"1:4|2:1|3:2|4:3"
"exp2_table_objects","实验二桌面四模型总体区域","Exp2_004_exp2_table_objects_0289","video_relative_to_recording_start",rectangle,0,271,1919,1045,,,,"A017_2","Exp2_004","E2_FIXED_PROGRESSIVE",loading,,,,,1,TRUE,7200.000,7250.000,557.944763,557.994751,1920,1046,"ObjectSlot1-4",1,1,"video_relative_to_screen_recording_start",36.078785,521865.969,521915.969,1,36.078785,"1781266396475","../../../../../../Project/UE5/Gallery/Saved/ScreenRecordings/A017_2_20260612_201316_screen.mkv",521865.969,521915.969,521890.969,"1781266918340","1781266918390","2026-06-12T20:21:58.339+08:00","2026-06-12T20:21:58.389+08:00",550.744751,EXP2,"exp2_table",4,1,"1:4|2:1|3:2|4:3"
"exp2_target_object","实验二当前目标模型_头顶","Exp2_004_exp2_target_object_0290","video_relative_to_recording_start",rectangle,0,311,561,968,,,,"A017_2","Exp2_004","E2_FIXED_PROGRESSIVE",loading,,,,,1,TRUE,7200.000,7250.000,557.944763,557.994751,1920,1046,"ObjectSlot1",1,1,"video_relative_to_screen_recording_start",36.078785,521865.969,521915.969,1,36.078785,"1781266396475","../../../../../../Project/UE5/Gallery/Saved/ScreenRecordings/A017_2_20260612_201316_screen.mkv",521865.969,521915.969,521890.969,"1781266918340","1781266918390","2026-06-12T20:21:58.339+08:00","2026-06-12T20:21:58.389+08:00",550.744751,EXP2,"exp2_target",4,1,"1:4|2:1|3:2|4:3"
"exp2_table_objects","实验二桌面四模型总体区域","Exp2_004_exp2_table_objects_0291","video_relative_to_recording_start",rectangle,0,271,1919,1045,,,,"A017_2","Exp2_004","E2_FIXED_PROGRESSIVE",loading,,,,,1,TRUE,7250.000,7300.000,557.994751,558.044739,1920,1046,"ObjectSlot1-4",1,1,"video_relative_to_screen_recording_start",36.078785,521915.969,521965.938,1,36.078785,"1781266396475","../../../../../../Project/UE5/Gallery/Saved/ScreenRecordings/A017_2_20260612_201316_screen.mkv",521915.969,521965.938,521940.938,"1781266918390","1781266918440","2026-06-12T20:21:58.389+08:00","2026-06-12T20:21:58.439+08:00",550.744751,EXP2,"exp2_table",4,1,"1:4|2:1|3:2|4:3"
"exp2_target_object","实验二当前目标模型_头顶","Exp2_004_exp2_target_object_0292","video_relative_to_recording_start",rectangle,0,311,561,968,,,,"A017_2","Exp2_004","E2_FIXED_PROGRESSIVE",loading,,,,,1,TRUE,7250.000,7300.000,557.994751,558.044739,1920,1046,"ObjectSlot1",1,1,"video_relative_to_screen_recording_start",36.078785,521915.969,521965.938,1,36.078785,"1781266396475","../../../../../../Project/UE5/Gallery/Saved/ScreenRecordings/A017_2_20260612_201316_screen.mkv",521915.969,521965.938,521940.938,"1781266918390","1781266918440","2026-06-12T20:21:58.389+08:00","2026-06-12T20:21:58.439+08:00",550.744751,EXP2,"exp2_target",4,1,"1:4|2:1|3:2|4:3"
"exp2_table_objects","实验二桌面四模型总体区域","Exp2_004_exp2_table_objects_0293","video_relative_to_recording_start",rectangle,0,271,1919,1045,,,,"A017_2","Exp2_004","E2_FIXED_PROGRESSIVE",loading,,,,,1,TRUE,7300.000,7350.000,558.044739,558.094727,1920,1046,"ObjectSlot1-4",1,1,"video_relative_to_screen_recording_start",36.078785,521965.938,522015.938,1,36.078785,"1781266396475","../../../../../../Project/UE5/Gallery/Saved/ScreenRecordings/A017_2_20260612_201316_screen.mkv",521965.938,522015.938,521990.938,"1781266918440","1781266918490","2026-06-12T20:21:58.439+08:00","2026-06-12T20:21:58.489+08:00",550.744751,EXP2,"exp2_table",4,1,"1:4|2:1|3:2|4:3"
"exp2_target_object","实验二当前目标模型_头顶","Exp2_004_exp2_target_object_0294","video_relative_to_recording_start",rectangle,0,311,561,968,,,,"A017_2","Exp2_004","E2_FIXED_PROGRESSIVE",loading,,,,,1,TRUE,7300.000,7350.000,558.044739,558.094727,1920,1046,"ObjectSlot1",1,1,"video_relative_to_screen_recording_start",36.078785,521965.938,522015.938,1,36.078785,"1781266396475","../../../../../../Project/UE5/Gallery/Saved/ScreenRecordings/A017_2_20260612_201316_screen.mkv",521965.938,522015.938,521990.938,"1781266918440","1781266918490","2026-06-12T20:21:58.439+08:00","2026-06-12T20:21:58.489+08:00",550.744751,EXP2,"exp2_target",4,1,"1:4|2:1|3:2|4:3"
"exp2_table_objects","实验二桌面四模型总体区域","Exp2_004_exp2_table_objects_0295","video_relative_to_recording_start",rectangle,0,271,1919,1045,,,,"A017_2","Exp2_004","E2_FIXED_PROGRESSIVE",loading,,,,,1,TRUE,7350.000,7400.000,558.094727,558.144775,1920,1046,"ObjectSlot1-4",1,1,"video_relative_to_screen_recording_start",36.078785,522015.938,522065.969,1,36.078785,"1781266396475","../../../../../../Project/UE5/Gallery/Saved/ScreenRecordings/A017_2_20260612_201316_screen.mkv",522015.938,522065.969,522040.938,"1781266918490","1781266918540","2026-06-12T20:21:58.489+08:00","2026-06-12T20:21:58.539+08:00",550.744751,EXP2,"exp2_table",4,1,"1:4|2:1|3:2|4:3"
"exp2_target_object","实验二当前目标模型_头顶","Exp2_004_exp2_target_object_0296","video_relative_to_recording_start",rectangle,0,311,561,968,,,,"A017_2","Exp2_004","E2_FIXED_PROGRESSIVE",loading,,,,,1,TRUE,7350.000,7400.000,558.094727,558.144775,1920,1046,"ObjectSlot1",1,1,"video_relative_to_screen_recording_start",36.078785,522015.938,522065.969,1,36.078785,"1781266396475","../../../../../../Project/UE5/Gallery/Saved/ScreenRecordings/A017_2_20260612_201316_screen.mkv",522015.938,522065.969,522040.938,"1781266918490","1781266918540","2026-06-12T20:21:58.489+08:00","2026-06-12T20:21:58.539+08:00",550.744751,EXP2,"exp2_target",4,1,"1:4|2:1|3:2|4:3"
"exp2_table_objects","实验二桌面四模型总体区域","Exp2_004_exp2_table_objects_0297","video_relative_to_recording_start",rectangle,0,271,1919,1045,,,,"A017_2","Exp2_004","E2_FIXED_PROGRESSIVE",loading,,,,,1,TRUE,7400.000,7450.000,558.144775,558.194763,1920,1046,"ObjectSlot1-4",1,1,"video_relative_to_screen_recording_start",36.078785,522065.969,522115.969,1,36.078785,"1781266396475","../../../../../../Project/UE5/Gallery/Saved/ScreenRecordings/A017_2_20260612_201316_screen.mkv",522065.969,522115.969,522090.969,"1781266918540","1781266918590","2026-06-12T20:21:58.539+08:00","2026-06-12T20:21:58.589+08:00",550.744751,EXP2,"exp2_table",4,1,"1:4|2:1|3:2|4:3"
"exp2_target_object","实验二当前目标模型_头顶","Exp2_004_exp2_target_object_0298","video_relative_to_recording_start",rectangle,0,311,561,968,,,,"A017_2","Exp2_004","E2_FIXED_PROGRESSIVE",loading,,,,,1,TRUE,7400.000,7450.000,558.144775,558.194763,1920,1046,"ObjectSlot1",1,1,"video_relative_to_screen_recording_start",36.078785,522065.969,522115.969,1,36.078785,"1781266396475","../../../../../../Project/UE5/Gallery/Saved/ScreenRecordings/A017_2_20260612_201316_screen.mkv",522065.969,522115.969,522090.969,"1781266918540","1781266918590","2026-06-12T20:21:58.539+08:00","2026-06-12T20:21:58.589+08:00",550.744751,EXP2,"exp2_target",4,1,"1:4|2:1|3:2|4:3"
"exp2_table_objects","实验二桌面四模型总体区域","Exp2_004_exp2_table_objects_0299","video_relative_to_recording_start",rectangle,0,271,1919,1045,,,,"A017_2","Exp2_004","E2_FIXED_PROGRESSIVE",loading,,,,,1,TRUE,7450.000,7500.000,558.194763,558.244751,1920,1046,"ObjectSlot1-4",1,1,"video_relative_to_screen_recording_start",36.078785,522115.969,522165.969,1,36.078785,"1781266396475","../../../../../../Project/UE5/Gallery/Saved/ScreenRecordings/A017_2_20260612_201316_screen.mkv",522115.969,522165.969,522140.969,"1781266918590","1781266918640","2026-06-12T20:21:58.589+08:00","2026-06-12T20:21:58.639+08:00",550.744751,EXP2,"exp2_table",4,1,"1:4|2:1|3:2|4:3"
"exp2_target_object","实验二当前目标模型_头顶","Exp2_004_exp2_target_object_0300","video_relative_to_recording_start",rectangle,0,311,561,968,,,,"A017_2","Exp2_004","E2_FIXED_PROGRESSIVE",loading,,,,,1,TRUE,7450.000,7500.000,558.194763,558.244751,1920,1046,"ObjectSlot1",1,1,"video_relative_to_screen_recording_start",36.078785,522115.969,522165.969,1,36.078785,"1781266396475","../../../../../../Project/UE5/Gallery/Saved/ScreenRecordings/A017_2_20260612_201316_screen.mkv",522115.969,522165.969,522140.969,"1781266918590","1781266918640","2026-06-12T20:21:58.589+08:00","2026-06-12T20:21:58.639+08:00",550.744751,EXP2,"exp2_target",4,1,"1:4|2:1|3:2|4:3"
"exp2_table_objects","实验二桌面四模型总体区域","Exp2_004_exp2_table_objects_0301","video_relative_to_recording_start",rectangle,0,271,1919,1045,,,,"A017_2","Exp2_004","E2_FIXED_PROGRESSIVE",loading,,,,,1,TRUE,7500.000,7550.000,558.244751,558.294739,1920,1046,"ObjectSlot1-4",1,1,"video_relative_to_screen_recording_start",36.078785,522165.969,522215.938,1,36.078785,"1781266396475","../../../../../../Project/UE5/Gallery/Saved/ScreenRecordings/A017_2_20260612_201316_screen.mkv",522165.969,522215.938,522190.938,"1781266918640","1781266918690","2026-06-12T20:21:58.639+08:00","2026-06-12T20:21:58.689+08:00",550.744751,EXP2,"exp2_table",4,1,"1:4|2:1|3:2|4:3"
"exp2_target_object","实验二当前目标模型_头顶","Exp2_004_exp2_target_object_0302","video_relative_to_recording_start",rectangle,0,311,561,968,,,,"A017_2","Exp2_004","E2_FIXED_PROGRESSIVE",loading,,,,,1,TRUE,7500.000,7550.000,558.244751,558.294739,1920,1046,"ObjectSlot1",1,1,"video_relative_to_screen_recording_start",36.078785,522165.969,522215.938,1,36.078785,"1781266396475","../../../../../../Project/UE5/Gallery/Saved/ScreenRecordings/A017_2_20260612_201316_screen.mkv",522165.969,522215.938,522190.938,"1781266918640","1781266918690","2026-06-12T20:21:58.639+08:00","2026-06-12T20:21:58.689+08:00",550.744751,EXP2,"exp2_target",4,1,"1:4|2:1|3:2|4:3"
"exp2_table_objects","实验二桌面四模型总体区域","Exp2_004_exp2_table_objects_0303","video_relative_to_recording_start",rectangle,0,271,1919,1045,,,,"A017_2","Exp2_004","E2_FIXED_PROGRESSIVE",loading,,,,,1,TRUE,7550.000,7600.000,558.294739,558.344727,1920,1046,"ObjectSlot1-4",1,1,"video_relative_to_screen_recording_start",36.078785,522215.938,522265.938,1,36.078785,"1781266396475","../../../../../../Project/UE5/Gallery/Saved/ScreenRecordings/A017_2_20260612_201316_screen.mkv",522215.938,522265.938,522240.938,"1781266918690","1781266918740","2026-06-12T20:21:58.689+08:00","2026-06-12T20:21:58.739+08:00",550.744751,EXP2,"exp2_table",4,1,"1:4|2:1|3:2|4:3"
"exp2_target_object","实验二当前目标模型_头顶","Exp2_004_exp2_target_object_0304","video_relative_to_recording_start",rectangle,0,311,561,968,,,,"A017_2","Exp2_004","E2_FIXED_PROGRESSIVE",loading,,,,,1,TRUE,7550.000,7600.000,558.294739,558.344727,1920,1046,"ObjectSlot1",1,1,"video_relative_to_screen_recording_start",36.078785,522215.938,522265.938,1,36.078785,"1781266396475","../../../../../../Project/UE5/Gallery/Saved/ScreenRecordings/A017_2_20260612_201316_screen.mkv",522215.938,522265.938,522240.938,"1781266918690","1781266918740","2026-06-12T20:21:58.689+08:00","2026-06-12T20:21:58.739+08:00",550.744751,EXP2,"exp2_target",4,1,"1:4|2:1|3:2|4:3"
"exp2_table_objects","实验二桌面四模型总体区域","Exp2_004_exp2_table_objects_0305","video_relative_to_recording_start",rectangle,0,271,1919,1045,,,,"A017_2","Exp2_004","E2_FIXED_PROGRESSIVE",loading,,,,,1,TRUE,7600.000,7650.000,558.344727,558.394775,1920,1046,"ObjectSlot1-4",1,1,"video_relative_to_screen_recording_start",36.078785,522265.938,522315.969,1,36.078785,"1781266396475","../../../../../../Project/UE5/Gallery/Saved/ScreenRecordings/A017_2_20260612_201316_screen.mkv",522265.938,522315.969,522290.938,"1781266918740","1781266918790","2026-06-12T20:21:58.739+08:00","2026-06-12T20:21:58.789+08:00",550.744751,EXP2,"exp2_table",4,1,"1:4|2:1|3:2|4:3"
"exp2_target_object","实验二当前目标模型_头顶","Exp2_004_exp2_target_object_0306","video_relative_to_recording_start",rectangle,0,311,561,968,,,,"A017_2","Exp2_004","E2_FIXED_PROGRESSIVE",loading,,,,,1,TRUE,7600.000,7650.000,558.344727,558.394775,1920,1046,"ObjectSlot1",1,1,"video_relative_to_screen_recording_start",36.078785,522265.938,522315.969,1,36.078785,"1781266396475","../../../../../../Project/UE5/Gallery/Saved/ScreenRecordings/A017_2_20260612_201316_screen.mkv",522265.938,522315.969,522290.938,"1781266918740","1781266918790","2026-06-12T20:21:58.739+08:00","2026-06-12T20:21:58.789+08:00",550.744751,EXP2,"exp2_target",4,1,"1:4|2:1|3:2|4:3"
"exp2_table_objects","实验二桌面四模型总体区域","Exp2_004_exp2_table_objects_0307","video_relative_to_recording_start",rectangle,0,271,1919,1045,,,,"A017_2","Exp2_004","E2_FIXED_PROGRESSIVE",loading,,,,,1,TRUE,7650.000,7700.000,558.394775,558.444763,1920,1046,"ObjectSlot1-4",1,1,"video_relative_to_screen_recording_start",36.078785,522315.969,522365.969,1,36.078785,"1781266396475","../../../../../../Project/UE5/Gallery/Saved/ScreenRecordings/A017_2_20260612_201316_screen.mkv",522315.969,522365.969,522340.969,"1781266918790","1781266918840","2026-06-12T20:21:58.789+08:00","2026-06-12T20:21:58.839+08:00",550.744751,EXP2,"exp2_table",4,1,"1:4|2:1|3:2|4:3"
"exp2_target_object","实验二当前目标模型_头顶","Exp2_004_exp2_target_object_0308","video_relative_to_recording_start",rectangle,0,311,561,968,,,,"A017_2","Exp2_004","E2_FIXED_PROGRESSIVE",loading,,,,,1,TRUE,7650.000,7700.000,558.394775,558.444763,1920,1046,"ObjectSlot1",1,1,"video_relative_to_screen_recording_start",36.078785,522315.969,522365.969,1,36.078785,"1781266396475","../../../../../../Project/UE5/Gallery/Saved/ScreenRecordings/A017_2_20260612_201316_screen.mkv",522315.969,522365.969,522340.969,"1781266918790","1781266918840","2026-06-12T20:21:58.789+08:00","2026-06-12T20:21:58.839+08:00",550.744751,EXP2,"exp2_target",4,1,"1:4|2:1|3:2|4:3"
"exp2_table_objects","实验二桌面四模型总体区域","Exp2_004_exp2_table_objects_0309","video_relative_to_recording_start",rectangle,0,271,1919,1045,,,,"A017_2","Exp2_004","E2_FIXED_PROGRESSIVE",loading,,,,,1,TRUE,7700.000,7750.000,558.444763,558.494751,1920,1046,"ObjectSlot1-4",1,1,"video_relative_to_screen_recording_start",36.078785,522365.969,522415.969,1,36.078785,"1781266396475","../../../../../../Project/UE5/Gallery/Saved/ScreenRecordings/A017_2_20260612_201316_screen.mkv",522365.969,522415.969,522390.969,"1781266918840","1781266918890","2026-06-12T20:21:58.839+08:00","2026-06-12T20:21:58.889+08:00",550.744751,EXP2,"exp2_table",4,1,"1:4|2:1|3:2|4:3"
"exp2_target_object","实验二当前目标模型_头顶","Exp2_004_exp2_target_object_0310","video_relative_to_recording_start",rectangle,0,311,561,968,,,,"A017_2","Exp2_004","E2_FIXED_PROGRESSIVE",loading,,,,,1,TRUE,7700.000,7750.000,558.444763,558.494751,1920,1046,"ObjectSlot1",1,1,"video_relative_to_screen_recording_start",36.078785,522365.969,522415.969,1,36.078785,"1781266396475","../../../../../../Project/UE5/Gallery/Saved/ScreenRecordings/A017_2_20260612_201316_screen.mkv",522365.969,522415.969,522390.969,"1781266918840","1781266918890","2026-06-12T20:21:58.839+08:00","2026-06-12T20:21:58.889+08:00",550.744751,EXP2,"exp2_target",4,1,"1:4|2:1|3:2|4:3"
"exp2_table_objects","实验二桌面四模型总体区域","Exp2_004_exp2_table_objects_0311","video_relative_to_recording_start",rectangle,0,271,1919,1045,,,,"A017_2","Exp2_004","E2_FIXED_PROGRESSIVE",loading,,,,,1,TRUE,7750.000,7800.000,558.494751,558.544739,1920,1046,"ObjectSlot1-4",1,1,"video_relative_to_screen_recording_start",36.078785,522415.969,522465.938,1,36.078785,"1781266396475","../../../../../../Project/UE5/Gallery/Saved/ScreenRecordings/A017_2_20260612_201316_screen.mkv",522415.969,522465.938,522440.938,"1781266918890","1781266918940","2026-06-12T20:21:58.889+08:00","2026-06-12T20:21:58.939+08:00",550.744751,EXP2,"exp2_table",4,1,"1:4|2:1|3:2|4:3"
"exp2_target_object","实验二当前目标模型_头顶","Exp2_004_exp2_target_object_0312","video_relative_to_recording_start",rectangle,0,311,561,968,,,,"A017_2","Exp2_004","E2_FIXED_PROGRESSIVE",loading,,,,,1,TRUE,7750.000,7800.000,558.494751,558.544739,1920,1046,"ObjectSlot1",1,1,"video_relative_to_screen_recording_start",36.078785,522415.969,522465.938,1,36.078785,"1781266396475","../../../../../../Project/UE5/Gallery/Saved/ScreenRecordings/A017_2_20260612_201316_screen.mkv",522415.969,522465.938,522440.938,"1781266918890","1781266918940","2026-06-12T20:21:58.889+08:00","2026-06-12T20:21:58.939+08:00",550.744751,EXP2,"exp2_target",4,1,"1:4|2:1|3:2|4:3"
"exp2_table_objects","实验二桌面四模型总体区域","Exp2_004_exp2_table_objects_0313","video_relative_to_recording_start",rectangle,0,271,1919,1045,,,,"A017_2","Exp2_004","E2_FIXED_PROGRESSIVE",loading,,,,,1,TRUE,7800.000,7850.000,558.544739,558.594727,1920,1046,"ObjectSlot1-4",1,1,"video_relative_to_screen_recording_start",36.078785,522465.938,522515.938,1,36.078785,"1781266396475","../../../../../../Project/UE5/Gallery/Saved/ScreenRecordings/A017_2_20260612_201316_screen.mkv",522465.938,522515.938,522490.938,"1781266918940","1781266918990","2026-06-12T20:21:58.939+08:00","2026-06-12T20:21:58.989+08:00",550.744751,EXP2,"exp2_table",4,1,"1:4|2:1|3:2|4:3"
"exp2_target_object","实验二当前目标模型_头顶","Exp2_004_exp2_target_object_0314","video_relative_to_recording_start",rectangle,0,311,561,968,,,,"A017_2","Exp2_004","E2_FIXED_PROGRESSIVE",loading,,,,,1,TRUE,7800.000,7850.000,558.544739,558.594727,1920,1046,"ObjectSlot1",1,1,"video_relative_to_screen_recording_start",36.078785,522465.938,522515.938,1,36.078785,"1781266396475","../../../../../../Project/UE5/Gallery/Saved/ScreenRecordings/A017_2_20260612_201316_screen.mkv",522465.938,522515.938,522490.938,"1781266918940","1781266918990","2026-06-12T20:21:58.939+08:00","2026-06-12T20:21:58.989+08:00",550.744751,EXP2,"exp2_target",4,1,"1:4|2:1|3:2|4:3"
"exp2_table_objects","实验二桌面四模型总体区域","Exp2_004_exp2_table_objects_0315","video_relative_to_recording_start",rectangle,0,271,1919,1045,,,,"A017_2","Exp2_004","E2_FIXED_PROGRESSIVE",loading,,,,,1,TRUE,7850.000,7900.000,558.594727,558.644775,1920,1046,"ObjectSlot1-4",1,1,"video_relative_to_screen_recording_start",36.078785,522515.938,522565.969,1,36.078785,"1781266396475","../../../../../../Project/UE5/Gallery/Saved/ScreenRecordings/A017_2_20260612_201316_screen.mkv",522515.938,522565.969,522540.938,"1781266918990","1781266919040","2026-06-12T20:21:58.989+08:00","2026-06-12T20:21:59.039+08:00",550.744751,EXP2,"exp2_table",4,1,"1:4|2:1|3:2|4:3"
"exp2_target_object","实验二当前目标模型_头顶","Exp2_004_exp2_target_object_0316","video_relative_to_recording_start",rectangle,0,311,561,968,,,,"A017_2","Exp2_004","E2_FIXED_PROGRESSIVE",loading,,,,,1,TRUE,7850.000,7900.000,558.594727,558.644775,1920,1046,"ObjectSlot1",1,1,"video_relative_to_screen_recording_start",36.078785,522515.938,522565.969,1,36.078785,"1781266396475","../../../../../../Project/UE5/Gallery/Saved/ScreenRecordings/A017_2_20260612_201316_screen.mkv",522515.938,522565.969,522540.938,"1781266918990","1781266919040","2026-06-12T20:21:58.989+08:00","2026-06-12T20:21:59.039+08:00",550.744751,EXP2,"exp2_target",4,1,"1:4|2:1|3:2|4:3"
"exp2_table_objects","实验二桌面四模型总体区域","Exp2_004_exp2_table_objects_0317","video_relative_to_recording_start",rectangle,0,271,1919,1045,,,,"A017_2","Exp2_004","E2_FIXED_PROGRESSIVE",loading,,,,,1,TRUE,7900.000,7950.000,558.644775,558.694763,1920,1046,"ObjectSlot1-4",1,1,"video_relative_to_screen_recording_start",36.078785,522565.969,522615.969,1,36.078785,"1781266396475","../../../../../../Project/UE5/Gallery/Saved/ScreenRecordings/A017_2_20260612_201316_screen.mkv",522565.969,522615.969,522590.969,"1781266919040","1781266919090","2026-06-12T20:21:59.039+08:00","2026-06-12T20:21:59.089+08:00",550.744751,EXP2,"exp2_table",4,1,"1:4|2:1|3:2|4:3"
"exp2_target_object","实验二当前目标模型_头顶","Exp2_004_exp2_target_object_0318","video_relative_to_recording_start",rectangle,0,311,561,968,,,,"A017_2","Exp2_004","E2_FIXED_PROGRESSIVE",loading,,,,,1,TRUE,7900.000,7950.000,558.644775,558.694763,1920,1046,"ObjectSlot1",1,1,"video_relative_to_screen_recording_start",36.078785,522565.969,522615.969,1,36.078785,"1781266396475","../../../../../../Project/UE5/Gallery/Saved/ScreenRecordings/A017_2_20260612_201316_screen.mkv",522565.969,522615.969,522590.969,"1781266919040","1781266919090","2026-06-12T20:21:59.039+08:00","2026-06-12T20:21:59.089+08:00",550.744751,EXP2,"exp2_target",4,1,"1:4|2:1|3:2|4:3"
"exp2_table_objects","实验二桌面四模型总体区域","Exp2_004_exp2_table_objects_0319","video_relative_to_recording_start",rectangle,0,271,1919,1045,,,,"A017_2","Exp2_004","E2_FIXED_PROGRESSIVE",loading,,,,,1,TRUE,7950.000,8000.000,558.694763,558.744751,1920,1046,"ObjectSlot1-4",1,1,"video_relative_to_screen_recording_start",36.078785,522615.969,522665.969,1,36.078785,"1781266396475","../../../../../../Project/UE5/Gallery/Saved/ScreenRecordings/A017_2_20260612_201316_screen.mkv",522615.969,522665.969,522640.969,"1781266919090","1781266919140","2026-06-12T20:21:59.089+08:00","2026-06-12T20:21:59.139+08:00",550.744751,EXP2,"exp2_table",4,1,"1:4|2:1|3:2|4:3"
"exp2_target_object","实验二当前目标模型_头顶","Exp2_004_exp2_target_object_0320","video_relative_to_recording_start",rectangle,0,311,561,968,,,,"A017_2","Exp2_004","E2_FIXED_PROGRESSIVE",loading,,,,,1,TRUE,7950.000,8000.000,558.694763,558.744751,1920,1046,"ObjectSlot1",1,1,"video_relative_to_screen_recording_start",36.078785,522615.969,522665.969,1,36.078785,"1781266396475","../../../../../../Project/UE5/Gallery/Saved/ScreenRecordings/A017_2_20260612_201316_screen.mkv",522615.969,522665.969,522640.969,"1781266919090","1781266919140","2026-06-12T20:21:59.089+08:00","2026-06-12T20:21:59.139+08:00",550.744751,EXP2,"exp2_target",4,1,"1:4|2:1|3:2|4:3"
"exp2_table_objects","实验二桌面四模型总体区域","Exp2_004_exp2_table_objects_0321","video_relative_to_recording_start",rectangle,0,271,1919,1045,,,,"A017_2","Exp2_004","E2_FIXED_PROGRESSIVE",loading,,,,,1,TRUE,8000.000,8050.000,558.744751,558.794739,1920,1046,"ObjectSlot1-4",1,1,"video_relative_to_screen_recording_start",36.078785,522665.969,522715.938,1,36.078785,"1781266396475","../../../../../../Project/UE5/Gallery/Saved/ScreenRecordings/A017_2_20260612_201316_screen.mkv",522665.969,522715.938,522690.938,"1781266919140","1781266919190","2026-06-12T20:21:59.139+08:00","2026-06-12T20:21:59.189+08:00",550.744751,EXP2,"exp2_table",4,1,"1:4|2:1|3:2|4:3"
"exp2_target_object","实验二当前目标模型_头顶","Exp2_004_exp2_target_object_0322","video_relative_to_recording_start",rectangle,0,311,561,968,,,,"A017_2","Exp2_004","E2_FIXED_PROGRESSIVE",loading,,,,,1,TRUE,8000.000,8050.000,558.744751,558.794739,1920,1046,"ObjectSlot1",1,1,"video_relative_to_screen_recording_start",36.078785,522665.969,522715.938,1,36.078785,"1781266396475","../../../../../../Project/UE5/Gallery/Saved/ScreenRecordings/A017_2_20260612_201316_screen.mkv",522665.969,522715.938,522690.938,"1781266919140","1781266919190","2026-06-12T20:21:59.139+08:00","2026-06-12T20:21:59.189+08:00",550.744751,EXP2,"exp2_target",4,1,"1:4|2:1|3:2|4:3"
"exp2_table_objects","实验二桌面四模型总体区域","Exp2_004_exp2_table_objects_0323","video_relative_to_recording_start",rectangle,0,271,1919,1045,,,,"A017_2","Exp2_004","E2_FIXED_PROGRESSIVE",loading,,,,,1,TRUE,8050.000,8100.000,558.794739,558.844727,1920,1046,"ObjectSlot1-4",1,1,"video_relative_to_screen_recording_start",36.078785,522715.938,522765.938,1,36.078785,"1781266396475","../../../../../../Project/UE5/Gallery/Saved/ScreenRecordings/A017_2_20260612_201316_screen.mkv",522715.938,522765.938,522740.938,"1781266919190","1781266919240","2026-06-12T20:21:59.189+08:00","2026-06-12T20:21:59.239+08:00",550.744751,EXP2,"exp2_table",4,1,"1:4|2:1|3:2|4:3"
"exp2_target_object","实验二当前目标模型_头顶","Exp2_004_exp2_target_object_0324","video_relative_to_recording_start",rectangle,0,311,561,968,,,,"A017_2","Exp2_004","E2_FIXED_PROGRESSIVE",loading,,,,,1,TRUE,8050.000,8100.000,558.794739,558.844727,1920,1046,"ObjectSlot1",1,1,"video_relative_to_screen_recording_start",36.078785,522715.938,522765.938,1,36.078785,"1781266396475","../../../../../../Project/UE5/Gallery/Saved/ScreenRecordings/A017_2_20260612_201316_screen.mkv",522715.938,522765.938,522740.938,"1781266919190","1781266919240","2026-06-12T20:21:59.189+08:00","2026-06-12T20:21:59.239+08:00",550.744751,EXP2,"exp2_target",4,1,"1:4|2:1|3:2|4:3"
"exp2_table_objects","实验二桌面四模型总体区域","Exp2_004_exp2_table_objects_0325","video_relative_to_recording_start",rectangle,0,271,1919,1045,,,,"A017_2","Exp2_004","E2_FIXED_PROGRESSIVE",loading,,,,,1,TRUE,8100.000,8150.000,558.844727,558.894775,1920,1046,"ObjectSlot1-4",1,1,"video_relative_to_screen_recording_start",36.078785,522765.938,522815.969,1,36.078785,"1781266396475","../../../../../../Project/UE5/Gallery/Saved/ScreenRecordings/A017_2_20260612_201316_screen.mkv",522765.938,522815.969,522790.938,"1781266919240","1781266919290","2026-06-12T20:21:59.239+08:00","2026-06-12T20:21:59.290+08:00",550.744751,EXP2,"exp2_table",4,1,"1:4|2:1|3:2|4:3"
"exp2_target_object","实验二当前目标模型_头顶","Exp2_004_exp2_target_object_0326","video_relative_to_recording_start",rectangle,0,311,561,968,,,,"A017_2","Exp2_004","E2_FIXED_PROGRESSIVE",loading,,,,,1,TRUE,8100.000,8150.000,558.844727,558.894775,1920,1046,"ObjectSlot1",1,1,"video_relative_to_screen_recording_start",36.078785,522765.938,522815.969,1,36.078785,"1781266396475","../../../../../../Project/UE5/Gallery/Saved/ScreenRecordings/A017_2_20260612_201316_screen.mkv",522765.938,522815.969,522790.938,"1781266919240","1781266919290","2026-06-12T20:21:59.239+08:00","2026-06-12T20:21:59.290+08:00",550.744751,EXP2,"exp2_target",4,1,"1:4|2:1|3:2|4:3"
"exp2_table_objects","实验二桌面四模型总体区域","Exp2_004_exp2_table_objects_0327","video_relative_to_recording_start",rectangle,0,271,1919,1045,,,,"A017_2","Exp2_004","E2_FIXED_PROGRESSIVE",loading,,,,,1,TRUE,8150.000,8200.000,558.894775,558.944763,1920,1046,"ObjectSlot1-4",1,1,"video_relative_to_screen_recording_start",36.078785,522815.969,522865.969,1,36.078785,"1781266396475","../../../../../../Project/UE5/Gallery/Saved/ScreenRecordings/A017_2_20260612_201316_screen.mkv",522815.969,522865.969,522840.969,"1781266919290","1781266919340","2026-06-12T20:21:59.290+08:00","2026-06-12T20:21:59.339+08:00",550.744751,EXP2,"exp2_table",4,1,"1:4|2:1|3:2|4:3"
"exp2_target_object","实验二当前目标模型_头顶","Exp2_004_exp2_target_object_0328","video_relative_to_recording_start",rectangle,0,311,561,968,,,,"A017_2","Exp2_004","E2_FIXED_PROGRESSIVE",loading,,,,,1,TRUE,8150.000,8200.000,558.894775,558.944763,1920,1046,"ObjectSlot1",1,1,"video_relative_to_screen_recording_start",36.078785,522815.969,522865.969,1,36.078785,"1781266396475","../../../../../../Project/UE5/Gallery/Saved/ScreenRecordings/A017_2_20260612_201316_screen.mkv",522815.969,522865.969,522840.969,"1781266919290","1781266919340","2026-06-12T20:21:59.290+08:00","2026-06-12T20:21:59.339+08:00",550.744751,EXP2,"exp2_target",4,1,"1:4|2:1|3:2|4:3"
"exp2_table_objects","实验二桌面四模型总体区域","Exp2_004_exp2_table_objects_0329","video_relative_to_recording_start",rectangle,0,271,1919,1045,,,,"A017_2","Exp2_004","E2_FIXED_PROGRESSIVE",loading,,,,,1,TRUE,8200.000,8250.000,558.944763,558.994751,1920,1046,"ObjectSlot1-4",1,1,"video_relative_to_screen_recording_start",36.078785,522865.969,522915.969,1,36.078785,"1781266396475","../../../../../../Project/UE5/Gallery/Saved/ScreenRecordings/A017_2_20260612_201316_screen.mkv",522865.969,522915.969,522890.969,"1781266919340","1781266919390","2026-06-12T20:21:59.339+08:00","2026-06-12T20:21:59.389+08:00",550.744751,EXP2,"exp2_table",4,1,"1:4|2:1|3:2|4:3"
"exp2_target_object","实验二当前目标模型_头顶","Exp2_004_exp2_target_object_0330","video_relative_to_recording_start",rectangle,0,311,561,968,,,,"A017_2","Exp2_004","E2_FIXED_PROGRESSIVE",loading,,,,,1,TRUE,8200.000,8250.000,558.944763,558.994751,1920,1046,"ObjectSlot1",1,1,"video_relative_to_screen_recording_start",36.078785,522865.969,522915.969,1,36.078785,"1781266396475","../../../../../../Project/UE5/Gallery/Saved/ScreenRecordings/A017_2_20260612_201316_screen.mkv",522865.969,522915.969,522890.969,"1781266919340","1781266919390","2026-06-12T20:21:59.339+08:00","2026-06-12T20:21:59.389+08:00",550.744751,EXP2,"exp2_target",4,1,"1:4|2:1|3:2|4:3"
"exp2_table_objects","实验二桌面四模型总体区域","Exp2_004_exp2_table_objects_0331","video_relative_to_recording_start",rectangle,0,271,1919,1045,,,,"A017_2","Exp2_004","E2_FIXED_PROGRESSIVE",loading,,,,,1,TRUE,8250.000,8300.000,558.994751,559.044739,1920,1046,"ObjectSlot1-4",1,1,"video_relative_to_screen_recording_start",36.078785,522915.969,522965.938,1,36.078785,"1781266396475","../../../../../../Project/UE5/Gallery/Saved/ScreenRecordings/A017_2_20260612_201316_screen.mkv",522915.969,522965.938,522940.938,"1781266919390","1781266919440","2026-06-12T20:21:59.389+08:00","2026-06-12T20:21:59.439+08:00",550.744751,EXP2,"exp2_table",4,1,"1:4|2:1|3:2|4:3"
"exp2_target_object","实验二当前目标模型_头顶","Exp2_004_exp2_target_object_0332","video_relative_to_recording_start",rectangle,0,311,561,968,,,,"A017_2","Exp2_004","E2_FIXED_PROGRESSIVE",loading,,,,,1,TRUE,8250.000,8300.000,558.994751,559.044739,1920,1046,"ObjectSlot1",1,1,"video_relative_to_screen_recording_start",36.078785,522915.969,522965.938,1,36.078785,"1781266396475","../../../../../../Project/UE5/Gallery/Saved/ScreenRecordings/A017_2_20260612_201316_screen.mkv",522915.969,522965.938,522940.938,"1781266919390","1781266919440","2026-06-12T20:21:59.389+08:00","2026-06-12T20:21:59.439+08:00",550.744751,EXP2,"exp2_target",4,1,"1:4|2:1|3:2|4:3"
"exp2_table_objects","实验二桌面四模型总体区域","Exp2_004_exp2_table_objects_0333","video_relative_to_recording_start",rectangle,0,271,1919,1045,,,,"A017_2","Exp2_004","E2_FIXED_PROGRESSIVE",loading,,,,,1,TRUE,8300.000,8350.000,559.044739,559.094727,1920,1046,"ObjectSlot1-4",1,1,"video_relative_to_screen_recording_start",36.078785,522965.938,523015.938,1,36.078785,"1781266396475","../../../../../../Project/UE5/Gallery/Saved/ScreenRecordings/A017_2_20260612_201316_screen.mkv",522965.938,523015.938,522990.938,"1781266919440","1781266919490","2026-06-12T20:21:59.439+08:00","2026-06-12T20:21:59.489+08:00",550.744751,EXP2,"exp2_table",4,1,"1:4|2:1|3:2|4:3"
"exp2_target_object","实验二当前目标模型_头顶","Exp2_004_exp2_target_object_0334","video_relative_to_recording_start",rectangle,0,311,561,968,,,,"A017_2","Exp2_004","E2_FIXED_PROGRESSIVE",loading,,,,,1,TRUE,8300.000,8350.000,559.044739,559.094727,1920,1046,"ObjectSlot1",1,1,"video_relative_to_screen_recording_start",36.078785,522965.938,523015.938,1,36.078785,"1781266396475","../../../../../../Project/UE5/Gallery/Saved/ScreenRecordings/A017_2_20260612_201316_screen.mkv",522965.938,523015.938,522990.938,"1781266919440","1781266919490","2026-06-12T20:21:59.439+08:00","2026-06-12T20:21:59.489+08:00",550.744751,EXP2,"exp2_target",4,1,"1:4|2:1|3:2|4:3"
"exp2_table_objects","实验二桌面四模型总体区域","Exp2_004_exp2_table_objects_0335","video_relative_to_recording_start",rectangle,0,271,1919,1045,,,,"A017_2","Exp2_004","E2_FIXED_PROGRESSIVE",loading,,,,,1,TRUE,8350.000,8400.000,559.094727,559.144775,1920,1046,"ObjectSlot1-4",1,1,"video_relative_to_screen_recording_start",36.078785,523015.938,523065.969,1,36.078785,"1781266396475","../../../../../../Project/UE5/Gallery/Saved/ScreenRecordings/A017_2_20260612_201316_screen.mkv",523015.938,523065.969,523040.938,"1781266919490","1781266919540","2026-06-12T20:21:59.489+08:00","2026-06-12T20:21:59.539+08:00",550.744751,EXP2,"exp2_table",4,1,"1:4|2:1|3:2|4:3"
"exp2_target_object","实验二当前目标模型_头顶","Exp2_004_exp2_target_object_0336","video_relative_to_recording_start",rectangle,0,311,561,968,,,,"A017_2","Exp2_004","E2_FIXED_PROGRESSIVE",loading,,,,,1,TRUE,8350.000,8400.000,559.094727,559.144775,1920,1046,"ObjectSlot1",1,1,"video_relative_to_screen_recording_start",36.078785,523015.938,523065.969,1,36.078785,"1781266396475","../../../../../../Project/UE5/Gallery/Saved/ScreenRecordings/A017_2_20260612_201316_screen.mkv",523015.938,523065.969,523040.938,"1781266919490","1781266919540","2026-06-12T20:21:59.489+08:00","2026-06-12T20:21:59.539+08:00",550.744751,EXP2,"exp2_target",4,1,"1:4|2:1|3:2|4:3"
"exp2_table_objects","实验二桌面四模型总体区域","Exp2_004_exp2_table_objects_0337","video_relative_to_recording_start",rectangle,0,271,1919,1045,,,,"A017_2","Exp2_004","E2_FIXED_PROGRESSIVE",loading,,,,,1,TRUE,8400.000,8450.000,559.144775,559.194763,1920,1046,"ObjectSlot1-4",1,1,"video_relative_to_screen_recording_start",36.078785,523065.969,523115.969,1,36.078785,"1781266396475","../../../../../../Project/UE5/Gallery/Saved/ScreenRecordings/A017_2_20260612_201316_screen.mkv",523065.969,523115.969,523090.969,"1781266919540","1781266919590","2026-06-12T20:21:59.539+08:00","2026-06-12T20:21:59.589+08:00",550.744751,EXP2,"exp2_table",4,1,"1:4|2:1|3:2|4:3"
"exp2_target_object","实验二当前目标模型_头顶","Exp2_004_exp2_target_object_0338","video_relative_to_recording_start",rectangle,0,311,561,968,,,,"A017_2","Exp2_004","E2_FIXED_PROGRESSIVE",loading,,,,,1,TRUE,8400.000,8450.000,559.144775,559.194763,1920,1046,"ObjectSlot1",1,1,"video_relative_to_screen_recording_start",36.078785,523065.969,523115.969,1,36.078785,"1781266396475","../../../../../../Project/UE5/Gallery/Saved/ScreenRecordings/A017_2_20260612_201316_screen.mkv",523065.969,523115.969,523090.969,"1781266919540","1781266919590","2026-06-12T20:21:59.539+08:00","2026-06-12T20:21:59.589+08:00",550.744751,EXP2,"exp2_target",4,1,"1:4|2:1|3:2|4:3"
"exp2_table_objects","实验二桌面四模型总体区域","Exp2_004_exp2_table_objects_0339","video_relative_to_recording_start",rectangle,0,271,1919,1045,,,,"A017_2","Exp2_004","E2_FIXED_PROGRESSIVE",loading,,,,,1,TRUE,8450.000,8500.000,559.194763,559.244751,1920,1046,"ObjectSlot1-4",1,1,"video_relative_to_screen_recording_start",36.078785,523115.969,523165.969,1,36.078785,"1781266396475","../../../../../../Project/UE5/Gallery/Saved/ScreenRecordings/A017_2_20260612_201316_screen.mkv",523115.969,523165.969,523140.969,"1781266919590","1781266919640","2026-06-12T20:21:59.589+08:00","2026-06-12T20:21:59.639+08:00",550.744751,EXP2,"exp2_table",4,1,"1:4|2:1|3:2|4:3"
"exp2_target_object","实验二当前目标模型_头顶","Exp2_004_exp2_target_object_0340","video_relative_to_recording_start",rectangle,0,311,561,968,,,,"A017_2","Exp2_004","E2_FIXED_PROGRESSIVE",loading,,,,,1,TRUE,8450.000,8500.000,559.194763,559.244751,1920,1046,"ObjectSlot1",1,1,"video_relative_to_screen_recording_start",36.078785,523115.969,523165.969,1,36.078785,"1781266396475","../../../../../../Project/UE5/Gallery/Saved/ScreenRecordings/A017_2_20260612_201316_screen.mkv",523115.969,523165.969,523140.969,"1781266919590","1781266919640","2026-06-12T20:21:59.589+08:00","2026-06-12T20:21:59.639+08:00",550.744751,EXP2,"exp2_target",4,1,"1:4|2:1|3:2|4:3"
"exp2_table_objects","实验二桌面四模型总体区域","Exp2_004_exp2_table_objects_0341","video_relative_to_recording_start",rectangle,0,271,1919,1045,,,,"A017_2","Exp2_004","E2_FIXED_PROGRESSIVE",loading,,,,,1,TRUE,8500.000,8550.000,559.244751,559.294739,1920,1046,"ObjectSlot1-4",1,1,"video_relative_to_screen_recording_start",36.078785,523165.969,523215.938,1,36.078785,"1781266396475","../../../../../../Project/UE5/Gallery/Saved/ScreenRecordings/A017_2_20260612_201316_screen.mkv",523165.969,523215.938,523190.938,"1781266919640","1781266919690","2026-06-12T20:21:59.639+08:00","2026-06-12T20:21:59.689+08:00",550.744751,EXP2,"exp2_table",4,1,"1:4|2:1|3:2|4:3"
"exp2_target_object","实验二当前目标模型_头顶","Exp2_004_exp2_target_object_0342","video_relative_to_recording_start",rectangle,0,311,561,968,,,,"A017_2","Exp2_004","E2_FIXED_PROGRESSIVE",loading,,,,,1,TRUE,8500.000,8550.000,559.244751,559.294739,1920,1046,"ObjectSlot1",1,1,"video_relative_to_screen_recording_start",36.078785,523165.969,523215.938,1,36.078785,"1781266396475","../../../../../../Project/UE5/Gallery/Saved/ScreenRecordings/A017_2_20260612_201316_screen.mkv",523165.969,523215.938,523190.938,"1781266919640","1781266919690","2026-06-12T20:21:59.639+08:00","2026-06-12T20:21:59.689+08:00",550.744751,EXP2,"exp2_target",4,1,"1:4|2:1|3:2|4:3"
"exp2_table_objects","实验二桌面四模型总体区域","Exp2_004_exp2_table_objects_0343","video_relative_to_recording_start",rectangle,0,271,1919,1045,,,,"A017_2","Exp2_004","E2_FIXED_PROGRESSIVE",loading,,,,,1,TRUE,8550.000,8600.000,559.294739,559.344727,1920,1046,"ObjectSlot1-4",1,1,"video_relative_to_screen_recording_start",36.078785,523215.938,523265.938,1,36.078785,"1781266396475","../../../../../../Project/UE5/Gallery/Saved/ScreenRecordings/A017_2_20260612_201316_screen.mkv",523215.938,523265.938,523240.938,"1781266919690","1781266919740","2026-06-12T20:21:59.689+08:00","2026-06-12T20:21:59.739+08:00",550.744751,EXP2,"exp2_table",4,1,"1:4|2:1|3:2|4:3"
"exp2_target_object","实验二当前目标模型_头顶","Exp2_004_exp2_target_object_0344","video_relative_to_recording_start",rectangle,0,311,561,968,,,,"A017_2","Exp2_004","E2_FIXED_PROGRESSIVE",loading,,,,,1,TRUE,8550.000,8600.000,559.294739,559.344727,1920,1046,"ObjectSlot1",1,1,"video_relative_to_screen_recording_start",36.078785,523215.938,523265.938,1,36.078785,"1781266396475","../../../../../../Project/UE5/Gallery/Saved/ScreenRecordings/A017_2_20260612_201316_screen.mkv",523215.938,523265.938,523240.938,"1781266919690","1781266919740","2026-06-12T20:21:59.689+08:00","2026-06-12T20:21:59.739+08:00",550.744751,EXP2,"exp2_target",4,1,"1:4|2:1|3:2|4:3"
"exp2_table_objects","实验二桌面四模型总体区域","Exp2_004_exp2_table_objects_0345","video_relative_to_recording_start",rectangle,0,271,1919,1045,,,,"A017_2","Exp2_004","E2_FIXED_PROGRESSIVE",loading,,,,,1,TRUE,8600.000,8650.000,559.344727,559.394775,1920,1046,"ObjectSlot1-4",1,1,"video_relative_to_screen_recording_start",36.078785,523265.938,523315.969,1,36.078785,"1781266396475","../../../../../../Project/UE5/Gallery/Saved/ScreenRecordings/A017_2_20260612_201316_screen.mkv",523265.938,523315.969,523290.938,"1781266919740","1781266919790","2026-06-12T20:21:59.739+08:00","2026-06-12T20:21:59.789+08:00",550.744751,EXP2,"exp2_table",4,1,"1:4|2:1|3:2|4:3"
"exp2_target_object","实验二当前目标模型_头顶","Exp2_004_exp2_target_object_0346","video_relative_to_recording_start",rectangle,0,311,561,968,,,,"A017_2","Exp2_004","E2_FIXED_PROGRESSIVE",loading,,,,,1,TRUE,8600.000,8650.000,559.344727,559.394775,1920,1046,"ObjectSlot1",1,1,"video_relative_to_screen_recording_start",36.078785,523265.938,523315.969,1,36.078785,"1781266396475","../../../../../../Project/UE5/Gallery/Saved/ScreenRecordings/A017_2_20260612_201316_screen.mkv",523265.938,523315.969,523290.938,"1781266919740","1781266919790","2026-06-12T20:21:59.739+08:00","2026-06-12T20:21:59.789+08:00",550.744751,EXP2,"exp2_target",4,1,"1:4|2:1|3:2|4:3"
"exp2_table_objects","实验二桌面四模型总体区域","Exp2_004_exp2_table_objects_0347","video_relative_to_recording_start",rectangle,0,271,1919,1045,,,,"A017_2","Exp2_004","E2_FIXED_PROGRESSIVE",loading,,,,,1,TRUE,8650.000,8700.000,559.394775,559.444763,1920,1046,"ObjectSlot1-4",1,1,"video_relative_to_screen_recording_start",36.078785,523315.969,523365.969,1,36.078785,"1781266396475","../../../../../../Project/UE5/Gallery/Saved/ScreenRecordings/A017_2_20260612_201316_screen.mkv",523315.969,523365.969,523340.969,"1781266919790","1781266919840","2026-06-12T20:21:59.789+08:00","2026-06-12T20:21:59.839+08:00",550.744751,EXP2,"exp2_table",4,1,"1:4|2:1|3:2|4:3"
"exp2_target_object","实验二当前目标模型_头顶","Exp2_004_exp2_target_object_0348","video_relative_to_recording_start",rectangle,0,311,561,968,,,,"A017_2","Exp2_004","E2_FIXED_PROGRESSIVE",loading,,,,,1,TRUE,8650.000,8700.000,559.394775,559.444763,1920,1046,"ObjectSlot1",1,1,"video_relative_to_screen_recording_start",36.078785,523315.969,523365.969,1,36.078785,"1781266396475","../../../../../../Project/UE5/Gallery/Saved/ScreenRecordings/A017_2_20260612_201316_screen.mkv",523315.969,523365.969,523340.969,"1781266919790","1781266919840","2026-06-12T20:21:59.789+08:00","2026-06-12T20:21:59.839+08:00",550.744751,EXP2,"exp2_target",4,1,"1:4|2:1|3:2|4:3"
"exp2_table_objects","实验二桌面四模型总体区域","Exp2_004_exp2_table_objects_0349","video_relative_to_recording_start",rectangle,0,271,1919,1045,,,,"A017_2","Exp2_004","E2_FIXED_PROGRESSIVE",loading,,,,,1,TRUE,8700.000,8750.000,559.444763,559.494751,1920,1046,"ObjectSlot1-4",1,1,"video_relative_to_screen_recording_start",36.078785,523365.969,523415.969,1,36.078785,"1781266396475","../../../../../../Project/UE5/Gallery/Saved/ScreenRecordings/A017_2_20260612_201316_screen.mkv",523365.969,523415.969,523390.969,"1781266919840","1781266919890","2026-06-12T20:21:59.839+08:00","2026-06-12T20:21:59.889+08:00",550.744751,EXP2,"exp2_table",4,1,"1:4|2:1|3:2|4:3"
"exp2_target_object","实验二当前目标模型_头顶","Exp2_004_exp2_target_object_0350","video_relative_to_recording_start",rectangle,0,311,561,968,,,,"A017_2","Exp2_004","E2_FIXED_PROGRESSIVE",loading,,,,,1,TRUE,8700.000,8750.000,559.444763,559.494751,1920,1046,"ObjectSlot1",1,1,"video_relative_to_screen_recording_start",36.078785,523365.969,523415.969,1,36.078785,"1781266396475","../../../../../../Project/UE5/Gallery/Saved/ScreenRecordings/A017_2_20260612_201316_screen.mkv",523365.969,523415.969,523390.969,"1781266919840","1781266919890","2026-06-12T20:21:59.839+08:00","2026-06-12T20:21:59.889+08:00",550.744751,EXP2,"exp2_target",4,1,"1:4|2:1|3:2|4:3"
"exp2_table_objects","实验二桌面四模型总体区域","Exp2_004_exp2_table_objects_0351","video_relative_to_recording_start",rectangle,0,271,1919,1045,,,,"A017_2","Exp2_004","E2_FIXED_PROGRESSIVE",loading,,,,,1,TRUE,8750.000,8800.000,559.494751,559.544739,1920,1046,"ObjectSlot1-4",1,1,"video_relative_to_screen_recording_start",36.078785,523415.969,523465.938,1,36.078785,"1781266396475","../../../../../../Project/UE5/Gallery/Saved/ScreenRecordings/A017_2_20260612_201316_screen.mkv",523415.969,523465.938,523440.938,"1781266919890","1781266919940","2026-06-12T20:21:59.889+08:00","2026-06-12T20:21:59.939+08:00",550.744751,EXP2,"exp2_table",4,1,"1:4|2:1|3:2|4:3"
"exp2_target_object","实验二当前目标模型_头顶","Exp2_004_exp2_target_object_0352","video_relative_to_recording_start",rectangle,0,311,561,968,,,,"A017_2","Exp2_004","E2_FIXED_PROGRESSIVE",loading,,,,,1,TRUE,8750.000,8800.000,559.494751,559.544739,1920,1046,"ObjectSlot1",1,1,"video_relative_to_screen_recording_start",36.078785,523415.969,523465.938,1,36.078785,"1781266396475","../../../../../../Project/UE5/Gallery/Saved/ScreenRecordings/A017_2_20260612_201316_screen.mkv",523415.969,523465.938,523440.938,"1781266919890","1781266919940","2026-06-12T20:21:59.889+08:00","2026-06-12T20:21:59.939+08:00",550.744751,EXP2,"exp2_target",4,1,"1:4|2:1|3:2|4:3"
"exp2_table_objects","实验二桌面四模型总体区域","Exp2_004_exp2_table_objects_0353","video_relative_to_recording_start",rectangle,0,271,1919,1045,,,,"A017_2","Exp2_004","E2_FIXED_PROGRESSIVE",loading,,,,,1,TRUE,8800.000,8850.000,559.544739,559.594727,1920,1046,"ObjectSlot1-4",1,1,"video_relative_to_screen_recording_start",36.078785,523465.938,523515.938,1,36.078785,"1781266396475","../../../../../../Project/UE5/Gallery/Saved/ScreenRecordings/A017_2_20260612_201316_screen.mkv",523465.938,523515.938,523490.938,"1781266919940","1781266919990","2026-06-12T20:21:59.939+08:00","2026-06-12T20:21:59.989+08:00",550.744751,EXP2,"exp2_table",4,1,"1:4|2:1|3:2|4:3"
"exp2_target_object","实验二当前目标模型_头顶","Exp2_004_exp2_target_object_0354","video_relative_to_recording_start",rectangle,0,311,561,968,,,,"A017_2","Exp2_004","E2_FIXED_PROGRESSIVE",loading,,,,,1,TRUE,8800.000,8850.000,559.544739,559.594727,1920,1046,"ObjectSlot1",1,1,"video_relative_to_screen_recording_start",36.078785,523465.938,523515.938,1,36.078785,"1781266396475","../../../../../../Project/UE5/Gallery/Saved/ScreenRecordings/A017_2_20260612_201316_screen.mkv",523465.938,523515.938,523490.938,"1781266919940","1781266919990","2026-06-12T20:21:59.939+08:00","2026-06-12T20:21:59.989+08:00",550.744751,EXP2,"exp2_target",4,1,"1:4|2:1|3:2|4:3"
"exp2_table_objects","实验二桌面四模型总体区域","Exp2_004_exp2_table_objects_0355","video_relative_to_recording_start",rectangle,0,271,1919,1045,,,,"A017_2","Exp2_004","E2_FIXED_PROGRESSIVE",loading,,,,,1,TRUE,8850.000,8900.000,559.594727,559.644775,1920,1046,"ObjectSlot1-4",1,1,"video_relative_to_screen_recording_start",36.078785,523515.938,523565.969,1,36.078785,"1781266396475","../../../../../../Project/UE5/Gallery/Saved/ScreenRecordings/A017_2_20260612_201316_screen.mkv",523515.938,523565.969,523540.938,"1781266919990","1781266920040","2026-06-12T20:21:59.989+08:00","2026-06-12T20:22:00.039+08:00",550.744751,EXP2,"exp2_table",4,1,"1:4|2:1|3:2|4:3"
"exp2_target_object","实验二当前目标模型_头顶","Exp2_004_exp2_target_object_0356","video_relative_to_recording_start",rectangle,0,311,561,968,,,,"A017_2","Exp2_004","E2_FIXED_PROGRESSIVE",loading,,,,,1,TRUE,8850.000,8900.000,559.594727,559.644775,1920,1046,"ObjectSlot1",1,1,"video_relative_to_screen_recording_start",36.078785,523515.938,523565.969,1,36.078785,"1781266396475","../../../../../../Project/UE5/Gallery/Saved/ScreenRecordings/A017_2_20260612_201316_screen.mkv",523515.938,523565.969,523540.938,"1781266919990","1781266920040","2026-06-12T20:21:59.989+08:00","2026-06-12T20:22:00.039+08:00",550.744751,EXP2,"exp2_target",4,1,"1:4|2:1|3:2|4:3"
"exp2_table_objects","实验二桌面四模型总体区域","Exp2_004_exp2_table_objects_0357","video_relative_to_recording_start",rectangle,0,271,1919,1045,,,,"A017_2","Exp2_004","E2_FIXED_PROGRESSIVE",loading,,,,,1,TRUE,8900.000,8950.000,559.644775,559.694763,1920,1046,"ObjectSlot1-4",1,1,"video_relative_to_screen_recording_start",36.078785,523565.969,523615.969,1,36.078785,"1781266396475","../../../../../../Project/UE5/Gallery/Saved/ScreenRecordings/A017_2_20260612_201316_screen.mkv",523565.969,523615.969,523590.969,"1781266920040","1781266920090","2026-06-12T20:22:00.039+08:00","2026-06-12T20:22:00.089+08:00",550.744751,EXP2,"exp2_table",4,1,"1:4|2:1|3:2|4:3"
"exp2_target_object","实验二当前目标模型_头顶","Exp2_004_exp2_target_object_0358","video_relative_to_recording_start",rectangle,0,311,561,968,,,,"A017_2","Exp2_004","E2_FIXED_PROGRESSIVE",loading,,,,,1,TRUE,8900.000,8950.000,559.644775,559.694763,1920,1046,"ObjectSlot1",1,1,"video_relative_to_screen_recording_start",36.078785,523565.969,523615.969,1,36.078785,"1781266396475","../../../../../../Project/UE5/Gallery/Saved/ScreenRecordings/A017_2_20260612_201316_screen.mkv",523565.969,523615.969,523590.969,"1781266920040","1781266920090","2026-06-12T20:22:00.039+08:00","2026-06-12T20:22:00.089+08:00",550.744751,EXP2,"exp2_target",4,1,"1:4|2:1|3:2|4:3"
"exp2_table_objects","实验二桌面四模型总体区域","Exp2_004_exp2_table_objects_0359","video_relative_to_recording_start",rectangle,0,271,1919,1045,,,,"A017_2","Exp2_004","E2_FIXED_PROGRESSIVE",loading,,,,,1,TRUE,8950.000,9000.000,559.694763,559.744751,1920,1046,"ObjectSlot1-4",1,1,"video_relative_to_screen_recording_start",36.078785,523615.969,523665.969,1,36.078785,"1781266396475","../../../../../../Project/UE5/Gallery/Saved/ScreenRecordings/A017_2_20260612_201316_screen.mkv",523615.969,523665.969,523640.969,"1781266920090","1781266920140","2026-06-12T20:22:00.089+08:00","2026-06-12T20:22:00.139+08:00",550.744751,EXP2,"exp2_table",4,1,"1:4|2:1|3:2|4:3"
"exp2_target_object","实验二当前目标模型_头顶","Exp2_004_exp2_target_object_0360","video_relative_to_recording_start",rectangle,0,311,561,968,,,,"A017_2","Exp2_004","E2_FIXED_PROGRESSIVE",loading,,,,,1,TRUE,8950.000,9000.000,559.694763,559.744751,1920,1046,"ObjectSlot1",1,1,"video_relative_to_screen_recording_start",36.078785,523615.969,523665.969,1,36.078785,"1781266396475","../../../../../../Project/UE5/Gallery/Saved/ScreenRecordings/A017_2_20260612_201316_screen.mkv",523615.969,523665.969,523640.969,"1781266920090","1781266920140","2026-06-12T20:22:00.089+08:00","2026-06-12T20:22:00.139+08:00",550.744751,EXP2,"exp2_target",4,1,"1:4|2:1|3:2|4:3"
"exp2_table_objects","实验二桌面四模型总体区域","Exp2_004_exp2_table_objects_0361","video_relative_to_recording_start",rectangle,0,271,1919,1045,,,,"A017_2","Exp2_004","E2_FIXED_PROGRESSIVE",loading,,,,,1,TRUE,9000.000,9050.000,559.744751,559.794739,1920,1046,"ObjectSlot1-4",1,1,"video_relative_to_screen_recording_start",36.078785,523665.969,523715.938,1,36.078785,"1781266396475","../../../../../../Project/UE5/Gallery/Saved/ScreenRecordings/A017_2_20260612_201316_screen.mkv",523665.969,523715.938,523690.938,"1781266920140","1781266920190","2026-06-12T20:22:00.139+08:00","2026-06-12T20:22:00.189+08:00",550.744751,EXP2,"exp2_table",4,1,"1:4|2:1|3:2|4:3"
"exp2_target_object","实验二当前目标模型_头顶","Exp2_004_exp2_target_object_0362","video_relative_to_recording_start",rectangle,0,311,561,968,,,,"A017_2","Exp2_004","E2_FIXED_PROGRESSIVE",loading,,,,,1,TRUE,9000.000,9050.000,559.744751,559.794739,1920,1046,"ObjectSlot1",1,1,"video_relative_to_screen_recording_start",36.078785,523665.969,523715.938,1,36.078785,"1781266396475","../../../../../../Project/UE5/Gallery/Saved/ScreenRecordings/A017_2_20260612_201316_screen.mkv",523665.969,523715.938,523690.938,"1781266920140","1781266920190","2026-06-12T20:22:00.139+08:00","2026-06-12T20:22:00.189+08:00",550.744751,EXP2,"exp2_target",4,1,"1:4|2:1|3:2|4:3"
"exp2_table_objects","实验二桌面四模型总体区域","Exp2_004_exp2_table_objects_0363","video_relative_to_recording_start",rectangle,0,271,1919,1045,,,,"A017_2","Exp2_004","E2_FIXED_PROGRESSIVE",loading,,,,,1,TRUE,9050.000,9100.000,559.794739,559.844727,1920,1046,"ObjectSlot1-4",1,1,"video_relative_to_screen_recording_start",36.078785,523715.938,523765.938,1,36.078785,"1781266396475","../../../../../../Project/UE5/Gallery/Saved/ScreenRecordings/A017_2_20260612_201316_screen.mkv",523715.938,523765.938,523740.938,"1781266920190","1781266920240","2026-06-12T20:22:00.189+08:00","2026-06-12T20:22:00.239+08:00",550.744751,EXP2,"exp2_table",4,1,"1:4|2:1|3:2|4:3"
"exp2_target_object","实验二当前目标模型_头顶","Exp2_004_exp2_target_object_0364","video_relative_to_recording_start",rectangle,0,311,561,968,,,,"A017_2","Exp2_004","E2_FIXED_PROGRESSIVE",loading,,,,,1,TRUE,9050.000,9100.000,559.794739,559.844727,1920,1046,"ObjectSlot1",1,1,"video_relative_to_screen_recording_start",36.078785,523715.938,523765.938,1,36.078785,"1781266396475","../../../../../../Project/UE5/Gallery/Saved/ScreenRecordings/A017_2_20260612_201316_screen.mkv",523715.938,523765.938,523740.938,"1781266920190","1781266920240","2026-06-12T20:22:00.189+08:00","2026-06-12T20:22:00.239+08:00",550.744751,EXP2,"exp2_target",4,1,"1:4|2:1|3:2|4:3"
"exp2_table_objects","实验二桌面四模型总体区域","Exp2_004_exp2_table_objects_0365","video_relative_to_recording_start",rectangle,0,271,1919,1045,,,,"A017_2","Exp2_004","E2_FIXED_PROGRESSIVE",loading,,,,,1,TRUE,9100.000,9150.000,559.844727,559.894775,1920,1046,"ObjectSlot1-4",1,1,"video_relative_to_screen_recording_start",36.078785,523765.938,523815.969,1,36.078785,"1781266396475","../../../../../../Project/UE5/Gallery/Saved/ScreenRecordings/A017_2_20260612_201316_screen.mkv",523765.938,523815.969,523790.938,"1781266920240","1781266920290","2026-06-12T20:22:00.239+08:00","2026-06-12T20:22:00.289+08:00",550.744751,EXP2,"exp2_table",4,1,"1:4|2:1|3:2|4:3"
"exp2_target_object","实验二当前目标模型_头顶","Exp2_004_exp2_target_object_0366","video_relative_to_recording_start",rectangle,0,311,561,968,,,,"A017_2","Exp2_004","E2_FIXED_PROGRESSIVE",loading,,,,,1,TRUE,9100.000,9150.000,559.844727,559.894775,1920,1046,"ObjectSlot1",1,1,"video_relative_to_screen_recording_start",36.078785,523765.938,523815.969,1,36.078785,"1781266396475","../../../../../../Project/UE5/Gallery/Saved/ScreenRecordings/A017_2_20260612_201316_screen.mkv",523765.938,523815.969,523790.938,"1781266920240","1781266920290","2026-06-12T20:22:00.239+08:00","2026-06-12T20:22:00.289+08:00",550.744751,EXP2,"exp2_target",4,1,"1:4|2:1|3:2|4:3"
"exp2_table_objects","实验二桌面四模型总体区域","Exp2_004_exp2_table_objects_0367","video_relative_to_recording_start",rectangle,0,271,1919,1045,,,,"A017_2","Exp2_004","E2_FIXED_PROGRESSIVE",loading,,,,,1,TRUE,9150.000,9200.000,559.894775,559.944763,1920,1046,"ObjectSlot1-4",1,1,"video_relative_to_screen_recording_start",36.078785,523815.969,523865.969,1,36.078785,"1781266396475","../../../../../../Project/UE5/Gallery/Saved/ScreenRecordings/A017_2_20260612_201316_screen.mkv",523815.969,523865.969,523840.969,"1781266920290","1781266920340","2026-06-12T20:22:00.289+08:00","2026-06-12T20:22:00.339+08:00",550.744751,EXP2,"exp2_table",4,1,"1:4|2:1|3:2|4:3"
"exp2_target_object","实验二当前目标模型_头顶","Exp2_004_exp2_target_object_0368","video_relative_to_recording_start",rectangle,0,311,561,968,,,,"A017_2","Exp2_004","E2_FIXED_PROGRESSIVE",loading,,,,,1,TRUE,9150.000,9200.000,559.894775,559.944763,1920,1046,"ObjectSlot1",1,1,"video_relative_to_screen_recording_start",36.078785,523815.969,523865.969,1,36.078785,"1781266396475","../../../../../../Project/UE5/Gallery/Saved/ScreenRecordings/A017_2_20260612_201316_screen.mkv",523815.969,523865.969,523840.969,"1781266920290","1781266920340","2026-06-12T20:22:00.289+08:00","2026-06-12T20:22:00.339+08:00",550.744751,EXP2,"exp2_target",4,1,"1:4|2:1|3:2|4:3"
"exp2_table_objects","实验二桌面四模型总体区域","Exp2_004_exp2_table_objects_0369","video_relative_to_recording_start",rectangle,0,271,1919,1045,,,,"A017_2","Exp2_004","E2_FIXED_PROGRESSIVE",loading,,,,,1,TRUE,9200.000,9250.000,559.944763,559.994751,1920,1046,"ObjectSlot1-4",1,1,"video_relative_to_screen_recording_start",36.078785,523865.969,523915.969,1,36.078785,"1781266396475","../../../../../../Project/UE5/Gallery/Saved/ScreenRecordings/A017_2_20260612_201316_screen.mkv",523865.969,523915.969,523890.969,"1781266920340","1781266920390","2026-06-12T20:22:00.339+08:00","2026-06-12T20:22:00.389+08:00",550.744751,EXP2,"exp2_table",4,1,"1:4|2:1|3:2|4:3"
"exp2_target_object","实验二当前目标模型_头顶","Exp2_004_exp2_target_object_0370","video_relative_to_recording_start",rectangle,0,311,561,968,,,,"A017_2","Exp2_004","E2_FIXED_PROGRESSIVE",loading,,,,,1,TRUE,9200.000,9250.000,559.944763,559.994751,1920,1046,"ObjectSlot1",1,1,"video_relative_to_screen_recording_start",36.078785,523865.969,523915.969,1,36.078785,"1781266396475","../../../../../../Project/UE5/Gallery/Saved/ScreenRecordings/A017_2_20260612_201316_screen.mkv",523865.969,523915.969,523890.969,"1781266920340","1781266920390","2026-06-12T20:22:00.339+08:00","2026-06-12T20:22:00.389+08:00",550.744751,EXP2,"exp2_target",4,1,"1:4|2:1|3:2|4:3"
"exp2_table_objects","实验二桌面四模型总体区域","Exp2_004_exp2_table_objects_0371","video_relative_to_recording_start",rectangle,0,271,1919,1045,,,,"A017_2","Exp2_004","E2_FIXED_PROGRESSIVE",loading,,,,,1,TRUE,9250.000,9300.000,559.994751,560.044739,1920,1046,"ObjectSlot1-4",1,1,"video_relative_to_screen_recording_start",36.078785,523915.969,523965.938,1,36.078785,"1781266396475","../../../../../../Project/UE5/Gallery/Saved/ScreenRecordings/A017_2_20260612_201316_screen.mkv",523915.969,523965.938,523940.938,"1781266920390","1781266920440","2026-06-12T20:22:00.389+08:00","2026-06-12T20:22:00.439+08:00",550.744751,EXP2,"exp2_table",4,1,"1:4|2:1|3:2|4:3"
"exp2_target_object","实验二当前目标模型_头顶","Exp2_004_exp2_target_object_0372","video_relative_to_recording_start",rectangle,0,311,561,968,,,,"A017_2","Exp2_004","E2_FIXED_PROGRESSIVE",loading,,,,,1,TRUE,9250.000,9300.000,559.994751,560.044739,1920,1046,"ObjectSlot1",1,1,"video_relative_to_screen_recording_start",36.078785,523915.969,523965.938,1,36.078785,"1781266396475","../../../../../../Project/UE5/Gallery/Saved/ScreenRecordings/A017_2_20260612_201316_screen.mkv",523915.969,523965.938,523940.938,"1781266920390","1781266920440","2026-06-12T20:22:00.389+08:00","2026-06-12T20:22:00.439+08:00",550.744751,EXP2,"exp2_target",4,1,"1:4|2:1|3:2|4:3"
"exp2_table_objects","实验二桌面四模型总体区域","Exp2_004_exp2_table_objects_0373","video_relative_to_recording_start",rectangle,0,271,1919,1045,,,,"A017_2","Exp2_004","E2_FIXED_PROGRESSIVE",loading,,,,,1,TRUE,9300.000,9350.000,560.044739,560.094727,1920,1046,"ObjectSlot1-4",1,1,"video_relative_to_screen_recording_start",36.078785,523965.938,524015.938,1,36.078785,"1781266396475","../../../../../../Project/UE5/Gallery/Saved/ScreenRecordings/A017_2_20260612_201316_screen.mkv",523965.938,524015.938,523990.938,"1781266920440","1781266920490","2026-06-12T20:22:00.439+08:00","2026-06-12T20:22:00.489+08:00",550.744751,EXP2,"exp2_table",4,1,"1:4|2:1|3:2|4:3"
"exp2_target_object","实验二当前目标模型_头顶","Exp2_004_exp2_target_object_0374","video_relative_to_recording_start",rectangle,0,311,561,968,,,,"A017_2","Exp2_004","E2_FIXED_PROGRESSIVE",loading,,,,,1,TRUE,9300.000,9350.000,560.044739,560.094727,1920,1046,"ObjectSlot1",1,1,"video_relative_to_screen_recording_start",36.078785,523965.938,524015.938,1,36.078785,"1781266396475","../../../../../../Project/UE5/Gallery/Saved/ScreenRecordings/A017_2_20260612_201316_screen.mkv",523965.938,524015.938,523990.938,"1781266920440","1781266920490","2026-06-12T20:22:00.439+08:00","2026-06-12T20:22:00.489+08:00",550.744751,EXP2,"exp2_target",4,1,"1:4|2:1|3:2|4:3"
"exp2_table_objects","实验二桌面四模型总体区域","Exp2_004_exp2_table_objects_0375","video_relative_to_recording_start",rectangle,0,271,1919,1045,,,,"A017_2","Exp2_004","E2_FIXED_PROGRESSIVE",loading,,,,,1,TRUE,9350.000,9400.000,560.094727,560.144775,1920,1046,"ObjectSlot1-4",1,1,"video_relative_to_screen_recording_start",36.078785,524015.938,524065.969,1,36.078785,"1781266396475","../../../../../../Project/UE5/Gallery/Saved/ScreenRecordings/A017_2_20260612_201316_screen.mkv",524015.938,524065.969,524040.938,"1781266920490","1781266920540","2026-06-12T20:22:00.489+08:00","2026-06-12T20:22:00.539+08:00",550.744751,EXP2,"exp2_table",4,1,"1:4|2:1|3:2|4:3"
"exp2_target_object","实验二当前目标模型_头顶","Exp2_004_exp2_target_object_0376","video_relative_to_recording_start",rectangle,0,311,561,968,,,,"A017_2","Exp2_004","E2_FIXED_PROGRESSIVE",loading,,,,,1,TRUE,9350.000,9400.000,560.094727,560.144775,1920,1046,"ObjectSlot1",1,1,"video_relative_to_screen_recording_start",36.078785,524015.938,524065.969,1,36.078785,"1781266396475","../../../../../../Project/UE5/Gallery/Saved/ScreenRecordings/A017_2_20260612_201316_screen.mkv",524015.938,524065.969,524040.938,"1781266920490","1781266920540","2026-06-12T20:22:00.489+08:00","2026-06-12T20:22:00.539+08:00",550.744751,EXP2,"exp2_target",4,1,"1:4|2:1|3:2|4:3"
"exp2_table_objects","实验二桌面四模型总体区域","Exp2_004_exp2_table_objects_0377","video_relative_to_recording_start",rectangle,0,271,1919,1045,,,,"A017_2","Exp2_004","E2_FIXED_PROGRESSIVE",loading,,,,,1,TRUE,9400.000,9450.000,560.144775,560.194763,1920,1046,"ObjectSlot1-4",1,1,"video_relative_to_screen_recording_start",36.078785,524065.969,524115.969,1,36.078785,"1781266396475","../../../../../../Project/UE5/Gallery/Saved/ScreenRecordings/A017_2_20260612_201316_screen.mkv",524065.969,524115.969,524090.969,"1781266920540","1781266920590","2026-06-12T20:22:00.539+08:00","2026-06-12T20:22:00.589+08:00",550.744751,EXP2,"exp2_table",4,1,"1:4|2:1|3:2|4:3"
"exp2_target_object","实验二当前目标模型_头顶","Exp2_004_exp2_target_object_0378","video_relative_to_recording_start",rectangle,0,311,561,968,,,,"A017_2","Exp2_004","E2_FIXED_PROGRESSIVE",loading,,,,,1,TRUE,9400.000,9450.000,560.144775,560.194763,1920,1046,"ObjectSlot1",1,1,"video_relative_to_screen_recording_start",36.078785,524065.969,524115.969,1,36.078785,"1781266396475","../../../../../../Project/UE5/Gallery/Saved/ScreenRecordings/A017_2_20260612_201316_screen.mkv",524065.969,524115.969,524090.969,"1781266920540","1781266920590","2026-06-12T20:22:00.539+08:00","2026-06-12T20:22:00.589+08:00",550.744751,EXP2,"exp2_target",4,1,"1:4|2:1|3:2|4:3"
"exp2_table_objects","实验二桌面四模型总体区域","Exp2_004_exp2_table_objects_0379","video_relative_to_recording_start",rectangle,0,271,1919,1045,,,,"A017_2","Exp2_004","E2_FIXED_PROGRESSIVE",loading,,,,,1,TRUE,9450.000,9500.000,560.194763,560.244751,1920,1046,"ObjectSlot1-4",1,1,"video_relative_to_screen_recording_start",36.078785,524115.969,524165.969,1,36.078785,"1781266396475","../../../../../../Project/UE5/Gallery/Saved/ScreenRecordings/A017_2_20260612_201316_screen.mkv",524115.969,524165.969,524140.969,"1781266920590","1781266920640","2026-06-12T20:22:00.589+08:00","2026-06-12T20:22:00.639+08:00",550.744751,EXP2,"exp2_table",4,1,"1:4|2:1|3:2|4:3"
"exp2_target_object","实验二当前目标模型_头顶","Exp2_004_exp2_target_object_0380","video_relative_to_recording_start",rectangle,0,311,561,968,,,,"A017_2","Exp2_004","E2_FIXED_PROGRESSIVE",loading,,,,,1,TRUE,9450.000,9500.000,560.194763,560.244751,1920,1046,"ObjectSlot1",1,1,"video_relative_to_screen_recording_start",36.078785,524115.969,524165.969,1,36.078785,"1781266396475","../../../../../../Project/UE5/Gallery/Saved/ScreenRecordings/A017_2_20260612_201316_screen.mkv",524115.969,524165.969,524140.969,"1781266920590","1781266920640","2026-06-12T20:22:00.589+08:00","2026-06-12T20:22:00.639+08:00",550.744751,EXP2,"exp2_target",4,1,"1:4|2:1|3:2|4:3"
"exp2_table_objects","实验二桌面四模型总体区域","Exp2_004_exp2_table_objects_0381","video_relative_to_recording_start",rectangle,0,271,1919,1045,,,,"A017_2","Exp2_004","E2_FIXED_PROGRESSIVE",loading,,,,,1,TRUE,9500.000,9550.000,560.244751,560.294739,1920,1046,"ObjectSlot1-4",1,1,"video_relative_to_screen_recording_start",36.078785,524165.969,524215.938,1,36.078785,"1781266396475","../../../../../../Project/UE5/Gallery/Saved/ScreenRecordings/A017_2_20260612_201316_screen.mkv",524165.969,524215.938,524190.938,"1781266920640","1781266920690","2026-06-12T20:22:00.639+08:00","2026-06-12T20:22:00.689+08:00",550.744751,EXP2,"exp2_table",4,1,"1:4|2:1|3:2|4:3"
"exp2_target_object","实验二当前目标模型_头顶","Exp2_004_exp2_target_object_0382","video_relative_to_recording_start",rectangle,0,311,561,968,,,,"A017_2","Exp2_004","E2_FIXED_PROGRESSIVE",loading,,,,,1,TRUE,9500.000,9550.000,560.244751,560.294739,1920,1046,"ObjectSlot1",1,1,"video_relative_to_screen_recording_start",36.078785,524165.969,524215.938,1,36.078785,"1781266396475","../../../../../../Project/UE5/Gallery/Saved/ScreenRecordings/A017_2_20260612_201316_screen.mkv",524165.969,524215.938,524190.938,"1781266920640","1781266920690","2026-06-12T20:22:00.639+08:00","2026-06-12T20:22:00.689+08:00",550.744751,EXP2,"exp2_target",4,1,"1:4|2:1|3:2|4:3"
"exp2_table_objects","实验二桌面四模型总体区域","Exp2_004_exp2_table_objects_0383","video_relative_to_recording_start",rectangle,0,271,1919,1045,,,,"A017_2","Exp2_004","E2_FIXED_PROGRESSIVE",loading,,,,,1,TRUE,9550.000,9600.000,560.294739,560.344727,1920,1046,"ObjectSlot1-4",1,1,"video_relative_to_screen_recording_start",36.078785,524215.938,524265.938,1,36.078785,"1781266396475","../../../../../../Project/UE5/Gallery/Saved/ScreenRecordings/A017_2_20260612_201316_screen.mkv",524215.938,524265.938,524240.938,"1781266920690","1781266920740","2026-06-12T20:22:00.689+08:00","2026-06-12T20:22:00.739+08:00",550.744751,EXP2,"exp2_table",4,1,"1:4|2:1|3:2|4:3"
"exp2_target_object","实验二当前目标模型_头顶","Exp2_004_exp2_target_object_0384","video_relative_to_recording_start",rectangle,0,311,561,968,,,,"A017_2","Exp2_004","E2_FIXED_PROGRESSIVE",loading,,,,,1,TRUE,9550.000,9600.000,560.294739,560.344727,1920,1046,"ObjectSlot1",1,1,"video_relative_to_screen_recording_start",36.078785,524215.938,524265.938,1,36.078785,"1781266396475","../../../../../../Project/UE5/Gallery/Saved/ScreenRecordings/A017_2_20260612_201316_screen.mkv",524215.938,524265.938,524240.938,"1781266920690","1781266920740","2026-06-12T20:22:00.689+08:00","2026-06-12T20:22:00.739+08:00",550.744751,EXP2,"exp2_target",4,1,"1:4|2:1|3:2|4:3"
"exp2_table_objects","实验二桌面四模型总体区域","Exp2_004_exp2_table_objects_0385","video_relative_to_recording_start",rectangle,0,271,1919,1045,,,,"A017_2","Exp2_004","E2_FIXED_PROGRESSIVE",loading,,,,,1,TRUE,9600.000,9650.000,560.344727,560.394775,1920,1046,"ObjectSlot1-4",1,1,"video_relative_to_screen_recording_start",36.078785,524265.938,524316.000,1,36.078785,"1781266396475","../../../../../../Project/UE5/Gallery/Saved/ScreenRecordings/A017_2_20260612_201316_screen.mkv",524265.938,524316.000,524291.000,"1781266920740","1781266920790","2026-06-12T20:22:00.739+08:00","2026-06-12T20:22:00.789+08:00",550.744751,EXP2,"exp2_table",4,1,"1:4|2:1|3:2|4:3"
"exp2_target_object","实验二当前目标模型_头顶","Exp2_004_exp2_target_object_0386","video_relative_to_recording_start",rectangle,0,311,561,968,,,,"A017_2","Exp2_004","E2_FIXED_PROGRESSIVE",loading,,,,,1,TRUE,9600.000,9650.000,560.344727,560.394775,1920,1046,"ObjectSlot1",1,1,"video_relative_to_screen_recording_start",36.078785,524265.938,524316.000,1,36.078785,"1781266396475","../../../../../../Project/UE5/Gallery/Saved/ScreenRecordings/A017_2_20260612_201316_screen.mkv",524265.938,524316.000,524291.000,"1781266920740","1781266920790","2026-06-12T20:22:00.739+08:00","2026-06-12T20:22:00.789+08:00",550.744751,EXP2,"exp2_target",4,1,"1:4|2:1|3:2|4:3"
"exp2_table_objects","实验二桌面四模型总体区域","Exp2_004_exp2_table_objects_0387","video_relative_to_recording_start",rectangle,0,271,1919,1045,,,,"A017_2","Exp2_004","E2_FIXED_PROGRESSIVE",loading,,,,,1,TRUE,9650.000,9700.000,560.394775,560.444763,1920,1046,"ObjectSlot1-4",1,1,"video_relative_to_screen_recording_start",36.078785,524316.000,524365.938,1,36.078785,"1781266396475","../../../../../../Project/UE5/Gallery/Saved/ScreenRecordings/A017_2_20260612_201316_screen.mkv",524316.000,524365.938,524341.000,"1781266920790","1781266920840","2026-06-12T20:22:00.789+08:00","2026-06-12T20:22:00.839+08:00",550.744751,EXP2,"exp2_table",4,1,"1:4|2:1|3:2|4:3"
"exp2_target_object","实验二当前目标模型_头顶","Exp2_004_exp2_target_object_0388","video_relative_to_recording_start",rectangle,0,311,561,968,,,,"A017_2","Exp2_004","E2_FIXED_PROGRESSIVE",loading,,,,,1,TRUE,9650.000,9700.000,560.394775,560.444763,1920,1046,"ObjectSlot1",1,1,"video_relative_to_screen_recording_start",36.078785,524316.000,524365.938,1,36.078785,"1781266396475","../../../../../../Project/UE5/Gallery/Saved/ScreenRecordings/A017_2_20260612_201316_screen.mkv",524316.000,524365.938,524341.000,"1781266920790","1781266920840","2026-06-12T20:22:00.789+08:00","2026-06-12T20:22:00.839+08:00",550.744751,EXP2,"exp2_target",4,1,"1:4|2:1|3:2|4:3"
"exp2_table_objects","实验二桌面四模型总体区域","Exp2_004_exp2_table_objects_0389","video_relative_to_recording_start",rectangle,0,271,1919,1045,,,,"A017_2","Exp2_004","E2_FIXED_PROGRESSIVE",loading,,,,,1,TRUE,9700.000,9750.000,560.444763,560.494751,1920,1046,"ObjectSlot1-4",1,1,"video_relative_to_screen_recording_start",36.078785,524365.938,524415.938,1,36.078785,"1781266396475","../../../../../../Project/UE5/Gallery/Saved/ScreenRecordings/A017_2_20260612_201316_screen.mkv",524365.938,524415.938,524390.938,"1781266920840","1781266920890","2026-06-12T20:22:00.839+08:00","2026-06-12T20:22:00.889+08:00",550.744751,EXP2,"exp2_table",4,1,"1:4|2:1|3:2|4:3"
"exp2_target_object","实验二当前目标模型_头顶","Exp2_004_exp2_target_object_0390","video_relative_to_recording_start",rectangle,0,311,561,968,,,,"A017_2","Exp2_004","E2_FIXED_PROGRESSIVE",loading,,,,,1,TRUE,9700.000,9750.000,560.444763,560.494751,1920,1046,"ObjectSlot1",1,1,"video_relative_to_screen_recording_start",36.078785,524365.938,524415.938,1,36.078785,"1781266396475","../../../../../../Project/UE5/Gallery/Saved/ScreenRecordings/A017_2_20260612_201316_screen.mkv",524365.938,524415.938,524390.938,"1781266920840","1781266920890","2026-06-12T20:22:00.839+08:00","2026-06-12T20:22:00.889+08:00",550.744751,EXP2,"exp2_target",4,1,"1:4|2:1|3:2|4:3"
"exp2_table_objects","实验二桌面四模型总体区域","Exp2_004_exp2_table_objects_0391","video_relative_to_recording_start",rectangle,0,271,1919,1045,,,,"A017_2","Exp2_004","E2_FIXED_PROGRESSIVE",loading,,,,,1,TRUE,9750.000,9800.000,560.494751,560.544739,1920,1046,"ObjectSlot1-4",1,1,"video_relative_to_screen_recording_start",36.078785,524415.938,524465.938,1,36.078785,"1781266396475","../../../../../../Project/UE5/Gallery/Saved/ScreenRecordings/A017_2_20260612_201316_screen.mkv",524415.938,524465.938,524440.938,"1781266920890","1781266920940","2026-06-12T20:22:00.889+08:00","2026-06-12T20:22:00.939+08:00",550.744751,EXP2,"exp2_table",4,1,"1:4|2:1|3:2|4:3"
"exp2_target_object","实验二当前目标模型_头顶","Exp2_004_exp2_target_object_0392","video_relative_to_recording_start",rectangle,0,311,561,968,,,,"A017_2","Exp2_004","E2_FIXED_PROGRESSIVE",loading,,,,,1,TRUE,9750.000,9800.000,560.494751,560.544739,1920,1046,"ObjectSlot1",1,1,"video_relative_to_screen_recording_start",36.078785,524415.938,524465.938,1,36.078785,"1781266396475","../../../../../../Project/UE5/Gallery/Saved/ScreenRecordings/A017_2_20260612_201316_screen.mkv",524415.938,524465.938,524440.938,"1781266920890","1781266920940","2026-06-12T20:22:00.889+08:00","2026-06-12T20:22:00.939+08:00",550.744751,EXP2,"exp2_target",4,1,"1:4|2:1|3:2|4:3"
"exp2_table_objects","实验二桌面四模型总体区域","Exp2_004_exp2_table_objects_0393","video_relative_to_recording_start",rectangle,0,271,1919,1045,,,,"A017_2","Exp2_004","E2_FIXED_PROGRESSIVE",loading,,,,,1,TRUE,9800.000,9850.000,560.544739,560.594727,1920,1046,"ObjectSlot1-4",1,1,"video_relative_to_screen_recording_start",36.078785,524465.938,524515.938,1,36.078785,"1781266396475","../../../../../../Project/UE5/Gallery/Saved/ScreenRecordings/A017_2_20260612_201316_screen.mkv",524465.938,524515.938,524490.938,"1781266920940","1781266920990","2026-06-12T20:22:00.939+08:00","2026-06-12T20:22:00.989+08:00",550.744751,EXP2,"exp2_table",4,1,"1:4|2:1|3:2|4:3"
"exp2_target_object","实验二当前目标模型_头顶","Exp2_004_exp2_target_object_0394","video_relative_to_recording_start",rectangle,0,311,561,968,,,,"A017_2","Exp2_004","E2_FIXED_PROGRESSIVE",loading,,,,,1,TRUE,9800.000,9850.000,560.544739,560.594727,1920,1046,"ObjectSlot1",1,1,"video_relative_to_screen_recording_start",36.078785,524465.938,524515.938,1,36.078785,"1781266396475","../../../../../../Project/UE5/Gallery/Saved/ScreenRecordings/A017_2_20260612_201316_screen.mkv",524465.938,524515.938,524490.938,"1781266920940","1781266920990","2026-06-12T20:22:00.939+08:00","2026-06-12T20:22:00.989+08:00",550.744751,EXP2,"exp2_target",4,1,"1:4|2:1|3:2|4:3"
"exp2_table_objects","实验二桌面四模型总体区域","Exp2_004_exp2_table_objects_0395","video_relative_to_recording_start",rectangle,0,271,1919,1045,,,,"A017_2","Exp2_004","E2_FIXED_PROGRESSIVE",loading,,,,,1,TRUE,9850.000,9900.000,560.594727,560.644775,1920,1046,"ObjectSlot1-4",1,1,"video_relative_to_screen_recording_start",36.078785,524515.938,524566.000,1,36.078785,"1781266396475","../../../../../../Project/UE5/Gallery/Saved/ScreenRecordings/A017_2_20260612_201316_screen.mkv",524515.938,524566.000,524541.000,"1781266920990","1781266921040","2026-06-12T20:22:00.989+08:00","2026-06-12T20:22:01.039+08:00",550.744751,EXP2,"exp2_table",4,1,"1:4|2:1|3:2|4:3"
"exp2_target_object","实验二当前目标模型_头顶","Exp2_004_exp2_target_object_0396","video_relative_to_recording_start",rectangle,0,311,561,968,,,,"A017_2","Exp2_004","E2_FIXED_PROGRESSIVE",loading,,,,,1,TRUE,9850.000,9900.000,560.594727,560.644775,1920,1046,"ObjectSlot1",1,1,"video_relative_to_screen_recording_start",36.078785,524515.938,524566.000,1,36.078785,"1781266396475","../../../../../../Project/UE5/Gallery/Saved/ScreenRecordings/A017_2_20260612_201316_screen.mkv",524515.938,524566.000,524541.000,"1781266920990","1781266921040","2026-06-12T20:22:00.989+08:00","2026-06-12T20:22:01.039+08:00",550.744751,EXP2,"exp2_target",4,1,"1:4|2:1|3:2|4:3"
"exp2_table_objects","实验二桌面四模型总体区域","Exp2_004_exp2_table_objects_0397","video_relative_to_recording_start",rectangle,0,271,1919,1045,,,,"A017_2","Exp2_004","E2_FIXED_PROGRESSIVE",loading,,,,,1,TRUE,9900.000,9950.000,560.644775,560.694763,1920,1046,"ObjectSlot1-4",1,1,"video_relative_to_screen_recording_start",36.078785,524566.000,524615.938,1,36.078785,"1781266396475","../../../../../../Project/UE5/Gallery/Saved/ScreenRecordings/A017_2_20260612_201316_screen.mkv",524566.000,524615.938,524591.000,"1781266921040","1781266921090","2026-06-12T20:22:01.039+08:00","2026-06-12T20:22:01.089+08:00",550.744751,EXP2,"exp2_table",4,1,"1:4|2:1|3:2|4:3"
"exp2_target_object","实验二当前目标模型_头顶","Exp2_004_exp2_target_object_0398","video_relative_to_recording_start",rectangle,0,311,561,968,,,,"A017_2","Exp2_004","E2_FIXED_PROGRESSIVE",loading,,,,,1,TRUE,9900.000,9950.000,560.644775,560.694763,1920,1046,"ObjectSlot1",1,1,"video_relative_to_screen_recording_start",36.078785,524566.000,524615.938,1,36.078785,"1781266396475","../../../../../../Project/UE5/Gallery/Saved/ScreenRecordings/A017_2_20260612_201316_screen.mkv",524566.000,524615.938,524591.000,"1781266921040","1781266921090","2026-06-12T20:22:01.039+08:00","2026-06-12T20:22:01.089+08:00",550.744751,EXP2,"exp2_target",4,1,"1:4|2:1|3:2|4:3"
"exp2_table_objects","实验二桌面四模型总体区域","Exp2_004_exp2_table_objects_0399","video_relative_to_recording_start",rectangle,0,271,1919,1045,,,,"A017_2","Exp2_004","E2_FIXED_PROGRESSIVE",loading,,,,,1,TRUE,9950.000,10000.000,560.694763,560.744751,1920,1046,"ObjectSlot1-4",1,1,"video_relative_to_screen_recording_start",36.078785,524615.938,524665.938,1,36.078785,"1781266396475","../../../../../../Project/UE5/Gallery/Saved/ScreenRecordings/A017_2_20260612_201316_screen.mkv",524615.938,524665.938,524640.938,"1781266921090","1781266921140","2026-06-12T20:22:01.089+08:00","2026-06-12T20:22:01.139+08:00",550.744751,EXP2,"exp2_table",4,1,"1:4|2:1|3:2|4:3"
"exp2_target_object","实验二当前目标模型_头顶","Exp2_004_exp2_target_object_0400","video_relative_to_recording_start",rectangle,0,311,561,968,,,,"A017_2","Exp2_004","E2_FIXED_PROGRESSIVE",loading,,,,,1,TRUE,9950.000,10000.000,560.694763,560.744751,1920,1046,"ObjectSlot1",1,1,"video_relative_to_screen_recording_start",36.078785,524615.938,524665.938,1,36.078785,"1781266396475","../../../../../../Project/UE5/Gallery/Saved/ScreenRecordings/A017_2_20260612_201316_screen.mkv",524615.938,524665.938,524640.938,"1781266921090","1781266921140","2026-06-12T20:22:01.089+08:00","2026-06-12T20:22:01.139+08:00",550.744751,EXP2,"exp2_target",4,1,"1:4|2:1|3:2|4:3"
"exp2_table_objects","实验二桌面四模型总体区域","Exp2_004_exp2_table_objects_0401","video_relative_to_recording_start",rectangle,0,271,1919,1045,,,,"A017_2","Exp2_004","E2_FIXED_PROGRESSIVE",loading,,,,,1,TRUE,10000.000,10050.000,560.744751,560.794739,1920,1046,"ObjectSlot1-4",1,1,"video_relative_to_screen_recording_start",36.078785,524665.938,524715.938,1,36.078785,"1781266396475","../../../../../../Project/UE5/Gallery/Saved/ScreenRecordings/A017_2_20260612_201316_screen.mkv",524665.938,524715.938,524690.938,"1781266921140","1781266921190","2026-06-12T20:22:01.139+08:00","2026-06-12T20:22:01.189+08:00",550.744751,EXP2,"exp2_table",4,1,"1:4|2:1|3:2|4:3"
"exp2_target_object","实验二当前目标模型_头顶","Exp2_004_exp2_target_object_0402","video_relative_to_recording_start",rectangle,0,311,561,968,,,,"A017_2","Exp2_004","E2_FIXED_PROGRESSIVE",loading,,,,,1,TRUE,10000.000,10050.000,560.744751,560.794739,1920,1046,"ObjectSlot1",1,1,"video_relative_to_screen_recording_start",36.078785,524665.938,524715.938,1,36.078785,"1781266396475","../../../../../../Project/UE5/Gallery/Saved/ScreenRecordings/A017_2_20260612_201316_screen.mkv",524665.938,524715.938,524690.938,"1781266921140","1781266921190","2026-06-12T20:22:01.139+08:00","2026-06-12T20:22:01.189+08:00",550.744751,EXP2,"exp2_target",4,1,"1:4|2:1|3:2|4:3"
"exp2_table_objects","实验二桌面四模型总体区域","Exp2_004_exp2_table_objects_0403","video_relative_to_recording_start",rectangle,0,271,1919,1045,,,,"A017_2","Exp2_004","E2_FIXED_PROGRESSIVE",loading,,,,,1,TRUE,10050.000,10100.000,560.794739,560.844727,1920,1046,"ObjectSlot1-4",1,1,"video_relative_to_screen_recording_start",36.078785,524715.938,524765.938,1,36.078785,"1781266396475","../../../../../../Project/UE5/Gallery/Saved/ScreenRecordings/A017_2_20260612_201316_screen.mkv",524715.938,524765.938,524740.938,"1781266921190","1781266921240","2026-06-12T20:22:01.189+08:00","2026-06-12T20:22:01.239+08:00",550.744751,EXP2,"exp2_table",4,1,"1:4|2:1|3:2|4:3"
"exp2_target_object","实验二当前目标模型_头顶","Exp2_004_exp2_target_object_0404","video_relative_to_recording_start",rectangle,0,311,561,968,,,,"A017_2","Exp2_004","E2_FIXED_PROGRESSIVE",loading,,,,,1,TRUE,10050.000,10100.000,560.794739,560.844727,1920,1046,"ObjectSlot1",1,1,"video_relative_to_screen_recording_start",36.078785,524715.938,524765.938,1,36.078785,"1781266396475","../../../../../../Project/UE5/Gallery/Saved/ScreenRecordings/A017_2_20260612_201316_screen.mkv",524715.938,524765.938,524740.938,"1781266921190","1781266921240","2026-06-12T20:22:01.189+08:00","2026-06-12T20:22:01.239+08:00",550.744751,EXP2,"exp2_target",4,1,"1:4|2:1|3:2|4:3"
"exp2_table_objects","实验二桌面四模型总体区域","Exp2_004_exp2_table_objects_0405","video_relative_to_recording_start",rectangle,0,271,1919,1045,,,,"A017_2","Exp2_004","E2_FIXED_PROGRESSIVE",loading,,,,,1,TRUE,10100.000,10150.000,560.844727,560.894775,1920,1046,"ObjectSlot1-4",1,1,"video_relative_to_screen_recording_start",36.078785,524765.938,524816.000,1,36.078785,"1781266396475","../../../../../../Project/UE5/Gallery/Saved/ScreenRecordings/A017_2_20260612_201316_screen.mkv",524765.938,524816.000,524791.000,"1781266921240","1781266921290","2026-06-12T20:22:01.239+08:00","2026-06-12T20:22:01.289+08:00",550.744751,EXP2,"exp2_table",4,1,"1:4|2:1|3:2|4:3"
"exp2_target_object","实验二当前目标模型_头顶","Exp2_004_exp2_target_object_0406","video_relative_to_recording_start",rectangle,0,311,561,968,,,,"A017_2","Exp2_004","E2_FIXED_PROGRESSIVE",loading,,,,,1,TRUE,10100.000,10150.000,560.844727,560.894775,1920,1046,"ObjectSlot1",1,1,"video_relative_to_screen_recording_start",36.078785,524765.938,524816.000,1,36.078785,"1781266396475","../../../../../../Project/UE5/Gallery/Saved/ScreenRecordings/A017_2_20260612_201316_screen.mkv",524765.938,524816.000,524791.000,"1781266921240","1781266921290","2026-06-12T20:22:01.239+08:00","2026-06-12T20:22:01.289+08:00",550.744751,EXP2,"exp2_target",4,1,"1:4|2:1|3:2|4:3"
"exp2_table_objects","实验二桌面四模型总体区域","Exp2_004_exp2_table_objects_0407","video_relative_to_recording_start",rectangle,0,271,1919,1045,,,,"A017_2","Exp2_004","E2_FIXED_PROGRESSIVE",loading,,,,,1,TRUE,10150.000,10200.000,560.894775,560.944763,1920,1046,"ObjectSlot1-4",1,1,"video_relative_to_screen_recording_start",36.078785,524816.000,524865.938,1,36.078785,"1781266396475","../../../../../../Project/UE5/Gallery/Saved/ScreenRecordings/A017_2_20260612_201316_screen.mkv",524816.000,524865.938,524841.000,"1781266921290","1781266921340","2026-06-12T20:22:01.289+08:00","2026-06-12T20:22:01.339+08:00",550.744751,EXP2,"exp2_table",4,1,"1:4|2:1|3:2|4:3"
"exp2_target_object","实验二当前目标模型_头顶","Exp2_004_exp2_target_object_0408","video_relative_to_recording_start",rectangle,0,311,561,968,,,,"A017_2","Exp2_004","E2_FIXED_PROGRESSIVE",loading,,,,,1,TRUE,10150.000,10200.000,560.894775,560.944763,1920,1046,"ObjectSlot1",1,1,"video_relative_to_screen_recording_start",36.078785,524816.000,524865.938,1,36.078785,"1781266396475","../../../../../../Project/UE5/Gallery/Saved/ScreenRecordings/A017_2_20260612_201316_screen.mkv",524816.000,524865.938,524841.000,"1781266921290","1781266921340","2026-06-12T20:22:01.289+08:00","2026-06-12T20:22:01.339+08:00",550.744751,EXP2,"exp2_target",4,1,"1:4|2:1|3:2|4:3"
"exp2_table_objects","实验二桌面四模型总体区域","Exp2_004_exp2_table_objects_0409","video_relative_to_recording_start",rectangle,0,271,1919,1045,,,,"A017_2","Exp2_004","E2_FIXED_PROGRESSIVE",loading,,,,,1,TRUE,10200.000,10250.000,560.944763,560.994751,1920,1046,"ObjectSlot1-4",1,1,"video_relative_to_screen_recording_start",36.078785,524865.938,524915.938,1,36.078785,"1781266396475","../../../../../../Project/UE5/Gallery/Saved/ScreenRecordings/A017_2_20260612_201316_screen.mkv",524865.938,524915.938,524890.938,"1781266921340","1781266921390","2026-06-12T20:22:01.339+08:00","2026-06-12T20:22:01.389+08:00",550.744751,EXP2,"exp2_table",4,1,"1:4|2:1|3:2|4:3"
"exp2_target_object","实验二当前目标模型_头顶","Exp2_004_exp2_target_object_0410","video_relative_to_recording_start",rectangle,0,311,561,968,,,,"A017_2","Exp2_004","E2_FIXED_PROGRESSIVE",loading,,,,,1,TRUE,10200.000,10250.000,560.944763,560.994751,1920,1046,"ObjectSlot1",1,1,"video_relative_to_screen_recording_start",36.078785,524865.938,524915.938,1,36.078785,"1781266396475","../../../../../../Project/UE5/Gallery/Saved/ScreenRecordings/A017_2_20260612_201316_screen.mkv",524865.938,524915.938,524890.938,"1781266921340","1781266921390","2026-06-12T20:22:01.339+08:00","2026-06-12T20:22:01.389+08:00",550.744751,EXP2,"exp2_target",4,1,"1:4|2:1|3:2|4:3"
"exp2_table_objects","实验二桌面四模型总体区域","Exp2_004_exp2_table_objects_0411","video_relative_to_recording_start",rectangle,0,271,1919,1045,,,,"A017_2","Exp2_004","E2_FIXED_PROGRESSIVE",loading,,,,,1,TRUE,10250.000,10300.000,560.994751,561.044739,1920,1046,"ObjectSlot1-4",1,1,"video_relative_to_screen_recording_start",36.078785,524915.938,524965.938,1,36.078785,"1781266396475","../../../../../../Project/UE5/Gallery/Saved/ScreenRecordings/A017_2_20260612_201316_screen.mkv",524915.938,524965.938,524940.938,"1781266921390","1781266921440","2026-06-12T20:22:01.389+08:00","2026-06-12T20:22:01.439+08:00",550.744751,EXP2,"exp2_table",4,1,"1:4|2:1|3:2|4:3"
"exp2_target_object","实验二当前目标模型_头顶","Exp2_004_exp2_target_object_0412","video_relative_to_recording_start",rectangle,0,311,561,968,,,,"A017_2","Exp2_004","E2_FIXED_PROGRESSIVE",loading,,,,,1,TRUE,10250.000,10300.000,560.994751,561.044739,1920,1046,"ObjectSlot1",1,1,"video_relative_to_screen_recording_start",36.078785,524915.938,524965.938,1,36.078785,"1781266396475","../../../../../../Project/UE5/Gallery/Saved/ScreenRecordings/A017_2_20260612_201316_screen.mkv",524915.938,524965.938,524940.938,"1781266921390","1781266921440","2026-06-12T20:22:01.389+08:00","2026-06-12T20:22:01.439+08:00",550.744751,EXP2,"exp2_target",4,1,"1:4|2:1|3:2|4:3"
"exp2_table_objects","实验二桌面四模型总体区域","Exp2_004_exp2_table_objects_0413","video_relative_to_recording_start",rectangle,0,271,1919,1045,,,,"A017_2","Exp2_004","E2_FIXED_PROGRESSIVE",loading,,,,,1,TRUE,10300.000,10350.000,561.044739,561.094727,1920,1046,"ObjectSlot1-4",1,1,"video_relative_to_screen_recording_start",36.078785,524965.938,525015.938,1,36.078785,"1781266396475","../../../../../../Project/UE5/Gallery/Saved/ScreenRecordings/A017_2_20260612_201316_screen.mkv",524965.938,525015.938,524990.938,"1781266921440","1781266921490","2026-06-12T20:22:01.439+08:00","2026-06-12T20:22:01.489+08:00",550.744751,EXP2,"exp2_table",4,1,"1:4|2:1|3:2|4:3"
"exp2_target_object","实验二当前目标模型_头顶","Exp2_004_exp2_target_object_0414","video_relative_to_recording_start",rectangle,0,311,561,968,,,,"A017_2","Exp2_004","E2_FIXED_PROGRESSIVE",loading,,,,,1,TRUE,10300.000,10350.000,561.044739,561.094727,1920,1046,"ObjectSlot1",1,1,"video_relative_to_screen_recording_start",36.078785,524965.938,525015.938,1,36.078785,"1781266396475","../../../../../../Project/UE5/Gallery/Saved/ScreenRecordings/A017_2_20260612_201316_screen.mkv",524965.938,525015.938,524990.938,"1781266921440","1781266921490","2026-06-12T20:22:01.439+08:00","2026-06-12T20:22:01.489+08:00",550.744751,EXP2,"exp2_target",4,1,"1:4|2:1|3:2|4:3"
"exp2_table_objects","实验二桌面四模型总体区域","Exp2_004_exp2_table_objects_0415","video_relative_to_recording_start",rectangle,0,271,1919,1045,,,,"A017_2","Exp2_004","E2_FIXED_PROGRESSIVE",loading,,,,,1,TRUE,10350.000,10400.000,561.094727,561.144775,1920,1046,"ObjectSlot1-4",1,1,"video_relative_to_screen_recording_start",36.078785,525015.938,525066.000,1,36.078785,"1781266396475","../../../../../../Project/UE5/Gallery/Saved/ScreenRecordings/A017_2_20260612_201316_screen.mkv",525015.938,525066.000,525041.000,"1781266921490","1781266921540","2026-06-12T20:22:01.489+08:00","2026-06-12T20:22:01.539+08:00",550.744751,EXP2,"exp2_table",4,1,"1:4|2:1|3:2|4:3"
"exp2_target_object","实验二当前目标模型_头顶","Exp2_004_exp2_target_object_0416","video_relative_to_recording_start",rectangle,0,311,561,968,,,,"A017_2","Exp2_004","E2_FIXED_PROGRESSIVE",loading,,,,,1,TRUE,10350.000,10400.000,561.094727,561.144775,1920,1046,"ObjectSlot1",1,1,"video_relative_to_screen_recording_start",36.078785,525015.938,525066.000,1,36.078785,"1781266396475","../../../../../../Project/UE5/Gallery/Saved/ScreenRecordings/A017_2_20260612_201316_screen.mkv",525015.938,525066.000,525041.000,"1781266921490","1781266921540","2026-06-12T20:22:01.489+08:00","2026-06-12T20:22:01.539+08:00",550.744751,EXP2,"exp2_target",4,1,"1:4|2:1|3:2|4:3"
"exp2_table_objects","实验二桌面四模型总体区域","Exp2_004_exp2_table_objects_0417","video_relative_to_recording_start",rectangle,0,271,1919,1045,,,,"A017_2","Exp2_004","E2_FIXED_PROGRESSIVE",loading,,,,,1,TRUE,10400.000,10450.000,561.144775,561.194763,1920,1046,"ObjectSlot1-4",1,1,"video_relative_to_screen_recording_start",36.078785,525066.000,525115.938,1,36.078785,"1781266396475","../../../../../../Project/UE5/Gallery/Saved/ScreenRecordings/A017_2_20260612_201316_screen.mkv",525066.000,525115.938,525091.000,"1781266921540","1781266921590","2026-06-12T20:22:01.539+08:00","2026-06-12T20:22:01.589+08:00",550.744751,EXP2,"exp2_table",4,1,"1:4|2:1|3:2|4:3"
"exp2_target_object","实验二当前目标模型_头顶","Exp2_004_exp2_target_object_0418","video_relative_to_recording_start",rectangle,0,311,561,968,,,,"A017_2","Exp2_004","E2_FIXED_PROGRESSIVE",loading,,,,,1,TRUE,10400.000,10450.000,561.144775,561.194763,1920,1046,"ObjectSlot1",1,1,"video_relative_to_screen_recording_start",36.078785,525066.000,525115.938,1,36.078785,"1781266396475","../../../../../../Project/UE5/Gallery/Saved/ScreenRecordings/A017_2_20260612_201316_screen.mkv",525066.000,525115.938,525091.000,"1781266921540","1781266921590","2026-06-12T20:22:01.539+08:00","2026-06-12T20:22:01.589+08:00",550.744751,EXP2,"exp2_target",4,1,"1:4|2:1|3:2|4:3"
"exp2_table_objects","实验二桌面四模型总体区域","Exp2_004_exp2_table_objects_0419","video_relative_to_recording_start",rectangle,0,271,1919,1045,,,,"A017_2","Exp2_004","E2_FIXED_PROGRESSIVE",loading,,,,,1,TRUE,10450.000,10500.000,561.194763,561.244751,1920,1046,"ObjectSlot1-4",1,1,"video_relative_to_screen_recording_start",36.078785,525115.938,525165.938,1,36.078785,"1781266396475","../../../../../../Project/UE5/Gallery/Saved/ScreenRecordings/A017_2_20260612_201316_screen.mkv",525115.938,525165.938,525140.938,"1781266921590","1781266921640","2026-06-12T20:22:01.589+08:00","2026-06-12T20:22:01.639+08:00",550.744751,EXP2,"exp2_table",4,1,"1:4|2:1|3:2|4:3"
"exp2_target_object","实验二当前目标模型_头顶","Exp2_004_exp2_target_object_0420","video_relative_to_recording_start",rectangle,0,311,561,968,,,,"A017_2","Exp2_004","E2_FIXED_PROGRESSIVE",loading,,,,,1,TRUE,10450.000,10500.000,561.194763,561.244751,1920,1046,"ObjectSlot1",1,1,"video_relative_to_screen_recording_start",36.078785,525115.938,525165.938,1,36.078785,"1781266396475","../../../../../../Project/UE5/Gallery/Saved/ScreenRecordings/A017_2_20260612_201316_screen.mkv",525115.938,525165.938,525140.938,"1781266921590","1781266921640","2026-06-12T20:22:01.589+08:00","2026-06-12T20:22:01.639+08:00",550.744751,EXP2,"exp2_target",4,1,"1:4|2:1|3:2|4:3"
"exp2_table_objects","实验二桌面四模型总体区域","Exp2_004_exp2_table_objects_0421","video_relative_to_recording_start",rectangle,0,271,1919,1045,,,,"A017_2","Exp2_004","E2_FIXED_PROGRESSIVE",loading,,,,,1,TRUE,10500.000,10550.000,561.244751,561.294739,1920,1046,"ObjectSlot1-4",1,1,"video_relative_to_screen_recording_start",36.078785,525165.938,525215.938,1,36.078785,"1781266396475","../../../../../../Project/UE5/Gallery/Saved/ScreenRecordings/A017_2_20260612_201316_screen.mkv",525165.938,525215.938,525190.938,"1781266921640","1781266921690","2026-06-12T20:22:01.639+08:00","2026-06-12T20:22:01.689+08:00",550.744751,EXP2,"exp2_table",4,1,"1:4|2:1|3:2|4:3"
"exp2_target_object","实验二当前目标模型_头顶","Exp2_004_exp2_target_object_0422","video_relative_to_recording_start",rectangle,0,311,561,968,,,,"A017_2","Exp2_004","E2_FIXED_PROGRESSIVE",loading,,,,,1,TRUE,10500.000,10550.000,561.244751,561.294739,1920,1046,"ObjectSlot1",1,1,"video_relative_to_screen_recording_start",36.078785,525165.938,525215.938,1,36.078785,"1781266396475","../../../../../../Project/UE5/Gallery/Saved/ScreenRecordings/A017_2_20260612_201316_screen.mkv",525165.938,525215.938,525190.938,"1781266921640","1781266921690","2026-06-12T20:22:01.639+08:00","2026-06-12T20:22:01.689+08:00",550.744751,EXP2,"exp2_target",4,1,"1:4|2:1|3:2|4:3"
"exp2_table_objects","实验二桌面四模型总体区域","Exp2_004_exp2_table_objects_0423","video_relative_to_recording_start",rectangle,0,271,1919,1045,,,,"A017_2","Exp2_004","E2_FIXED_PROGRESSIVE",loading,,,,,1,TRUE,10550.000,10600.000,561.294739,561.344727,1920,1046,"ObjectSlot1-4",1,1,"video_relative_to_screen_recording_start",36.078785,525215.938,525265.938,1,36.078785,"1781266396475","../../../../../../Project/UE5/Gallery/Saved/ScreenRecordings/A017_2_20260612_201316_screen.mkv",525215.938,525265.938,525240.938,"1781266921690","1781266921740","2026-06-12T20:22:01.689+08:00","2026-06-12T20:22:01.739+08:00",550.744751,EXP2,"exp2_table",4,1,"1:4|2:1|3:2|4:3"
"exp2_target_object","实验二当前目标模型_头顶","Exp2_004_exp2_target_object_0424","video_relative_to_recording_start",rectangle,0,311,561,968,,,,"A017_2","Exp2_004","E2_FIXED_PROGRESSIVE",loading,,,,,1,TRUE,10550.000,10600.000,561.294739,561.344727,1920,1046,"ObjectSlot1",1,1,"video_relative_to_screen_recording_start",36.078785,525215.938,525265.938,1,36.078785,"1781266396475","../../../../../../Project/UE5/Gallery/Saved/ScreenRecordings/A017_2_20260612_201316_screen.mkv",525215.938,525265.938,525240.938,"1781266921690","1781266921740","2026-06-12T20:22:01.689+08:00","2026-06-12T20:22:01.739+08:00",550.744751,EXP2,"exp2_target",4,1,"1:4|2:1|3:2|4:3"
"exp2_table_objects","实验二桌面四模型总体区域","Exp2_004_exp2_table_objects_0425","video_relative_to_recording_start",rectangle,0,271,1919,1045,,,,"A017_2","Exp2_004","E2_FIXED_PROGRESSIVE",loading,,,,,1,TRUE,10600.000,10650.000,561.344727,561.394775,1920,1046,"ObjectSlot1-4",1,1,"video_relative_to_screen_recording_start",36.078785,525265.938,525316.000,1,36.078785,"1781266396475","../../../../../../Project/UE5/Gallery/Saved/ScreenRecordings/A017_2_20260612_201316_screen.mkv",525265.938,525316.000,525291.000,"1781266921740","1781266921790","2026-06-12T20:22:01.739+08:00","2026-06-12T20:22:01.789+08:00",550.744751,EXP2,"exp2_table",4,1,"1:4|2:1|3:2|4:3"
"exp2_target_object","实验二当前目标模型_头顶","Exp2_004_exp2_target_object_0426","video_relative_to_recording_start",rectangle,0,311,561,968,,,,"A017_2","Exp2_004","E2_FIXED_PROGRESSIVE",loading,,,,,1,TRUE,10600.000,10650.000,561.344727,561.394775,1920,1046,"ObjectSlot1",1,1,"video_relative_to_screen_recording_start",36.078785,525265.938,525316.000,1,36.078785,"1781266396475","../../../../../../Project/UE5/Gallery/Saved/ScreenRecordings/A017_2_20260612_201316_screen.mkv",525265.938,525316.000,525291.000,"1781266921740","1781266921790","2026-06-12T20:22:01.739+08:00","2026-06-12T20:22:01.789+08:00",550.744751,EXP2,"exp2_target",4,1,"1:4|2:1|3:2|4:3"
"exp2_table_objects","实验二桌面四模型总体区域","Exp2_004_exp2_table_objects_0427","video_relative_to_recording_start",rectangle,0,271,1919,1045,,,,"A017_2","Exp2_004","E2_FIXED_PROGRESSIVE",loading,,,,,1,TRUE,10650.000,10700.000,561.394775,561.444763,1920,1046,"ObjectSlot1-4",1,1,"video_relative_to_screen_recording_start",36.078785,525316.000,525365.938,1,36.078785,"1781266396475","../../../../../../Project/UE5/Gallery/Saved/ScreenRecordings/A017_2_20260612_201316_screen.mkv",525316.000,525365.938,525341.000,"1781266921790","1781266921840","2026-06-12T20:22:01.789+08:00","2026-06-12T20:22:01.839+08:00",550.744751,EXP2,"exp2_table",4,1,"1:4|2:1|3:2|4:3"
"exp2_target_object","实验二当前目标模型_头顶","Exp2_004_exp2_target_object_0428","video_relative_to_recording_start",rectangle,0,311,561,968,,,,"A017_2","Exp2_004","E2_FIXED_PROGRESSIVE",loading,,,,,1,TRUE,10650.000,10700.000,561.394775,561.444763,1920,1046,"ObjectSlot1",1,1,"video_relative_to_screen_recording_start",36.078785,525316.000,525365.938,1,36.078785,"1781266396475","../../../../../../Project/UE5/Gallery/Saved/ScreenRecordings/A017_2_20260612_201316_screen.mkv",525316.000,525365.938,525341.000,"1781266921790","1781266921840","2026-06-12T20:22:01.789+08:00","2026-06-12T20:22:01.839+08:00",550.744751,EXP2,"exp2_target",4,1,"1:4|2:1|3:2|4:3"
"exp2_table_objects","实验二桌面四模型总体区域","Exp2_004_exp2_table_objects_0429","video_relative_to_recording_start",rectangle,0,271,1919,1045,,,,"A017_2","Exp2_004","E2_FIXED_PROGRESSIVE",loading,,,,,1,TRUE,10700.000,10750.000,561.444763,561.494751,1920,1046,"ObjectSlot1-4",1,1,"video_relative_to_screen_recording_start",36.078785,525365.938,525415.938,1,36.078785,"1781266396475","../../../../../../Project/UE5/Gallery/Saved/ScreenRecordings/A017_2_20260612_201316_screen.mkv",525365.938,525415.938,525390.938,"1781266921840","1781266921890","2026-06-12T20:22:01.839+08:00","2026-06-12T20:22:01.889+08:00",550.744751,EXP2,"exp2_table",4,1,"1:4|2:1|3:2|4:3"
"exp2_target_object","实验二当前目标模型_头顶","Exp2_004_exp2_target_object_0430","video_relative_to_recording_start",rectangle,0,311,561,968,,,,"A017_2","Exp2_004","E2_FIXED_PROGRESSIVE",loading,,,,,1,TRUE,10700.000,10750.000,561.444763,561.494751,1920,1046,"ObjectSlot1",1,1,"video_relative_to_screen_recording_start",36.078785,525365.938,525415.938,1,36.078785,"1781266396475","../../../../../../Project/UE5/Gallery/Saved/ScreenRecordings/A017_2_20260612_201316_screen.mkv",525365.938,525415.938,525390.938,"1781266921840","1781266921890","2026-06-12T20:22:01.839+08:00","2026-06-12T20:22:01.889+08:00",550.744751,EXP2,"exp2_target",4,1,"1:4|2:1|3:2|4:3"
"exp2_table_objects","实验二桌面四模型总体区域","Exp2_004_exp2_table_objects_0431","video_relative_to_recording_start",rectangle,0,271,1919,1045,,,,"A017_2","Exp2_004","E2_FIXED_PROGRESSIVE",loading,,,,,1,TRUE,10750.000,10800.000,561.494751,561.544739,1920,1046,"ObjectSlot1-4",1,1,"video_relative_to_screen_recording_start",36.078785,525415.938,525465.938,1,36.078785,"1781266396475","../../../../../../Project/UE5/Gallery/Saved/ScreenRecordings/A017_2_20260612_201316_screen.mkv",525415.938,525465.938,525440.938,"1781266921890","1781266921940","2026-06-12T20:22:01.889+08:00","2026-06-12T20:22:01.939+08:00",550.744751,EXP2,"exp2_table",4,1,"1:4|2:1|3:2|4:3"
"exp2_target_object","实验二当前目标模型_头顶","Exp2_004_exp2_target_object_0432","video_relative_to_recording_start",rectangle,0,311,561,968,,,,"A017_2","Exp2_004","E2_FIXED_PROGRESSIVE",loading,,,,,1,TRUE,10750.000,10800.000,561.494751,561.544739,1920,1046,"ObjectSlot1",1,1,"video_relative_to_screen_recording_start",36.078785,525415.938,525465.938,1,36.078785,"1781266396475","../../../../../../Project/UE5/Gallery/Saved/ScreenRecordings/A017_2_20260612_201316_screen.mkv",525415.938,525465.938,525440.938,"1781266921890","1781266921940","2026-06-12T20:22:01.889+08:00","2026-06-12T20:22:01.939+08:00",550.744751,EXP2,"exp2_target",4,1,"1:4|2:1|3:2|4:3"
"exp2_table_objects","实验二桌面四模型总体区域","Exp2_004_exp2_table_objects_0433","video_relative_to_recording_start",rectangle,0,271,1919,1045,,,,"A017_2","Exp2_004","E2_FIXED_PROGRESSIVE",loading,,,,,1,TRUE,10800.000,10850.000,561.544739,561.594727,1920,1046,"ObjectSlot1-4",1,1,"video_relative_to_screen_recording_start",36.078785,525465.938,525515.938,1,36.078785,"1781266396475","../../../../../../Project/UE5/Gallery/Saved/ScreenRecordings/A017_2_20260612_201316_screen.mkv",525465.938,525515.938,525490.938,"1781266921940","1781266921990","2026-06-12T20:22:01.939+08:00","2026-06-12T20:22:01.989+08:00",550.744751,EXP2,"exp2_table",4,1,"1:4|2:1|3:2|4:3"
"exp2_target_object","实验二当前目标模型_头顶","Exp2_004_exp2_target_object_0434","video_relative_to_recording_start",rectangle,0,311,561,968,,,,"A017_2","Exp2_004","E2_FIXED_PROGRESSIVE",loading,,,,,1,TRUE,10800.000,10850.000,561.544739,561.594727,1920,1046,"ObjectSlot1",1,1,"video_relative_to_screen_recording_start",36.078785,525465.938,525515.938,1,36.078785,"1781266396475","../../../../../../Project/UE5/Gallery/Saved/ScreenRecordings/A017_2_20260612_201316_screen.mkv",525465.938,525515.938,525490.938,"1781266921940","1781266921990","2026-06-12T20:22:01.939+08:00","2026-06-12T20:22:01.989+08:00",550.744751,EXP2,"exp2_target",4,1,"1:4|2:1|3:2|4:3"
"exp2_table_objects","实验二桌面四模型总体区域","Exp2_004_exp2_table_objects_0435","video_relative_to_recording_start",rectangle,0,271,1919,1045,,,,"A017_2","Exp2_004","E2_FIXED_PROGRESSIVE",loading,,,,,1,TRUE,10850.000,10900.000,561.594727,561.644775,1920,1046,"ObjectSlot1-4",1,1,"video_relative_to_screen_recording_start",36.078785,525515.938,525566.000,1,36.078785,"1781266396475","../../../../../../Project/UE5/Gallery/Saved/ScreenRecordings/A017_2_20260612_201316_screen.mkv",525515.938,525566.000,525541.000,"1781266921990","1781266922040","2026-06-12T20:22:01.989+08:00","2026-06-12T20:22:02.040+08:00",550.744751,EXP2,"exp2_table",4,1,"1:4|2:1|3:2|4:3"
"exp2_target_object","实验二当前目标模型_头顶","Exp2_004_exp2_target_object_0436","video_relative_to_recording_start",rectangle,0,311,561,968,,,,"A017_2","Exp2_004","E2_FIXED_PROGRESSIVE",loading,,,,,1,TRUE,10850.000,10900.000,561.594727,561.644775,1920,1046,"ObjectSlot1",1,1,"video_relative_to_screen_recording_start",36.078785,525515.938,525566.000,1,36.078785,"1781266396475","../../../../../../Project/UE5/Gallery/Saved/ScreenRecordings/A017_2_20260612_201316_screen.mkv",525515.938,525566.000,525541.000,"1781266921990","1781266922040","2026-06-12T20:22:01.989+08:00","2026-06-12T20:22:02.040+08:00",550.744751,EXP2,"exp2_target",4,1,"1:4|2:1|3:2|4:3"
"exp2_table_objects","实验二桌面四模型总体区域","Exp2_004_exp2_table_objects_0437","video_relative_to_recording_start",rectangle,0,271,1919,1045,,,,"A017_2","Exp2_004","E2_FIXED_PROGRESSIVE",loading,,,,,1,TRUE,10900.000,10950.000,561.644775,561.694763,1920,1046,"ObjectSlot1-4",1,1,"video_relative_to_screen_recording_start",36.078785,525566.000,525615.938,1,36.078785,"1781266396475","../../../../../../Project/UE5/Gallery/Saved/ScreenRecordings/A017_2_20260612_201316_screen.mkv",525566.000,525615.938,525591.000,"1781266922040","1781266922090","2026-06-12T20:22:02.040+08:00","2026-06-12T20:22:02.089+08:00",550.744751,EXP2,"exp2_table",4,1,"1:4|2:1|3:2|4:3"
"exp2_target_object","实验二当前目标模型_头顶","Exp2_004_exp2_target_object_0438","video_relative_to_recording_start",rectangle,0,311,561,968,,,,"A017_2","Exp2_004","E2_FIXED_PROGRESSIVE",loading,,,,,1,TRUE,10900.000,10950.000,561.644775,561.694763,1920,1046,"ObjectSlot1",1,1,"video_relative_to_screen_recording_start",36.078785,525566.000,525615.938,1,36.078785,"1781266396475","../../../../../../Project/UE5/Gallery/Saved/ScreenRecordings/A017_2_20260612_201316_screen.mkv",525566.000,525615.938,525591.000,"1781266922040","1781266922090","2026-06-12T20:22:02.040+08:00","2026-06-12T20:22:02.089+08:00",550.744751,EXP2,"exp2_target",4,1,"1:4|2:1|3:2|4:3"
"exp2_table_objects","实验二桌面四模型总体区域","Exp2_004_exp2_table_objects_0439","video_relative_to_recording_start",rectangle,0,271,1919,1045,,,,"A017_2","Exp2_004","E2_FIXED_PROGRESSIVE",loading,,,,,1,TRUE,10950.000,11000.000,561.694763,561.744751,1920,1046,"ObjectSlot1-4",1,1,"video_relative_to_screen_recording_start",36.078785,525615.938,525665.938,1,36.078785,"1781266396475","../../../../../../Project/UE5/Gallery/Saved/ScreenRecordings/A017_2_20260612_201316_screen.mkv",525615.938,525665.938,525640.938,"1781266922090","1781266922140","2026-06-12T20:22:02.089+08:00","2026-06-12T20:22:02.139+08:00",550.744751,EXP2,"exp2_table",4,1,"1:4|2:1|3:2|4:3"
"exp2_target_object","实验二当前目标模型_头顶","Exp2_004_exp2_target_object_0440","video_relative_to_recording_start",rectangle,0,311,561,968,,,,"A017_2","Exp2_004","E2_FIXED_PROGRESSIVE",loading,,,,,1,TRUE,10950.000,11000.000,561.694763,561.744751,1920,1046,"ObjectSlot1",1,1,"video_relative_to_screen_recording_start",36.078785,525615.938,525665.938,1,36.078785,"1781266396475","../../../../../../Project/UE5/Gallery/Saved/ScreenRecordings/A017_2_20260612_201316_screen.mkv",525615.938,525665.938,525640.938,"1781266922090","1781266922140","2026-06-12T20:22:02.089+08:00","2026-06-12T20:22:02.139+08:00",550.744751,EXP2,"exp2_target",4,1,"1:4|2:1|3:2|4:3"
"exp2_table_objects","实验二桌面四模型总体区域","Exp2_004_exp2_table_objects_0441","video_relative_to_recording_start",rectangle,0,271,1919,1045,,,,"A017_2","Exp2_004","E2_FIXED_PROGRESSIVE",loading,,,,,1,TRUE,11000.000,11050.000,561.744751,561.794739,1920,1046,"ObjectSlot1-4",1,1,"video_relative_to_screen_recording_start",36.078785,525665.938,525715.938,1,36.078785,"1781266396475","../../../../../../Project/UE5/Gallery/Saved/ScreenRecordings/A017_2_20260612_201316_screen.mkv",525665.938,525715.938,525690.938,"1781266922140","1781266922190","2026-06-12T20:22:02.139+08:00","2026-06-12T20:22:02.189+08:00",550.744751,EXP2,"exp2_table",4,1,"1:4|2:1|3:2|4:3"
"exp2_target_object","实验二当前目标模型_头顶","Exp2_004_exp2_target_object_0442","video_relative_to_recording_start",rectangle,0,311,561,968,,,,"A017_2","Exp2_004","E2_FIXED_PROGRESSIVE",loading,,,,,1,TRUE,11000.000,11050.000,561.744751,561.794739,1920,1046,"ObjectSlot1",1,1,"video_relative_to_screen_recording_start",36.078785,525665.938,525715.938,1,36.078785,"1781266396475","../../../../../../Project/UE5/Gallery/Saved/ScreenRecordings/A017_2_20260612_201316_screen.mkv",525665.938,525715.938,525690.938,"1781266922140","1781266922190","2026-06-12T20:22:02.139+08:00","2026-06-12T20:22:02.189+08:00",550.744751,EXP2,"exp2_target",4,1,"1:4|2:1|3:2|4:3"
"exp2_table_objects","实验二桌面四模型总体区域","Exp2_004_exp2_table_objects_0443","video_relative_to_recording_start",rectangle,0,271,1919,1045,,,,"A017_2","Exp2_004","E2_FIXED_PROGRESSIVE",loading,,,,,1,TRUE,11050.000,11100.000,561.794739,561.844727,1920,1046,"ObjectSlot1-4",1,1,"video_relative_to_screen_recording_start",36.078785,525715.938,525765.938,1,36.078785,"1781266396475","../../../../../../Project/UE5/Gallery/Saved/ScreenRecordings/A017_2_20260612_201316_screen.mkv",525715.938,525765.938,525740.938,"1781266922190","1781266922240","2026-06-12T20:22:02.189+08:00","2026-06-12T20:22:02.239+08:00",550.744751,EXP2,"exp2_table",4,1,"1:4|2:1|3:2|4:3"
"exp2_target_object","实验二当前目标模型_头顶","Exp2_004_exp2_target_object_0444","video_relative_to_recording_start",rectangle,0,311,561,968,,,,"A017_2","Exp2_004","E2_FIXED_PROGRESSIVE",loading,,,,,1,TRUE,11050.000,11100.000,561.794739,561.844727,1920,1046,"ObjectSlot1",1,1,"video_relative_to_screen_recording_start",36.078785,525715.938,525765.938,1,36.078785,"1781266396475","../../../../../../Project/UE5/Gallery/Saved/ScreenRecordings/A017_2_20260612_201316_screen.mkv",525715.938,525765.938,525740.938,"1781266922190","1781266922240","2026-06-12T20:22:02.189+08:00","2026-06-12T20:22:02.239+08:00",550.744751,EXP2,"exp2_target",4,1,"1:4|2:1|3:2|4:3"
"exp2_table_objects","实验二桌面四模型总体区域","Exp2_004_exp2_table_objects_0445","video_relative_to_recording_start",rectangle,0,271,1919,1045,,,,"A017_2","Exp2_004","E2_FIXED_PROGRESSIVE",loading,,,,,1,TRUE,11100.000,11150.000,561.844727,561.894775,1920,1046,"ObjectSlot1-4",1,1,"video_relative_to_screen_recording_start",36.078785,525765.938,525816.000,1,36.078785,"1781266396475","../../../../../../Project/UE5/Gallery/Saved/ScreenRecordings/A017_2_20260612_201316_screen.mkv",525765.938,525816.000,525791.000,"1781266922240","1781266922290","2026-06-12T20:22:02.239+08:00","2026-06-12T20:22:02.289+08:00",550.744751,EXP2,"exp2_table",4,1,"1:4|2:1|3:2|4:3"
"exp2_target_object","实验二当前目标模型_头顶","Exp2_004_exp2_target_object_0446","video_relative_to_recording_start",rectangle,0,311,561,968,,,,"A017_2","Exp2_004","E2_FIXED_PROGRESSIVE",loading,,,,,1,TRUE,11100.000,11150.000,561.844727,561.894775,1920,1046,"ObjectSlot1",1,1,"video_relative_to_screen_recording_start",36.078785,525765.938,525816.000,1,36.078785,"1781266396475","../../../../../../Project/UE5/Gallery/Saved/ScreenRecordings/A017_2_20260612_201316_screen.mkv",525765.938,525816.000,525791.000,"1781266922240","1781266922290","2026-06-12T20:22:02.239+08:00","2026-06-12T20:22:02.289+08:00",550.744751,EXP2,"exp2_target",4,1,"1:4|2:1|3:2|4:3"
"exp2_table_objects","实验二桌面四模型总体区域","Exp2_004_exp2_table_objects_0447","video_relative_to_recording_start",rectangle,0,271,1919,1045,,,,"A017_2","Exp2_004","E2_FIXED_PROGRESSIVE",loading,,,,,1,TRUE,11150.000,11200.000,561.894775,561.944763,1920,1046,"ObjectSlot1-4",1,1,"video_relative_to_screen_recording_start",36.078785,525816.000,525865.938,1,36.078785,"1781266396475","../../../../../../Project/UE5/Gallery/Saved/ScreenRecordings/A017_2_20260612_201316_screen.mkv",525816.000,525865.938,525841.000,"1781266922290","1781266922340","2026-06-12T20:22:02.289+08:00","2026-06-12T20:22:02.339+08:00",550.744751,EXP2,"exp2_table",4,1,"1:4|2:1|3:2|4:3"
"exp2_target_object","实验二当前目标模型_头顶","Exp2_004_exp2_target_object_0448","video_relative_to_recording_start",rectangle,0,311,561,968,,,,"A017_2","Exp2_004","E2_FIXED_PROGRESSIVE",loading,,,,,1,TRUE,11150.000,11200.000,561.894775,561.944763,1920,1046,"ObjectSlot1",1,1,"video_relative_to_screen_recording_start",36.078785,525816.000,525865.938,1,36.078785,"1781266396475","../../../../../../Project/UE5/Gallery/Saved/ScreenRecordings/A017_2_20260612_201316_screen.mkv",525816.000,525865.938,525841.000,"1781266922290","1781266922340","2026-06-12T20:22:02.289+08:00","2026-06-12T20:22:02.339+08:00",550.744751,EXP2,"exp2_target",4,1,"1:4|2:1|3:2|4:3"
"exp2_table_objects","实验二桌面四模型总体区域","Exp2_004_exp2_table_objects_0449","video_relative_to_recording_start",rectangle,0,271,1919,1045,,,,"A017_2","Exp2_004","E2_FIXED_PROGRESSIVE",loading,,,,,1,TRUE,11200.000,11250.000,561.944763,561.994751,1920,1046,"ObjectSlot1-4",1,1,"video_relative_to_screen_recording_start",36.078785,525865.938,525915.938,1,36.078785,"1781266396475","../../../../../../Project/UE5/Gallery/Saved/ScreenRecordings/A017_2_20260612_201316_screen.mkv",525865.938,525915.938,525890.938,"1781266922340","1781266922390","2026-06-12T20:22:02.339+08:00","2026-06-12T20:22:02.389+08:00",550.744751,EXP2,"exp2_table",4,1,"1:4|2:1|3:2|4:3"
"exp2_target_object","实验二当前目标模型_头顶","Exp2_004_exp2_target_object_0450","video_relative_to_recording_start",rectangle,0,311,561,968,,,,"A017_2","Exp2_004","E2_FIXED_PROGRESSIVE",loading,,,,,1,TRUE,11200.000,11250.000,561.944763,561.994751,1920,1046,"ObjectSlot1",1,1,"video_relative_to_screen_recording_start",36.078785,525865.938,525915.938,1,36.078785,"1781266396475","../../../../../../Project/UE5/Gallery/Saved/ScreenRecordings/A017_2_20260612_201316_screen.mkv",525865.938,525915.938,525890.938,"1781266922340","1781266922390","2026-06-12T20:22:02.339+08:00","2026-06-12T20:22:02.389+08:00",550.744751,EXP2,"exp2_target",4,1,"1:4|2:1|3:2|4:3"
"exp2_table_objects","实验二桌面四模型总体区域","Exp2_004_exp2_table_objects_0451","video_relative_to_recording_start",rectangle,0,271,1919,1045,,,,"A017_2","Exp2_004","E2_FIXED_PROGRESSIVE",loading,,,,,1,TRUE,11250.000,11300.000,561.994751,562.044739,1920,1046,"ObjectSlot1-4",1,1,"video_relative_to_screen_recording_start",36.078785,525915.938,525965.938,1,36.078785,"1781266396475","../../../../../../Project/UE5/Gallery/Saved/ScreenRecordings/A017_2_20260612_201316_screen.mkv",525915.938,525965.938,525940.938,"1781266922390","1781266922440","2026-06-12T20:22:02.389+08:00","2026-06-12T20:22:02.439+08:00",550.744751,EXP2,"exp2_table",4,1,"1:4|2:1|3:2|4:3"
"exp2_target_object","实验二当前目标模型_头顶","Exp2_004_exp2_target_object_0452","video_relative_to_recording_start",rectangle,0,311,561,968,,,,"A017_2","Exp2_004","E2_FIXED_PROGRESSIVE",loading,,,,,1,TRUE,11250.000,11300.000,561.994751,562.044739,1920,1046,"ObjectSlot1",1,1,"video_relative_to_screen_recording_start",36.078785,525915.938,525965.938,1,36.078785,"1781266396475","../../../../../../Project/UE5/Gallery/Saved/ScreenRecordings/A017_2_20260612_201316_screen.mkv",525915.938,525965.938,525940.938,"1781266922390","1781266922440","2026-06-12T20:22:02.389+08:00","2026-06-12T20:22:02.439+08:00",550.744751,EXP2,"exp2_target",4,1,"1:4|2:1|3:2|4:3"
"exp2_table_objects","实验二桌面四模型总体区域","Exp2_004_exp2_table_objects_0453","video_relative_to_recording_start",rectangle,0,271,1919,1045,,,,"A017_2","Exp2_004","E2_FIXED_PROGRESSIVE",loading,,,,,1,TRUE,11300.000,11350.000,562.044739,562.094727,1920,1046,"ObjectSlot1-4",1,1,"video_relative_to_screen_recording_start",36.078785,525965.938,526015.938,1,36.078785,"1781266396475","../../../../../../Project/UE5/Gallery/Saved/ScreenRecordings/A017_2_20260612_201316_screen.mkv",525965.938,526015.938,525990.938,"1781266922440","1781266922490","2026-06-12T20:22:02.439+08:00","2026-06-12T20:22:02.489+08:00",550.744751,EXP2,"exp2_table",4,1,"1:4|2:1|3:2|4:3"
"exp2_target_object","实验二当前目标模型_头顶","Exp2_004_exp2_target_object_0454","video_relative_to_recording_start",rectangle,0,311,561,968,,,,"A017_2","Exp2_004","E2_FIXED_PROGRESSIVE",loading,,,,,1,TRUE,11300.000,11350.000,562.044739,562.094727,1920,1046,"ObjectSlot1",1,1,"video_relative_to_screen_recording_start",36.078785,525965.938,526015.938,1,36.078785,"1781266396475","../../../../../../Project/UE5/Gallery/Saved/ScreenRecordings/A017_2_20260612_201316_screen.mkv",525965.938,526015.938,525990.938,"1781266922440","1781266922490","2026-06-12T20:22:02.439+08:00","2026-06-12T20:22:02.489+08:00",550.744751,EXP2,"exp2_target",4,1,"1:4|2:1|3:2|4:3"
"exp2_table_objects","实验二桌面四模型总体区域","Exp2_004_exp2_table_objects_0455","video_relative_to_recording_start",rectangle,0,271,1919,1045,,,,"A017_2","Exp2_004","E2_FIXED_PROGRESSIVE",loading,,,,,1,TRUE,11350.000,11400.000,562.094727,562.144775,1920,1046,"ObjectSlot1-4",1,1,"video_relative_to_screen_recording_start",36.078785,526015.938,526066.000,1,36.078785,"1781266396475","../../../../../../Project/UE5/Gallery/Saved/ScreenRecordings/A017_2_20260612_201316_screen.mkv",526015.938,526066.000,526041.000,"1781266922490","1781266922540","2026-06-12T20:22:02.489+08:00","2026-06-12T20:22:02.539+08:00",550.744751,EXP2,"exp2_table",4,1,"1:4|2:1|3:2|4:3"
"exp2_target_object","实验二当前目标模型_头顶","Exp2_004_exp2_target_object_0456","video_relative_to_recording_start",rectangle,0,311,561,968,,,,"A017_2","Exp2_004","E2_FIXED_PROGRESSIVE",loading,,,,,1,TRUE,11350.000,11400.000,562.094727,562.144775,1920,1046,"ObjectSlot1",1,1,"video_relative_to_screen_recording_start",36.078785,526015.938,526066.000,1,36.078785,"1781266396475","../../../../../../Project/UE5/Gallery/Saved/ScreenRecordings/A017_2_20260612_201316_screen.mkv",526015.938,526066.000,526041.000,"1781266922490","1781266922540","2026-06-12T20:22:02.489+08:00","2026-06-12T20:22:02.539+08:00",550.744751,EXP2,"exp2_target",4,1,"1:4|2:1|3:2|4:3"
"exp2_table_objects","实验二桌面四模型总体区域","Exp2_004_exp2_table_objects_0457","video_relative_to_recording_start",rectangle,0,271,1919,1045,,,,"A017_2","Exp2_004","E2_FIXED_PROGRESSIVE",loading,,,,,1,TRUE,11400.000,11450.000,562.144775,562.194763,1920,1046,"ObjectSlot1-4",1,1,"video_relative_to_screen_recording_start",36.078785,526066.000,526115.938,1,36.078785,"1781266396475","../../../../../../Project/UE5/Gallery/Saved/ScreenRecordings/A017_2_20260612_201316_screen.mkv",526066.000,526115.938,526091.000,"1781266922540","1781266922590","2026-06-12T20:22:02.539+08:00","2026-06-12T20:22:02.589+08:00",550.744751,EXP2,"exp2_table",4,1,"1:4|2:1|3:2|4:3"
"exp2_target_object","实验二当前目标模型_头顶","Exp2_004_exp2_target_object_0458","video_relative_to_recording_start",rectangle,0,311,561,968,,,,"A017_2","Exp2_004","E2_FIXED_PROGRESSIVE",loading,,,,,1,TRUE,11400.000,11450.000,562.144775,562.194763,1920,1046,"ObjectSlot1",1,1,"video_relative_to_screen_recording_start",36.078785,526066.000,526115.938,1,36.078785,"1781266396475","../../../../../../Project/UE5/Gallery/Saved/ScreenRecordings/A017_2_20260612_201316_screen.mkv",526066.000,526115.938,526091.000,"1781266922540","1781266922590","2026-06-12T20:22:02.539+08:00","2026-06-12T20:22:02.589+08:00",550.744751,EXP2,"exp2_target",4,1,"1:4|2:1|3:2|4:3"
"exp2_table_objects","实验二桌面四模型总体区域","Exp2_004_exp2_table_objects_0459","video_relative_to_recording_start",rectangle,0,271,1919,1045,,,,"A017_2","Exp2_004","E2_FIXED_PROGRESSIVE",loading,,,,,1,TRUE,11450.000,11500.000,562.194763,562.244751,1920,1046,"ObjectSlot1-4",1,1,"video_relative_to_screen_recording_start",36.078785,526115.938,526165.938,1,36.078785,"1781266396475","../../../../../../Project/UE5/Gallery/Saved/ScreenRecordings/A017_2_20260612_201316_screen.mkv",526115.938,526165.938,526140.938,"1781266922590","1781266922640","2026-06-12T20:22:02.589+08:00","2026-06-12T20:22:02.639+08:00",550.744751,EXP2,"exp2_table",4,1,"1:4|2:1|3:2|4:3"
"exp2_target_object","实验二当前目标模型_头顶","Exp2_004_exp2_target_object_0460","video_relative_to_recording_start",rectangle,0,311,561,968,,,,"A017_2","Exp2_004","E2_FIXED_PROGRESSIVE",loading,,,,,1,TRUE,11450.000,11500.000,562.194763,562.244751,1920,1046,"ObjectSlot1",1,1,"video_relative_to_screen_recording_start",36.078785,526115.938,526165.938,1,36.078785,"1781266396475","../../../../../../Project/UE5/Gallery/Saved/ScreenRecordings/A017_2_20260612_201316_screen.mkv",526115.938,526165.938,526140.938,"1781266922590","1781266922640","2026-06-12T20:22:02.589+08:00","2026-06-12T20:22:02.639+08:00",550.744751,EXP2,"exp2_target",4,1,"1:4|2:1|3:2|4:3"
"exp2_table_objects","实验二桌面四模型总体区域","Exp2_004_exp2_table_objects_0461","video_relative_to_recording_start",rectangle,0,271,1919,1045,,,,"A017_2","Exp2_004","E2_FIXED_PROGRESSIVE",loading,,,,,1,TRUE,11500.000,11550.000,562.244751,562.294739,1920,1046,"ObjectSlot1-4",1,1,"video_relative_to_screen_recording_start",36.078785,526165.938,526215.938,1,36.078785,"1781266396475","../../../../../../Project/UE5/Gallery/Saved/ScreenRecordings/A017_2_20260612_201316_screen.mkv",526165.938,526215.938,526190.938,"1781266922640","1781266922690","2026-06-12T20:22:02.639+08:00","2026-06-12T20:22:02.689+08:00",550.744751,EXP2,"exp2_table",4,1,"1:4|2:1|3:2|4:3"
"exp2_target_object","实验二当前目标模型_头顶","Exp2_004_exp2_target_object_0462","video_relative_to_recording_start",rectangle,0,311,561,968,,,,"A017_2","Exp2_004","E2_FIXED_PROGRESSIVE",loading,,,,,1,TRUE,11500.000,11550.000,562.244751,562.294739,1920,1046,"ObjectSlot1",1,1,"video_relative_to_screen_recording_start",36.078785,526165.938,526215.938,1,36.078785,"1781266396475","../../../../../../Project/UE5/Gallery/Saved/ScreenRecordings/A017_2_20260612_201316_screen.mkv",526165.938,526215.938,526190.938,"1781266922640","1781266922690","2026-06-12T20:22:02.639+08:00","2026-06-12T20:22:02.689+08:00",550.744751,EXP2,"exp2_target",4,1,"1:4|2:1|3:2|4:3"
"exp2_table_objects","实验二桌面四模型总体区域","Exp2_004_exp2_table_objects_0463","video_relative_to_recording_start",rectangle,0,271,1919,1045,,,,"A017_2","Exp2_004","E2_FIXED_PROGRESSIVE",loading,,,,,1,TRUE,11550.000,11600.000,562.294739,562.344727,1920,1046,"ObjectSlot1-4",1,1,"video_relative_to_screen_recording_start",36.078785,526215.938,526265.938,1,36.078785,"1781266396475","../../../../../../Project/UE5/Gallery/Saved/ScreenRecordings/A017_2_20260612_201316_screen.mkv",526215.938,526265.938,526240.938,"1781266922690","1781266922740","2026-06-12T20:22:02.689+08:00","2026-06-12T20:22:02.739+08:00",550.744751,EXP2,"exp2_table",4,1,"1:4|2:1|3:2|4:3"
"exp2_target_object","实验二当前目标模型_头顶","Exp2_004_exp2_target_object_0464","video_relative_to_recording_start",rectangle,0,311,561,968,,,,"A017_2","Exp2_004","E2_FIXED_PROGRESSIVE",loading,,,,,1,TRUE,11550.000,11600.000,562.294739,562.344727,1920,1046,"ObjectSlot1",1,1,"video_relative_to_screen_recording_start",36.078785,526215.938,526265.938,1,36.078785,"1781266396475","../../../../../../Project/UE5/Gallery/Saved/ScreenRecordings/A017_2_20260612_201316_screen.mkv",526215.938,526265.938,526240.938,"1781266922690","1781266922740","2026-06-12T20:22:02.689+08:00","2026-06-12T20:22:02.739+08:00",550.744751,EXP2,"exp2_target",4,1,"1:4|2:1|3:2|4:3"
"exp2_table_objects","实验二桌面四模型总体区域","Exp2_004_exp2_table_objects_0465","video_relative_to_recording_start",rectangle,0,271,1919,1045,,,,"A017_2","Exp2_004","E2_FIXED_PROGRESSIVE",loading,,,,,1,TRUE,11600.000,11650.000,562.344727,562.394775,1920,1046,"ObjectSlot1-4",1,1,"video_relative_to_screen_recording_start",36.078785,526265.938,526316.000,1,36.078785,"1781266396475","../../../../../../Project/UE5/Gallery/Saved/ScreenRecordings/A017_2_20260612_201316_screen.mkv",526265.938,526316.000,526291.000,"1781266922740","1781266922790","2026-06-12T20:22:02.739+08:00","2026-06-12T20:22:02.789+08:00",550.744751,EXP2,"exp2_table",4,1,"1:4|2:1|3:2|4:3"
"exp2_target_object","实验二当前目标模型_头顶","Exp2_004_exp2_target_object_0466","video_relative_to_recording_start",rectangle,0,311,561,968,,,,"A017_2","Exp2_004","E2_FIXED_PROGRESSIVE",loading,,,,,1,TRUE,11600.000,11650.000,562.344727,562.394775,1920,1046,"ObjectSlot1",1,1,"video_relative_to_screen_recording_start",36.078785,526265.938,526316.000,1,36.078785,"1781266396475","../../../../../../Project/UE5/Gallery/Saved/ScreenRecordings/A017_2_20260612_201316_screen.mkv",526265.938,526316.000,526291.000,"1781266922740","1781266922790","2026-06-12T20:22:02.739+08:00","2026-06-12T20:22:02.789+08:00",550.744751,EXP2,"exp2_target",4,1,"1:4|2:1|3:2|4:3"
"exp2_table_objects","实验二桌面四模型总体区域","Exp2_004_exp2_table_objects_0467","video_relative_to_recording_start",rectangle,0,271,1919,1045,,,,"A017_2","Exp2_004","E2_FIXED_PROGRESSIVE",loading,,,,,1,TRUE,11650.000,11700.000,562.394775,562.444763,1920,1046,"ObjectSlot1-4",1,1,"video_relative_to_screen_recording_start",36.078785,526316.000,526365.938,1,36.078785,"1781266396475","../../../../../../Project/UE5/Gallery/Saved/ScreenRecordings/A017_2_20260612_201316_screen.mkv",526316.000,526365.938,526341.000,"1781266922790","1781266922840","2026-06-12T20:22:02.789+08:00","2026-06-12T20:22:02.839+08:00",550.744751,EXP2,"exp2_table",4,1,"1:4|2:1|3:2|4:3"
"exp2_target_object","实验二当前目标模型_头顶","Exp2_004_exp2_target_object_0468","video_relative_to_recording_start",rectangle,0,311,561,968,,,,"A017_2","Exp2_004","E2_FIXED_PROGRESSIVE",loading,,,,,1,TRUE,11650.000,11700.000,562.394775,562.444763,1920,1046,"ObjectSlot1",1,1,"video_relative_to_screen_recording_start",36.078785,526316.000,526365.938,1,36.078785,"1781266396475","../../../../../../Project/UE5/Gallery/Saved/ScreenRecordings/A017_2_20260612_201316_screen.mkv",526316.000,526365.938,526341.000,"1781266922790","1781266922840","2026-06-12T20:22:02.789+08:00","2026-06-12T20:22:02.839+08:00",550.744751,EXP2,"exp2_target",4,1,"1:4|2:1|3:2|4:3"
"exp2_table_objects","实验二桌面四模型总体区域","Exp2_004_exp2_table_objects_0469","video_relative_to_recording_start",rectangle,0,271,1919,1045,,,,"A017_2","Exp2_004","E2_FIXED_PROGRESSIVE",loading,,,,,1,TRUE,11700.000,11750.000,562.444763,562.494751,1920,1046,"ObjectSlot1-4",1,1,"video_relative_to_screen_recording_start",36.078785,526365.938,526415.938,1,36.078785,"1781266396475","../../../../../../Project/UE5/Gallery/Saved/ScreenRecordings/A017_2_20260612_201316_screen.mkv",526365.938,526415.938,526390.938,"1781266922840","1781266922890","2026-06-12T20:22:02.839+08:00","2026-06-12T20:22:02.889+08:00",550.744751,EXP2,"exp2_table",4,1,"1:4|2:1|3:2|4:3"
"exp2_target_object","实验二当前目标模型_头顶","Exp2_004_exp2_target_object_0470","video_relative_to_recording_start",rectangle,0,311,561,968,,,,"A017_2","Exp2_004","E2_FIXED_PROGRESSIVE",loading,,,,,1,TRUE,11700.000,11750.000,562.444763,562.494751,1920,1046,"ObjectSlot1",1,1,"video_relative_to_screen_recording_start",36.078785,526365.938,526415.938,1,36.078785,"1781266396475","../../../../../../Project/UE5/Gallery/Saved/ScreenRecordings/A017_2_20260612_201316_screen.mkv",526365.938,526415.938,526390.938,"1781266922840","1781266922890","2026-06-12T20:22:02.839+08:00","2026-06-12T20:22:02.889+08:00",550.744751,EXP2,"exp2_target",4,1,"1:4|2:1|3:2|4:3"
"exp2_table_objects","实验二桌面四模型总体区域","Exp2_004_exp2_table_objects_0471","video_relative_to_recording_start",rectangle,0,271,1919,1045,,,,"A017_2","Exp2_004","E2_FIXED_PROGRESSIVE",loading,,,,,1,TRUE,11750.000,11800.000,562.494751,562.544739,1920,1046,"ObjectSlot1-4",1,1,"video_relative_to_screen_recording_start",36.078785,526415.938,526465.938,1,36.078785,"1781266396475","../../../../../../Project/UE5/Gallery/Saved/ScreenRecordings/A017_2_20260612_201316_screen.mkv",526415.938,526465.938,526440.938,"1781266922890","1781266922940","2026-06-12T20:22:02.889+08:00","2026-06-12T20:22:02.939+08:00",550.744751,EXP2,"exp2_table",4,1,"1:4|2:1|3:2|4:3"
"exp2_target_object","实验二当前目标模型_头顶","Exp2_004_exp2_target_object_0472","video_relative_to_recording_start",rectangle,0,311,561,968,,,,"A017_2","Exp2_004","E2_FIXED_PROGRESSIVE",loading,,,,,1,TRUE,11750.000,11800.000,562.494751,562.544739,1920,1046,"ObjectSlot1",1,1,"video_relative_to_screen_recording_start",36.078785,526415.938,526465.938,1,36.078785,"1781266396475","../../../../../../Project/UE5/Gallery/Saved/ScreenRecordings/A017_2_20260612_201316_screen.mkv",526415.938,526465.938,526440.938,"1781266922890","1781266922940","2026-06-12T20:22:02.889+08:00","2026-06-12T20:22:02.939+08:00",550.744751,EXP2,"exp2_target",4,1,"1:4|2:1|3:2|4:3"
"exp2_table_objects","实验二桌面四模型总体区域","Exp2_004_exp2_table_objects_0473","video_relative_to_recording_start",rectangle,0,271,1919,1045,,,,"A017_2","Exp2_004","E2_FIXED_PROGRESSIVE",loading,,,,,1,TRUE,11800.000,11850.000,562.544739,562.594727,1920,1046,"ObjectSlot1-4",1,1,"video_relative_to_screen_recording_start",36.078785,526465.938,526515.938,1,36.078785,"1781266396475","../../../../../../Project/UE5/Gallery/Saved/ScreenRecordings/A017_2_20260612_201316_screen.mkv",526465.938,526515.938,526490.938,"1781266922940","1781266922990","2026-06-12T20:22:02.939+08:00","2026-06-12T20:22:02.989+08:00",550.744751,EXP2,"exp2_table",4,1,"1:4|2:1|3:2|4:3"
"exp2_target_object","实验二当前目标模型_头顶","Exp2_004_exp2_target_object_0474","video_relative_to_recording_start",rectangle,0,311,561,968,,,,"A017_2","Exp2_004","E2_FIXED_PROGRESSIVE",loading,,,,,1,TRUE,11800.000,11850.000,562.544739,562.594727,1920,1046,"ObjectSlot1",1,1,"video_relative_to_screen_recording_start",36.078785,526465.938,526515.938,1,36.078785,"1781266396475","../../../../../../Project/UE5/Gallery/Saved/ScreenRecordings/A017_2_20260612_201316_screen.mkv",526465.938,526515.938,526490.938,"1781266922940","1781266922990","2026-06-12T20:22:02.939+08:00","2026-06-12T20:22:02.989+08:00",550.744751,EXP2,"exp2_target",4,1,"1:4|2:1|3:2|4:3"
"exp2_table_objects","实验二桌面四模型总体区域","Exp2_004_exp2_table_objects_0475","video_relative_to_recording_start",rectangle,0,271,1919,1045,,,,"A017_2","Exp2_004","E2_FIXED_PROGRESSIVE",loading,,,,,1,TRUE,11850.000,11900.000,562.594727,562.644775,1920,1046,"ObjectSlot1-4",1,1,"video_relative_to_screen_recording_start",36.078785,526515.938,526566.000,1,36.078785,"1781266396475","../../../../../../Project/UE5/Gallery/Saved/ScreenRecordings/A017_2_20260612_201316_screen.mkv",526515.938,526566.000,526541.000,"1781266922990","1781266923040","2026-06-12T20:22:02.989+08:00","2026-06-12T20:22:03.039+08:00",550.744751,EXP2,"exp2_table",4,1,"1:4|2:1|3:2|4:3"
"exp2_target_object","实验二当前目标模型_头顶","Exp2_004_exp2_target_object_0476","video_relative_to_recording_start",rectangle,0,311,561,968,,,,"A017_2","Exp2_004","E2_FIXED_PROGRESSIVE",loading,,,,,1,TRUE,11850.000,11900.000,562.594727,562.644775,1920,1046,"ObjectSlot1",1,1,"video_relative_to_screen_recording_start",36.078785,526515.938,526566.000,1,36.078785,"1781266396475","../../../../../../Project/UE5/Gallery/Saved/ScreenRecordings/A017_2_20260612_201316_screen.mkv",526515.938,526566.000,526541.000,"1781266922990","1781266923040","2026-06-12T20:22:02.989+08:00","2026-06-12T20:22:03.039+08:00",550.744751,EXP2,"exp2_target",4,1,"1:4|2:1|3:2|4:3"
"exp2_table_objects","实验二桌面四模型总体区域","Exp2_004_exp2_table_objects_0477","video_relative_to_recording_start",rectangle,0,271,1919,1045,,,,"A017_2","Exp2_004","E2_FIXED_PROGRESSIVE",loading,,,,,1,TRUE,11900.000,11950.000,562.644775,562.694763,1920,1046,"ObjectSlot1-4",1,1,"video_relative_to_screen_recording_start",36.078785,526566.000,526615.938,1,36.078785,"1781266396475","../../../../../../Project/UE5/Gallery/Saved/ScreenRecordings/A017_2_20260612_201316_screen.mkv",526566.000,526615.938,526591.000,"1781266923040","1781266923090","2026-06-12T20:22:03.039+08:00","2026-06-12T20:22:03.089+08:00",550.744751,EXP2,"exp2_table",4,1,"1:4|2:1|3:2|4:3"
"exp2_target_object","实验二当前目标模型_头顶","Exp2_004_exp2_target_object_0478","video_relative_to_recording_start",rectangle,0,311,561,968,,,,"A017_2","Exp2_004","E2_FIXED_PROGRESSIVE",loading,,,,,1,TRUE,11900.000,11950.000,562.644775,562.694763,1920,1046,"ObjectSlot1",1,1,"video_relative_to_screen_recording_start",36.078785,526566.000,526615.938,1,36.078785,"1781266396475","../../../../../../Project/UE5/Gallery/Saved/ScreenRecordings/A017_2_20260612_201316_screen.mkv",526566.000,526615.938,526591.000,"1781266923040","1781266923090","2026-06-12T20:22:03.039+08:00","2026-06-12T20:22:03.089+08:00",550.744751,EXP2,"exp2_target",4,1,"1:4|2:1|3:2|4:3"
"exp2_table_objects","实验二桌面四模型总体区域","Exp2_004_exp2_table_objects_0479","video_relative_to_recording_start",rectangle,0,271,1919,1045,,,,"A017_2","Exp2_004","E2_FIXED_PROGRESSIVE",loading,,,,,1,TRUE,11950.000,12000.000,562.694763,562.744751,1920,1046,"ObjectSlot1-4",1,1,"video_relative_to_screen_recording_start",36.078785,526615.938,526665.938,1,36.078785,"1781266396475","../../../../../../Project/UE5/Gallery/Saved/ScreenRecordings/A017_2_20260612_201316_screen.mkv",526615.938,526665.938,526640.938,"1781266923090","1781266923140","2026-06-12T20:22:03.089+08:00","2026-06-12T20:22:03.139+08:00",550.744751,EXP2,"exp2_table",4,1,"1:4|2:1|3:2|4:3"
"exp2_target_object","实验二当前目标模型_头顶","Exp2_004_exp2_target_object_0480","video_relative_to_recording_start",rectangle,0,311,561,968,,,,"A017_2","Exp2_004","E2_FIXED_PROGRESSIVE",loading,,,,,1,TRUE,11950.000,12000.000,562.694763,562.744751,1920,1046,"ObjectSlot1",1,1,"video_relative_to_screen_recording_start",36.078785,526615.938,526665.938,1,36.078785,"1781266396475","../../../../../../Project/UE5/Gallery/Saved/ScreenRecordings/A017_2_20260612_201316_screen.mkv",526615.938,526665.938,526640.938,"1781266923090","1781266923140","2026-06-12T20:22:03.089+08:00","2026-06-12T20:22:03.139+08:00",550.744751,EXP2,"exp2_target",4,1,"1:4|2:1|3:2|4:3"
"exp2_table_objects","实验二桌面四模型总体区域","Exp2_004_exp2_table_objects_0481","video_relative_to_recording_start",rectangle,0,271,1919,1045,,,,"A017_2","Exp2_004","E2_FIXED_PROGRESSIVE",loading,,,,,1,TRUE,12000.000,12012.806,562.744751,562.757568,1920,1046,"ObjectSlot1-4",1,1,"video_relative_to_screen_recording_start",36.078785,526665.938,526678.750,1,36.078785,"1781266396475","../../../../../../Project/UE5/Gallery/Saved/ScreenRecordings/A017_2_20260612_201316_screen.mkv",526665.938,526678.750,526672.375,"1781266923140","1781266923153","2026-06-12T20:22:03.139+08:00","2026-06-12T20:22:03.152+08:00",550.744751,EXP2,"exp2_table",4,1,"1:4|2:1|3:2|4:3"
"exp2_target_object","实验二当前目标模型_头顶","Exp2_004_exp2_target_object_0482","video_relative_to_recording_start",rectangle,0,311,561,968,,,,"A017_2","Exp2_004","E2_FIXED_PROGRESSIVE",loading,,,,,1,TRUE,12000.000,12012.806,562.744751,562.757568,1920,1046,"ObjectSlot1",1,1,"video_relative_to_screen_recording_start",36.078785,526665.938,526678.750,1,36.078785,"1781266396475","../../../../../../Project/UE5/Gallery/Saved/ScreenRecordings/A017_2_20260612_201316_screen.mkv",526665.938,526678.750,526672.375,"1781266923140","1781266923153","2026-06-12T20:22:03.139+08:00","2026-06-12T20:22:03.152+08:00",550.744751,EXP2,"exp2_target",4,1,"1:4|2:1|3:2|4:3"
