aoi_group_id,aoi_name,shape_id,reference_id,shape_type,x_min,y_min,x_max,y_max,center_x,center_y,radius,participant,trial_id,condition,phase,time_start,time_end,time_start_event,time_end_event,priority,enabled,rel_start_ms,rel_end_ms,ue_time_start_sec,ue_time_end_sec,viewport_width,viewport_height,source_component,projection_valid,is_clamped,time_mode,session_start_world_sec,session_rel_start_ms,session_rel_end_ms,recording_active,recording_start_world_sec,recording_start_unix_ms,recording_file,video_time_start_ms,video_time_end_ms,time_ms,unix_start_ms,unix_end_ms,bjt_start,bjt_end,loading_start_world_sec,experiment_code,aoi_scope,target_content_index,target_display_index,slot_permutation
"b_preview_panel","B条件预览面板","T004_b_preview_panel_0001","video_relative_to_recording_start",rectangle,284,0,1570,402,,,,"A017","T004","B",loading,,,,,1,TRUE,0.000,50.000,1409.656616,1409.706665,1920,1046,"floating_widget_component_bounds_fallback",1,1,"video_relative_to_screen_recording_start",1059.821167,349835.438,349885.500,1,1059.821167,"1781265307261","../../../../../../Project/UE5/Gallery/Saved/ScreenRecordings/A017_20260612_195507_screen.mkv",349835.438,349885.500,349860.469,"1781265657096","1781265657146","2026-06-12T20:00:57.096+08:00","2026-06-12T20:00:57.146+08:00",1409.656616,EXP1,"b_preview",-1,-1,
"b_progress_bar","B条件进度条区域","T004_b_progress_bar_0002","video_relative_to_recording_start",rectangle,348,371,1506,392,,,,"A017","T004","B",loading,,,,,1,TRUE,0.000,50.000,1409.656616,1409.706665,1920,1046,"b_preview_relative_progress_bar_fallback",1,0,"video_relative_to_screen_recording_start",1059.821167,349835.438,349885.500,1,1059.821167,"1781265307261","../../../../../../Project/UE5/Gallery/Saved/ScreenRecordings/A017_20260612_195507_screen.mkv",349835.438,349885.500,349860.469,"1781265657096","1781265657146","2026-06-12T20:00:57.096+08:00","2026-06-12T20:00:57.146+08:00",1409.656616,EXP1,"b_progress_bar",-1,-1,
"b_preview_panel","B条件预览面板","T004_b_preview_panel_0003","video_relative_to_recording_start",rectangle,287,0,1534,394,,,,"A017","T004","B",loading,,,,,1,TRUE,50.000,100.000,1409.706665,1409.756592,1920,1046,"world_widget_card_size_box_geometry",1,1,"video_relative_to_screen_recording_start",1059.821167,349885.500,349935.438,1,1059.821167,"1781265307261","../../../../../../Project/UE5/Gallery/Saved/ScreenRecordings/A017_20260612_195507_screen.mkv",349885.500,349935.438,349910.469,"1781265657146","1781265657196","2026-06-12T20:00:57.146+08:00","2026-06-12T20:00:57.196+08:00",1409.656616,EXP1,"b_preview",-1,-1,
"b_progress_bar","B条件进度条区域","T004_b_progress_bar_0004","video_relative_to_recording_start",rectangle,567,308,1294,340,,,,"A017","T004","B",loading,,,,,1,TRUE,50.000,100.000,1409.706665,1409.756592,1920,1046,"world_widget_loading_progress_bar_geometry",1,0,"video_relative_to_screen_recording_start",1059.821167,349885.500,349935.438,1,1059.821167,"1781265307261","../../../../../../Project/UE5/Gallery/Saved/ScreenRecordings/A017_20260612_195507_screen.mkv",349885.500,349935.438,349910.469,"1781265657146","1781265657196","2026-06-12T20:00:57.146+08:00","2026-06-12T20:00:57.196+08:00",1409.656616,EXP1,"b_progress_bar",-1,-1,
"b_preview_panel","B条件预览面板","T004_b_preview_panel_0005","video_relative_to_recording_start",rectangle,287,0,1534,394,,,,"A017","T004","B",loading,,,,,1,TRUE,100.000,150.000,1409.756592,1409.806641,1920,1046,"world_widget_card_size_box_geometry",1,1,"video_relative_to_screen_recording_start",1059.821167,349935.438,349985.469,1,1059.821167,"1781265307261","../../../../../../Project/UE5/Gallery/Saved/ScreenRecordings/A017_20260612_195507_screen.mkv",349935.438,349985.469,349960.438,"1781265657196","1781265657246","2026-06-12T20:00:57.196+08:00","2026-06-12T20:00:57.246+08:00",1409.656616,EXP1,"b_preview",-1,-1,
"b_progress_bar","B条件进度条区域","T004_b_progress_bar_0006","video_relative_to_recording_start",rectangle,567,308,1294,340,,,,"A017","T004","B",loading,,,,,1,TRUE,100.000,150.000,1409.756592,1409.806641,1920,1046,"world_widget_loading_progress_bar_geometry",1,0,"video_relative_to_screen_recording_start",1059.821167,349935.438,349985.469,1,1059.821167,"1781265307261","../../../../../../Project/UE5/Gallery/Saved/ScreenRecordings/A017_20260612_195507_screen.mkv",349935.438,349985.469,349960.438,"1781265657196","1781265657246","2026-06-12T20:00:57.196+08:00","2026-06-12T20:00:57.246+08:00",1409.656616,EXP1,"b_progress_bar",-1,-1,
"b_preview_panel","B条件预览面板","T004_b_preview_panel_0007","video_relative_to_recording_start",rectangle,287,0,1534,394,,,,"A017","T004","B",loading,,,,,1,TRUE,150.000,200.000,1409.806641,1409.856567,1920,1046,"world_widget_card_size_box_geometry",1,1,"video_relative_to_screen_recording_start",1059.821167,349985.469,350035.406,1,1059.821167,"1781265307261","../../../../../../Project/UE5/Gallery/Saved/ScreenRecordings/A017_20260612_195507_screen.mkv",349985.469,350035.406,350010.438,"1781265657246","1781265657296","2026-06-12T20:00:57.246+08:00","2026-06-12T20:00:57.296+08:00",1409.656616,EXP1,"b_preview",-1,-1,
"b_progress_bar","B条件进度条区域","T004_b_progress_bar_0008","video_relative_to_recording_start",rectangle,567,308,1294,340,,,,"A017","T004","B",loading,,,,,1,TRUE,150.000,200.000,1409.806641,1409.856567,1920,1046,"world_widget_loading_progress_bar_geometry",1,0,"video_relative_to_screen_recording_start",1059.821167,349985.469,350035.406,1,1059.821167,"1781265307261","../../../../../../Project/UE5/Gallery/Saved/ScreenRecordings/A017_20260612_195507_screen.mkv",349985.469,350035.406,350010.438,"1781265657246","1781265657296","2026-06-12T20:00:57.246+08:00","2026-06-12T20:00:57.296+08:00",1409.656616,EXP1,"b_progress_bar",-1,-1,
"b_preview_panel","B条件预览面板","T004_b_preview_panel_0009","video_relative_to_recording_start",rectangle,287,0,1534,394,,,,"A017","T004","B",loading,,,,,1,TRUE,200.000,250.000,1409.856567,1409.906616,1920,1046,"world_widget_card_size_box_geometry",1,1,"video_relative_to_screen_recording_start",1059.821167,350035.406,350085.438,1,1059.821167,"1781265307261","../../../../../../Project/UE5/Gallery/Saved/ScreenRecordings/A017_20260612_195507_screen.mkv",350035.406,350085.438,350060.438,"1781265657296","1781265657346","2026-06-12T20:00:57.296+08:00","2026-06-12T20:00:57.346+08:00",1409.656616,EXP1,"b_preview",-1,-1,
"b_progress_bar","B条件进度条区域","T004_b_progress_bar_0010","video_relative_to_recording_start",rectangle,567,308,1294,340,,,,"A017","T004","B",loading,,,,,1,TRUE,200.000,250.000,1409.856567,1409.906616,1920,1046,"world_widget_loading_progress_bar_geometry",1,0,"video_relative_to_screen_recording_start",1059.821167,350035.406,350085.438,1,1059.821167,"1781265307261","../../../../../../Project/UE5/Gallery/Saved/ScreenRecordings/A017_20260612_195507_screen.mkv",350035.406,350085.438,350060.438,"1781265657296","1781265657346","2026-06-12T20:00:57.296+08:00","2026-06-12T20:00:57.346+08:00",1409.656616,EXP1,"b_progress_bar",-1,-1,
"b_preview_panel","B条件预览面板","T004_b_preview_panel_0011","video_relative_to_recording_start",rectangle,287,0,1534,394,,,,"A017","T004","B",loading,,,,,1,TRUE,250.000,300.000,1409.906616,1409.956665,1920,1046,"world_widget_card_size_box_geometry",1,1,"video_relative_to_screen_recording_start",1059.821167,350085.438,350135.500,1,1059.821167,"1781265307261","../../../../../../Project/UE5/Gallery/Saved/ScreenRecordings/A017_20260612_195507_screen.mkv",350085.438,350135.500,350110.469,"1781265657346","1781265657397","2026-06-12T20:00:57.346+08:00","2026-06-12T20:00:57.396+08:00",1409.656616,EXP1,"b_preview",-1,-1,
"b_progress_bar","B条件进度条区域","T004_b_progress_bar_0012","video_relative_to_recording_start",rectangle,567,308,1294,340,,,,"A017","T004","B",loading,,,,,1,TRUE,250.000,300.000,1409.906616,1409.956665,1920,1046,"world_widget_loading_progress_bar_geometry",1,0,"video_relative_to_screen_recording_start",1059.821167,350085.438,350135.500,1,1059.821167,"1781265307261","../../../../../../Project/UE5/Gallery/Saved/ScreenRecordings/A017_20260612_195507_screen.mkv",350085.438,350135.500,350110.469,"1781265657346","1781265657397","2026-06-12T20:00:57.346+08:00","2026-06-12T20:00:57.396+08:00",1409.656616,EXP1,"b_progress_bar",-1,-1,
"b_preview_panel","B条件预览面板","T004_b_preview_panel_0013","video_relative_to_recording_start",rectangle,287,0,1534,394,,,,"A017","T004","B",loading,,,,,1,TRUE,300.000,350.000,1409.956665,1410.006592,1920,1046,"world_widget_card_size_box_geometry",1,1,"video_relative_to_screen_recording_start",1059.821167,350135.500,350185.438,1,1059.821167,"1781265307261","../../../../../../Project/UE5/Gallery/Saved/ScreenRecordings/A017_20260612_195507_screen.mkv",350135.500,350185.438,350160.469,"1781265657397","1781265657446","2026-06-12T20:00:57.396+08:00","2026-06-12T20:00:57.446+08:00",1409.656616,EXP1,"b_preview",-1,-1,
"b_progress_bar","B条件进度条区域","T004_b_progress_bar_0014","video_relative_to_recording_start",rectangle,567,308,1294,340,,,,"A017","T004","B",loading,,,,,1,TRUE,300.000,350.000,1409.956665,1410.006592,1920,1046,"world_widget_loading_progress_bar_geometry",1,0,"video_relative_to_screen_recording_start",1059.821167,350135.500,350185.438,1,1059.821167,"1781265307261","../../../../../../Project/UE5/Gallery/Saved/ScreenRecordings/A017_20260612_195507_screen.mkv",350135.500,350185.438,350160.469,"1781265657397","1781265657446","2026-06-12T20:00:57.396+08:00","2026-06-12T20:00:57.446+08:00",1409.656616,EXP1,"b_progress_bar",-1,-1,
"b_preview_panel","B条件预览面板","T004_b_preview_panel_0015","video_relative_to_recording_start",rectangle,287,0,1534,394,,,,"A017","T004","B",loading,,,,,1,TRUE,350.000,400.000,1410.006592,1410.056641,1920,1046,"world_widget_card_size_box_geometry",1,1,"video_relative_to_screen_recording_start",1059.821167,350185.438,350235.469,1,1059.821167,"1781265307261","../../../../../../Project/UE5/Gallery/Saved/ScreenRecordings/A017_20260612_195507_screen.mkv",350185.438,350235.469,350210.438,"1781265657446","1781265657496","2026-06-12T20:00:57.446+08:00","2026-06-12T20:00:57.496+08:00",1409.656616,EXP1,"b_preview",-1,-1,
"b_progress_bar","B条件进度条区域","T004_b_progress_bar_0016","video_relative_to_recording_start",rectangle,567,308,1294,340,,,,"A017","T004","B",loading,,,,,1,TRUE,350.000,400.000,1410.006592,1410.056641,1920,1046,"world_widget_loading_progress_bar_geometry",1,0,"video_relative_to_screen_recording_start",1059.821167,350185.438,350235.469,1,1059.821167,"1781265307261","../../../../../../Project/UE5/Gallery/Saved/ScreenRecordings/A017_20260612_195507_screen.mkv",350185.438,350235.469,350210.438,"1781265657446","1781265657496","2026-06-12T20:00:57.446+08:00","2026-06-12T20:00:57.496+08:00",1409.656616,EXP1,"b_progress_bar",-1,-1,
"b_preview_panel","B条件预览面板","T004_b_preview_panel_0017","video_relative_to_recording_start",rectangle,287,0,1534,394,,,,"A017","T004","B",loading,,,,,1,TRUE,400.000,450.000,1410.056641,1410.106567,1920,1046,"world_widget_card_size_box_geometry",1,1,"video_relative_to_screen_recording_start",1059.821167,350235.469,350285.406,1,1059.821167,"1781265307261","../../../../../../Project/UE5/Gallery/Saved/ScreenRecordings/A017_20260612_195507_screen.mkv",350235.469,350285.406,350260.438,"1781265657496","1781265657546","2026-06-12T20:00:57.496+08:00","2026-06-12T20:00:57.546+08:00",1409.656616,EXP1,"b_preview",-1,-1,
"b_progress_bar","B条件进度条区域","T004_b_progress_bar_0018","video_relative_to_recording_start",rectangle,567,308,1294,340,,,,"A017","T004","B",loading,,,,,1,TRUE,400.000,450.000,1410.056641,1410.106567,1920,1046,"world_widget_loading_progress_bar_geometry",1,0,"video_relative_to_screen_recording_start",1059.821167,350235.469,350285.406,1,1059.821167,"1781265307261","../../../../../../Project/UE5/Gallery/Saved/ScreenRecordings/A017_20260612_195507_screen.mkv",350235.469,350285.406,350260.438,"1781265657496","1781265657546","2026-06-12T20:00:57.496+08:00","2026-06-12T20:00:57.546+08:00",1409.656616,EXP1,"b_progress_bar",-1,-1,
"b_preview_panel","B条件预览面板","T004_b_preview_panel_0019","video_relative_to_recording_start",rectangle,287,0,1534,394,,,,"A017","T004","B",loading,,,,,1,TRUE,450.000,500.000,1410.106567,1410.156616,1920,1046,"world_widget_card_size_box_geometry",1,1,"video_relative_to_screen_recording_start",1059.821167,350285.406,350335.438,1,1059.821167,"1781265307261","../../../../../../Project/UE5/Gallery/Saved/ScreenRecordings/A017_20260612_195507_screen.mkv",350285.406,350335.438,350310.438,"1781265657546","1781265657596","2026-06-12T20:00:57.546+08:00","2026-06-12T20:00:57.596+08:00",1409.656616,EXP1,"b_preview",-1,-1,
"b_progress_bar","B条件进度条区域","T004_b_progress_bar_0020","video_relative_to_recording_start",rectangle,567,308,1294,340,,,,"A017","T004","B",loading,,,,,1,TRUE,450.000,500.000,1410.106567,1410.156616,1920,1046,"world_widget_loading_progress_bar_geometry",1,0,"video_relative_to_screen_recording_start",1059.821167,350285.406,350335.438,1,1059.821167,"1781265307261","../../../../../../Project/UE5/Gallery/Saved/ScreenRecordings/A017_20260612_195507_screen.mkv",350285.406,350335.438,350310.438,"1781265657546","1781265657596","2026-06-12T20:00:57.546+08:00","2026-06-12T20:00:57.596+08:00",1409.656616,EXP1,"b_progress_bar",-1,-1,
"b_preview_panel","B条件预览面板","T004_b_preview_panel_0021","video_relative_to_recording_start",rectangle,287,0,1534,394,,,,"A017","T004","B",loading,,,,,1,TRUE,500.000,550.000,1410.156616,1410.206665,1920,1046,"world_widget_card_size_box_geometry",1,1,"video_relative_to_screen_recording_start",1059.821167,350335.438,350385.500,1,1059.821167,"1781265307261","../../../../../../Project/UE5/Gallery/Saved/ScreenRecordings/A017_20260612_195507_screen.mkv",350335.438,350385.500,350360.469,"1781265657596","1781265657647","2026-06-12T20:00:57.596+08:00","2026-06-12T20:00:57.646+08:00",1409.656616,EXP1,"b_preview",-1,-1,
"b_progress_bar","B条件进度条区域","T004_b_progress_bar_0022","video_relative_to_recording_start",rectangle,567,308,1294,340,,,,"A017","T004","B",loading,,,,,1,TRUE,500.000,550.000,1410.156616,1410.206665,1920,1046,"world_widget_loading_progress_bar_geometry",1,0,"video_relative_to_screen_recording_start",1059.821167,350335.438,350385.500,1,1059.821167,"1781265307261","../../../../../../Project/UE5/Gallery/Saved/ScreenRecordings/A017_20260612_195507_screen.mkv",350335.438,350385.500,350360.469,"1781265657596","1781265657647","2026-06-12T20:00:57.596+08:00","2026-06-12T20:00:57.646+08:00",1409.656616,EXP1,"b_progress_bar",-1,-1,
"b_preview_panel","B条件预览面板","T004_b_preview_panel_0023","video_relative_to_recording_start",rectangle,287,0,1534,394,,,,"A017","T004","B",loading,,,,,1,TRUE,550.000,600.000,1410.206665,1410.256592,1920,1046,"world_widget_card_size_box_geometry",1,1,"video_relative_to_screen_recording_start",1059.821167,350385.500,350435.438,1,1059.821167,"1781265307261","../../../../../../Project/UE5/Gallery/Saved/ScreenRecordings/A017_20260612_195507_screen.mkv",350385.500,350435.438,350410.469,"1781265657647","1781265657696","2026-06-12T20:00:57.646+08:00","2026-06-12T20:00:57.696+08:00",1409.656616,EXP1,"b_preview",-1,-1,
"b_progress_bar","B条件进度条区域","T004_b_progress_bar_0024","video_relative_to_recording_start",rectangle,567,308,1294,340,,,,"A017","T004","B",loading,,,,,1,TRUE,550.000,600.000,1410.206665,1410.256592,1920,1046,"world_widget_loading_progress_bar_geometry",1,0,"video_relative_to_screen_recording_start",1059.821167,350385.500,350435.438,1,1059.821167,"1781265307261","../../../../../../Project/UE5/Gallery/Saved/ScreenRecordings/A017_20260612_195507_screen.mkv",350385.500,350435.438,350410.469,"1781265657647","1781265657696","2026-06-12T20:00:57.646+08:00","2026-06-12T20:00:57.696+08:00",1409.656616,EXP1,"b_progress_bar",-1,-1,
"b_preview_panel","B条件预览面板","T004_b_preview_panel_0025","video_relative_to_recording_start",rectangle,287,0,1534,394,,,,"A017","T004","B",loading,,,,,1,TRUE,600.000,650.000,1410.256592,1410.306641,1920,1046,"world_widget_card_size_box_geometry",1,1,"video_relative_to_screen_recording_start",1059.821167,350435.438,350485.469,1,1059.821167,"1781265307261","../../../../../../Project/UE5/Gallery/Saved/ScreenRecordings/A017_20260612_195507_screen.mkv",350435.438,350485.469,350460.438,"1781265657696","1781265657746","2026-06-12T20:00:57.696+08:00","2026-06-12T20:00:57.746+08:00",1409.656616,EXP1,"b_preview",-1,-1,
"b_progress_bar","B条件进度条区域","T004_b_progress_bar_0026","video_relative_to_recording_start",rectangle,567,308,1294,340,,,,"A017","T004","B",loading,,,,,1,TRUE,600.000,650.000,1410.256592,1410.306641,1920,1046,"world_widget_loading_progress_bar_geometry",1,0,"video_relative_to_screen_recording_start",1059.821167,350435.438,350485.469,1,1059.821167,"1781265307261","../../../../../../Project/UE5/Gallery/Saved/ScreenRecordings/A017_20260612_195507_screen.mkv",350435.438,350485.469,350460.438,"1781265657696","1781265657746","2026-06-12T20:00:57.696+08:00","2026-06-12T20:00:57.746+08:00",1409.656616,EXP1,"b_progress_bar",-1,-1,
"b_preview_panel","B条件预览面板","T004_b_preview_panel_0027","video_relative_to_recording_start",rectangle,287,0,1534,394,,,,"A017","T004","B",loading,,,,,1,TRUE,650.000,700.000,1410.306641,1410.356567,1920,1046,"world_widget_card_size_box_geometry",1,1,"video_relative_to_screen_recording_start",1059.821167,350485.469,350535.406,1,1059.821167,"1781265307261","../../../../../../Project/UE5/Gallery/Saved/ScreenRecordings/A017_20260612_195507_screen.mkv",350485.469,350535.406,350510.438,"1781265657746","1781265657796","2026-06-12T20:00:57.746+08:00","2026-06-12T20:00:57.796+08:00",1409.656616,EXP1,"b_preview",-1,-1,
"b_progress_bar","B条件进度条区域","T004_b_progress_bar_0028","video_relative_to_recording_start",rectangle,567,308,1294,340,,,,"A017","T004","B",loading,,,,,1,TRUE,650.000,700.000,1410.306641,1410.356567,1920,1046,"world_widget_loading_progress_bar_geometry",1,0,"video_relative_to_screen_recording_start",1059.821167,350485.469,350535.406,1,1059.821167,"1781265307261","../../../../../../Project/UE5/Gallery/Saved/ScreenRecordings/A017_20260612_195507_screen.mkv",350485.469,350535.406,350510.438,"1781265657746","1781265657796","2026-06-12T20:00:57.746+08:00","2026-06-12T20:00:57.796+08:00",1409.656616,EXP1,"b_progress_bar",-1,-1,
"b_preview_panel","B条件预览面板","T004_b_preview_panel_0029","video_relative_to_recording_start",rectangle,287,0,1534,394,,,,"A017","T004","B",loading,,,,,1,TRUE,700.000,750.000,1410.356567,1410.406616,1920,1046,"world_widget_card_size_box_geometry",1,1,"video_relative_to_screen_recording_start",1059.821167,350535.406,350585.438,1,1059.821167,"1781265307261","../../../../../../Project/UE5/Gallery/Saved/ScreenRecordings/A017_20260612_195507_screen.mkv",350535.406,350585.438,350560.438,"1781265657796","1781265657846","2026-06-12T20:00:57.796+08:00","2026-06-12T20:00:57.846+08:00",1409.656616,EXP1,"b_preview",-1,-1,
"b_progress_bar","B条件进度条区域","T004_b_progress_bar_0030","video_relative_to_recording_start",rectangle,567,308,1294,340,,,,"A017","T004","B",loading,,,,,1,TRUE,700.000,750.000,1410.356567,1410.406616,1920,1046,"world_widget_loading_progress_bar_geometry",1,0,"video_relative_to_screen_recording_start",1059.821167,350535.406,350585.438,1,1059.821167,"1781265307261","../../../../../../Project/UE5/Gallery/Saved/ScreenRecordings/A017_20260612_195507_screen.mkv",350535.406,350585.438,350560.438,"1781265657796","1781265657846","2026-06-12T20:00:57.796+08:00","2026-06-12T20:00:57.846+08:00",1409.656616,EXP1,"b_progress_bar",-1,-1,
"b_preview_panel","B条件预览面板","T004_b_preview_panel_0031","video_relative_to_recording_start",rectangle,303,0,1498,424,,,,"A017","T004","B",loading,,,,,1,TRUE,750.000,800.000,1410.406616,1410.456665,1920,1046,"world_widget_card_size_box_geometry",1,1,"video_relative_to_screen_recording_start",1059.821167,350585.438,350635.500,1,1059.821167,"1781265307261","../../../../../../Project/UE5/Gallery/Saved/ScreenRecordings/A017_20260612_195507_screen.mkv",350585.438,350635.500,350610.469,"1781265657846","1781265657896","2026-06-12T20:00:57.846+08:00","2026-06-12T20:00:57.896+08:00",1409.656616,EXP1,"b_preview",-1,-1,
"b_progress_bar","B条件进度条区域","T004_b_progress_bar_0032","video_relative_to_recording_start",rectangle,561,337,1285,370,,,,"A017","T004","B",loading,,,,,1,TRUE,750.000,800.000,1410.406616,1410.456665,1920,1046,"world_widget_loading_progress_bar_geometry",1,0,"video_relative_to_screen_recording_start",1059.821167,350585.438,350635.500,1,1059.821167,"1781265307261","../../../../../../Project/UE5/Gallery/Saved/ScreenRecordings/A017_20260612_195507_screen.mkv",350585.438,350635.500,350610.469,"1781265657846","1781265657896","2026-06-12T20:00:57.846+08:00","2026-06-12T20:00:57.896+08:00",1409.656616,EXP1,"b_progress_bar",-1,-1,
"b_preview_panel","B条件预览面板","T004_b_preview_panel_0033","video_relative_to_recording_start",rectangle,325,0,1449,469,,,,"A017","T004","B",loading,,,,,1,TRUE,800.000,850.000,1410.456665,1410.506592,1920,1046,"world_widget_card_size_box_geometry",1,1,"video_relative_to_screen_recording_start",1059.821167,350635.500,350685.438,1,1059.821167,"1781265307261","../../../../../../Project/UE5/Gallery/Saved/ScreenRecordings/A017_20260612_195507_screen.mkv",350635.500,350685.438,350660.469,"1781265657896","1781265657946","2026-06-12T20:00:57.896+08:00","2026-06-12T20:00:57.946+08:00",1409.656616,EXP1,"b_preview",-1,-1,
"b_progress_bar","B条件进度条区域","T004_b_progress_bar_0034","video_relative_to_recording_start",rectangle,551,381,1272,415,,,,"A017","T004","B",loading,,,,,1,TRUE,800.000,850.000,1410.456665,1410.506592,1920,1046,"world_widget_loading_progress_bar_geometry",1,0,"video_relative_to_screen_recording_start",1059.821167,350635.500,350685.438,1,1059.821167,"1781265307261","../../../../../../Project/UE5/Gallery/Saved/ScreenRecordings/A017_20260612_195507_screen.mkv",350635.500,350685.438,350660.469,"1781265657896","1781265657946","2026-06-12T20:00:57.896+08:00","2026-06-12T20:00:57.946+08:00",1409.656616,EXP1,"b_progress_bar",-1,-1,
"b_preview_panel","B条件预览面板","T004_b_preview_panel_0035","video_relative_to_recording_start",rectangle,337,0,1427,493,,,,"A017","T004","B",loading,,,,,1,TRUE,850.000,900.000,1410.506592,1410.556641,1920,1046,"world_widget_card_size_box_geometry",1,1,"video_relative_to_screen_recording_start",1059.821167,350685.438,350735.469,1,1059.821167,"1781265307261","../../../../../../Project/UE5/Gallery/Saved/ScreenRecordings/A017_20260612_195507_screen.mkv",350685.438,350735.469,350710.438,"1781265657946","1781265657996","2026-06-12T20:00:57.946+08:00","2026-06-12T20:00:57.996+08:00",1409.656616,EXP1,"b_preview",-1,-1,
"b_progress_bar","B条件进度条区域","T004_b_progress_bar_0036","video_relative_to_recording_start",rectangle,547,405,1266,439,,,,"A017","T004","B",loading,,,,,1,TRUE,850.000,900.000,1410.506592,1410.556641,1920,1046,"world_widget_loading_progress_bar_geometry",1,0,"video_relative_to_screen_recording_start",1059.821167,350685.438,350735.469,1,1059.821167,"1781265307261","../../../../../../Project/UE5/Gallery/Saved/ScreenRecordings/A017_20260612_195507_screen.mkv",350685.438,350735.469,350710.438,"1781265657946","1781265657996","2026-06-12T20:00:57.946+08:00","2026-06-12T20:00:57.996+08:00",1409.656616,EXP1,"b_progress_bar",-1,-1,
"b_preview_panel","B条件预览面板","T004_b_preview_panel_0037","video_relative_to_recording_start",rectangle,339,0,1415,504,,,,"A017","T004","B",loading,,,,,1,TRUE,900.000,950.000,1410.556641,1410.606567,1920,1046,"world_widget_card_size_box_geometry",1,1,"video_relative_to_screen_recording_start",1059.821167,350735.469,350785.406,1,1059.821167,"1781265307261","../../../../../../Project/UE5/Gallery/Saved/ScreenRecordings/A017_20260612_195507_screen.mkv",350735.469,350785.406,350760.438,"1781265657996","1781265658046","2026-06-12T20:00:57.996+08:00","2026-06-12T20:00:58.046+08:00",1409.656616,EXP1,"b_preview",-1,-1,
"b_progress_bar","B条件进度条区域","T004_b_progress_bar_0038","video_relative_to_recording_start",rectangle,543,416,1262,450,,,,"A017","T004","B",loading,,,,,1,TRUE,900.000,950.000,1410.556641,1410.606567,1920,1046,"world_widget_loading_progress_bar_geometry",1,0,"video_relative_to_screen_recording_start",1059.821167,350735.469,350785.406,1,1059.821167,"1781265307261","../../../../../../Project/UE5/Gallery/Saved/ScreenRecordings/A017_20260612_195507_screen.mkv",350735.469,350785.406,350760.438,"1781265657996","1781265658046","2026-06-12T20:00:57.996+08:00","2026-06-12T20:00:58.046+08:00",1409.656616,EXP1,"b_progress_bar",-1,-1,
"b_preview_panel","B条件预览面板","T004_b_preview_panel_0039","video_relative_to_recording_start",rectangle,339,0,1415,504,,,,"A017","T004","B",loading,,,,,1,TRUE,950.000,1000.000,1410.606567,1410.656616,1920,1046,"world_widget_card_size_box_geometry",1,1,"video_relative_to_screen_recording_start",1059.821167,350785.406,350835.438,1,1059.821167,"1781265307261","../../../../../../Project/UE5/Gallery/Saved/ScreenRecordings/A017_20260612_195507_screen.mkv",350785.406,350835.438,350810.438,"1781265658046","1781265658096","2026-06-12T20:00:58.046+08:00","2026-06-12T20:00:58.096+08:00",1409.656616,EXP1,"b_preview",-1,-1,
"b_progress_bar","B条件进度条区域","T004_b_progress_bar_0040","video_relative_to_recording_start",rectangle,543,416,1262,450,,,,"A017","T004","B",loading,,,,,1,TRUE,950.000,1000.000,1410.606567,1410.656616,1920,1046,"world_widget_loading_progress_bar_geometry",1,0,"video_relative_to_screen_recording_start",1059.821167,350785.406,350835.438,1,1059.821167,"1781265307261","../../../../../../Project/UE5/Gallery/Saved/ScreenRecordings/A017_20260612_195507_screen.mkv",350785.406,350835.438,350810.438,"1781265658046","1781265658096","2026-06-12T20:00:58.046+08:00","2026-06-12T20:00:58.096+08:00",1409.656616,EXP1,"b_progress_bar",-1,-1,
"b_preview_panel","B条件预览面板","T004_b_preview_panel_0041","video_relative_to_recording_start",rectangle,343,0,1395,523,,,,"A017","T004","B",loading,,,,,1,TRUE,1000.000,1050.000,1410.656616,1410.706665,1920,1046,"world_widget_card_size_box_geometry",1,1,"video_relative_to_screen_recording_start",1059.821167,350835.438,350885.500,1,1059.821167,"1781265307261","../../../../../../Project/UE5/Gallery/Saved/ScreenRecordings/A017_20260612_195507_screen.mkv",350835.438,350885.500,350860.469,"1781265658096","1781265658147","2026-06-12T20:00:58.096+08:00","2026-06-12T20:00:58.146+08:00",1409.656616,EXP1,"b_preview",-1,-1,
"b_progress_bar","B条件进度条区域","T004_b_progress_bar_0042","video_relative_to_recording_start",rectangle,536,434,1254,469,,,,"A017","T004","B",loading,,,,,1,TRUE,1000.000,1050.000,1410.656616,1410.706665,1920,1046,"world_widget_loading_progress_bar_geometry",1,0,"video_relative_to_screen_recording_start",1059.821167,350835.438,350885.500,1,1059.821167,"1781265307261","../../../../../../Project/UE5/Gallery/Saved/ScreenRecordings/A017_20260612_195507_screen.mkv",350835.438,350885.500,350860.469,"1781265658096","1781265658147","2026-06-12T20:00:58.096+08:00","2026-06-12T20:00:58.146+08:00",1409.656616,EXP1,"b_progress_bar",-1,-1,
"b_preview_panel","B条件预览面板","T004_b_preview_panel_0043","video_relative_to_recording_start",rectangle,348,0,1364,556,,,,"A017","T004","B",loading,,,,,1,TRUE,1050.000,1100.000,1410.706665,1410.756592,1920,1046,"world_widget_card_size_box_geometry",1,1,"video_relative_to_screen_recording_start",1059.821167,350885.500,350935.438,1,1059.821167,"1781265307261","../../../../../../Project/UE5/Gallery/Saved/ScreenRecordings/A017_20260612_195507_screen.mkv",350885.500,350935.438,350910.469,"1781265658147","1781265658196","2026-06-12T20:00:58.146+08:00","2026-06-12T20:00:58.196+08:00",1409.656616,EXP1,"b_preview",-1,-1,
"b_progress_bar","B条件进度条区域","T004_b_progress_bar_0044","video_relative_to_recording_start",rectangle,524,465,1242,502,,,,"A017","T004","B",loading,,,,,1,TRUE,1050.000,1100.000,1410.706665,1410.756592,1920,1046,"world_widget_loading_progress_bar_geometry",1,0,"video_relative_to_screen_recording_start",1059.821167,350885.500,350935.438,1,1059.821167,"1781265307261","../../../../../../Project/UE5/Gallery/Saved/ScreenRecordings/A017_20260612_195507_screen.mkv",350885.500,350935.438,350910.469,"1781265658147","1781265658196","2026-06-12T20:00:58.146+08:00","2026-06-12T20:00:58.196+08:00",1409.656616,EXP1,"b_progress_bar",-1,-1,
"b_preview_panel","B条件预览面板","T004_b_preview_panel_0045","video_relative_to_recording_start",rectangle,356,0,1326,601,,,,"A017","T004","B",loading,,,,,1,TRUE,1100.000,1150.000,1410.756592,1410.806641,1920,1046,"world_widget_card_size_box_geometry",1,1,"video_relative_to_screen_recording_start",1059.821167,350935.438,350985.469,1,1059.821167,"1781265307261","../../../../../../Project/UE5/Gallery/Saved/ScreenRecordings/A017_20260612_195507_screen.mkv",350935.438,350985.469,350960.438,"1781265658196","1781265658246","2026-06-12T20:00:58.196+08:00","2026-06-12T20:00:58.246+08:00",1409.656616,EXP1,"b_preview",-1,-1,
"b_progress_bar","B条件进度条区域","T004_b_progress_bar_0046","video_relative_to_recording_start",rectangle,508,508,1226,546,,,,"A017","T004","B",loading,,,,,1,TRUE,1100.000,1150.000,1410.756592,1410.806641,1920,1046,"world_widget_loading_progress_bar_geometry",1,0,"video_relative_to_screen_recording_start",1059.821167,350935.438,350985.469,1,1059.821167,"1781265307261","../../../../../../Project/UE5/Gallery/Saved/ScreenRecordings/A017_20260612_195507_screen.mkv",350935.438,350985.469,350960.438,"1781265658196","1781265658246","2026-06-12T20:00:58.196+08:00","2026-06-12T20:00:58.246+08:00",1409.656616,EXP1,"b_progress_bar",-1,-1,
"b_preview_panel","B条件预览面板","T004_b_preview_panel_0047","video_relative_to_recording_start",rectangle,371,0,1304,642,,,,"A017","T004","B",loading,,,,,1,TRUE,1150.000,1200.000,1410.806641,1410.856567,1920,1046,"world_widget_card_size_box_geometry",1,1,"video_relative_to_screen_recording_start",1059.821167,350985.469,351035.406,1,1059.821167,"1781265307261","../../../../../../Project/UE5/Gallery/Saved/ScreenRecordings/A017_20260612_195507_screen.mkv",350985.469,351035.406,351010.438,"1781265658246","1781265658296","2026-06-12T20:00:58.246+08:00","2026-06-12T20:00:58.296+08:00",1409.656616,EXP1,"b_preview",-1,-1,
"b_progress_bar","B条件进度条区域","T004_b_progress_bar_0048","video_relative_to_recording_start",rectangle,500,547,1219,587,,,,"A017","T004","B",loading,,,,,1,TRUE,1150.000,1200.000,1410.806641,1410.856567,1920,1046,"world_widget_loading_progress_bar_geometry",1,0,"video_relative_to_screen_recording_start",1059.821167,350985.469,351035.406,1,1059.821167,"1781265307261","../../../../../../Project/UE5/Gallery/Saved/ScreenRecordings/A017_20260612_195507_screen.mkv",350985.469,351035.406,351010.438,"1781265658246","1781265658296","2026-06-12T20:00:58.246+08:00","2026-06-12T20:00:58.296+08:00",1409.656616,EXP1,"b_progress_bar",-1,-1,
"b_preview_panel","B条件预览面板","T004_b_preview_panel_0049","video_relative_to_recording_start",rectangle,388,0,1285,684,,,,"A017","T004","B",loading,,,,,1,TRUE,1200.000,1250.000,1410.856567,1410.906616,1920,1046,"world_widget_card_size_box_geometry",1,1,"video_relative_to_screen_recording_start",1059.821167,351035.406,351085.438,1,1059.821167,"1781265307261","../../../../../../Project/UE5/Gallery/Saved/ScreenRecordings/A017_20260612_195507_screen.mkv",351035.406,351085.438,351060.438,"1781265658296","1781265658346","2026-06-12T20:00:58.296+08:00","2026-06-12T20:00:58.346+08:00",1409.656616,EXP1,"b_preview",-1,-1,
"b_progress_bar","B条件进度条区域","T004_b_progress_bar_0050","video_relative_to_recording_start",rectangle,494,588,1215,628,,,,"A017","T004","B",loading,,,,,1,TRUE,1200.000,1250.000,1410.856567,1410.906616,1920,1046,"world_widget_loading_progress_bar_geometry",1,0,"video_relative_to_screen_recording_start",1059.821167,351035.406,351085.438,1,1059.821167,"1781265307261","../../../../../../Project/UE5/Gallery/Saved/ScreenRecordings/A017_20260612_195507_screen.mkv",351035.406,351085.438,351060.438,"1781265658296","1781265658346","2026-06-12T20:00:58.296+08:00","2026-06-12T20:00:58.346+08:00",1409.656616,EXP1,"b_progress_bar",-1,-1,
"b_preview_panel","B条件预览面板","T004_b_preview_panel_0051","video_relative_to_recording_start",rectangle,395,0,1274,709,,,,"A017","T004","B",loading,,,,,1,TRUE,1250.000,1300.000,1410.906616,1410.956665,1920,1046,"world_widget_card_size_box_geometry",1,1,"video_relative_to_screen_recording_start",1059.821167,351085.438,351135.500,1,1059.821167,"1781265307261","../../../../../../Project/UE5/Gallery/Saved/ScreenRecordings/A017_20260612_195507_screen.mkv",351085.438,351135.500,351110.469,"1781265658346","1781265658396","2026-06-12T20:00:58.346+08:00","2026-06-12T20:00:58.396+08:00",1409.656616,EXP1,"b_preview",-1,-1,
"b_progress_bar","B条件进度条区域","T004_b_progress_bar_0052","video_relative_to_recording_start",rectangle,488,612,1211,653,,,,"A017","T004","B",loading,,,,,1,TRUE,1250.000,1300.000,1410.906616,1410.956665,1920,1046,"world_widget_loading_progress_bar_geometry",1,0,"video_relative_to_screen_recording_start",1059.821167,351085.438,351135.500,1,1059.821167,"1781265307261","../../../../../../Project/UE5/Gallery/Saved/ScreenRecordings/A017_20260612_195507_screen.mkv",351085.438,351135.500,351110.469,"1781265658346","1781265658396","2026-06-12T20:00:58.346+08:00","2026-06-12T20:00:58.396+08:00",1409.656616,EXP1,"b_progress_bar",-1,-1,
"b_preview_panel","B条件预览面板","T004_b_preview_panel_0053","video_relative_to_recording_start",rectangle,403,0,1270,725,,,,"A017","T004","B",loading,,,,,1,TRUE,1300.000,1350.000,1410.956665,1411.006592,1920,1046,"world_widget_card_size_box_geometry",1,1,"video_relative_to_screen_recording_start",1059.821167,351135.500,351185.438,1,1059.821167,"1781265307261","../../../../../../Project/UE5/Gallery/Saved/ScreenRecordings/A017_20260612_195507_screen.mkv",351135.500,351185.438,351160.469,"1781265658396","1781265658446","2026-06-12T20:00:58.396+08:00","2026-06-12T20:00:58.446+08:00",1409.656616,EXP1,"b_preview",-1,-1,
"b_progress_bar","B条件进度条区域","T004_b_progress_bar_0054","video_relative_to_recording_start",rectangle,488,628,1212,668,,,,"A017","T004","B",loading,,,,,1,TRUE,1300.000,1350.000,1410.956665,1411.006592,1920,1046,"world_widget_loading_progress_bar_geometry",1,0,"video_relative_to_screen_recording_start",1059.821167,351135.500,351185.438,1,1059.821167,"1781265307261","../../../../../../Project/UE5/Gallery/Saved/ScreenRecordings/A017_20260612_195507_screen.mkv",351135.500,351185.438,351160.469,"1781265658396","1781265658446","2026-06-12T20:00:58.396+08:00","2026-06-12T20:00:58.446+08:00",1409.656616,EXP1,"b_progress_bar",-1,-1,
"b_preview_panel","B条件预览面板","T004_b_preview_panel_0055","video_relative_to_recording_start",rectangle,411,0,1264,745,,,,"A017","T004","B",loading,,,,,1,TRUE,1350.000,1400.000,1411.006592,1411.056641,1920,1046,"world_widget_card_size_box_geometry",1,1,"video_relative_to_screen_recording_start",1059.821167,351185.438,351235.469,1,1059.821167,"1781265307261","../../../../../../Project/UE5/Gallery/Saved/ScreenRecordings/A017_20260612_195507_screen.mkv",351185.438,351235.469,351210.438,"1781265658446","1781265658496","2026-06-12T20:00:58.446+08:00","2026-06-12T20:00:58.496+08:00",1409.656616,EXP1,"b_preview",-1,-1,
"b_progress_bar","B条件进度条区域","T004_b_progress_bar_0056","video_relative_to_recording_start",rectangle,486,647,1211,688,,,,"A017","T004","B",loading,,,,,1,TRUE,1350.000,1400.000,1411.006592,1411.056641,1920,1046,"world_widget_loading_progress_bar_geometry",1,0,"video_relative_to_screen_recording_start",1059.821167,351185.438,351235.469,1,1059.821167,"1781265307261","../../../../../../Project/UE5/Gallery/Saved/ScreenRecordings/A017_20260612_195507_screen.mkv",351185.438,351235.469,351210.438,"1781265658446","1781265658496","2026-06-12T20:00:58.446+08:00","2026-06-12T20:00:58.496+08:00",1409.656616,EXP1,"b_progress_bar",-1,-1,
"b_preview_panel","B条件预览面板","T004_b_preview_panel_0057","video_relative_to_recording_start",rectangle,428,0,1255,785,,,,"A017","T004","B",loading,,,,,1,TRUE,1400.000,1450.000,1411.056641,1411.106567,1920,1046,"world_widget_card_size_box_geometry",1,1,"video_relative_to_screen_recording_start",1059.821167,351235.469,351285.406,1,1059.821167,"1781265307261","../../../../../../Project/UE5/Gallery/Saved/ScreenRecordings/A017_20260612_195507_screen.mkv",351235.469,351285.406,351260.438,"1781265658496","1781265658546","2026-06-12T20:00:58.496+08:00","2026-06-12T20:00:58.546+08:00",1409.656616,EXP1,"b_preview",-1,-1,
"b_progress_bar","B条件进度条区域","T004_b_progress_bar_0058","video_relative_to_recording_start",rectangle,483,686,1212,728,,,,"A017","T004","B",loading,,,,,1,TRUE,1400.000,1450.000,1411.056641,1411.106567,1920,1046,"world_widget_loading_progress_bar_geometry",1,0,"video_relative_to_screen_recording_start",1059.821167,351235.469,351285.406,1,1059.821167,"1781265307261","../../../../../../Project/UE5/Gallery/Saved/ScreenRecordings/A017_20260612_195507_screen.mkv",351235.469,351285.406,351260.438,"1781265658496","1781265658546","2026-06-12T20:00:58.496+08:00","2026-06-12T20:00:58.546+08:00",1409.656616,EXP1,"b_progress_bar",-1,-1,
"b_preview_panel","B条件预览面板","T004_b_preview_panel_0059","video_relative_to_recording_start",rectangle,435,0,1243,818,,,,"A017","T004","B",loading,,,,,1,TRUE,1450.000,1500.000,1411.106567,1411.156616,1920,1046,"world_widget_card_size_box_geometry",1,1,"video_relative_to_screen_recording_start",1059.821167,351285.406,351335.438,1,1059.821167,"1781265307261","../../../../../../Project/UE5/Gallery/Saved/ScreenRecordings/A017_20260612_195507_screen.mkv",351285.406,351335.438,351310.438,"1781265658546","1781265658596","2026-06-12T20:00:58.546+08:00","2026-06-12T20:00:58.596+08:00",1409.656616,EXP1,"b_preview",-1,-1,
"b_progress_bar","B条件进度条区域","T004_b_progress_bar_0060","video_relative_to_recording_start",rectangle,475,717,1208,760,,,,"A017","T004","B",loading,,,,,1,TRUE,1450.000,1500.000,1411.106567,1411.156616,1920,1046,"world_widget_loading_progress_bar_geometry",1,0,"video_relative_to_screen_recording_start",1059.821167,351285.406,351335.438,1,1059.821167,"1781265307261","../../../../../../Project/UE5/Gallery/Saved/ScreenRecordings/A017_20260612_195507_screen.mkv",351285.406,351335.438,351310.438,"1781265658546","1781265658596","2026-06-12T20:00:58.546+08:00","2026-06-12T20:00:58.596+08:00",1409.656616,EXP1,"b_progress_bar",-1,-1,
"b_preview_panel","B条件预览面板","T004_b_preview_panel_0061","video_relative_to_recording_start",rectangle,435,0,1243,820,,,,"A017","T004","B",loading,,,,,1,TRUE,1500.000,1550.000,1411.156616,1411.206665,1920,1046,"world_widget_card_size_box_geometry",1,1,"video_relative_to_screen_recording_start",1059.821167,351335.438,351385.500,1,1059.821167,"1781265307261","../../../../../../Project/UE5/Gallery/Saved/ScreenRecordings/A017_20260612_195507_screen.mkv",351335.438,351385.500,351360.469,"1781265658596","1781265658646","2026-06-12T20:00:58.596+08:00","2026-06-12T20:00:58.646+08:00",1409.656616,EXP1,"b_preview",-1,-1,
"b_progress_bar","B条件进度条区域","T004_b_progress_bar_0062","video_relative_to_recording_start",rectangle,475,719,1208,762,,,,"A017","T004","B",loading,,,,,1,TRUE,1500.000,1550.000,1411.156616,1411.206665,1920,1046,"world_widget_loading_progress_bar_geometry",1,0,"video_relative_to_screen_recording_start",1059.821167,351335.438,351385.500,1,1059.821167,"1781265307261","../../../../../../Project/UE5/Gallery/Saved/ScreenRecordings/A017_20260612_195507_screen.mkv",351335.438,351385.500,351360.469,"1781265658596","1781265658646","2026-06-12T20:00:58.596+08:00","2026-06-12T20:00:58.646+08:00",1409.656616,EXP1,"b_progress_bar",-1,-1,
"b_preview_panel","B条件预览面板","T004_b_preview_panel_0063","video_relative_to_recording_start",rectangle,435,0,1243,820,,,,"A017","T004","B",loading,,,,,1,TRUE,1550.000,1600.000,1411.206665,1411.256592,1920,1046,"world_widget_card_size_box_geometry",1,1,"video_relative_to_screen_recording_start",1059.821167,351385.500,351435.438,1,1059.821167,"1781265307261","../../../../../../Project/UE5/Gallery/Saved/ScreenRecordings/A017_20260612_195507_screen.mkv",351385.500,351435.438,351410.469,"1781265658646","1781265658696","2026-06-12T20:00:58.646+08:00","2026-06-12T20:00:58.696+08:00",1409.656616,EXP1,"b_preview",-1,-1,
"b_progress_bar","B条件进度条区域","T004_b_progress_bar_0064","video_relative_to_recording_start",rectangle,475,719,1208,762,,,,"A017","T004","B",loading,,,,,1,TRUE,1550.000,1600.000,1411.206665,1411.256592,1920,1046,"world_widget_loading_progress_bar_geometry",1,0,"video_relative_to_screen_recording_start",1059.821167,351385.500,351435.438,1,1059.821167,"1781265307261","../../../../../../Project/UE5/Gallery/Saved/ScreenRecordings/A017_20260612_195507_screen.mkv",351385.500,351435.438,351410.469,"1781265658646","1781265658696","2026-06-12T20:00:58.646+08:00","2026-06-12T20:00:58.696+08:00",1409.656616,EXP1,"b_progress_bar",-1,-1,
"b_preview_panel","B条件预览面板","T004_b_preview_panel_0065","video_relative_to_recording_start",rectangle,430,0,1241,830,,,,"A017","T004","B",loading,,,,,1,TRUE,1600.000,1650.000,1411.256592,1411.306641,1920,1046,"world_widget_card_size_box_geometry",1,1,"video_relative_to_screen_recording_start",1059.821167,351435.438,351485.469,1,1059.821167,"1781265307261","../../../../../../Project/UE5/Gallery/Saved/ScreenRecordings/A017_20260612_195507_screen.mkv",351435.438,351485.469,351460.438,"1781265658696","1781265658746","2026-06-12T20:00:58.696+08:00","2026-06-12T20:00:58.746+08:00",1409.656616,EXP1,"b_preview",-1,-1,
"b_progress_bar","B条件进度条区域","T004_b_progress_bar_0066","video_relative_to_recording_start",rectangle,471,728,1206,771,,,,"A017","T004","B",loading,,,,,1,TRUE,1600.000,1650.000,1411.256592,1411.306641,1920,1046,"world_widget_loading_progress_bar_geometry",1,0,"video_relative_to_screen_recording_start",1059.821167,351435.438,351485.469,1,1059.821167,"1781265307261","../../../../../../Project/UE5/Gallery/Saved/ScreenRecordings/A017_20260612_195507_screen.mkv",351435.438,351485.469,351460.438,"1781265658696","1781265658746","2026-06-12T20:00:58.696+08:00","2026-06-12T20:00:58.746+08:00",1409.656616,EXP1,"b_progress_bar",-1,-1,
"b_preview_panel","B条件预览面板","T004_b_preview_panel_0067","video_relative_to_recording_start",rectangle,429,0,1240,832,,,,"A017","T004","B",loading,,,,,1,TRUE,1650.000,1700.000,1411.306641,1411.356567,1920,1046,"world_widget_card_size_box_geometry",1,1,"video_relative_to_screen_recording_start",1059.821167,351485.469,351535.406,1,1059.821167,"1781265307261","../../../../../../Project/UE5/Gallery/Saved/ScreenRecordings/A017_20260612_195507_screen.mkv",351485.469,351535.406,351510.438,"1781265658746","1781265658796","2026-06-12T20:00:58.746+08:00","2026-06-12T20:00:58.796+08:00",1409.656616,EXP1,"b_preview",-1,-1,
"b_progress_bar","B条件进度条区域","T004_b_progress_bar_0068","video_relative_to_recording_start",rectangle,469,730,1205,773,,,,"A017","T004","B",loading,,,,,1,TRUE,1650.000,1700.000,1411.306641,1411.356567,1920,1046,"world_widget_loading_progress_bar_geometry",1,0,"video_relative_to_screen_recording_start",1059.821167,351485.469,351535.406,1,1059.821167,"1781265307261","../../../../../../Project/UE5/Gallery/Saved/ScreenRecordings/A017_20260612_195507_screen.mkv",351485.469,351535.406,351510.438,"1781265658746","1781265658796","2026-06-12T20:00:58.746+08:00","2026-06-12T20:00:58.796+08:00",1409.656616,EXP1,"b_progress_bar",-1,-1,
"b_preview_panel","B条件预览面板","T004_b_preview_panel_0069","video_relative_to_recording_start",rectangle,429,0,1240,832,,,,"A017","T004","B",loading,,,,,1,TRUE,1700.000,1750.000,1411.356567,1411.406616,1920,1046,"world_widget_card_size_box_geometry",1,1,"video_relative_to_screen_recording_start",1059.821167,351535.406,351585.438,1,1059.821167,"1781265307261","../../../../../../Project/UE5/Gallery/Saved/ScreenRecordings/A017_20260612_195507_screen.mkv",351535.406,351585.438,351560.438,"1781265658796","1781265658846","2026-06-12T20:00:58.796+08:00","2026-06-12T20:00:58.846+08:00",1409.656616,EXP1,"b_preview",-1,-1,
"b_progress_bar","B条件进度条区域","T004_b_progress_bar_0070","video_relative_to_recording_start",rectangle,469,730,1205,773,,,,"A017","T004","B",loading,,,,,1,TRUE,1700.000,1750.000,1411.356567,1411.406616,1920,1046,"world_widget_loading_progress_bar_geometry",1,0,"video_relative_to_screen_recording_start",1059.821167,351535.406,351585.438,1,1059.821167,"1781265307261","../../../../../../Project/UE5/Gallery/Saved/ScreenRecordings/A017_20260612_195507_screen.mkv",351535.406,351585.438,351560.438,"1781265658796","1781265658846","2026-06-12T20:00:58.796+08:00","2026-06-12T20:00:58.846+08:00",1409.656616,EXP1,"b_progress_bar",-1,-1,
"b_preview_panel","B条件预览面板","T004_b_preview_panel_0071","video_relative_to_recording_start",rectangle,429,0,1240,832,,,,"A017","T004","B",loading,,,,,1,TRUE,1750.000,1800.000,1411.406616,1411.456665,1920,1046,"world_widget_card_size_box_geometry",1,1,"video_relative_to_screen_recording_start",1059.821167,351585.438,351635.500,1,1059.821167,"1781265307261","../../../../../../Project/UE5/Gallery/Saved/ScreenRecordings/A017_20260612_195507_screen.mkv",351585.438,351635.500,351610.469,"1781265658846","1781265658897","2026-06-12T20:00:58.846+08:00","2026-06-12T20:00:58.896+08:00",1409.656616,EXP1,"b_preview",-1,-1,
"b_progress_bar","B条件进度条区域","T004_b_progress_bar_0072","video_relative_to_recording_start",rectangle,469,730,1205,773,,,,"A017","T004","B",loading,,,,,1,TRUE,1750.000,1800.000,1411.406616,1411.456665,1920,1046,"world_widget_loading_progress_bar_geometry",1,0,"video_relative_to_screen_recording_start",1059.821167,351585.438,351635.500,1,1059.821167,"1781265307261","../../../../../../Project/UE5/Gallery/Saved/ScreenRecordings/A017_20260612_195507_screen.mkv",351585.438,351635.500,351610.469,"1781265658846","1781265658897","2026-06-12T20:00:58.846+08:00","2026-06-12T20:00:58.896+08:00",1409.656616,EXP1,"b_progress_bar",-1,-1,
"b_preview_panel","B条件预览面板","T004_b_preview_panel_0073","video_relative_to_recording_start",rectangle,429,0,1240,832,,,,"A017","T004","B",loading,,,,,1,TRUE,1800.000,1850.000,1411.456665,1411.506592,1920,1046,"world_widget_card_size_box_geometry",1,1,"video_relative_to_screen_recording_start",1059.821167,351635.500,351685.438,1,1059.821167,"1781265307261","../../../../../../Project/UE5/Gallery/Saved/ScreenRecordings/A017_20260612_195507_screen.mkv",351635.500,351685.438,351660.469,"1781265658897","1781265658946","2026-06-12T20:00:58.896+08:00","2026-06-12T20:00:58.946+08:00",1409.656616,EXP1,"b_preview",-1,-1,
"b_progress_bar","B条件进度条区域","T004_b_progress_bar_0074","video_relative_to_recording_start",rectangle,469,730,1205,773,,,,"A017","T004","B",loading,,,,,1,TRUE,1800.000,1850.000,1411.456665,1411.506592,1920,1046,"world_widget_loading_progress_bar_geometry",1,0,"video_relative_to_screen_recording_start",1059.821167,351635.500,351685.438,1,1059.821167,"1781265307261","../../../../../../Project/UE5/Gallery/Saved/ScreenRecordings/A017_20260612_195507_screen.mkv",351635.500,351685.438,351660.469,"1781265658897","1781265658946","2026-06-12T20:00:58.896+08:00","2026-06-12T20:00:58.946+08:00",1409.656616,EXP1,"b_progress_bar",-1,-1,
"b_preview_panel","B条件预览面板","T004_b_preview_panel_0075","video_relative_to_recording_start",rectangle,429,0,1240,832,,,,"A017","T004","B",loading,,,,,1,TRUE,1850.000,1900.000,1411.506592,1411.556641,1920,1046,"world_widget_card_size_box_geometry",1,1,"video_relative_to_screen_recording_start",1059.821167,351685.438,351735.469,1,1059.821167,"1781265307261","../../../../../../Project/UE5/Gallery/Saved/ScreenRecordings/A017_20260612_195507_screen.mkv",351685.438,351735.469,351710.438,"1781265658946","1781265658996","2026-06-12T20:00:58.946+08:00","2026-06-12T20:00:58.996+08:00",1409.656616,EXP1,"b_preview",-1,-1,
"b_progress_bar","B条件进度条区域","T004_b_progress_bar_0076","video_relative_to_recording_start",rectangle,469,730,1205,773,,,,"A017","T004","B",loading,,,,,1,TRUE,1850.000,1900.000,1411.506592,1411.556641,1920,1046,"world_widget_loading_progress_bar_geometry",1,0,"video_relative_to_screen_recording_start",1059.821167,351685.438,351735.469,1,1059.821167,"1781265307261","../../../../../../Project/UE5/Gallery/Saved/ScreenRecordings/A017_20260612_195507_screen.mkv",351685.438,351735.469,351710.438,"1781265658946","1781265658996","2026-06-12T20:00:58.946+08:00","2026-06-12T20:00:58.996+08:00",1409.656616,EXP1,"b_progress_bar",-1,-1,
"b_preview_panel","B条件预览面板","T004_b_preview_panel_0077","video_relative_to_recording_start",rectangle,429,0,1240,832,,,,"A017","T004","B",loading,,,,,1,TRUE,1900.000,1950.000,1411.556641,1411.606567,1920,1046,"world_widget_card_size_box_geometry",1,1,"video_relative_to_screen_recording_start",1059.821167,351735.469,351785.406,1,1059.821167,"1781265307261","../../../../../../Project/UE5/Gallery/Saved/ScreenRecordings/A017_20260612_195507_screen.mkv",351735.469,351785.406,351760.438,"1781265658996","1781265659046","2026-06-12T20:00:58.996+08:00","2026-06-12T20:00:59.046+08:00",1409.656616,EXP1,"b_preview",-1,-1,
"b_progress_bar","B条件进度条区域","T004_b_progress_bar_0078","video_relative_to_recording_start",rectangle,469,730,1205,773,,,,"A017","T004","B",loading,,,,,1,TRUE,1900.000,1950.000,1411.556641,1411.606567,1920,1046,"world_widget_loading_progress_bar_geometry",1,0,"video_relative_to_screen_recording_start",1059.821167,351735.469,351785.406,1,1059.821167,"1781265307261","../../../../../../Project/UE5/Gallery/Saved/ScreenRecordings/A017_20260612_195507_screen.mkv",351735.469,351785.406,351760.438,"1781265658996","1781265659046","2026-06-12T20:00:58.996+08:00","2026-06-12T20:00:59.046+08:00",1409.656616,EXP1,"b_progress_bar",-1,-1,
"b_preview_panel","B条件预览面板","T004_b_preview_panel_0079","video_relative_to_recording_start",rectangle,429,0,1240,833,,,,"A017","T004","B",loading,,,,,1,TRUE,1950.000,2000.000,1411.606567,1411.656616,1920,1046,"world_widget_card_size_box_geometry",1,1,"video_relative_to_screen_recording_start",1059.821167,351785.406,351835.438,1,1059.821167,"1781265307261","../../../../../../Project/UE5/Gallery/Saved/ScreenRecordings/A017_20260612_195507_screen.mkv",351785.406,351835.438,351810.438,"1781265659046","1781265659096","2026-06-12T20:00:59.046+08:00","2026-06-12T20:00:59.096+08:00",1409.656616,EXP1,"b_preview",-1,-1,
"b_progress_bar","B条件进度条区域","T004_b_progress_bar_0080","video_relative_to_recording_start",rectangle,469,731,1205,774,,,,"A017","T004","B",loading,,,,,1,TRUE,1950.000,2000.000,1411.606567,1411.656616,1920,1046,"world_widget_loading_progress_bar_geometry",1,0,"video_relative_to_screen_recording_start",1059.821167,351785.406,351835.438,1,1059.821167,"1781265307261","../../../../../../Project/UE5/Gallery/Saved/ScreenRecordings/A017_20260612_195507_screen.mkv",351785.406,351835.438,351810.438,"1781265659046","1781265659096","2026-06-12T20:00:59.046+08:00","2026-06-12T20:00:59.096+08:00",1409.656616,EXP1,"b_progress_bar",-1,-1,
"b_preview_panel","B条件预览面板","T004_b_preview_panel_0081","video_relative_to_recording_start",rectangle,438,0,1248,834,,,,"A017","T004","B",loading,,,,,1,TRUE,2000.000,2050.000,1411.656616,1411.706665,1920,1046,"world_widget_card_size_box_geometry",1,1,"video_relative_to_screen_recording_start",1059.821167,351835.438,351885.500,1,1059.821167,"1781265307261","../../../../../../Project/UE5/Gallery/Saved/ScreenRecordings/A017_20260612_195507_screen.mkv",351835.438,351885.500,351860.469,"1781265659096","1781265659146","2026-06-12T20:00:59.096+08:00","2026-06-12T20:00:59.146+08:00",1409.656616,EXP1,"b_preview",-1,-1,
"b_progress_bar","B条件进度条区域","T004_b_progress_bar_0082","video_relative_to_recording_start",rectangle,478,733,1213,775,,,,"A017","T004","B",loading,,,,,1,TRUE,2000.000,2050.000,1411.656616,1411.706665,1920,1046,"world_widget_loading_progress_bar_geometry",1,0,"video_relative_to_screen_recording_start",1059.821167,351835.438,351885.500,1,1059.821167,"1781265307261","../../../../../../Project/UE5/Gallery/Saved/ScreenRecordings/A017_20260612_195507_screen.mkv",351835.438,351885.500,351860.469,"1781265659096","1781265659146","2026-06-12T20:00:59.096+08:00","2026-06-12T20:00:59.146+08:00",1409.656616,EXP1,"b_progress_bar",-1,-1,
"b_preview_panel","B条件预览面板","T004_b_preview_panel_0083","video_relative_to_recording_start",rectangle,440,0,1250,834,,,,"A017","T004","B",loading,,,,,1,TRUE,2050.000,2100.000,1411.706665,1411.756592,1920,1046,"world_widget_card_size_box_geometry",1,1,"video_relative_to_screen_recording_start",1059.821167,351885.500,351935.438,1,1059.821167,"1781265307261","../../../../../../Project/UE5/Gallery/Saved/ScreenRecordings/A017_20260612_195507_screen.mkv",351885.500,351935.438,351910.469,"1781265659146","1781265659196","2026-06-12T20:00:59.146+08:00","2026-06-12T20:00:59.196+08:00",1409.656616,EXP1,"b_preview",-1,-1,
"b_progress_bar","B条件进度条区域","T004_b_progress_bar_0084","video_relative_to_recording_start",rectangle,481,733,1215,775,,,,"A017","T004","B",loading,,,,,1,TRUE,2050.000,2100.000,1411.706665,1411.756592,1920,1046,"world_widget_loading_progress_bar_geometry",1,0,"video_relative_to_screen_recording_start",1059.821167,351885.500,351935.438,1,1059.821167,"1781265307261","../../../../../../Project/UE5/Gallery/Saved/ScreenRecordings/A017_20260612_195507_screen.mkv",351885.500,351935.438,351910.469,"1781265659146","1781265659196","2026-06-12T20:00:59.146+08:00","2026-06-12T20:00:59.196+08:00",1409.656616,EXP1,"b_progress_bar",-1,-1,
"b_preview_panel","B条件预览面板","T004_b_preview_panel_0085","video_relative_to_recording_start",rectangle,442,0,1251,834,,,,"A017","T004","B",loading,,,,,1,TRUE,2100.000,2150.000,1411.756592,1411.806641,1920,1046,"world_widget_card_size_box_geometry",1,1,"video_relative_to_screen_recording_start",1059.821167,351935.438,351985.469,1,1059.821167,"1781265307261","../../../../../../Project/UE5/Gallery/Saved/ScreenRecordings/A017_20260612_195507_screen.mkv",351935.438,351985.469,351960.438,"1781265659196","1781265659246","2026-06-12T20:00:59.196+08:00","2026-06-12T20:00:59.246+08:00",1409.656616,EXP1,"b_preview",-1,-1,
"b_progress_bar","B条件进度条区域","T004_b_progress_bar_0086","video_relative_to_recording_start",rectangle,482,733,1216,775,,,,"A017","T004","B",loading,,,,,1,TRUE,2100.000,2150.000,1411.756592,1411.806641,1920,1046,"world_widget_loading_progress_bar_geometry",1,0,"video_relative_to_screen_recording_start",1059.821167,351935.438,351985.469,1,1059.821167,"1781265307261","../../../../../../Project/UE5/Gallery/Saved/ScreenRecordings/A017_20260612_195507_screen.mkv",351935.438,351985.469,351960.438,"1781265659196","1781265659246","2026-06-12T20:00:59.196+08:00","2026-06-12T20:00:59.246+08:00",1409.656616,EXP1,"b_progress_bar",-1,-1,
"b_preview_panel","B条件预览面板","T004_b_preview_panel_0087","video_relative_to_recording_start",rectangle,442,0,1251,834,,,,"A017","T004","B",loading,,,,,1,TRUE,2150.000,2200.000,1411.806641,1411.856567,1920,1046,"world_widget_card_size_box_geometry",1,1,"video_relative_to_screen_recording_start",1059.821167,351985.469,352035.406,1,1059.821167,"1781265307261","../../../../../../Project/UE5/Gallery/Saved/ScreenRecordings/A017_20260612_195507_screen.mkv",351985.469,352035.406,352010.438,"1781265659246","1781265659296","2026-06-12T20:00:59.246+08:00","2026-06-12T20:00:59.296+08:00",1409.656616,EXP1,"b_preview",-1,-1,
"b_progress_bar","B条件进度条区域","T004_b_progress_bar_0088","video_relative_to_recording_start",rectangle,482,733,1216,775,,,,"A017","T004","B",loading,,,,,1,TRUE,2150.000,2200.000,1411.806641,1411.856567,1920,1046,"world_widget_loading_progress_bar_geometry",1,0,"video_relative_to_screen_recording_start",1059.821167,351985.469,352035.406,1,1059.821167,"1781265307261","../../../../../../Project/UE5/Gallery/Saved/ScreenRecordings/A017_20260612_195507_screen.mkv",351985.469,352035.406,352010.438,"1781265659246","1781265659296","2026-06-12T20:00:59.246+08:00","2026-06-12T20:00:59.296+08:00",1409.656616,EXP1,"b_progress_bar",-1,-1,
"b_preview_panel","B条件预览面板","T004_b_preview_panel_0089","video_relative_to_recording_start",rectangle,443,0,1252,834,,,,"A017","T004","B",loading,,,,,1,TRUE,2200.000,2250.000,1411.856567,1411.906616,1920,1046,"world_widget_card_size_box_geometry",1,1,"video_relative_to_screen_recording_start",1059.821167,352035.406,352085.438,1,1059.821167,"1781265307261","../../../../../../Project/UE5/Gallery/Saved/ScreenRecordings/A017_20260612_195507_screen.mkv",352035.406,352085.438,352060.438,"1781265659296","1781265659346","2026-06-12T20:00:59.296+08:00","2026-06-12T20:00:59.346+08:00",1409.656616,EXP1,"b_preview",-1,-1,
"b_progress_bar","B条件进度条区域","T004_b_progress_bar_0090","video_relative_to_recording_start",rectangle,483,733,1217,775,,,,"A017","T004","B",loading,,,,,1,TRUE,2200.000,2250.000,1411.856567,1411.906616,1920,1046,"world_widget_loading_progress_bar_geometry",1,0,"video_relative_to_screen_recording_start",1059.821167,352035.406,352085.438,1,1059.821167,"1781265307261","../../../../../../Project/UE5/Gallery/Saved/ScreenRecordings/A017_20260612_195507_screen.mkv",352035.406,352085.438,352060.438,"1781265659296","1781265659346","2026-06-12T20:00:59.296+08:00","2026-06-12T20:00:59.346+08:00",1409.656616,EXP1,"b_progress_bar",-1,-1,
"b_preview_panel","B条件预览面板","T004_b_preview_panel_0091","video_relative_to_recording_start",rectangle,443,0,1252,834,,,,"A017","T004","B",loading,,,,,1,TRUE,2250.000,2300.000,1411.906616,1411.956665,1920,1046,"world_widget_card_size_box_geometry",1,1,"video_relative_to_screen_recording_start",1059.821167,352085.438,352135.500,1,1059.821167,"1781265307261","../../../../../../Project/UE5/Gallery/Saved/ScreenRecordings/A017_20260612_195507_screen.mkv",352085.438,352135.500,352110.469,"1781265659346","1781265659397","2026-06-12T20:00:59.346+08:00","2026-06-12T20:00:59.396+08:00",1409.656616,EXP1,"b_preview",-1,-1,
"b_progress_bar","B条件进度条区域","T004_b_progress_bar_0092","video_relative_to_recording_start",rectangle,483,733,1217,775,,,,"A017","T004","B",loading,,,,,1,TRUE,2250.000,2300.000,1411.906616,1411.956665,1920,1046,"world_widget_loading_progress_bar_geometry",1,0,"video_relative_to_screen_recording_start",1059.821167,352085.438,352135.500,1,1059.821167,"1781265307261","../../../../../../Project/UE5/Gallery/Saved/ScreenRecordings/A017_20260612_195507_screen.mkv",352085.438,352135.500,352110.469,"1781265659346","1781265659397","2026-06-12T20:00:59.346+08:00","2026-06-12T20:00:59.396+08:00",1409.656616,EXP1,"b_progress_bar",-1,-1,
"b_preview_panel","B条件预览面板","T004_b_preview_panel_0093","video_relative_to_recording_start",rectangle,443,0,1252,834,,,,"A017","T004","B",loading,,,,,1,TRUE,2300.000,2350.000,1411.956665,1412.006592,1920,1046,"world_widget_card_size_box_geometry",1,1,"video_relative_to_screen_recording_start",1059.821167,352135.500,352185.438,1,1059.821167,"1781265307261","../../../../../../Project/UE5/Gallery/Saved/ScreenRecordings/A017_20260612_195507_screen.mkv",352135.500,352185.438,352160.469,"1781265659397","1781265659446","2026-06-12T20:00:59.396+08:00","2026-06-12T20:00:59.446+08:00",1409.656616,EXP1,"b_preview",-1,-1,
"b_progress_bar","B条件进度条区域","T004_b_progress_bar_0094","video_relative_to_recording_start",rectangle,483,733,1217,775,,,,"A017","T004","B",loading,,,,,1,TRUE,2300.000,2350.000,1411.956665,1412.006592,1920,1046,"world_widget_loading_progress_bar_geometry",1,0,"video_relative_to_screen_recording_start",1059.821167,352135.500,352185.438,1,1059.821167,"1781265307261","../../../../../../Project/UE5/Gallery/Saved/ScreenRecordings/A017_20260612_195507_screen.mkv",352135.500,352185.438,352160.469,"1781265659397","1781265659446","2026-06-12T20:00:59.396+08:00","2026-06-12T20:00:59.446+08:00",1409.656616,EXP1,"b_progress_bar",-1,-1,
"b_preview_panel","B条件预览面板","T004_b_preview_panel_0095","video_relative_to_recording_start",rectangle,449,0,1259,836,,,,"A017","T004","B",loading,,,,,1,TRUE,2350.000,2400.000,1412.006592,1412.056641,1920,1046,"world_widget_card_size_box_geometry",1,1,"video_relative_to_screen_recording_start",1059.821167,352185.438,352235.469,1,1059.821167,"1781265307261","../../../../../../Project/UE5/Gallery/Saved/ScreenRecordings/A017_20260612_195507_screen.mkv",352185.438,352235.469,352210.438,"1781265659446","1781265659496","2026-06-12T20:00:59.446+08:00","2026-06-12T20:00:59.496+08:00",1409.656616,EXP1,"b_preview",-1,-1,
"b_progress_bar","B条件进度条区域","T004_b_progress_bar_0096","video_relative_to_recording_start",rectangle,489,737,1223,778,,,,"A017","T004","B",loading,,,,,1,TRUE,2350.000,2400.000,1412.006592,1412.056641,1920,1046,"world_widget_loading_progress_bar_geometry",1,0,"video_relative_to_screen_recording_start",1059.821167,352185.438,352235.469,1,1059.821167,"1781265307261","../../../../../../Project/UE5/Gallery/Saved/ScreenRecordings/A017_20260612_195507_screen.mkv",352185.438,352235.469,352210.438,"1781265659446","1781265659496","2026-06-12T20:00:59.446+08:00","2026-06-12T20:00:59.496+08:00",1409.656616,EXP1,"b_progress_bar",-1,-1,
"b_preview_panel","B条件预览面板","T004_b_preview_panel_0097","video_relative_to_recording_start",rectangle,458,0,1268,845,,,,"A017","T004","B",loading,,,,,1,TRUE,2400.000,2450.000,1412.056641,1412.106567,1920,1046,"world_widget_card_size_box_geometry",1,1,"video_relative_to_screen_recording_start",1059.821167,352235.469,352285.406,1,1059.821167,"1781265307261","../../../../../../Project/UE5/Gallery/Saved/ScreenRecordings/A017_20260612_195507_screen.mkv",352235.469,352285.406,352260.438,"1781265659496","1781265659546","2026-06-12T20:00:59.496+08:00","2026-06-12T20:00:59.546+08:00",1409.656616,EXP1,"b_preview",-1,-1,
"b_progress_bar","B条件进度条区域","T004_b_progress_bar_0098","video_relative_to_recording_start",rectangle,498,747,1232,787,,,,"A017","T004","B",loading,,,,,1,TRUE,2400.000,2450.000,1412.056641,1412.106567,1920,1046,"world_widget_loading_progress_bar_geometry",1,0,"video_relative_to_screen_recording_start",1059.821167,352235.469,352285.406,1,1059.821167,"1781265307261","../../../../../../Project/UE5/Gallery/Saved/ScreenRecordings/A017_20260612_195507_screen.mkv",352235.469,352285.406,352260.438,"1781265659496","1781265659546","2026-06-12T20:00:59.496+08:00","2026-06-12T20:00:59.546+08:00",1409.656616,EXP1,"b_progress_bar",-1,-1,
"b_preview_panel","B条件预览面板","T004_b_preview_panel_0099","video_relative_to_recording_start",rectangle,459,0,1270,849,,,,"A017","T004","B",loading,,,,,1,TRUE,2450.000,2500.000,1412.106567,1412.156616,1920,1046,"world_widget_card_size_box_geometry",1,1,"video_relative_to_screen_recording_start",1059.821167,352285.406,352335.438,1,1059.821167,"1781265307261","../../../../../../Project/UE5/Gallery/Saved/ScreenRecordings/A017_20260612_195507_screen.mkv",352285.406,352335.438,352310.438,"1781265659546","1781265659596","2026-06-12T20:00:59.546+08:00","2026-06-12T20:00:59.596+08:00",1409.656616,EXP1,"b_preview",-1,-1,
"b_progress_bar","B条件进度条区域","T004_b_progress_bar_0100","video_relative_to_recording_start",rectangle,499,751,1234,791,,,,"A017","T004","B",loading,,,,,1,TRUE,2450.000,2500.000,1412.106567,1412.156616,1920,1046,"world_widget_loading_progress_bar_geometry",1,0,"video_relative_to_screen_recording_start",1059.821167,352285.406,352335.438,1,1059.821167,"1781265307261","../../../../../../Project/UE5/Gallery/Saved/ScreenRecordings/A017_20260612_195507_screen.mkv",352285.406,352335.438,352310.438,"1781265659546","1781265659596","2026-06-12T20:00:59.546+08:00","2026-06-12T20:00:59.596+08:00",1409.656616,EXP1,"b_progress_bar",-1,-1,
"b_preview_panel","B条件预览面板","T004_b_preview_panel_0101","video_relative_to_recording_start",rectangle,459,0,1270,849,,,,"A017","T004","B",loading,,,,,1,TRUE,2500.000,2550.000,1412.156616,1412.206665,1920,1046,"world_widget_card_size_box_geometry",1,1,"video_relative_to_screen_recording_start",1059.821167,352335.438,352385.500,1,1059.821167,"1781265307261","../../../../../../Project/UE5/Gallery/Saved/ScreenRecordings/A017_20260612_195507_screen.mkv",352335.438,352385.500,352360.469,"1781265659596","1781265659647","2026-06-12T20:00:59.596+08:00","2026-06-12T20:00:59.646+08:00",1409.656616,EXP1,"b_preview",-1,-1,
"b_progress_bar","B条件进度条区域","T004_b_progress_bar_0102","video_relative_to_recording_start",rectangle,499,751,1234,791,,,,"A017","T004","B",loading,,,,,1,TRUE,2500.000,2550.000,1412.156616,1412.206665,1920,1046,"world_widget_loading_progress_bar_geometry",1,0,"video_relative_to_screen_recording_start",1059.821167,352335.438,352385.500,1,1059.821167,"1781265307261","../../../../../../Project/UE5/Gallery/Saved/ScreenRecordings/A017_20260612_195507_screen.mkv",352335.438,352385.500,352360.469,"1781265659596","1781265659647","2026-06-12T20:00:59.596+08:00","2026-06-12T20:00:59.646+08:00",1409.656616,EXP1,"b_progress_bar",-1,-1,
"b_preview_panel","B条件预览面板","T004_b_preview_panel_0103","video_relative_to_recording_start",rectangle,459,0,1270,849,,,,"A017","T004","B",loading,,,,,1,TRUE,2550.000,2600.000,1412.206665,1412.256592,1920,1046,"world_widget_card_size_box_geometry",1,1,"video_relative_to_screen_recording_start",1059.821167,352385.500,352435.438,1,1059.821167,"1781265307261","../../../../../../Project/UE5/Gallery/Saved/ScreenRecordings/A017_20260612_195507_screen.mkv",352385.500,352435.438,352410.469,"1781265659647","1781265659696","2026-06-12T20:00:59.646+08:00","2026-06-12T20:00:59.696+08:00",1409.656616,EXP1,"b_preview",-1,-1,
"b_progress_bar","B条件进度条区域","T004_b_progress_bar_0104","video_relative_to_recording_start",rectangle,499,751,1234,791,,,,"A017","T004","B",loading,,,,,1,TRUE,2550.000,2600.000,1412.206665,1412.256592,1920,1046,"world_widget_loading_progress_bar_geometry",1,0,"video_relative_to_screen_recording_start",1059.821167,352385.500,352435.438,1,1059.821167,"1781265307261","../../../../../../Project/UE5/Gallery/Saved/ScreenRecordings/A017_20260612_195507_screen.mkv",352385.500,352435.438,352410.469,"1781265659647","1781265659696","2026-06-12T20:00:59.646+08:00","2026-06-12T20:00:59.696+08:00",1409.656616,EXP1,"b_progress_bar",-1,-1,
"b_preview_panel","B条件预览面板","T004_b_preview_panel_0105","video_relative_to_recording_start",rectangle,459,0,1270,849,,,,"A017","T004","B",loading,,,,,1,TRUE,2600.000,2650.000,1412.256592,1412.306641,1920,1046,"world_widget_card_size_box_geometry",1,1,"video_relative_to_screen_recording_start",1059.821167,352435.438,352485.469,1,1059.821167,"1781265307261","../../../../../../Project/UE5/Gallery/Saved/ScreenRecordings/A017_20260612_195507_screen.mkv",352435.438,352485.469,352460.438,"1781265659696","1781265659746","2026-06-12T20:00:59.696+08:00","2026-06-12T20:00:59.746+08:00",1409.656616,EXP1,"b_preview",-1,-1,
"b_progress_bar","B条件进度条区域","T004_b_progress_bar_0106","video_relative_to_recording_start",rectangle,499,751,1234,791,,,,"A017","T004","B",loading,,,,,1,TRUE,2600.000,2650.000,1412.256592,1412.306641,1920,1046,"world_widget_loading_progress_bar_geometry",1,0,"video_relative_to_screen_recording_start",1059.821167,352435.438,352485.469,1,1059.821167,"1781265307261","../../../../../../Project/UE5/Gallery/Saved/ScreenRecordings/A017_20260612_195507_screen.mkv",352435.438,352485.469,352460.438,"1781265659696","1781265659746","2026-06-12T20:00:59.696+08:00","2026-06-12T20:00:59.746+08:00",1409.656616,EXP1,"b_progress_bar",-1,-1,
"b_preview_panel","B条件预览面板","T004_b_preview_panel_0107","video_relative_to_recording_start",rectangle,463,0,1273,851,,,,"A017","T004","B",loading,,,,,1,TRUE,2650.000,2700.000,1412.306641,1412.356567,1920,1046,"world_widget_card_size_box_geometry",1,1,"video_relative_to_screen_recording_start",1059.821167,352485.469,352535.406,1,1059.821167,"1781265307261","../../../../../../Project/UE5/Gallery/Saved/ScreenRecordings/A017_20260612_195507_screen.mkv",352485.469,352535.406,352510.438,"1781265659746","1781265659796","2026-06-12T20:00:59.746+08:00","2026-06-12T20:00:59.796+08:00",1409.656616,EXP1,"b_preview",-1,-1,
"b_progress_bar","B条件进度条区域","T004_b_progress_bar_0108","video_relative_to_recording_start",rectangle,503,753,1237,793,,,,"A017","T004","B",loading,,,,,1,TRUE,2650.000,2700.000,1412.306641,1412.356567,1920,1046,"world_widget_loading_progress_bar_geometry",1,0,"video_relative_to_screen_recording_start",1059.821167,352485.469,352535.406,1,1059.821167,"1781265307261","../../../../../../Project/UE5/Gallery/Saved/ScreenRecordings/A017_20260612_195507_screen.mkv",352485.469,352535.406,352510.438,"1781265659746","1781265659796","2026-06-12T20:00:59.746+08:00","2026-06-12T20:00:59.796+08:00",1409.656616,EXP1,"b_progress_bar",-1,-1,
"b_preview_panel","B条件预览面板","T004_b_preview_panel_0109","video_relative_to_recording_start",rectangle,471,0,1286,873,,,,"A017","T004","B",loading,,,,,1,TRUE,2700.000,2750.000,1412.356567,1412.406616,1920,1046,"world_widget_card_size_box_geometry",1,1,"video_relative_to_screen_recording_start",1059.821167,352535.406,352585.438,1,1059.821167,"1781265307261","../../../../../../Project/UE5/Gallery/Saved/ScreenRecordings/A017_20260612_195507_screen.mkv",352535.406,352585.438,352560.438,"1781265659796","1781265659846","2026-06-12T20:00:59.796+08:00","2026-06-12T20:00:59.846+08:00",1409.656616,EXP1,"b_preview",-1,-1,
"b_progress_bar","B条件进度条区域","T004_b_progress_bar_0110","video_relative_to_recording_start",rectangle,512,776,1249,815,,,,"A017","T004","B",loading,,,,,1,TRUE,2700.000,2750.000,1412.356567,1412.406616,1920,1046,"world_widget_loading_progress_bar_geometry",1,0,"video_relative_to_screen_recording_start",1059.821167,352535.406,352585.438,1,1059.821167,"1781265307261","../../../../../../Project/UE5/Gallery/Saved/ScreenRecordings/A017_20260612_195507_screen.mkv",352535.406,352585.438,352560.438,"1781265659796","1781265659846","2026-06-12T20:00:59.796+08:00","2026-06-12T20:00:59.846+08:00",1409.656616,EXP1,"b_progress_bar",-1,-1,
"b_preview_panel","B条件预览面板","T004_b_preview_panel_0111","video_relative_to_recording_start",rectangle,475,0,1296,906,,,,"A017","T004","B",loading,,,,,1,TRUE,2750.000,2800.000,1412.406616,1412.456665,1920,1046,"world_widget_card_size_box_geometry",1,1,"video_relative_to_screen_recording_start",1059.821167,352585.438,352635.500,1,1059.821167,"1781265307261","../../../../../../Project/UE5/Gallery/Saved/ScreenRecordings/A017_20260612_195507_screen.mkv",352585.438,352635.500,352610.469,"1781265659846","1781265659896","2026-06-12T20:00:59.846+08:00","2026-06-12T20:00:59.896+08:00",1409.656616,EXP1,"b_preview",-1,-1,
"b_progress_bar","B条件进度条区域","T004_b_progress_bar_0112","video_relative_to_recording_start",rectangle,516,809,1258,847,,,,"A017","T004","B",loading,,,,,1,TRUE,2750.000,2800.000,1412.406616,1412.456665,1920,1046,"world_widget_loading_progress_bar_geometry",1,0,"video_relative_to_screen_recording_start",1059.821167,352585.438,352635.500,1,1059.821167,"1781265307261","../../../../../../Project/UE5/Gallery/Saved/ScreenRecordings/A017_20260612_195507_screen.mkv",352585.438,352635.500,352610.469,"1781265659846","1781265659896","2026-06-12T20:00:59.846+08:00","2026-06-12T20:00:59.896+08:00",1409.656616,EXP1,"b_progress_bar",-1,-1,
"b_preview_panel","B条件预览面板","T004_b_preview_panel_0113","video_relative_to_recording_start",rectangle,488,0,1295,919,,,,"A017","T004","B",loading,,,,,1,TRUE,2800.000,2850.000,1412.456665,1412.506592,1920,1046,"world_widget_card_size_box_geometry",1,1,"video_relative_to_screen_recording_start",1059.821167,352635.500,352685.438,1,1059.821167,"1781265307261","../../../../../../Project/UE5/Gallery/Saved/ScreenRecordings/A017_20260612_195507_screen.mkv",352635.500,352685.438,352660.469,"1781265659896","1781265659946","2026-06-12T20:00:59.896+08:00","2026-06-12T20:00:59.946+08:00",1409.656616,EXP1,"b_preview",-1,-1,
"b_progress_bar","B条件进度条区域","T004_b_progress_bar_0114","video_relative_to_recording_start",rectangle,529,824,1257,861,,,,"A017","T004","B",loading,,,,,1,TRUE,2800.000,2850.000,1412.456665,1412.506592,1920,1046,"world_widget_loading_progress_bar_geometry",1,0,"video_relative_to_screen_recording_start",1059.821167,352635.500,352685.438,1,1059.821167,"1781265307261","../../../../../../Project/UE5/Gallery/Saved/ScreenRecordings/A017_20260612_195507_screen.mkv",352635.500,352685.438,352660.469,"1781265659896","1781265659946","2026-06-12T20:00:59.896+08:00","2026-06-12T20:00:59.946+08:00",1409.656616,EXP1,"b_progress_bar",-1,-1,
"b_preview_panel","B条件预览面板","T004_b_preview_panel_0115","video_relative_to_recording_start",rectangle,515,0,1277,911,,,,"A017","T004","B",loading,,,,,1,TRUE,2850.000,2900.000,1412.506592,1412.556641,1920,1046,"world_widget_card_size_box_geometry",1,1,"video_relative_to_screen_recording_start",1059.821167,352685.438,352735.469,1,1059.821167,"1781265307261","../../../../../../Project/UE5/Gallery/Saved/ScreenRecordings/A017_20260612_195507_screen.mkv",352685.438,352735.469,352710.438,"1781265659946","1781265659996","2026-06-12T20:00:59.946+08:00","2026-06-12T20:00:59.996+08:00",1409.656616,EXP1,"b_preview",-1,-1,
"b_progress_bar","B条件进度条区域","T004_b_progress_bar_0116","video_relative_to_recording_start",rectangle,553,822,1242,856,,,,"A017","T004","B",loading,,,,,1,TRUE,2850.000,2900.000,1412.506592,1412.556641,1920,1046,"world_widget_loading_progress_bar_geometry",1,0,"video_relative_to_screen_recording_start",1059.821167,352685.438,352735.469,1,1059.821167,"1781265307261","../../../../../../Project/UE5/Gallery/Saved/ScreenRecordings/A017_20260612_195507_screen.mkv",352685.438,352735.469,352710.438,"1781265659946","1781265659996","2026-06-12T20:00:59.946+08:00","2026-06-12T20:00:59.996+08:00",1409.656616,EXP1,"b_progress_bar",-1,-1,
"b_preview_panel","B条件预览面板","T004_b_preview_panel_0117","video_relative_to_recording_start",rectangle,554,0,1251,888,,,,"A017","T004","B",loading,,,,,1,TRUE,2900.000,2950.000,1412.556641,1412.606567,1920,1046,"world_widget_card_size_box_geometry",1,1,"video_relative_to_screen_recording_start",1059.821167,352735.469,352785.406,1,1059.821167,"1781265307261","../../../../../../Project/UE5/Gallery/Saved/ScreenRecordings/A017_20260612_195507_screen.mkv",352735.469,352785.406,352760.438,"1781265659996","1781265660046","2026-06-12T20:00:59.996+08:00","2026-06-12T20:01:00.046+08:00",1409.656616,EXP1,"b_preview",-1,-1,
"b_progress_bar","B条件进度条区域","T004_b_progress_bar_0118","video_relative_to_recording_start",rectangle,588,807,1218,838,,,,"A017","T004","B",loading,,,,,1,TRUE,2900.000,2950.000,1412.556641,1412.606567,1920,1046,"world_widget_loading_progress_bar_geometry",1,0,"video_relative_to_screen_recording_start",1059.821167,352735.469,352785.406,1,1059.821167,"1781265307261","../../../../../../Project/UE5/Gallery/Saved/ScreenRecordings/A017_20260612_195507_screen.mkv",352735.469,352785.406,352760.438,"1781265659996","1781265660046","2026-06-12T20:00:59.996+08:00","2026-06-12T20:01:00.046+08:00",1409.656616,EXP1,"b_progress_bar",-1,-1,
"b_preview_panel","B条件预览面板","T004_b_preview_panel_0119","video_relative_to_recording_start",rectangle,554,0,1251,888,,,,"A017","T004","B",loading,,,,,1,TRUE,2950.000,3000.000,1412.606567,1412.656616,1920,1046,"world_widget_card_size_box_geometry",1,1,"video_relative_to_screen_recording_start",1059.821167,352785.406,352835.438,1,1059.821167,"1781265307261","../../../../../../Project/UE5/Gallery/Saved/ScreenRecordings/A017_20260612_195507_screen.mkv",352785.406,352835.438,352810.438,"1781265660046","1781265660096","2026-06-12T20:01:00.046+08:00","2026-06-12T20:01:00.096+08:00",1409.656616,EXP1,"b_preview",-1,-1,
"b_progress_bar","B条件进度条区域","T004_b_progress_bar_0120","video_relative_to_recording_start",rectangle,588,807,1218,838,,,,"A017","T004","B",loading,,,,,1,TRUE,2950.000,3000.000,1412.606567,1412.656616,1920,1046,"world_widget_loading_progress_bar_geometry",1,0,"video_relative_to_screen_recording_start",1059.821167,352785.406,352835.438,1,1059.821167,"1781265307261","../../../../../../Project/UE5/Gallery/Saved/ScreenRecordings/A017_20260612_195507_screen.mkv",352785.406,352835.438,352810.438,"1781265660046","1781265660096","2026-06-12T20:01:00.046+08:00","2026-06-12T20:01:00.096+08:00",1409.656616,EXP1,"b_progress_bar",-1,-1,
"b_preview_panel","B条件预览面板","T004_b_preview_panel_0121","video_relative_to_recording_start",rectangle,598,0,1220,860,,,,"A017","T004","B",loading,,,,,1,TRUE,3000.000,3050.000,1412.656616,1412.706665,1920,1046,"world_widget_card_size_box_geometry",1,1,"video_relative_to_screen_recording_start",1059.821167,352835.438,352885.500,1,1059.821167,"1781265307261","../../../../../../Project/UE5/Gallery/Saved/ScreenRecordings/A017_20260612_195507_screen.mkv",352835.438,352885.500,352860.469,"1781265660096","1781265660147","2026-06-12T20:01:00.096+08:00","2026-06-12T20:01:00.146+08:00",1409.656616,EXP1,"b_preview",-1,-1,
"b_progress_bar","B条件进度条区域","T004_b_progress_bar_0122","video_relative_to_recording_start",rectangle,629,789,1191,815,,,,"A017","T004","B",loading,,,,,1,TRUE,3000.000,3050.000,1412.656616,1412.706665,1920,1046,"world_widget_loading_progress_bar_geometry",1,0,"video_relative_to_screen_recording_start",1059.821167,352835.438,352885.500,1,1059.821167,"1781265307261","../../../../../../Project/UE5/Gallery/Saved/ScreenRecordings/A017_20260612_195507_screen.mkv",352835.438,352885.500,352860.469,"1781265660096","1781265660147","2026-06-12T20:01:00.096+08:00","2026-06-12T20:01:00.146+08:00",1409.656616,EXP1,"b_progress_bar",-1,-1,
"b_preview_panel","B条件预览面板","T004_b_preview_panel_0123","video_relative_to_recording_start",rectangle,636,47,1194,837,,,,"A017","T004","B",loading,,,,,1,TRUE,3050.000,3100.000,1412.706665,1412.756592,1920,1046,"world_widget_card_size_box_geometry",1,0,"video_relative_to_screen_recording_start",1059.821167,352885.500,352935.438,1,1059.821167,"1781265307261","../../../../../../Project/UE5/Gallery/Saved/ScreenRecordings/A017_20260612_195507_screen.mkv",352885.500,352935.438,352910.469,"1781265660147","1781265660196","2026-06-12T20:01:00.146+08:00","2026-06-12T20:01:00.196+08:00",1409.656616,EXP1,"b_preview",-1,-1,
"b_progress_bar","B条件进度条区域","T004_b_progress_bar_0124","video_relative_to_recording_start",rectangle,663,774,1168,797,,,,"A017","T004","B",loading,,,,,1,TRUE,3050.000,3100.000,1412.706665,1412.756592,1920,1046,"world_widget_loading_progress_bar_geometry",1,0,"video_relative_to_screen_recording_start",1059.821167,352885.500,352935.438,1,1059.821167,"1781265307261","../../../../../../Project/UE5/Gallery/Saved/ScreenRecordings/A017_20260612_195507_screen.mkv",352885.500,352935.438,352910.469,"1781265660147","1781265660196","2026-06-12T20:01:00.146+08:00","2026-06-12T20:01:00.196+08:00",1409.656616,EXP1,"b_progress_bar",-1,-1,
"b_preview_panel","B条件预览面板","T004_b_preview_panel_0125","video_relative_to_recording_start",rectangle,668,102,1171,816,,,,"A017","T004","B",loading,,,,,1,TRUE,3100.000,3150.000,1412.756592,1412.806641,1920,1046,"world_widget_card_size_box_geometry",1,0,"video_relative_to_screen_recording_start",1059.821167,352935.438,352985.469,1,1059.821167,"1781265307261","../../../../../../Project/UE5/Gallery/Saved/ScreenRecordings/A017_20260612_195507_screen.mkv",352935.438,352985.469,352960.438,"1781265660196","1781265660246","2026-06-12T20:01:00.196+08:00","2026-06-12T20:01:00.246+08:00",1409.656616,EXP1,"b_preview",-1,-1,
"b_progress_bar","B条件进度条区域","T004_b_progress_bar_0126","video_relative_to_recording_start",rectangle,692,760,1147,781,,,,"A017","T004","B",loading,,,,,1,TRUE,3100.000,3150.000,1412.756592,1412.806641,1920,1046,"world_widget_loading_progress_bar_geometry",1,0,"video_relative_to_screen_recording_start",1059.821167,352935.438,352985.469,1,1059.821167,"1781265307261","../../../../../../Project/UE5/Gallery/Saved/ScreenRecordings/A017_20260612_195507_screen.mkv",352935.438,352985.469,352960.438,"1781265660196","1781265660246","2026-06-12T20:01:00.196+08:00","2026-06-12T20:01:00.246+08:00",1409.656616,EXP1,"b_progress_bar",-1,-1,
"b_preview_panel","B条件预览面板","T004_b_preview_panel_0127","video_relative_to_recording_start",rectangle,679,122,1163,809,,,,"A017","T004","B",loading,,,,,1,TRUE,3150.000,3200.000,1412.806641,1412.856567,1920,1046,"world_widget_card_size_box_geometry",1,0,"video_relative_to_screen_recording_start",1059.821167,352985.469,353035.406,1,1059.821167,"1781265307261","../../../../../../Project/UE5/Gallery/Saved/ScreenRecordings/A017_20260612_195507_screen.mkv",352985.469,353035.406,353010.438,"1781265660246","1781265660296","2026-06-12T20:01:00.246+08:00","2026-06-12T20:01:00.296+08:00",1409.656616,EXP1,"b_preview",-1,-1,
"b_progress_bar","B条件进度条区域","T004_b_progress_bar_0128","video_relative_to_recording_start",rectangle,703,755,1140,775,,,,"A017","T004","B",loading,,,,,1,TRUE,3150.000,3200.000,1412.806641,1412.856567,1920,1046,"world_widget_loading_progress_bar_geometry",1,0,"video_relative_to_screen_recording_start",1059.821167,352985.469,353035.406,1,1059.821167,"1781265307261","../../../../../../Project/UE5/Gallery/Saved/ScreenRecordings/A017_20260612_195507_screen.mkv",352985.469,353035.406,353010.438,"1781265660246","1781265660296","2026-06-12T20:01:00.246+08:00","2026-06-12T20:01:00.296+08:00",1409.656616,EXP1,"b_progress_bar",-1,-1,
"b_preview_panel","B条件预览面板","T004_b_preview_panel_0129","video_relative_to_recording_start",rectangle,680,123,1162,809,,,,"A017","T004","B",loading,,,,,1,TRUE,3200.000,3250.000,1412.856567,1412.906616,1920,1046,"world_widget_card_size_box_geometry",1,0,"video_relative_to_screen_recording_start",1059.821167,353035.406,353085.438,1,1059.821167,"1781265307261","../../../../../../Project/UE5/Gallery/Saved/ScreenRecordings/A017_20260612_195507_screen.mkv",353035.406,353085.438,353060.438,"1781265660296","1781265660346","2026-06-12T20:01:00.296+08:00","2026-06-12T20:01:00.346+08:00",1409.656616,EXP1,"b_preview",-1,-1,
"b_progress_bar","B条件进度条区域","T004_b_progress_bar_0130","video_relative_to_recording_start",rectangle,703,755,1140,775,,,,"A017","T004","B",loading,,,,,1,TRUE,3200.000,3250.000,1412.856567,1412.906616,1920,1046,"world_widget_loading_progress_bar_geometry",1,0,"video_relative_to_screen_recording_start",1059.821167,353035.406,353085.438,1,1059.821167,"1781265307261","../../../../../../Project/UE5/Gallery/Saved/ScreenRecordings/A017_20260612_195507_screen.mkv",353035.406,353085.438,353060.438,"1781265660296","1781265660346","2026-06-12T20:01:00.296+08:00","2026-06-12T20:01:00.346+08:00",1409.656616,EXP1,"b_progress_bar",-1,-1,
"b_preview_panel","B条件预览面板","T004_b_preview_panel_0131","video_relative_to_recording_start",rectangle,681,115,1163,801,,,,"A017","T004","B",loading,,,,,1,TRUE,3250.000,3300.000,1412.906616,1412.956665,1920,1046,"world_widget_card_size_box_geometry",1,0,"video_relative_to_screen_recording_start",1059.821167,353085.438,353135.500,1,1059.821167,"1781265307261","../../../../../../Project/UE5/Gallery/Saved/ScreenRecordings/A017_20260612_195507_screen.mkv",353085.438,353135.500,353110.469,"1781265660346","1781265660396","2026-06-12T20:01:00.346+08:00","2026-06-12T20:01:00.396+08:00",1409.656616,EXP1,"b_preview",-1,-1,
"b_progress_bar","B条件进度条区域","T004_b_progress_bar_0132","video_relative_to_recording_start",rectangle,705,748,1141,767,,,,"A017","T004","B",loading,,,,,1,TRUE,3250.000,3300.000,1412.906616,1412.956665,1920,1046,"world_widget_loading_progress_bar_geometry",1,0,"video_relative_to_screen_recording_start",1059.821167,353085.438,353135.500,1,1059.821167,"1781265307261","../../../../../../Project/UE5/Gallery/Saved/ScreenRecordings/A017_20260612_195507_screen.mkv",353085.438,353135.500,353110.469,"1781265660346","1781265660396","2026-06-12T20:01:00.346+08:00","2026-06-12T20:01:00.396+08:00",1409.656616,EXP1,"b_progress_bar",-1,-1,
"b_preview_panel","B条件预览面板","T004_b_preview_panel_0133","video_relative_to_recording_start",rectangle,683,108,1164,795,,,,"A017","T004","B",loading,,,,,1,TRUE,3300.000,3350.000,1412.956665,1413.006592,1920,1046,"world_widget_card_size_box_geometry",1,0,"video_relative_to_screen_recording_start",1059.821167,353135.500,353185.438,1,1059.821167,"1781265307261","../../../../../../Project/UE5/Gallery/Saved/ScreenRecordings/A017_20260612_195507_screen.mkv",353135.500,353185.438,353160.469,"1781265660396","1781265660446","2026-06-12T20:01:00.396+08:00","2026-06-12T20:01:00.446+08:00",1409.656616,EXP1,"b_preview",-1,-1,
"b_progress_bar","B条件进度条区域","T004_b_progress_bar_0134","video_relative_to_recording_start",rectangle,706,741,1141,761,,,,"A017","T004","B",loading,,,,,1,TRUE,3300.000,3350.000,1412.956665,1413.006592,1920,1046,"world_widget_loading_progress_bar_geometry",1,0,"video_relative_to_screen_recording_start",1059.821167,353135.500,353185.438,1,1059.821167,"1781265307261","../../../../../../Project/UE5/Gallery/Saved/ScreenRecordings/A017_20260612_195507_screen.mkv",353135.500,353185.438,353160.469,"1781265660396","1781265660446","2026-06-12T20:01:00.396+08:00","2026-06-12T20:01:00.446+08:00",1409.656616,EXP1,"b_progress_bar",-1,-1,
"b_preview_panel","B条件预览面板","T004_b_preview_panel_0135","video_relative_to_recording_start",rectangle,683,108,1164,795,,,,"A017","T004","B",loading,,,,,1,TRUE,3350.000,3400.000,1413.006592,1413.056641,1920,1046,"world_widget_card_size_box_geometry",1,0,"video_relative_to_screen_recording_start",1059.821167,353185.438,353235.469,1,1059.821167,"1781265307261","../../../../../../Project/UE5/Gallery/Saved/ScreenRecordings/A017_20260612_195507_screen.mkv",353185.438,353235.469,353210.438,"1781265660446","1781265660496","2026-06-12T20:01:00.446+08:00","2026-06-12T20:01:00.496+08:00",1409.656616,EXP1,"b_preview",-1,-1,
"b_progress_bar","B条件进度条区域","T004_b_progress_bar_0136","video_relative_to_recording_start",rectangle,706,741,1141,761,,,,"A017","T004","B",loading,,,,,1,TRUE,3350.000,3400.000,1413.006592,1413.056641,1920,1046,"world_widget_loading_progress_bar_geometry",1,0,"video_relative_to_screen_recording_start",1059.821167,353185.438,353235.469,1,1059.821167,"1781265307261","../../../../../../Project/UE5/Gallery/Saved/ScreenRecordings/A017_20260612_195507_screen.mkv",353185.438,353235.469,353210.438,"1781265660446","1781265660496","2026-06-12T20:01:00.446+08:00","2026-06-12T20:01:00.496+08:00",1409.656616,EXP1,"b_progress_bar",-1,-1,
"b_preview_panel","B条件预览面板","T004_b_preview_panel_0137","video_relative_to_recording_start",rectangle,683,108,1164,795,,,,"A017","T004","B",loading,,,,,1,TRUE,3400.000,3450.000,1413.056641,1413.106567,1920,1046,"world_widget_card_size_box_geometry",1,0,"video_relative_to_screen_recording_start",1059.821167,353235.469,353285.406,1,1059.821167,"1781265307261","../../../../../../Project/UE5/Gallery/Saved/ScreenRecordings/A017_20260612_195507_screen.mkv",353235.469,353285.406,353260.438,"1781265660496","1781265660546","2026-06-12T20:01:00.496+08:00","2026-06-12T20:01:00.546+08:00",1409.656616,EXP1,"b_preview",-1,-1,
"b_progress_bar","B条件进度条区域","T004_b_progress_bar_0138","video_relative_to_recording_start",rectangle,706,741,1141,761,,,,"A017","T004","B",loading,,,,,1,TRUE,3400.000,3450.000,1413.056641,1413.106567,1920,1046,"world_widget_loading_progress_bar_geometry",1,0,"video_relative_to_screen_recording_start",1059.821167,353235.469,353285.406,1,1059.821167,"1781265307261","../../../../../../Project/UE5/Gallery/Saved/ScreenRecordings/A017_20260612_195507_screen.mkv",353235.469,353285.406,353260.438,"1781265660496","1781265660546","2026-06-12T20:01:00.496+08:00","2026-06-12T20:01:00.546+08:00",1409.656616,EXP1,"b_progress_bar",-1,-1,
"b_preview_panel","B条件预览面板","T004_b_preview_panel_0139","video_relative_to_recording_start",rectangle,683,108,1164,795,,,,"A017","T004","B",loading,,,,,1,TRUE,3450.000,3500.000,1413.106567,1413.156616,1920,1046,"world_widget_card_size_box_geometry",1,0,"video_relative_to_screen_recording_start",1059.821167,353285.406,353335.438,1,1059.821167,"1781265307261","../../../../../../Project/UE5/Gallery/Saved/ScreenRecordings/A017_20260612_195507_screen.mkv",353285.406,353335.438,353310.438,"1781265660546","1781265660596","2026-06-12T20:01:00.546+08:00","2026-06-12T20:01:00.596+08:00",1409.656616,EXP1,"b_preview",-1,-1,
"b_progress_bar","B条件进度条区域","T004_b_progress_bar_0140","video_relative_to_recording_start",rectangle,706,741,1141,761,,,,"A017","T004","B",loading,,,,,1,TRUE,3450.000,3500.000,1413.106567,1413.156616,1920,1046,"world_widget_loading_progress_bar_geometry",1,0,"video_relative_to_screen_recording_start",1059.821167,353285.406,353335.438,1,1059.821167,"1781265307261","../../../../../../Project/UE5/Gallery/Saved/ScreenRecordings/A017_20260612_195507_screen.mkv",353285.406,353335.438,353310.438,"1781265660546","1781265660596","2026-06-12T20:01:00.546+08:00","2026-06-12T20:01:00.596+08:00",1409.656616,EXP1,"b_progress_bar",-1,-1,
"b_preview_panel","B条件预览面板","T004_b_preview_panel_0141","video_relative_to_recording_start",rectangle,683,108,1164,795,,,,"A017","T004","B",loading,,,,,1,TRUE,3500.000,3550.000,1413.156616,1413.206665,1920,1046,"world_widget_card_size_box_geometry",1,0,"video_relative_to_screen_recording_start",1059.821167,353335.438,353385.500,1,1059.821167,"1781265307261","../../../../../../Project/UE5/Gallery/Saved/ScreenRecordings/A017_20260612_195507_screen.mkv",353335.438,353385.500,353360.469,"1781265660596","1781265660646","2026-06-12T20:01:00.596+08:00","2026-06-12T20:01:00.646+08:00",1409.656616,EXP1,"b_preview",-1,-1,
"b_progress_bar","B条件进度条区域","T004_b_progress_bar_0142","video_relative_to_recording_start",rectangle,706,741,1141,761,,,,"A017","T004","B",loading,,,,,1,TRUE,3500.000,3550.000,1413.156616,1413.206665,1920,1046,"world_widget_loading_progress_bar_geometry",1,0,"video_relative_to_screen_recording_start",1059.821167,353335.438,353385.500,1,1059.821167,"1781265307261","../../../../../../Project/UE5/Gallery/Saved/ScreenRecordings/A017_20260612_195507_screen.mkv",353335.438,353385.500,353360.469,"1781265660596","1781265660646","2026-06-12T20:01:00.596+08:00","2026-06-12T20:01:00.646+08:00",1409.656616,EXP1,"b_progress_bar",-1,-1,
"b_preview_panel","B条件预览面板","T004_b_preview_panel_0143","video_relative_to_recording_start",rectangle,683,108,1164,795,,,,"A017","T004","B",loading,,,,,1,TRUE,3550.000,3600.000,1413.206665,1413.256592,1920,1046,"world_widget_card_size_box_geometry",1,0,"video_relative_to_screen_recording_start",1059.821167,353385.500,353435.438,1,1059.821167,"1781265307261","../../../../../../Project/UE5/Gallery/Saved/ScreenRecordings/A017_20260612_195507_screen.mkv",353385.500,353435.438,353410.469,"1781265660646","1781265660696","2026-06-12T20:01:00.646+08:00","2026-06-12T20:01:00.696+08:00",1409.656616,EXP1,"b_preview",-1,-1,
"b_progress_bar","B条件进度条区域","T004_b_progress_bar_0144","video_relative_to_recording_start",rectangle,706,741,1141,761,,,,"A017","T004","B",loading,,,,,1,TRUE,3550.000,3600.000,1413.206665,1413.256592,1920,1046,"world_widget_loading_progress_bar_geometry",1,0,"video_relative_to_screen_recording_start",1059.821167,353385.500,353435.438,1,1059.821167,"1781265307261","../../../../../../Project/UE5/Gallery/Saved/ScreenRecordings/A017_20260612_195507_screen.mkv",353385.500,353435.438,353410.469,"1781265660646","1781265660696","2026-06-12T20:01:00.646+08:00","2026-06-12T20:01:00.696+08:00",1409.656616,EXP1,"b_progress_bar",-1,-1,
"b_preview_panel","B条件预览面板","T004_b_preview_panel_0145","video_relative_to_recording_start",rectangle,683,108,1164,795,,,,"A017","T004","B",loading,,,,,1,TRUE,3600.000,3650.000,1413.256592,1413.306641,1920,1046,"world_widget_card_size_box_geometry",1,0,"video_relative_to_screen_recording_start",1059.821167,353435.438,353485.469,1,1059.821167,"1781265307261","../../../../../../Project/UE5/Gallery/Saved/ScreenRecordings/A017_20260612_195507_screen.mkv",353435.438,353485.469,353460.438,"1781265660696","1781265660746","2026-06-12T20:01:00.696+08:00","2026-06-12T20:01:00.746+08:00",1409.656616,EXP1,"b_preview",-1,-1,
"b_progress_bar","B条件进度条区域","T004_b_progress_bar_0146","video_relative_to_recording_start",rectangle,706,741,1141,761,,,,"A017","T004","B",loading,,,,,1,TRUE,3600.000,3650.000,1413.256592,1413.306641,1920,1046,"world_widget_loading_progress_bar_geometry",1,0,"video_relative_to_screen_recording_start",1059.821167,353435.438,353485.469,1,1059.821167,"1781265307261","../../../../../../Project/UE5/Gallery/Saved/ScreenRecordings/A017_20260612_195507_screen.mkv",353435.438,353485.469,353460.438,"1781265660696","1781265660746","2026-06-12T20:01:00.696+08:00","2026-06-12T20:01:00.746+08:00",1409.656616,EXP1,"b_progress_bar",-1,-1,
"b_preview_panel","B条件预览面板","T004_b_preview_panel_0147","video_relative_to_recording_start",rectangle,683,108,1164,795,,,,"A017","T004","B",loading,,,,,1,TRUE,3650.000,3700.000,1413.306641,1413.356567,1920,1046,"world_widget_card_size_box_geometry",1,0,"video_relative_to_screen_recording_start",1059.821167,353485.469,353535.406,1,1059.821167,"1781265307261","../../../../../../Project/UE5/Gallery/Saved/ScreenRecordings/A017_20260612_195507_screen.mkv",353485.469,353535.406,353510.438,"1781265660746","1781265660796","2026-06-12T20:01:00.746+08:00","2026-06-12T20:01:00.796+08:00",1409.656616,EXP1,"b_preview",-1,-1,
"b_progress_bar","B条件进度条区域","T004_b_progress_bar_0148","video_relative_to_recording_start",rectangle,706,741,1141,761,,,,"A017","T004","B",loading,,,,,1,TRUE,3650.000,3700.000,1413.306641,1413.356567,1920,1046,"world_widget_loading_progress_bar_geometry",1,0,"video_relative_to_screen_recording_start",1059.821167,353485.469,353535.406,1,1059.821167,"1781265307261","../../../../../../Project/UE5/Gallery/Saved/ScreenRecordings/A017_20260612_195507_screen.mkv",353485.469,353535.406,353510.438,"1781265660746","1781265660796","2026-06-12T20:01:00.746+08:00","2026-06-12T20:01:00.796+08:00",1409.656616,EXP1,"b_progress_bar",-1,-1,
"b_preview_panel","B条件预览面板","T004_b_preview_panel_0149","video_relative_to_recording_start",rectangle,680,100,1166,795,,,,"A017","T004","B",loading,,,,,1,TRUE,3700.000,3750.000,1413.356567,1413.406616,1920,1046,"world_widget_card_size_box_geometry",1,0,"video_relative_to_screen_recording_start",1059.821167,353535.406,353585.438,1,1059.821167,"1781265307261","../../../../../../Project/UE5/Gallery/Saved/ScreenRecordings/A017_20260612_195507_screen.mkv",353535.406,353585.438,353560.438,"1781265660796","1781265660846","2026-06-12T20:01:00.796+08:00","2026-06-12T20:01:00.846+08:00",1409.656616,EXP1,"b_preview",-1,-1,
"b_progress_bar","B条件进度条区域","T004_b_progress_bar_0150","video_relative_to_recording_start",rectangle,703,741,1144,760,,,,"A017","T004","B",loading,,,,,1,TRUE,3700.000,3750.000,1413.356567,1413.406616,1920,1046,"world_widget_loading_progress_bar_geometry",1,0,"video_relative_to_screen_recording_start",1059.821167,353535.406,353585.438,1,1059.821167,"1781265307261","../../../../../../Project/UE5/Gallery/Saved/ScreenRecordings/A017_20260612_195507_screen.mkv",353535.406,353585.438,353560.438,"1781265660796","1781265660846","2026-06-12T20:01:00.796+08:00","2026-06-12T20:01:00.846+08:00",1409.656616,EXP1,"b_progress_bar",-1,-1,
"b_preview_panel","B条件预览面板","T004_b_preview_panel_0151","video_relative_to_recording_start",rectangle,671,84,1173,800,,,,"A017","T004","B",loading,,,,,1,TRUE,3750.000,3800.000,1413.406616,1413.456665,1920,1046,"world_widget_card_size_box_geometry",1,0,"video_relative_to_screen_recording_start",1059.821167,353585.438,353635.500,1,1059.821167,"1781265307261","../../../../../../Project/UE5/Gallery/Saved/ScreenRecordings/A017_20260612_195507_screen.mkv",353585.438,353635.500,353610.469,"1781265660846","1781265660897","2026-06-12T20:01:00.846+08:00","2026-06-12T20:01:00.896+08:00",1409.656616,EXP1,"b_preview",-1,-1,
"b_progress_bar","B条件进度条区域","T004_b_progress_bar_0152","video_relative_to_recording_start",rectangle,695,744,1149,765,,,,"A017","T004","B",loading,,,,,1,TRUE,3750.000,3800.000,1413.406616,1413.456665,1920,1046,"world_widget_loading_progress_bar_geometry",1,0,"video_relative_to_screen_recording_start",1059.821167,353585.438,353635.500,1,1059.821167,"1781265307261","../../../../../../Project/UE5/Gallery/Saved/ScreenRecordings/A017_20260612_195507_screen.mkv",353585.438,353635.500,353610.469,"1781265660846","1781265660897","2026-06-12T20:01:00.846+08:00","2026-06-12T20:01:00.896+08:00",1409.656616,EXP1,"b_progress_bar",-1,-1,
"b_preview_panel","B条件预览面板","T004_b_preview_panel_0153","video_relative_to_recording_start",rectangle,658,52,1187,807,,,,"A017","T004","B",loading,,,,,1,TRUE,3800.000,3850.000,1413.456665,1413.506592,1920,1046,"world_widget_card_size_box_geometry",1,0,"video_relative_to_screen_recording_start",1059.821167,353635.500,353685.438,1,1059.821167,"1781265307261","../../../../../../Project/UE5/Gallery/Saved/ScreenRecordings/A017_20260612_195507_screen.mkv",353635.500,353685.438,353660.469,"1781265660897","1781265660946","2026-06-12T20:01:00.896+08:00","2026-06-12T20:01:00.946+08:00",1409.656616,EXP1,"b_preview",-1,-1,
"b_progress_bar","B条件进度条区域","T004_b_progress_bar_0154","video_relative_to_recording_start",rectangle,683,748,1163,770,,,,"A017","T004","B",loading,,,,,1,TRUE,3800.000,3850.000,1413.456665,1413.506592,1920,1046,"world_widget_loading_progress_bar_geometry",1,0,"video_relative_to_screen_recording_start",1059.821167,353635.500,353685.438,1,1059.821167,"1781265307261","../../../../../../Project/UE5/Gallery/Saved/ScreenRecordings/A017_20260612_195507_screen.mkv",353635.500,353685.438,353660.469,"1781265660897","1781265660946","2026-06-12T20:01:00.896+08:00","2026-06-12T20:01:00.946+08:00",1409.656616,EXP1,"b_progress_bar",-1,-1,
"b_preview_panel","B条件预览面板","T004_b_preview_panel_0155","video_relative_to_recording_start",rectangle,639,12,1205,819,,,,"A017","T004","B",loading,,,,,1,TRUE,3850.000,3900.000,1413.506592,1413.556641,1920,1046,"world_widget_card_size_box_geometry",1,0,"video_relative_to_screen_recording_start",1059.821167,353685.438,353735.469,1,1059.821167,"1781265307261","../../../../../../Project/UE5/Gallery/Saved/ScreenRecordings/A017_20260612_195507_screen.mkv",353685.438,353735.469,353710.438,"1781265660946","1781265660996","2026-06-12T20:01:00.946+08:00","2026-06-12T20:01:00.996+08:00",1409.656616,EXP1,"b_preview",-1,-1,
"b_progress_bar","B条件进度条区域","T004_b_progress_bar_0156","video_relative_to_recording_start",rectangle,666,755,1179,778,,,,"A017","T004","B",loading,,,,,1,TRUE,3850.000,3900.000,1413.506592,1413.556641,1920,1046,"world_widget_loading_progress_bar_geometry",1,0,"video_relative_to_screen_recording_start",1059.821167,353685.438,353735.469,1,1059.821167,"1781265307261","../../../../../../Project/UE5/Gallery/Saved/ScreenRecordings/A017_20260612_195507_screen.mkv",353685.438,353735.469,353710.438,"1781265660946","1781265660996","2026-06-12T20:01:00.946+08:00","2026-06-12T20:01:00.996+08:00",1409.656616,EXP1,"b_progress_bar",-1,-1,
"b_preview_panel","B条件预览面板","T004_b_preview_panel_0157","video_relative_to_recording_start",rectangle,636,0,1211,819,,,,"A017","T004","B",loading,,,,,1,TRUE,3900.000,3950.000,1413.556641,1413.606567,1920,1046,"world_widget_card_size_box_geometry",1,1,"video_relative_to_screen_recording_start",1059.821167,353735.469,353785.406,1,1059.821167,"1781265307261","../../../../../../Project/UE5/Gallery/Saved/ScreenRecordings/A017_20260612_195507_screen.mkv",353735.469,353785.406,353760.438,"1781265660996","1781265661046","2026-06-12T20:01:00.996+08:00","2026-06-12T20:01:01.046+08:00",1409.656616,EXP1,"b_preview",-1,-1,
"b_progress_bar","B条件进度条区域","T004_b_progress_bar_0158","video_relative_to_recording_start",rectangle,663,754,1184,778,,,,"A017","T004","B",loading,,,,,1,TRUE,3900.000,3950.000,1413.556641,1413.606567,1920,1046,"world_widget_loading_progress_bar_geometry",1,0,"video_relative_to_screen_recording_start",1059.821167,353735.469,353785.406,1,1059.821167,"1781265307261","../../../../../../Project/UE5/Gallery/Saved/ScreenRecordings/A017_20260612_195507_screen.mkv",353735.469,353785.406,353760.438,"1781265660996","1781265661046","2026-06-12T20:01:00.996+08:00","2026-06-12T20:01:01.046+08:00",1409.656616,EXP1,"b_progress_bar",-1,-1,
"b_preview_panel","B条件预览面板","T004_b_preview_panel_0159","video_relative_to_recording_start",rectangle,636,0,1211,819,,,,"A017","T004","B",loading,,,,,1,TRUE,3950.000,4000.000,1413.606567,1413.656616,1920,1046,"world_widget_card_size_box_geometry",1,1,"video_relative_to_screen_recording_start",1059.821167,353785.406,353835.438,1,1059.821167,"1781265307261","../../../../../../Project/UE5/Gallery/Saved/ScreenRecordings/A017_20260612_195507_screen.mkv",353785.406,353835.438,353810.438,"1781265661046","1781265661096","2026-06-12T20:01:01.046+08:00","2026-06-12T20:01:01.096+08:00",1409.656616,EXP1,"b_preview",-1,-1,
"b_progress_bar","B条件进度条区域","T004_b_progress_bar_0160","video_relative_to_recording_start",rectangle,663,754,1184,778,,,,"A017","T004","B",loading,,,,,1,TRUE,3950.000,4000.000,1413.606567,1413.656616,1920,1046,"world_widget_loading_progress_bar_geometry",1,0,"video_relative_to_screen_recording_start",1059.821167,353785.406,353835.438,1,1059.821167,"1781265307261","../../../../../../Project/UE5/Gallery/Saved/ScreenRecordings/A017_20260612_195507_screen.mkv",353785.406,353835.438,353810.438,"1781265661046","1781265661096","2026-06-12T20:01:01.046+08:00","2026-06-12T20:01:01.096+08:00",1409.656616,EXP1,"b_progress_bar",-1,-1,
"b_preview_panel","B条件预览面板","T004_b_preview_panel_0161","video_relative_to_recording_start",rectangle,636,0,1211,819,,,,"A017","T004","B",loading,,,,,1,TRUE,4000.000,4050.000,1413.656616,1413.706665,1920,1046,"world_widget_card_size_box_geometry",1,1,"video_relative_to_screen_recording_start",1059.821167,353835.438,353885.500,1,1059.821167,"1781265307261","../../../../../../Project/UE5/Gallery/Saved/ScreenRecordings/A017_20260612_195507_screen.mkv",353835.438,353885.500,353860.469,"1781265661096","1781265661146","2026-06-12T20:01:01.096+08:00","2026-06-12T20:01:01.146+08:00",1409.656616,EXP1,"b_preview",-1,-1,
"b_progress_bar","B条件进度条区域","T004_b_progress_bar_0162","video_relative_to_recording_start",rectangle,663,754,1184,778,,,,"A017","T004","B",loading,,,,,1,TRUE,4000.000,4050.000,1413.656616,1413.706665,1920,1046,"world_widget_loading_progress_bar_geometry",1,0,"video_relative_to_screen_recording_start",1059.821167,353835.438,353885.500,1,1059.821167,"1781265307261","../../../../../../Project/UE5/Gallery/Saved/ScreenRecordings/A017_20260612_195507_screen.mkv",353835.438,353885.500,353860.469,"1781265661096","1781265661146","2026-06-12T20:01:01.096+08:00","2026-06-12T20:01:01.146+08:00",1409.656616,EXP1,"b_progress_bar",-1,-1,
"b_preview_panel","B条件预览面板","T004_b_preview_panel_0163","video_relative_to_recording_start",rectangle,636,0,1211,819,,,,"A017","T004","B",loading,,,,,1,TRUE,4050.000,4100.000,1413.706665,1413.756592,1920,1046,"world_widget_card_size_box_geometry",1,1,"video_relative_to_screen_recording_start",1059.821167,353885.500,353935.438,1,1059.821167,"1781265307261","../../../../../../Project/UE5/Gallery/Saved/ScreenRecordings/A017_20260612_195507_screen.mkv",353885.500,353935.438,353910.469,"1781265661146","1781265661196","2026-06-12T20:01:01.146+08:00","2026-06-12T20:01:01.196+08:00",1409.656616,EXP1,"b_preview",-1,-1,
"b_progress_bar","B条件进度条区域","T004_b_progress_bar_0164","video_relative_to_recording_start",rectangle,663,754,1184,778,,,,"A017","T004","B",loading,,,,,1,TRUE,4050.000,4100.000,1413.706665,1413.756592,1920,1046,"world_widget_loading_progress_bar_geometry",1,0,"video_relative_to_screen_recording_start",1059.821167,353885.500,353935.438,1,1059.821167,"1781265307261","../../../../../../Project/UE5/Gallery/Saved/ScreenRecordings/A017_20260612_195507_screen.mkv",353885.500,353935.438,353910.469,"1781265661146","1781265661196","2026-06-12T20:01:01.146+08:00","2026-06-12T20:01:01.196+08:00",1409.656616,EXP1,"b_progress_bar",-1,-1,
"b_preview_panel","B条件预览面板","T004_b_preview_panel_0165","video_relative_to_recording_start",rectangle,636,0,1211,819,,,,"A017","T004","B",loading,,,,,1,TRUE,4100.000,4150.000,1413.756592,1413.806641,1920,1046,"world_widget_card_size_box_geometry",1,1,"video_relative_to_screen_recording_start",1059.821167,353935.438,353985.469,1,1059.821167,"1781265307261","../../../../../../Project/UE5/Gallery/Saved/ScreenRecordings/A017_20260612_195507_screen.mkv",353935.438,353985.469,353960.438,"1781265661196","1781265661246","2026-06-12T20:01:01.196+08:00","2026-06-12T20:01:01.246+08:00",1409.656616,EXP1,"b_preview",-1,-1,
"b_progress_bar","B条件进度条区域","T004_b_progress_bar_0166","video_relative_to_recording_start",rectangle,663,754,1184,778,,,,"A017","T004","B",loading,,,,,1,TRUE,4100.000,4150.000,1413.756592,1413.806641,1920,1046,"world_widget_loading_progress_bar_geometry",1,0,"video_relative_to_screen_recording_start",1059.821167,353935.438,353985.469,1,1059.821167,"1781265307261","../../../../../../Project/UE5/Gallery/Saved/ScreenRecordings/A017_20260612_195507_screen.mkv",353935.438,353985.469,353960.438,"1781265661196","1781265661246","2026-06-12T20:01:01.196+08:00","2026-06-12T20:01:01.246+08:00",1409.656616,EXP1,"b_progress_bar",-1,-1,
"b_preview_panel","B条件预览面板","T004_b_preview_panel_0167","video_relative_to_recording_start",rectangle,636,0,1211,819,,,,"A017","T004","B",loading,,,,,1,TRUE,4150.000,4200.000,1413.806641,1413.856567,1920,1046,"world_widget_card_size_box_geometry",1,1,"video_relative_to_screen_recording_start",1059.821167,353985.469,354035.406,1,1059.821167,"1781265307261","../../../../../../Project/UE5/Gallery/Saved/ScreenRecordings/A017_20260612_195507_screen.mkv",353985.469,354035.406,354010.438,"1781265661246","1781265661296","2026-06-12T20:01:01.246+08:00","2026-06-12T20:01:01.296+08:00",1409.656616,EXP1,"b_preview",-1,-1,
"b_progress_bar","B条件进度条区域","T004_b_progress_bar_0168","video_relative_to_recording_start",rectangle,663,754,1184,778,,,,"A017","T004","B",loading,,,,,1,TRUE,4150.000,4200.000,1413.806641,1413.856567,1920,1046,"world_widget_loading_progress_bar_geometry",1,0,"video_relative_to_screen_recording_start",1059.821167,353985.469,354035.406,1,1059.821167,"1781265307261","../../../../../../Project/UE5/Gallery/Saved/ScreenRecordings/A017_20260612_195507_screen.mkv",353985.469,354035.406,354010.438,"1781265661246","1781265661296","2026-06-12T20:01:01.246+08:00","2026-06-12T20:01:01.296+08:00",1409.656616,EXP1,"b_progress_bar",-1,-1,
"b_preview_panel","B条件预览面板","T004_b_preview_panel_0169","video_relative_to_recording_start",rectangle,636,0,1211,819,,,,"A017","T004","B",loading,,,,,1,TRUE,4200.000,4250.000,1413.856567,1413.906616,1920,1046,"world_widget_card_size_box_geometry",1,1,"video_relative_to_screen_recording_start",1059.821167,354035.406,354085.438,1,1059.821167,"1781265307261","../../../../../../Project/UE5/Gallery/Saved/ScreenRecordings/A017_20260612_195507_screen.mkv",354035.406,354085.438,354060.438,"1781265661296","1781265661346","2026-06-12T20:01:01.296+08:00","2026-06-12T20:01:01.346+08:00",1409.656616,EXP1,"b_preview",-1,-1,
"b_progress_bar","B条件进度条区域","T004_b_progress_bar_0170","video_relative_to_recording_start",rectangle,663,754,1184,778,,,,"A017","T004","B",loading,,,,,1,TRUE,4200.000,4250.000,1413.856567,1413.906616,1920,1046,"world_widget_loading_progress_bar_geometry",1,0,"video_relative_to_screen_recording_start",1059.821167,354035.406,354085.438,1,1059.821167,"1781265307261","../../../../../../Project/UE5/Gallery/Saved/ScreenRecordings/A017_20260612_195507_screen.mkv",354035.406,354085.438,354060.438,"1781265661296","1781265661346","2026-06-12T20:01:01.296+08:00","2026-06-12T20:01:01.346+08:00",1409.656616,EXP1,"b_progress_bar",-1,-1,
"b_preview_panel","B条件预览面板","T004_b_preview_panel_0171","video_relative_to_recording_start",rectangle,636,0,1211,819,,,,"A017","T004","B",loading,,,,,1,TRUE,4250.000,4300.000,1413.906616,1413.956665,1920,1046,"world_widget_card_size_box_geometry",1,1,"video_relative_to_screen_recording_start",1059.821167,354085.438,354135.500,1,1059.821167,"1781265307261","../../../../../../Project/UE5/Gallery/Saved/ScreenRecordings/A017_20260612_195507_screen.mkv",354085.438,354135.500,354110.469,"1781265661346","1781265661397","2026-06-12T20:01:01.346+08:00","2026-06-12T20:01:01.396+08:00",1409.656616,EXP1,"b_preview",-1,-1,
"b_progress_bar","B条件进度条区域","T004_b_progress_bar_0172","video_relative_to_recording_start",rectangle,663,754,1184,778,,,,"A017","T004","B",loading,,,,,1,TRUE,4250.000,4300.000,1413.906616,1413.956665,1920,1046,"world_widget_loading_progress_bar_geometry",1,0,"video_relative_to_screen_recording_start",1059.821167,354085.438,354135.500,1,1059.821167,"1781265307261","../../../../../../Project/UE5/Gallery/Saved/ScreenRecordings/A017_20260612_195507_screen.mkv",354085.438,354135.500,354110.469,"1781265661346","1781265661397","2026-06-12T20:01:01.346+08:00","2026-06-12T20:01:01.396+08:00",1409.656616,EXP1,"b_progress_bar",-1,-1,
"b_preview_panel","B条件预览面板","T004_b_preview_panel_0173","video_relative_to_recording_start",rectangle,636,0,1211,819,,,,"A017","T004","B",loading,,,,,1,TRUE,4300.000,4350.000,1413.956665,1414.006592,1920,1046,"world_widget_card_size_box_geometry",1,1,"video_relative_to_screen_recording_start",1059.821167,354135.500,354185.438,1,1059.821167,"1781265307261","../../../../../../Project/UE5/Gallery/Saved/ScreenRecordings/A017_20260612_195507_screen.mkv",354135.500,354185.438,354160.469,"1781265661397","1781265661446","2026-06-12T20:01:01.396+08:00","2026-06-12T20:01:01.446+08:00",1409.656616,EXP1,"b_preview",-1,-1,
"b_progress_bar","B条件进度条区域","T004_b_progress_bar_0174","video_relative_to_recording_start",rectangle,663,754,1184,778,,,,"A017","T004","B",loading,,,,,1,TRUE,4300.000,4350.000,1413.956665,1414.006592,1920,1046,"world_widget_loading_progress_bar_geometry",1,0,"video_relative_to_screen_recording_start",1059.821167,354135.500,354185.438,1,1059.821167,"1781265307261","../../../../../../Project/UE5/Gallery/Saved/ScreenRecordings/A017_20260612_195507_screen.mkv",354135.500,354185.438,354160.469,"1781265661397","1781265661446","2026-06-12T20:01:01.396+08:00","2026-06-12T20:01:01.446+08:00",1409.656616,EXP1,"b_progress_bar",-1,-1,
"b_preview_panel","B条件预览面板","T004_b_preview_panel_0175","video_relative_to_recording_start",rectangle,636,0,1211,819,,,,"A017","T004","B",loading,,,,,1,TRUE,4350.000,4400.000,1414.006592,1414.056641,1920,1046,"world_widget_card_size_box_geometry",1,1,"video_relative_to_screen_recording_start",1059.821167,354185.438,354235.469,1,1059.821167,"1781265307261","../../../../../../Project/UE5/Gallery/Saved/ScreenRecordings/A017_20260612_195507_screen.mkv",354185.438,354235.469,354210.438,"1781265661446","1781265661496","2026-06-12T20:01:01.446+08:00","2026-06-12T20:01:01.496+08:00",1409.656616,EXP1,"b_preview",-1,-1,
"b_progress_bar","B条件进度条区域","T004_b_progress_bar_0176","video_relative_to_recording_start",rectangle,663,754,1184,778,,,,"A017","T004","B",loading,,,,,1,TRUE,4350.000,4400.000,1414.006592,1414.056641,1920,1046,"world_widget_loading_progress_bar_geometry",1,0,"video_relative_to_screen_recording_start",1059.821167,354185.438,354235.469,1,1059.821167,"1781265307261","../../../../../../Project/UE5/Gallery/Saved/ScreenRecordings/A017_20260612_195507_screen.mkv",354185.438,354235.469,354210.438,"1781265661446","1781265661496","2026-06-12T20:01:01.446+08:00","2026-06-12T20:01:01.496+08:00",1409.656616,EXP1,"b_progress_bar",-1,-1,
"b_preview_panel","B条件预览面板","T004_b_preview_panel_0177","video_relative_to_recording_start",rectangle,636,0,1211,819,,,,"A017","T004","B",loading,,,,,1,TRUE,4400.000,4450.000,1414.056641,1414.106567,1920,1046,"world_widget_card_size_box_geometry",1,1,"video_relative_to_screen_recording_start",1059.821167,354235.469,354285.406,1,1059.821167,"1781265307261","../../../../../../Project/UE5/Gallery/Saved/ScreenRecordings/A017_20260612_195507_screen.mkv",354235.469,354285.406,354260.438,"1781265661496","1781265661546","2026-06-12T20:01:01.496+08:00","2026-06-12T20:01:01.546+08:00",1409.656616,EXP1,"b_preview",-1,-1,
"b_progress_bar","B条件进度条区域","T004_b_progress_bar_0178","video_relative_to_recording_start",rectangle,663,754,1184,778,,,,"A017","T004","B",loading,,,,,1,TRUE,4400.000,4450.000,1414.056641,1414.106567,1920,1046,"world_widget_loading_progress_bar_geometry",1,0,"video_relative_to_screen_recording_start",1059.821167,354235.469,354285.406,1,1059.821167,"1781265307261","../../../../../../Project/UE5/Gallery/Saved/ScreenRecordings/A017_20260612_195507_screen.mkv",354235.469,354285.406,354260.438,"1781265661496","1781265661546","2026-06-12T20:01:01.496+08:00","2026-06-12T20:01:01.546+08:00",1409.656616,EXP1,"b_progress_bar",-1,-1,
"b_preview_panel","B条件预览面板","T004_b_preview_panel_0179","video_relative_to_recording_start",rectangle,636,0,1211,819,,,,"A017","T004","B",loading,,,,,1,TRUE,4450.000,4500.000,1414.106567,1414.156616,1920,1046,"world_widget_card_size_box_geometry",1,1,"video_relative_to_screen_recording_start",1059.821167,354285.406,354335.438,1,1059.821167,"1781265307261","../../../../../../Project/UE5/Gallery/Saved/ScreenRecordings/A017_20260612_195507_screen.mkv",354285.406,354335.438,354310.438,"1781265661546","1781265661596","2026-06-12T20:01:01.546+08:00","2026-06-12T20:01:01.596+08:00",1409.656616,EXP1,"b_preview",-1,-1,
"b_progress_bar","B条件进度条区域","T004_b_progress_bar_0180","video_relative_to_recording_start",rectangle,663,754,1184,778,,,,"A017","T004","B",loading,,,,,1,TRUE,4450.000,4500.000,1414.106567,1414.156616,1920,1046,"world_widget_loading_progress_bar_geometry",1,0,"video_relative_to_screen_recording_start",1059.821167,354285.406,354335.438,1,1059.821167,"1781265307261","../../../../../../Project/UE5/Gallery/Saved/ScreenRecordings/A017_20260612_195507_screen.mkv",354285.406,354335.438,354310.438,"1781265661546","1781265661596","2026-06-12T20:01:01.546+08:00","2026-06-12T20:01:01.596+08:00",1409.656616,EXP1,"b_progress_bar",-1,-1,
"b_preview_panel","B条件预览面板","T004_b_preview_panel_0181","video_relative_to_recording_start",rectangle,636,0,1211,819,,,,"A017","T004","B",loading,,,,,1,TRUE,4500.000,4550.000,1414.156616,1414.206665,1920,1046,"world_widget_card_size_box_geometry",1,1,"video_relative_to_screen_recording_start",1059.821167,354335.438,354385.500,1,1059.821167,"1781265307261","../../../../../../Project/UE5/Gallery/Saved/ScreenRecordings/A017_20260612_195507_screen.mkv",354335.438,354385.500,354360.469,"1781265661596","1781265661647","2026-06-12T20:01:01.596+08:00","2026-06-12T20:01:01.646+08:00",1409.656616,EXP1,"b_preview",-1,-1,
"b_progress_bar","B条件进度条区域","T004_b_progress_bar_0182","video_relative_to_recording_start",rectangle,663,754,1184,778,,,,"A017","T004","B",loading,,,,,1,TRUE,4500.000,4550.000,1414.156616,1414.206665,1920,1046,"world_widget_loading_progress_bar_geometry",1,0,"video_relative_to_screen_recording_start",1059.821167,354335.438,354385.500,1,1059.821167,"1781265307261","../../../../../../Project/UE5/Gallery/Saved/ScreenRecordings/A017_20260612_195507_screen.mkv",354335.438,354385.500,354360.469,"1781265661596","1781265661647","2026-06-12T20:01:01.596+08:00","2026-06-12T20:01:01.646+08:00",1409.656616,EXP1,"b_progress_bar",-1,-1,
"b_preview_panel","B条件预览面板","T004_b_preview_panel_0183","video_relative_to_recording_start",rectangle,636,0,1211,819,,,,"A017","T004","B",loading,,,,,1,TRUE,4550.000,4600.000,1414.206665,1414.256592,1920,1046,"world_widget_card_size_box_geometry",1,1,"video_relative_to_screen_recording_start",1059.821167,354385.500,354435.438,1,1059.821167,"1781265307261","../../../../../../Project/UE5/Gallery/Saved/ScreenRecordings/A017_20260612_195507_screen.mkv",354385.500,354435.438,354410.469,"1781265661647","1781265661696","2026-06-12T20:01:01.646+08:00","2026-06-12T20:01:01.696+08:00",1409.656616,EXP1,"b_preview",-1,-1,
"b_progress_bar","B条件进度条区域","T004_b_progress_bar_0184","video_relative_to_recording_start",rectangle,663,754,1184,778,,,,"A017","T004","B",loading,,,,,1,TRUE,4550.000,4600.000,1414.206665,1414.256592,1920,1046,"world_widget_loading_progress_bar_geometry",1,0,"video_relative_to_screen_recording_start",1059.821167,354385.500,354435.438,1,1059.821167,"1781265307261","../../../../../../Project/UE5/Gallery/Saved/ScreenRecordings/A017_20260612_195507_screen.mkv",354385.500,354435.438,354410.469,"1781265661647","1781265661696","2026-06-12T20:01:01.646+08:00","2026-06-12T20:01:01.696+08:00",1409.656616,EXP1,"b_progress_bar",-1,-1,
"b_preview_panel","B条件预览面板","T004_b_preview_panel_0185","video_relative_to_recording_start",rectangle,636,0,1211,819,,,,"A017","T004","B",loading,,,,,1,TRUE,4600.000,4650.000,1414.256592,1414.306641,1920,1046,"world_widget_card_size_box_geometry",1,1,"video_relative_to_screen_recording_start",1059.821167,354435.438,354485.469,1,1059.821167,"1781265307261","../../../../../../Project/UE5/Gallery/Saved/ScreenRecordings/A017_20260612_195507_screen.mkv",354435.438,354485.469,354460.438,"1781265661696","1781265661746","2026-06-12T20:01:01.696+08:00","2026-06-12T20:01:01.746+08:00",1409.656616,EXP1,"b_preview",-1,-1,
"b_progress_bar","B条件进度条区域","T004_b_progress_bar_0186","video_relative_to_recording_start",rectangle,663,754,1184,778,,,,"A017","T004","B",loading,,,,,1,TRUE,4600.000,4650.000,1414.256592,1414.306641,1920,1046,"world_widget_loading_progress_bar_geometry",1,0,"video_relative_to_screen_recording_start",1059.821167,354435.438,354485.469,1,1059.821167,"1781265307261","../../../../../../Project/UE5/Gallery/Saved/ScreenRecordings/A017_20260612_195507_screen.mkv",354435.438,354485.469,354460.438,"1781265661696","1781265661746","2026-06-12T20:01:01.696+08:00","2026-06-12T20:01:01.746+08:00",1409.656616,EXP1,"b_progress_bar",-1,-1,
"b_preview_panel","B条件预览面板","T004_b_preview_panel_0187","video_relative_to_recording_start",rectangle,636,0,1211,819,,,,"A017","T004","B",loading,,,,,1,TRUE,4650.000,4700.000,1414.306641,1414.356567,1920,1046,"world_widget_card_size_box_geometry",1,1,"video_relative_to_screen_recording_start",1059.821167,354485.469,354535.406,1,1059.821167,"1781265307261","../../../../../../Project/UE5/Gallery/Saved/ScreenRecordings/A017_20260612_195507_screen.mkv",354485.469,354535.406,354510.438,"1781265661746","1781265661796","2026-06-12T20:01:01.746+08:00","2026-06-12T20:01:01.796+08:00",1409.656616,EXP1,"b_preview",-1,-1,
"b_progress_bar","B条件进度条区域","T004_b_progress_bar_0188","video_relative_to_recording_start",rectangle,663,754,1184,778,,,,"A017","T004","B",loading,,,,,1,TRUE,4650.000,4700.000,1414.306641,1414.356567,1920,1046,"world_widget_loading_progress_bar_geometry",1,0,"video_relative_to_screen_recording_start",1059.821167,354485.469,354535.406,1,1059.821167,"1781265307261","../../../../../../Project/UE5/Gallery/Saved/ScreenRecordings/A017_20260612_195507_screen.mkv",354485.469,354535.406,354510.438,"1781265661746","1781265661796","2026-06-12T20:01:01.746+08:00","2026-06-12T20:01:01.796+08:00",1409.656616,EXP1,"b_progress_bar",-1,-1,
"b_preview_panel","B条件预览面板","T004_b_preview_panel_0189","video_relative_to_recording_start",rectangle,636,0,1211,819,,,,"A017","T004","B",loading,,,,,1,TRUE,4700.000,4750.000,1414.356567,1414.406616,1920,1046,"world_widget_card_size_box_geometry",1,1,"video_relative_to_screen_recording_start",1059.821167,354535.406,354585.438,1,1059.821167,"1781265307261","../../../../../../Project/UE5/Gallery/Saved/ScreenRecordings/A017_20260612_195507_screen.mkv",354535.406,354585.438,354560.438,"1781265661796","1781265661846","2026-06-12T20:01:01.796+08:00","2026-06-12T20:01:01.846+08:00",1409.656616,EXP1,"b_preview",-1,-1,
"b_progress_bar","B条件进度条区域","T004_b_progress_bar_0190","video_relative_to_recording_start",rectangle,663,754,1184,778,,,,"A017","T004","B",loading,,,,,1,TRUE,4700.000,4750.000,1414.356567,1414.406616,1920,1046,"world_widget_loading_progress_bar_geometry",1,0,"video_relative_to_screen_recording_start",1059.821167,354535.406,354585.438,1,1059.821167,"1781265307261","../../../../../../Project/UE5/Gallery/Saved/ScreenRecordings/A017_20260612_195507_screen.mkv",354535.406,354585.438,354560.438,"1781265661796","1781265661846","2026-06-12T20:01:01.796+08:00","2026-06-12T20:01:01.846+08:00",1409.656616,EXP1,"b_progress_bar",-1,-1,
"b_preview_panel","B条件预览面板","T004_b_preview_panel_0191","video_relative_to_recording_start",rectangle,636,0,1211,819,,,,"A017","T004","B",loading,,,,,1,TRUE,4750.000,4800.000,1414.406616,1414.456665,1920,1046,"world_widget_card_size_box_geometry",1,1,"video_relative_to_screen_recording_start",1059.821167,354585.438,354635.500,1,1059.821167,"1781265307261","../../../../../../Project/UE5/Gallery/Saved/ScreenRecordings/A017_20260612_195507_screen.mkv",354585.438,354635.500,354610.469,"1781265661846","1781265661896","2026-06-12T20:01:01.846+08:00","2026-06-12T20:01:01.896+08:00",1409.656616,EXP1,"b_preview",-1,-1,
"b_progress_bar","B条件进度条区域","T004_b_progress_bar_0192","video_relative_to_recording_start",rectangle,663,754,1184,778,,,,"A017","T004","B",loading,,,,,1,TRUE,4750.000,4800.000,1414.406616,1414.456665,1920,1046,"world_widget_loading_progress_bar_geometry",1,0,"video_relative_to_screen_recording_start",1059.821167,354585.438,354635.500,1,1059.821167,"1781265307261","../../../../../../Project/UE5/Gallery/Saved/ScreenRecordings/A017_20260612_195507_screen.mkv",354585.438,354635.500,354610.469,"1781265661846","1781265661896","2026-06-12T20:01:01.846+08:00","2026-06-12T20:01:01.896+08:00",1409.656616,EXP1,"b_progress_bar",-1,-1,
"b_preview_panel","B条件预览面板","T004_b_preview_panel_0193","video_relative_to_recording_start",rectangle,638,0,1212,808,,,,"A017","T004","B",loading,,,,,1,TRUE,4800.000,4850.000,1414.456665,1414.506592,1920,1046,"world_widget_card_size_box_geometry",1,1,"video_relative_to_screen_recording_start",1059.821167,354635.500,354685.438,1,1059.821167,"1781265307261","../../../../../../Project/UE5/Gallery/Saved/ScreenRecordings/A017_20260612_195507_screen.mkv",354635.500,354685.438,354660.469,"1781265661896","1781265661946","2026-06-12T20:01:01.896+08:00","2026-06-12T20:01:01.946+08:00",1409.656616,EXP1,"b_preview",-1,-1,
"b_progress_bar","B条件进度条区域","T004_b_progress_bar_0194","video_relative_to_recording_start",rectangle,666,744,1186,767,,,,"A017","T004","B",loading,,,,,1,TRUE,4800.000,4850.000,1414.456665,1414.506592,1920,1046,"world_widget_loading_progress_bar_geometry",1,0,"video_relative_to_screen_recording_start",1059.821167,354635.500,354685.438,1,1059.821167,"1781265307261","../../../../../../Project/UE5/Gallery/Saved/ScreenRecordings/A017_20260612_195507_screen.mkv",354635.500,354685.438,354660.469,"1781265661896","1781265661946","2026-06-12T20:01:01.896+08:00","2026-06-12T20:01:01.946+08:00",1409.656616,EXP1,"b_progress_bar",-1,-1,
"b_preview_panel","B条件预览面板","T004_b_preview_panel_0195","video_relative_to_recording_start",rectangle,640,0,1213,798,,,,"A017","T004","B",loading,,,,,1,TRUE,4850.000,4900.000,1414.506592,1414.556641,1920,1046,"world_widget_card_size_box_geometry",1,1,"video_relative_to_screen_recording_start",1059.821167,354685.438,354735.469,1,1059.821167,"1781265307261","../../../../../../Project/UE5/Gallery/Saved/ScreenRecordings/A017_20260612_195507_screen.mkv",354685.438,354735.469,354710.438,"1781265661946","1781265661996","2026-06-12T20:01:01.946+08:00","2026-06-12T20:01:01.996+08:00",1409.656616,EXP1,"b_preview",-1,-1,
"b_progress_bar","B条件进度条区域","T004_b_progress_bar_0196","video_relative_to_recording_start",rectangle,668,734,1186,757,,,,"A017","T004","B",loading,,,,,1,TRUE,4850.000,4900.000,1414.506592,1414.556641,1920,1046,"world_widget_loading_progress_bar_geometry",1,0,"video_relative_to_screen_recording_start",1059.821167,354685.438,354735.469,1,1059.821167,"1781265307261","../../../../../../Project/UE5/Gallery/Saved/ScreenRecordings/A017_20260612_195507_screen.mkv",354685.438,354735.469,354710.438,"1781265661946","1781265661996","2026-06-12T20:01:01.946+08:00","2026-06-12T20:01:01.996+08:00",1409.656616,EXP1,"b_progress_bar",-1,-1,
"b_preview_panel","B条件预览面板","T004_b_preview_panel_0197","video_relative_to_recording_start",rectangle,640,0,1213,795,,,,"A017","T004","B",loading,,,,,1,TRUE,4900.000,4950.000,1414.556641,1414.606567,1920,1046,"world_widget_card_size_box_geometry",1,1,"video_relative_to_screen_recording_start",1059.821167,354735.469,354785.406,1,1059.821167,"1781265307261","../../../../../../Project/UE5/Gallery/Saved/ScreenRecordings/A017_20260612_195507_screen.mkv",354735.469,354785.406,354760.438,"1781265661996","1781265662046","2026-06-12T20:01:01.996+08:00","2026-06-12T20:01:02.046+08:00",1409.656616,EXP1,"b_preview",-1,-1,
"b_progress_bar","B条件进度条区域","T004_b_progress_bar_0198","video_relative_to_recording_start",rectangle,668,731,1186,754,,,,"A017","T004","B",loading,,,,,1,TRUE,4900.000,4950.000,1414.556641,1414.606567,1920,1046,"world_widget_loading_progress_bar_geometry",1,0,"video_relative_to_screen_recording_start",1059.821167,354735.469,354785.406,1,1059.821167,"1781265307261","../../../../../../Project/UE5/Gallery/Saved/ScreenRecordings/A017_20260612_195507_screen.mkv",354735.469,354785.406,354760.438,"1781265661996","1781265662046","2026-06-12T20:01:01.996+08:00","2026-06-12T20:01:02.046+08:00",1409.656616,EXP1,"b_progress_bar",-1,-1,
"b_preview_panel","B条件预览面板","T004_b_preview_panel_0199","video_relative_to_recording_start",rectangle,640,0,1213,795,,,,"A017","T004","B",loading,,,,,1,TRUE,4950.000,5000.000,1414.606567,1414.656616,1920,1046,"world_widget_card_size_box_geometry",1,1,"video_relative_to_screen_recording_start",1059.821167,354785.406,354835.438,1,1059.821167,"1781265307261","../../../../../../Project/UE5/Gallery/Saved/ScreenRecordings/A017_20260612_195507_screen.mkv",354785.406,354835.438,354810.438,"1781265662046","1781265662096","2026-06-12T20:01:02.046+08:00","2026-06-12T20:01:02.096+08:00",1409.656616,EXP1,"b_preview",-1,-1,
"b_progress_bar","B条件进度条区域","T004_b_progress_bar_0200","video_relative_to_recording_start",rectangle,668,731,1186,754,,,,"A017","T004","B",loading,,,,,1,TRUE,4950.000,5000.000,1414.606567,1414.656616,1920,1046,"world_widget_loading_progress_bar_geometry",1,0,"video_relative_to_screen_recording_start",1059.821167,354785.406,354835.438,1,1059.821167,"1781265307261","../../../../../../Project/UE5/Gallery/Saved/ScreenRecordings/A017_20260612_195507_screen.mkv",354785.406,354835.438,354810.438,"1781265662046","1781265662096","2026-06-12T20:01:02.046+08:00","2026-06-12T20:01:02.096+08:00",1409.656616,EXP1,"b_progress_bar",-1,-1,
"b_preview_panel","B条件预览面板","T004_b_preview_panel_0201","video_relative_to_recording_start",rectangle,640,0,1213,794,,,,"A017","T004","B",loading,,,,,1,TRUE,5000.000,5050.000,1414.656616,1414.706665,1920,1046,"world_widget_card_size_box_geometry",1,1,"video_relative_to_screen_recording_start",1059.821167,354835.438,354885.500,1,1059.821167,"1781265307261","../../../../../../Project/UE5/Gallery/Saved/ScreenRecordings/A017_20260612_195507_screen.mkv",354835.438,354885.500,354860.469,"1781265662096","1781265662147","2026-06-12T20:01:02.096+08:00","2026-06-12T20:01:02.146+08:00",1409.656616,EXP1,"b_preview",-1,-1,
"b_progress_bar","B条件进度条区域","T004_b_progress_bar_0202","video_relative_to_recording_start",rectangle,668,730,1186,753,,,,"A017","T004","B",loading,,,,,1,TRUE,5000.000,5050.000,1414.656616,1414.706665,1920,1046,"world_widget_loading_progress_bar_geometry",1,0,"video_relative_to_screen_recording_start",1059.821167,354835.438,354885.500,1,1059.821167,"1781265307261","../../../../../../Project/UE5/Gallery/Saved/ScreenRecordings/A017_20260612_195507_screen.mkv",354835.438,354885.500,354860.469,"1781265662096","1781265662147","2026-06-12T20:01:02.096+08:00","2026-06-12T20:01:02.146+08:00",1409.656616,EXP1,"b_progress_bar",-1,-1,
"b_preview_panel","B条件预览面板","T004_b_preview_panel_0203","video_relative_to_recording_start",rectangle,640,0,1213,794,,,,"A017","T004","B",loading,,,,,1,TRUE,5050.000,5100.000,1414.706665,1414.756592,1920,1046,"world_widget_card_size_box_geometry",1,1,"video_relative_to_screen_recording_start",1059.821167,354885.500,354935.438,1,1059.821167,"1781265307261","../../../../../../Project/UE5/Gallery/Saved/ScreenRecordings/A017_20260612_195507_screen.mkv",354885.500,354935.438,354910.469,"1781265662147","1781265662196","2026-06-12T20:01:02.146+08:00","2026-06-12T20:01:02.196+08:00",1409.656616,EXP1,"b_preview",-1,-1,
"b_progress_bar","B条件进度条区域","T004_b_progress_bar_0204","video_relative_to_recording_start",rectangle,668,730,1186,753,,,,"A017","T004","B",loading,,,,,1,TRUE,5050.000,5100.000,1414.706665,1414.756592,1920,1046,"world_widget_loading_progress_bar_geometry",1,0,"video_relative_to_screen_recording_start",1059.821167,354885.500,354935.438,1,1059.821167,"1781265307261","../../../../../../Project/UE5/Gallery/Saved/ScreenRecordings/A017_20260612_195507_screen.mkv",354885.500,354935.438,354910.469,"1781265662147","1781265662196","2026-06-12T20:01:02.146+08:00","2026-06-12T20:01:02.196+08:00",1409.656616,EXP1,"b_progress_bar",-1,-1,
"b_preview_panel","B条件预览面板","T004_b_preview_panel_0205","video_relative_to_recording_start",rectangle,640,0,1213,794,,,,"A017","T004","B",loading,,,,,1,TRUE,5100.000,5150.000,1414.756592,1414.806641,1920,1046,"world_widget_card_size_box_geometry",1,1,"video_relative_to_screen_recording_start",1059.821167,354935.438,354985.469,1,1059.821167,"1781265307261","../../../../../../Project/UE5/Gallery/Saved/ScreenRecordings/A017_20260612_195507_screen.mkv",354935.438,354985.469,354960.438,"1781265662196","1781265662246","2026-06-12T20:01:02.196+08:00","2026-06-12T20:01:02.246+08:00",1409.656616,EXP1,"b_preview",-1,-1,
"b_progress_bar","B条件进度条区域","T004_b_progress_bar_0206","video_relative_to_recording_start",rectangle,668,730,1186,753,,,,"A017","T004","B",loading,,,,,1,TRUE,5100.000,5150.000,1414.756592,1414.806641,1920,1046,"world_widget_loading_progress_bar_geometry",1,0,"video_relative_to_screen_recording_start",1059.821167,354935.438,354985.469,1,1059.821167,"1781265307261","../../../../../../Project/UE5/Gallery/Saved/ScreenRecordings/A017_20260612_195507_screen.mkv",354935.438,354985.469,354960.438,"1781265662196","1781265662246","2026-06-12T20:01:02.196+08:00","2026-06-12T20:01:02.246+08:00",1409.656616,EXP1,"b_progress_bar",-1,-1,
"b_preview_panel","B条件预览面板","T004_b_preview_panel_0207","video_relative_to_recording_start",rectangle,640,0,1213,794,,,,"A017","T004","B",loading,,,,,1,TRUE,5150.000,5200.000,1414.806641,1414.856567,1920,1046,"world_widget_card_size_box_geometry",1,1,"video_relative_to_screen_recording_start",1059.821167,354985.469,355035.406,1,1059.821167,"1781265307261","../../../../../../Project/UE5/Gallery/Saved/ScreenRecordings/A017_20260612_195507_screen.mkv",354985.469,355035.406,355010.438,"1781265662246","1781265662296","2026-06-12T20:01:02.246+08:00","2026-06-12T20:01:02.296+08:00",1409.656616,EXP1,"b_preview",-1,-1,
"b_progress_bar","B条件进度条区域","T004_b_progress_bar_0208","video_relative_to_recording_start",rectangle,668,730,1186,753,,,,"A017","T004","B",loading,,,,,1,TRUE,5150.000,5200.000,1414.806641,1414.856567,1920,1046,"world_widget_loading_progress_bar_geometry",1,0,"video_relative_to_screen_recording_start",1059.821167,354985.469,355035.406,1,1059.821167,"1781265307261","../../../../../../Project/UE5/Gallery/Saved/ScreenRecordings/A017_20260612_195507_screen.mkv",354985.469,355035.406,355010.438,"1781265662246","1781265662296","2026-06-12T20:01:02.246+08:00","2026-06-12T20:01:02.296+08:00",1409.656616,EXP1,"b_progress_bar",-1,-1,
"b_preview_panel","B条件预览面板","T004_b_preview_panel_0209","video_relative_to_recording_start",rectangle,640,0,1213,794,,,,"A017","T004","B",loading,,,,,1,TRUE,5200.000,5250.000,1414.856567,1414.906616,1920,1046,"world_widget_card_size_box_geometry",1,1,"video_relative_to_screen_recording_start",1059.821167,355035.406,355085.438,1,1059.821167,"1781265307261","../../../../../../Project/UE5/Gallery/Saved/ScreenRecordings/A017_20260612_195507_screen.mkv",355035.406,355085.438,355060.438,"1781265662296","1781265662346","2026-06-12T20:01:02.296+08:00","2026-06-12T20:01:02.346+08:00",1409.656616,EXP1,"b_preview",-1,-1,
"b_progress_bar","B条件进度条区域","T004_b_progress_bar_0210","video_relative_to_recording_start",rectangle,668,730,1186,753,,,,"A017","T004","B",loading,,,,,1,TRUE,5200.000,5250.000,1414.856567,1414.906616,1920,1046,"world_widget_loading_progress_bar_geometry",1,0,"video_relative_to_screen_recording_start",1059.821167,355035.406,355085.438,1,1059.821167,"1781265307261","../../../../../../Project/UE5/Gallery/Saved/ScreenRecordings/A017_20260612_195507_screen.mkv",355035.406,355085.438,355060.438,"1781265662296","1781265662346","2026-06-12T20:01:02.296+08:00","2026-06-12T20:01:02.346+08:00",1409.656616,EXP1,"b_progress_bar",-1,-1,
"b_preview_panel","B条件预览面板","T004_b_preview_panel_0211","video_relative_to_recording_start",rectangle,640,0,1213,794,,,,"A017","T004","B",loading,,,,,1,TRUE,5250.000,5300.000,1414.906616,1414.956665,1920,1046,"world_widget_card_size_box_geometry",1,1,"video_relative_to_screen_recording_start",1059.821167,355085.438,355135.500,1,1059.821167,"1781265307261","../../../../../../Project/UE5/Gallery/Saved/ScreenRecordings/A017_20260612_195507_screen.mkv",355085.438,355135.500,355110.469,"1781265662346","1781265662396","2026-06-12T20:01:02.346+08:00","2026-06-12T20:01:02.396+08:00",1409.656616,EXP1,"b_preview",-1,-1,
"b_progress_bar","B条件进度条区域","T004_b_progress_bar_0212","video_relative_to_recording_start",rectangle,668,730,1186,753,,,,"A017","T004","B",loading,,,,,1,TRUE,5250.000,5300.000,1414.906616,1414.956665,1920,1046,"world_widget_loading_progress_bar_geometry",1,0,"video_relative_to_screen_recording_start",1059.821167,355085.438,355135.500,1,1059.821167,"1781265307261","../../../../../../Project/UE5/Gallery/Saved/ScreenRecordings/A017_20260612_195507_screen.mkv",355085.438,355135.500,355110.469,"1781265662346","1781265662396","2026-06-12T20:01:02.346+08:00","2026-06-12T20:01:02.396+08:00",1409.656616,EXP1,"b_progress_bar",-1,-1,
"b_preview_panel","B条件预览面板","T004_b_preview_panel_0213","video_relative_to_recording_start",rectangle,640,0,1213,794,,,,"A017","T004","B",loading,,,,,1,TRUE,5300.000,5350.000,1414.956665,1415.006592,1920,1046,"world_widget_card_size_box_geometry",1,1,"video_relative_to_screen_recording_start",1059.821167,355135.500,355185.438,1,1059.821167,"1781265307261","../../../../../../Project/UE5/Gallery/Saved/ScreenRecordings/A017_20260612_195507_screen.mkv",355135.500,355185.438,355160.469,"1781265662396","1781265662446","2026-06-12T20:01:02.396+08:00","2026-06-12T20:01:02.446+08:00",1409.656616,EXP1,"b_preview",-1,-1,
"b_progress_bar","B条件进度条区域","T004_b_progress_bar_0214","video_relative_to_recording_start",rectangle,668,730,1186,753,,,,"A017","T004","B",loading,,,,,1,TRUE,5300.000,5350.000,1414.956665,1415.006592,1920,1046,"world_widget_loading_progress_bar_geometry",1,0,"video_relative_to_screen_recording_start",1059.821167,355135.500,355185.438,1,1059.821167,"1781265307261","../../../../../../Project/UE5/Gallery/Saved/ScreenRecordings/A017_20260612_195507_screen.mkv",355135.500,355185.438,355160.469,"1781265662396","1781265662446","2026-06-12T20:01:02.396+08:00","2026-06-12T20:01:02.446+08:00",1409.656616,EXP1,"b_progress_bar",-1,-1,
"b_preview_panel","B条件预览面板","T004_b_preview_panel_0215","video_relative_to_recording_start",rectangle,640,0,1213,794,,,,"A017","T004","B",loading,,,,,1,TRUE,5350.000,5400.000,1415.006592,1415.056641,1920,1046,"world_widget_card_size_box_geometry",1,1,"video_relative_to_screen_recording_start",1059.821167,355185.438,355235.469,1,1059.821167,"1781265307261","../../../../../../Project/UE5/Gallery/Saved/ScreenRecordings/A017_20260612_195507_screen.mkv",355185.438,355235.469,355210.438,"1781265662446","1781265662496","2026-06-12T20:01:02.446+08:00","2026-06-12T20:01:02.496+08:00",1409.656616,EXP1,"b_preview",-1,-1,
"b_progress_bar","B条件进度条区域","T004_b_progress_bar_0216","video_relative_to_recording_start",rectangle,668,730,1186,753,,,,"A017","T004","B",loading,,,,,1,TRUE,5350.000,5400.000,1415.006592,1415.056641,1920,1046,"world_widget_loading_progress_bar_geometry",1,0,"video_relative_to_screen_recording_start",1059.821167,355185.438,355235.469,1,1059.821167,"1781265307261","../../../../../../Project/UE5/Gallery/Saved/ScreenRecordings/A017_20260612_195507_screen.mkv",355185.438,355235.469,355210.438,"1781265662446","1781265662496","2026-06-12T20:01:02.446+08:00","2026-06-12T20:01:02.496+08:00",1409.656616,EXP1,"b_progress_bar",-1,-1,
"b_preview_panel","B条件预览面板","T004_b_preview_panel_0217","video_relative_to_recording_start",rectangle,640,0,1213,794,,,,"A017","T004","B",loading,,,,,1,TRUE,5400.000,5450.000,1415.056641,1415.106567,1920,1046,"world_widget_card_size_box_geometry",1,1,"video_relative_to_screen_recording_start",1059.821167,355235.469,355285.406,1,1059.821167,"1781265307261","../../../../../../Project/UE5/Gallery/Saved/ScreenRecordings/A017_20260612_195507_screen.mkv",355235.469,355285.406,355260.438,"1781265662496","1781265662546","2026-06-12T20:01:02.496+08:00","2026-06-12T20:01:02.546+08:00",1409.656616,EXP1,"b_preview",-1,-1,
"b_progress_bar","B条件进度条区域","T004_b_progress_bar_0218","video_relative_to_recording_start",rectangle,668,730,1186,753,,,,"A017","T004","B",loading,,,,,1,TRUE,5400.000,5450.000,1415.056641,1415.106567,1920,1046,"world_widget_loading_progress_bar_geometry",1,0,"video_relative_to_screen_recording_start",1059.821167,355235.469,355285.406,1,1059.821167,"1781265307261","../../../../../../Project/UE5/Gallery/Saved/ScreenRecordings/A017_20260612_195507_screen.mkv",355235.469,355285.406,355260.438,"1781265662496","1781265662546","2026-06-12T20:01:02.496+08:00","2026-06-12T20:01:02.546+08:00",1409.656616,EXP1,"b_progress_bar",-1,-1,
"b_preview_panel","B条件预览面板","T004_b_preview_panel_0219","video_relative_to_recording_start",rectangle,640,0,1213,794,,,,"A017","T004","B",loading,,,,,1,TRUE,5450.000,5500.000,1415.106567,1415.156616,1920,1046,"world_widget_card_size_box_geometry",1,1,"video_relative_to_screen_recording_start",1059.821167,355285.406,355335.438,1,1059.821167,"1781265307261","../../../../../../Project/UE5/Gallery/Saved/ScreenRecordings/A017_20260612_195507_screen.mkv",355285.406,355335.438,355310.438,"1781265662546","1781265662596","2026-06-12T20:01:02.546+08:00","2026-06-12T20:01:02.596+08:00",1409.656616,EXP1,"b_preview",-1,-1,
"b_progress_bar","B条件进度条区域","T004_b_progress_bar_0220","video_relative_to_recording_start",rectangle,668,730,1186,753,,,,"A017","T004","B",loading,,,,,1,TRUE,5450.000,5500.000,1415.106567,1415.156616,1920,1046,"world_widget_loading_progress_bar_geometry",1,0,"video_relative_to_screen_recording_start",1059.821167,355285.406,355335.438,1,1059.821167,"1781265307261","../../../../../../Project/UE5/Gallery/Saved/ScreenRecordings/A017_20260612_195507_screen.mkv",355285.406,355335.438,355310.438,"1781265662546","1781265662596","2026-06-12T20:01:02.546+08:00","2026-06-12T20:01:02.596+08:00",1409.656616,EXP1,"b_progress_bar",-1,-1,
"b_preview_panel","B条件预览面板","T004_b_preview_panel_0221","video_relative_to_recording_start",rectangle,640,0,1213,794,,,,"A017","T004","B",loading,,,,,1,TRUE,5500.000,5550.000,1415.156616,1415.206665,1920,1046,"world_widget_card_size_box_geometry",1,1,"video_relative_to_screen_recording_start",1059.821167,355335.438,355385.500,1,1059.821167,"1781265307261","../../../../../../Project/UE5/Gallery/Saved/ScreenRecordings/A017_20260612_195507_screen.mkv",355335.438,355385.500,355360.469,"1781265662596","1781265662646","2026-06-12T20:01:02.596+08:00","2026-06-12T20:01:02.646+08:00",1409.656616,EXP1,"b_preview",-1,-1,
"b_progress_bar","B条件进度条区域","T004_b_progress_bar_0222","video_relative_to_recording_start",rectangle,668,730,1186,753,,,,"A017","T004","B",loading,,,,,1,TRUE,5500.000,5550.000,1415.156616,1415.206665,1920,1046,"world_widget_loading_progress_bar_geometry",1,0,"video_relative_to_screen_recording_start",1059.821167,355335.438,355385.500,1,1059.821167,"1781265307261","../../../../../../Project/UE5/Gallery/Saved/ScreenRecordings/A017_20260612_195507_screen.mkv",355335.438,355385.500,355360.469,"1781265662596","1781265662646","2026-06-12T20:01:02.596+08:00","2026-06-12T20:01:02.646+08:00",1409.656616,EXP1,"b_progress_bar",-1,-1,
"b_preview_panel","B条件预览面板","T004_b_preview_panel_0223","video_relative_to_recording_start",rectangle,640,0,1213,794,,,,"A017","T004","B",loading,,,,,1,TRUE,5550.000,5600.000,1415.206665,1415.256592,1920,1046,"world_widget_card_size_box_geometry",1,1,"video_relative_to_screen_recording_start",1059.821167,355385.500,355435.438,1,1059.821167,"1781265307261","../../../../../../Project/UE5/Gallery/Saved/ScreenRecordings/A017_20260612_195507_screen.mkv",355385.500,355435.438,355410.469,"1781265662646","1781265662696","2026-06-12T20:01:02.646+08:00","2026-06-12T20:01:02.696+08:00",1409.656616,EXP1,"b_preview",-1,-1,
"b_progress_bar","B条件进度条区域","T004_b_progress_bar_0224","video_relative_to_recording_start",rectangle,668,730,1186,753,,,,"A017","T004","B",loading,,,,,1,TRUE,5550.000,5600.000,1415.206665,1415.256592,1920,1046,"world_widget_loading_progress_bar_geometry",1,0,"video_relative_to_screen_recording_start",1059.821167,355385.500,355435.438,1,1059.821167,"1781265307261","../../../../../../Project/UE5/Gallery/Saved/ScreenRecordings/A017_20260612_195507_screen.mkv",355385.500,355435.438,355410.469,"1781265662646","1781265662696","2026-06-12T20:01:02.646+08:00","2026-06-12T20:01:02.696+08:00",1409.656616,EXP1,"b_progress_bar",-1,-1,
"b_preview_panel","B条件预览面板","T004_b_preview_panel_0225","video_relative_to_recording_start",rectangle,640,0,1213,794,,,,"A017","T004","B",loading,,,,,1,TRUE,5600.000,5650.000,1415.256592,1415.306641,1920,1046,"world_widget_card_size_box_geometry",1,1,"video_relative_to_screen_recording_start",1059.821167,355435.438,355485.469,1,1059.821167,"1781265307261","../../../../../../Project/UE5/Gallery/Saved/ScreenRecordings/A017_20260612_195507_screen.mkv",355435.438,355485.469,355460.438,"1781265662696","1781265662746","2026-06-12T20:01:02.696+08:00","2026-06-12T20:01:02.746+08:00",1409.656616,EXP1,"b_preview",-1,-1,
"b_progress_bar","B条件进度条区域","T004_b_progress_bar_0226","video_relative_to_recording_start",rectangle,668,730,1186,753,,,,"A017","T004","B",loading,,,,,1,TRUE,5600.000,5650.000,1415.256592,1415.306641,1920,1046,"world_widget_loading_progress_bar_geometry",1,0,"video_relative_to_screen_recording_start",1059.821167,355435.438,355485.469,1,1059.821167,"1781265307261","../../../../../../Project/UE5/Gallery/Saved/ScreenRecordings/A017_20260612_195507_screen.mkv",355435.438,355485.469,355460.438,"1781265662696","1781265662746","2026-06-12T20:01:02.696+08:00","2026-06-12T20:01:02.746+08:00",1409.656616,EXP1,"b_progress_bar",-1,-1,
"b_preview_panel","B条件预览面板","T004_b_preview_panel_0227","video_relative_to_recording_start",rectangle,640,0,1213,794,,,,"A017","T004","B",loading,,,,,1,TRUE,5650.000,5700.000,1415.306641,1415.356567,1920,1046,"world_widget_card_size_box_geometry",1,1,"video_relative_to_screen_recording_start",1059.821167,355485.469,355535.406,1,1059.821167,"1781265307261","../../../../../../Project/UE5/Gallery/Saved/ScreenRecordings/A017_20260612_195507_screen.mkv",355485.469,355535.406,355510.438,"1781265662746","1781265662796","2026-06-12T20:01:02.746+08:00","2026-06-12T20:01:02.796+08:00",1409.656616,EXP1,"b_preview",-1,-1,
"b_progress_bar","B条件进度条区域","T004_b_progress_bar_0228","video_relative_to_recording_start",rectangle,668,730,1186,753,,,,"A017","T004","B",loading,,,,,1,TRUE,5650.000,5700.000,1415.306641,1415.356567,1920,1046,"world_widget_loading_progress_bar_geometry",1,0,"video_relative_to_screen_recording_start",1059.821167,355485.469,355535.406,1,1059.821167,"1781265307261","../../../../../../Project/UE5/Gallery/Saved/ScreenRecordings/A017_20260612_195507_screen.mkv",355485.469,355535.406,355510.438,"1781265662746","1781265662796","2026-06-12T20:01:02.746+08:00","2026-06-12T20:01:02.796+08:00",1409.656616,EXP1,"b_progress_bar",-1,-1,
"b_preview_panel","B条件预览面板","T004_b_preview_panel_0229","video_relative_to_recording_start",rectangle,640,0,1213,794,,,,"A017","T004","B",loading,,,,,1,TRUE,5700.000,5750.000,1415.356567,1415.406616,1920,1046,"world_widget_card_size_box_geometry",1,1,"video_relative_to_screen_recording_start",1059.821167,355535.406,355585.438,1,1059.821167,"1781265307261","../../../../../../Project/UE5/Gallery/Saved/ScreenRecordings/A017_20260612_195507_screen.mkv",355535.406,355585.438,355560.438,"1781265662796","1781265662846","2026-06-12T20:01:02.796+08:00","2026-06-12T20:01:02.846+08:00",1409.656616,EXP1,"b_preview",-1,-1,
"b_progress_bar","B条件进度条区域","T004_b_progress_bar_0230","video_relative_to_recording_start",rectangle,668,730,1186,753,,,,"A017","T004","B",loading,,,,,1,TRUE,5700.000,5750.000,1415.356567,1415.406616,1920,1046,"world_widget_loading_progress_bar_geometry",1,0,"video_relative_to_screen_recording_start",1059.821167,355535.406,355585.438,1,1059.821167,"1781265307261","../../../../../../Project/UE5/Gallery/Saved/ScreenRecordings/A017_20260612_195507_screen.mkv",355535.406,355585.438,355560.438,"1781265662796","1781265662846","2026-06-12T20:01:02.796+08:00","2026-06-12T20:01:02.846+08:00",1409.656616,EXP1,"b_progress_bar",-1,-1,
"b_preview_panel","B条件预览面板","T004_b_preview_panel_0231","video_relative_to_recording_start",rectangle,640,0,1213,794,,,,"A017","T004","B",loading,,,,,1,TRUE,5750.000,5800.000,1415.406616,1415.456665,1920,1046,"world_widget_card_size_box_geometry",1,1,"video_relative_to_screen_recording_start",1059.821167,355585.438,355635.500,1,1059.821167,"1781265307261","../../../../../../Project/UE5/Gallery/Saved/ScreenRecordings/A017_20260612_195507_screen.mkv",355585.438,355635.500,355610.469,"1781265662846","1781265662897","2026-06-12T20:01:02.846+08:00","2026-06-12T20:01:02.896+08:00",1409.656616,EXP1,"b_preview",-1,-1,
"b_progress_bar","B条件进度条区域","T004_b_progress_bar_0232","video_relative_to_recording_start",rectangle,668,730,1186,753,,,,"A017","T004","B",loading,,,,,1,TRUE,5750.000,5800.000,1415.406616,1415.456665,1920,1046,"world_widget_loading_progress_bar_geometry",1,0,"video_relative_to_screen_recording_start",1059.821167,355585.438,355635.500,1,1059.821167,"1781265307261","../../../../../../Project/UE5/Gallery/Saved/ScreenRecordings/A017_20260612_195507_screen.mkv",355585.438,355635.500,355610.469,"1781265662846","1781265662897","2026-06-12T20:01:02.846+08:00","2026-06-12T20:01:02.896+08:00",1409.656616,EXP1,"b_progress_bar",-1,-1,
"b_preview_panel","B条件预览面板","T004_b_preview_panel_0233","video_relative_to_recording_start",rectangle,640,0,1213,794,,,,"A017","T004","B",loading,,,,,1,TRUE,5800.000,5850.000,1415.456665,1415.506592,1920,1046,"world_widget_card_size_box_geometry",1,1,"video_relative_to_screen_recording_start",1059.821167,355635.500,355685.438,1,1059.821167,"1781265307261","../../../../../../Project/UE5/Gallery/Saved/ScreenRecordings/A017_20260612_195507_screen.mkv",355635.500,355685.438,355660.469,"1781265662897","1781265662946","2026-06-12T20:01:02.896+08:00","2026-06-12T20:01:02.946+08:00",1409.656616,EXP1,"b_preview",-1,-1,
"b_progress_bar","B条件进度条区域","T004_b_progress_bar_0234","video_relative_to_recording_start",rectangle,668,730,1186,753,,,,"A017","T004","B",loading,,,,,1,TRUE,5800.000,5850.000,1415.456665,1415.506592,1920,1046,"world_widget_loading_progress_bar_geometry",1,0,"video_relative_to_screen_recording_start",1059.821167,355635.500,355685.438,1,1059.821167,"1781265307261","../../../../../../Project/UE5/Gallery/Saved/ScreenRecordings/A017_20260612_195507_screen.mkv",355635.500,355685.438,355660.469,"1781265662897","1781265662946","2026-06-12T20:01:02.896+08:00","2026-06-12T20:01:02.946+08:00",1409.656616,EXP1,"b_progress_bar",-1,-1,
"b_preview_panel","B条件预览面板","T004_b_preview_panel_0235","video_relative_to_recording_start",rectangle,640,0,1213,794,,,,"A017","T004","B",loading,,,,,1,TRUE,5850.000,5900.000,1415.506592,1415.556641,1920,1046,"world_widget_card_size_box_geometry",1,1,"video_relative_to_screen_recording_start",1059.821167,355685.438,355735.469,1,1059.821167,"1781265307261","../../../../../../Project/UE5/Gallery/Saved/ScreenRecordings/A017_20260612_195507_screen.mkv",355685.438,355735.469,355710.438,"1781265662946","1781265662996","2026-06-12T20:01:02.946+08:00","2026-06-12T20:01:02.996+08:00",1409.656616,EXP1,"b_preview",-1,-1,
"b_progress_bar","B条件进度条区域","T004_b_progress_bar_0236","video_relative_to_recording_start",rectangle,668,730,1186,753,,,,"A017","T004","B",loading,,,,,1,TRUE,5850.000,5900.000,1415.506592,1415.556641,1920,1046,"world_widget_loading_progress_bar_geometry",1,0,"video_relative_to_screen_recording_start",1059.821167,355685.438,355735.469,1,1059.821167,"1781265307261","../../../../../../Project/UE5/Gallery/Saved/ScreenRecordings/A017_20260612_195507_screen.mkv",355685.438,355735.469,355710.438,"1781265662946","1781265662996","2026-06-12T20:01:02.946+08:00","2026-06-12T20:01:02.996+08:00",1409.656616,EXP1,"b_progress_bar",-1,-1,
"b_preview_panel","B条件预览面板","T004_b_preview_panel_0237","video_relative_to_recording_start",rectangle,640,0,1213,794,,,,"A017","T004","B",loading,,,,,1,TRUE,5900.000,5950.000,1415.556641,1415.606567,1920,1046,"world_widget_card_size_box_geometry",1,1,"video_relative_to_screen_recording_start",1059.821167,355735.469,355785.406,1,1059.821167,"1781265307261","../../../../../../Project/UE5/Gallery/Saved/ScreenRecordings/A017_20260612_195507_screen.mkv",355735.469,355785.406,355760.438,"1781265662996","1781265663046","2026-06-12T20:01:02.996+08:00","2026-06-12T20:01:03.046+08:00",1409.656616,EXP1,"b_preview",-1,-1,
"b_progress_bar","B条件进度条区域","T004_b_progress_bar_0238","video_relative_to_recording_start",rectangle,668,730,1186,753,,,,"A017","T004","B",loading,,,,,1,TRUE,5900.000,5950.000,1415.556641,1415.606567,1920,1046,"world_widget_loading_progress_bar_geometry",1,0,"video_relative_to_screen_recording_start",1059.821167,355735.469,355785.406,1,1059.821167,"1781265307261","../../../../../../Project/UE5/Gallery/Saved/ScreenRecordings/A017_20260612_195507_screen.mkv",355735.469,355785.406,355760.438,"1781265662996","1781265663046","2026-06-12T20:01:02.996+08:00","2026-06-12T20:01:03.046+08:00",1409.656616,EXP1,"b_progress_bar",-1,-1,
"b_preview_panel","B条件预览面板","T004_b_preview_panel_0239","video_relative_to_recording_start",rectangle,640,0,1213,794,,,,"A017","T004","B",loading,,,,,1,TRUE,5950.000,6000.000,1415.606567,1415.656616,1920,1046,"world_widget_card_size_box_geometry",1,1,"video_relative_to_screen_recording_start",1059.821167,355785.406,355835.438,1,1059.821167,"1781265307261","../../../../../../Project/UE5/Gallery/Saved/ScreenRecordings/A017_20260612_195507_screen.mkv",355785.406,355835.438,355810.438,"1781265663046","1781265663096","2026-06-12T20:01:03.046+08:00","2026-06-12T20:01:03.096+08:00",1409.656616,EXP1,"b_preview",-1,-1,
"b_progress_bar","B条件进度条区域","T004_b_progress_bar_0240","video_relative_to_recording_start",rectangle,668,730,1186,753,,,,"A017","T004","B",loading,,,,,1,TRUE,5950.000,6000.000,1415.606567,1415.656616,1920,1046,"world_widget_loading_progress_bar_geometry",1,0,"video_relative_to_screen_recording_start",1059.821167,355785.406,355835.438,1,1059.821167,"1781265307261","../../../../../../Project/UE5/Gallery/Saved/ScreenRecordings/A017_20260612_195507_screen.mkv",355785.406,355835.438,355810.438,"1781265663046","1781265663096","2026-06-12T20:01:03.046+08:00","2026-06-12T20:01:03.096+08:00",1409.656616,EXP1,"b_progress_bar",-1,-1,
"b_preview_panel","B条件预览面板","T004_b_preview_panel_0241","video_relative_to_recording_start",rectangle,640,0,1213,794,,,,"A017","T004","B",loading,,,,,1,TRUE,6000.000,6050.000,1415.656616,1415.706665,1920,1046,"world_widget_card_size_box_geometry",1,1,"video_relative_to_screen_recording_start",1059.821167,355835.438,355885.500,1,1059.821167,"1781265307261","../../../../../../Project/UE5/Gallery/Saved/ScreenRecordings/A017_20260612_195507_screen.mkv",355835.438,355885.500,355860.469,"1781265663096","1781265663146","2026-06-12T20:01:03.096+08:00","2026-06-12T20:01:03.146+08:00",1409.656616,EXP1,"b_preview",-1,-1,
"b_progress_bar","B条件进度条区域","T004_b_progress_bar_0242","video_relative_to_recording_start",rectangle,668,730,1186,753,,,,"A017","T004","B",loading,,,,,1,TRUE,6000.000,6050.000,1415.656616,1415.706665,1920,1046,"world_widget_loading_progress_bar_geometry",1,0,"video_relative_to_screen_recording_start",1059.821167,355835.438,355885.500,1,1059.821167,"1781265307261","../../../../../../Project/UE5/Gallery/Saved/ScreenRecordings/A017_20260612_195507_screen.mkv",355835.438,355885.500,355860.469,"1781265663096","1781265663146","2026-06-12T20:01:03.096+08:00","2026-06-12T20:01:03.146+08:00",1409.656616,EXP1,"b_progress_bar",-1,-1,
"b_preview_panel","B条件预览面板","T004_b_preview_panel_0243","video_relative_to_recording_start",rectangle,640,0,1213,794,,,,"A017","T004","B",loading,,,,,1,TRUE,6050.000,6100.000,1415.706665,1415.756592,1920,1046,"world_widget_card_size_box_geometry",1,1,"video_relative_to_screen_recording_start",1059.821167,355885.500,355935.438,1,1059.821167,"1781265307261","../../../../../../Project/UE5/Gallery/Saved/ScreenRecordings/A017_20260612_195507_screen.mkv",355885.500,355935.438,355910.469,"1781265663146","1781265663196","2026-06-12T20:01:03.146+08:00","2026-06-12T20:01:03.196+08:00",1409.656616,EXP1,"b_preview",-1,-1,
"b_progress_bar","B条件进度条区域","T004_b_progress_bar_0244","video_relative_to_recording_start",rectangle,668,730,1186,753,,,,"A017","T004","B",loading,,,,,1,TRUE,6050.000,6100.000,1415.706665,1415.756592,1920,1046,"world_widget_loading_progress_bar_geometry",1,0,"video_relative_to_screen_recording_start",1059.821167,355885.500,355935.438,1,1059.821167,"1781265307261","../../../../../../Project/UE5/Gallery/Saved/ScreenRecordings/A017_20260612_195507_screen.mkv",355885.500,355935.438,355910.469,"1781265663146","1781265663196","2026-06-12T20:01:03.146+08:00","2026-06-12T20:01:03.196+08:00",1409.656616,EXP1,"b_progress_bar",-1,-1,
"b_preview_panel","B条件预览面板","T004_b_preview_panel_0245","video_relative_to_recording_start",rectangle,636,0,1209,796,,,,"A017","T004","B",loading,,,,,1,TRUE,6100.000,6150.000,1415.756592,1415.806641,1920,1046,"world_widget_card_size_box_geometry",1,1,"video_relative_to_screen_recording_start",1059.821167,355935.438,355985.469,1,1059.821167,"1781265307261","../../../../../../Project/UE5/Gallery/Saved/ScreenRecordings/A017_20260612_195507_screen.mkv",355935.438,355985.469,355960.438,"1781265663196","1781265663246","2026-06-12T20:01:03.196+08:00","2026-06-12T20:01:03.246+08:00",1409.656616,EXP1,"b_preview",-1,-1,
"b_progress_bar","B条件进度条区域","T004_b_progress_bar_0246","video_relative_to_recording_start",rectangle,664,732,1182,755,,,,"A017","T004","B",loading,,,,,1,TRUE,6100.000,6150.000,1415.756592,1415.806641,1920,1046,"world_widget_loading_progress_bar_geometry",1,0,"video_relative_to_screen_recording_start",1059.821167,355935.438,355985.469,1,1059.821167,"1781265307261","../../../../../../Project/UE5/Gallery/Saved/ScreenRecordings/A017_20260612_195507_screen.mkv",355935.438,355985.469,355960.438,"1781265663196","1781265663246","2026-06-12T20:01:03.196+08:00","2026-06-12T20:01:03.246+08:00",1409.656616,EXP1,"b_progress_bar",-1,-1,
"b_preview_panel","B条件预览面板","T004_b_preview_panel_0247","video_relative_to_recording_start",rectangle,617,0,1193,816,,,,"A017","T004","B",loading,,,,,1,TRUE,6150.000,6200.000,1415.806641,1415.856567,1920,1046,"world_widget_card_size_box_geometry",1,1,"video_relative_to_screen_recording_start",1059.821167,355985.469,356035.406,1,1059.821167,"1781265307261","../../../../../../Project/UE5/Gallery/Saved/ScreenRecordings/A017_20260612_195507_screen.mkv",355985.469,356035.406,356010.438,"1781265663246","1781265663296","2026-06-12T20:01:03.246+08:00","2026-06-12T20:01:03.296+08:00",1409.656616,EXP1,"b_preview",-1,-1,
"b_progress_bar","B条件进度条区域","T004_b_progress_bar_0248","video_relative_to_recording_start",rectangle,645,751,1166,775,,,,"A017","T004","B",loading,,,,,1,TRUE,6150.000,6200.000,1415.806641,1415.856567,1920,1046,"world_widget_loading_progress_bar_geometry",1,0,"video_relative_to_screen_recording_start",1059.821167,355985.469,356035.406,1,1059.821167,"1781265307261","../../../../../../Project/UE5/Gallery/Saved/ScreenRecordings/A017_20260612_195507_screen.mkv",355985.469,356035.406,356010.438,"1781265663246","1781265663296","2026-06-12T20:01:03.246+08:00","2026-06-12T20:01:03.296+08:00",1409.656616,EXP1,"b_progress_bar",-1,-1,
"b_preview_panel","B条件预览面板","T004_b_preview_panel_0249","video_relative_to_recording_start",rectangle,613,0,1189,823,,,,"A017","T004","B",loading,,,,,1,TRUE,6200.000,6250.000,1415.856567,1415.906616,1920,1046,"world_widget_card_size_box_geometry",1,0,"video_relative_to_screen_recording_start",1059.821167,356035.406,356085.438,1,1059.821167,"1781265307261","../../../../../../Project/UE5/Gallery/Saved/ScreenRecordings/A017_20260612_195507_screen.mkv",356035.406,356085.438,356060.438,"1781265663296","1781265663346","2026-06-12T20:01:03.296+08:00","2026-06-12T20:01:03.346+08:00",1409.656616,EXP1,"b_preview",-1,-1,
"b_progress_bar","B条件进度条区域","T004_b_progress_bar_0250","video_relative_to_recording_start",rectangle,641,757,1163,782,,,,"A017","T004","B",loading,,,,,1,TRUE,6200.000,6250.000,1415.856567,1415.906616,1920,1046,"world_widget_loading_progress_bar_geometry",1,0,"video_relative_to_screen_recording_start",1059.821167,356035.406,356085.438,1,1059.821167,"1781265307261","../../../../../../Project/UE5/Gallery/Saved/ScreenRecordings/A017_20260612_195507_screen.mkv",356035.406,356085.438,356060.438,"1781265663296","1781265663346","2026-06-12T20:01:03.296+08:00","2026-06-12T20:01:03.346+08:00",1409.656616,EXP1,"b_progress_bar",-1,-1,
"b_preview_panel","B条件预览面板","T004_b_preview_panel_0251","video_relative_to_recording_start",rectangle,610,7,1188,830,,,,"A017","T004","B",loading,,,,,1,TRUE,6250.000,6300.000,1415.906616,1415.956665,1920,1046,"world_widget_card_size_box_geometry",1,0,"video_relative_to_screen_recording_start",1059.821167,356085.438,356135.500,1,1059.821167,"1781265307261","../../../../../../Project/UE5/Gallery/Saved/ScreenRecordings/A017_20260612_195507_screen.mkv",356085.438,356135.500,356110.469,"1781265663346","1781265663397","2026-06-12T20:01:03.346+08:00","2026-06-12T20:01:03.396+08:00",1409.656616,EXP1,"b_preview",-1,-1,
"b_progress_bar","B条件进度条区域","T004_b_progress_bar_0252","video_relative_to_recording_start",rectangle,638,763,1161,788,,,,"A017","T004","B",loading,,,,,1,TRUE,6250.000,6300.000,1415.906616,1415.956665,1920,1046,"world_widget_loading_progress_bar_geometry",1,0,"video_relative_to_screen_recording_start",1059.821167,356085.438,356135.500,1,1059.821167,"1781265307261","../../../../../../Project/UE5/Gallery/Saved/ScreenRecordings/A017_20260612_195507_screen.mkv",356085.438,356135.500,356110.469,"1781265663346","1781265663397","2026-06-12T20:01:03.346+08:00","2026-06-12T20:01:03.396+08:00",1409.656616,EXP1,"b_progress_bar",-1,-1,
"b_preview_panel","B条件预览面板","T004_b_preview_panel_0253","video_relative_to_recording_start",rectangle,606,10,1185,833,,,,"A017","T004","B",loading,,,,,1,TRUE,6300.000,6350.000,1415.956665,1416.006592,1920,1046,"world_widget_card_size_box_geometry",1,0,"video_relative_to_screen_recording_start",1059.821167,356135.500,356185.438,1,1059.821167,"1781265307261","../../../../../../Project/UE5/Gallery/Saved/ScreenRecordings/A017_20260612_195507_screen.mkv",356135.500,356185.438,356160.469,"1781265663397","1781265663446","2026-06-12T20:01:03.396+08:00","2026-06-12T20:01:03.446+08:00",1409.656616,EXP1,"b_preview",-1,-1,
"b_progress_bar","B条件进度条区域","T004_b_progress_bar_0254","video_relative_to_recording_start",rectangle,635,767,1158,792,,,,"A017","T004","B",loading,,,,,1,TRUE,6300.000,6350.000,1415.956665,1416.006592,1920,1046,"world_widget_loading_progress_bar_geometry",1,0,"video_relative_to_screen_recording_start",1059.821167,356135.500,356185.438,1,1059.821167,"1781265307261","../../../../../../Project/UE5/Gallery/Saved/ScreenRecordings/A017_20260612_195507_screen.mkv",356135.500,356185.438,356160.469,"1781265663397","1781265663446","2026-06-12T20:01:03.396+08:00","2026-06-12T20:01:03.446+08:00",1409.656616,EXP1,"b_progress_bar",-1,-1,
"b_preview_panel","B条件预览面板","T004_b_preview_panel_0255","video_relative_to_recording_start",rectangle,606,10,1185,833,,,,"A017","T004","B",loading,,,,,1,TRUE,6350.000,6400.000,1416.006592,1416.056641,1920,1046,"world_widget_card_size_box_geometry",1,0,"video_relative_to_screen_recording_start",1059.821167,356185.438,356235.469,1,1059.821167,"1781265307261","../../../../../../Project/UE5/Gallery/Saved/ScreenRecordings/A017_20260612_195507_screen.mkv",356185.438,356235.469,356210.438,"1781265663446","1781265663496","2026-06-12T20:01:03.446+08:00","2026-06-12T20:01:03.496+08:00",1409.656616,EXP1,"b_preview",-1,-1,
"b_progress_bar","B条件进度条区域","T004_b_progress_bar_0256","video_relative_to_recording_start",rectangle,635,767,1158,792,,,,"A017","T004","B",loading,,,,,1,TRUE,6350.000,6400.000,1416.006592,1416.056641,1920,1046,"world_widget_loading_progress_bar_geometry",1,0,"video_relative_to_screen_recording_start",1059.821167,356185.438,356235.469,1,1059.821167,"1781265307261","../../../../../../Project/UE5/Gallery/Saved/ScreenRecordings/A017_20260612_195507_screen.mkv",356185.438,356235.469,356210.438,"1781265663446","1781265663496","2026-06-12T20:01:03.446+08:00","2026-06-12T20:01:03.496+08:00",1409.656616,EXP1,"b_progress_bar",-1,-1,
"b_preview_panel","B条件预览面板","T004_b_preview_panel_0257","video_relative_to_recording_start",rectangle,606,10,1185,833,,,,"A017","T004","B",loading,,,,,1,TRUE,6400.000,6450.000,1416.056641,1416.106567,1920,1046,"world_widget_card_size_box_geometry",1,0,"video_relative_to_screen_recording_start",1059.821167,356235.469,356285.406,1,1059.821167,"1781265307261","../../../../../../Project/UE5/Gallery/Saved/ScreenRecordings/A017_20260612_195507_screen.mkv",356235.469,356285.406,356260.438,"1781265663496","1781265663546","2026-06-12T20:01:03.496+08:00","2026-06-12T20:01:03.546+08:00",1409.656616,EXP1,"b_preview",-1,-1,
"b_progress_bar","B条件进度条区域","T004_b_progress_bar_0258","video_relative_to_recording_start",rectangle,635,767,1158,792,,,,"A017","T004","B",loading,,,,,1,TRUE,6400.000,6450.000,1416.056641,1416.106567,1920,1046,"world_widget_loading_progress_bar_geometry",1,0,"video_relative_to_screen_recording_start",1059.821167,356235.469,356285.406,1,1059.821167,"1781265307261","../../../../../../Project/UE5/Gallery/Saved/ScreenRecordings/A017_20260612_195507_screen.mkv",356235.469,356285.406,356260.438,"1781265663496","1781265663546","2026-06-12T20:01:03.496+08:00","2026-06-12T20:01:03.546+08:00",1409.656616,EXP1,"b_progress_bar",-1,-1,
"b_preview_panel","B条件预览面板","T004_b_preview_panel_0259","video_relative_to_recording_start",rectangle,606,10,1185,833,,,,"A017","T004","B",loading,,,,,1,TRUE,6450.000,6500.000,1416.106567,1416.156616,1920,1046,"world_widget_card_size_box_geometry",1,0,"video_relative_to_screen_recording_start",1059.821167,356285.406,356335.438,1,1059.821167,"1781265307261","../../../../../../Project/UE5/Gallery/Saved/ScreenRecordings/A017_20260612_195507_screen.mkv",356285.406,356335.438,356310.438,"1781265663546","1781265663596","2026-06-12T20:01:03.546+08:00","2026-06-12T20:01:03.596+08:00",1409.656616,EXP1,"b_preview",-1,-1,
"b_progress_bar","B条件进度条区域","T004_b_progress_bar_0260","video_relative_to_recording_start",rectangle,635,767,1158,792,,,,"A017","T004","B",loading,,,,,1,TRUE,6450.000,6500.000,1416.106567,1416.156616,1920,1046,"world_widget_loading_progress_bar_geometry",1,0,"video_relative_to_screen_recording_start",1059.821167,356285.406,356335.438,1,1059.821167,"1781265307261","../../../../../../Project/UE5/Gallery/Saved/ScreenRecordings/A017_20260612_195507_screen.mkv",356285.406,356335.438,356310.438,"1781265663546","1781265663596","2026-06-12T20:01:03.546+08:00","2026-06-12T20:01:03.596+08:00",1409.656616,EXP1,"b_progress_bar",-1,-1,
"b_preview_panel","B条件预览面板","T004_b_preview_panel_0261","video_relative_to_recording_start",rectangle,606,10,1185,833,,,,"A017","T004","B",loading,,,,,1,TRUE,6500.000,6550.000,1416.156616,1416.206665,1920,1046,"world_widget_card_size_box_geometry",1,0,"video_relative_to_screen_recording_start",1059.821167,356335.438,356385.500,1,1059.821167,"1781265307261","../../../../../../Project/UE5/Gallery/Saved/ScreenRecordings/A017_20260612_195507_screen.mkv",356335.438,356385.500,356360.469,"1781265663596","1781265663647","2026-06-12T20:01:03.596+08:00","2026-06-12T20:01:03.646+08:00",1409.656616,EXP1,"b_preview",-1,-1,
"b_progress_bar","B条件进度条区域","T004_b_progress_bar_0262","video_relative_to_recording_start",rectangle,635,767,1158,792,,,,"A017","T004","B",loading,,,,,1,TRUE,6500.000,6550.000,1416.156616,1416.206665,1920,1046,"world_widget_loading_progress_bar_geometry",1,0,"video_relative_to_screen_recording_start",1059.821167,356335.438,356385.500,1,1059.821167,"1781265307261","../../../../../../Project/UE5/Gallery/Saved/ScreenRecordings/A017_20260612_195507_screen.mkv",356335.438,356385.500,356360.469,"1781265663596","1781265663647","2026-06-12T20:01:03.596+08:00","2026-06-12T20:01:03.646+08:00",1409.656616,EXP1,"b_progress_bar",-1,-1,
"b_preview_panel","B条件预览面板","T004_b_preview_panel_0263","video_relative_to_recording_start",rectangle,606,10,1185,833,,,,"A017","T004","B",loading,,,,,1,TRUE,6550.000,6600.000,1416.206665,1416.256592,1920,1046,"world_widget_card_size_box_geometry",1,0,"video_relative_to_screen_recording_start",1059.821167,356385.500,356435.438,1,1059.821167,"1781265307261","../../../../../../Project/UE5/Gallery/Saved/ScreenRecordings/A017_20260612_195507_screen.mkv",356385.500,356435.438,356410.469,"1781265663647","1781265663696","2026-06-12T20:01:03.646+08:00","2026-06-12T20:01:03.696+08:00",1409.656616,EXP1,"b_preview",-1,-1,
"b_progress_bar","B条件进度条区域","T004_b_progress_bar_0264","video_relative_to_recording_start",rectangle,635,767,1158,792,,,,"A017","T004","B",loading,,,,,1,TRUE,6550.000,6600.000,1416.206665,1416.256592,1920,1046,"world_widget_loading_progress_bar_geometry",1,0,"video_relative_to_screen_recording_start",1059.821167,356385.500,356435.438,1,1059.821167,"1781265307261","../../../../../../Project/UE5/Gallery/Saved/ScreenRecordings/A017_20260612_195507_screen.mkv",356385.500,356435.438,356410.469,"1781265663647","1781265663696","2026-06-12T20:01:03.646+08:00","2026-06-12T20:01:03.696+08:00",1409.656616,EXP1,"b_progress_bar",-1,-1,
"b_preview_panel","B条件预览面板","T004_b_preview_panel_0265","video_relative_to_recording_start",rectangle,606,10,1185,833,,,,"A017","T004","B",loading,,,,,1,TRUE,6600.000,6650.000,1416.256592,1416.306641,1920,1046,"world_widget_card_size_box_geometry",1,0,"video_relative_to_screen_recording_start",1059.821167,356435.438,356485.469,1,1059.821167,"1781265307261","../../../../../../Project/UE5/Gallery/Saved/ScreenRecordings/A017_20260612_195507_screen.mkv",356435.438,356485.469,356460.438,"1781265663696","1781265663746","2026-06-12T20:01:03.696+08:00","2026-06-12T20:01:03.746+08:00",1409.656616,EXP1,"b_preview",-1,-1,
"b_progress_bar","B条件进度条区域","T004_b_progress_bar_0266","video_relative_to_recording_start",rectangle,635,767,1158,792,,,,"A017","T004","B",loading,,,,,1,TRUE,6600.000,6650.000,1416.256592,1416.306641,1920,1046,"world_widget_loading_progress_bar_geometry",1,0,"video_relative_to_screen_recording_start",1059.821167,356435.438,356485.469,1,1059.821167,"1781265307261","../../../../../../Project/UE5/Gallery/Saved/ScreenRecordings/A017_20260612_195507_screen.mkv",356435.438,356485.469,356460.438,"1781265663696","1781265663746","2026-06-12T20:01:03.696+08:00","2026-06-12T20:01:03.746+08:00",1409.656616,EXP1,"b_progress_bar",-1,-1,
"b_preview_panel","B条件预览面板","T004_b_preview_panel_0267","video_relative_to_recording_start",rectangle,606,10,1185,833,,,,"A017","T004","B",loading,,,,,1,TRUE,6650.000,6700.000,1416.306641,1416.356567,1920,1046,"world_widget_card_size_box_geometry",1,0,"video_relative_to_screen_recording_start",1059.821167,356485.469,356535.406,1,1059.821167,"1781265307261","../../../../../../Project/UE5/Gallery/Saved/ScreenRecordings/A017_20260612_195507_screen.mkv",356485.469,356535.406,356510.438,"1781265663746","1781265663796","2026-06-12T20:01:03.746+08:00","2026-06-12T20:01:03.796+08:00",1409.656616,EXP1,"b_preview",-1,-1,
"b_progress_bar","B条件进度条区域","T004_b_progress_bar_0268","video_relative_to_recording_start",rectangle,635,767,1158,792,,,,"A017","T004","B",loading,,,,,1,TRUE,6650.000,6700.000,1416.306641,1416.356567,1920,1046,"world_widget_loading_progress_bar_geometry",1,0,"video_relative_to_screen_recording_start",1059.821167,356485.469,356535.406,1,1059.821167,"1781265307261","../../../../../../Project/UE5/Gallery/Saved/ScreenRecordings/A017_20260612_195507_screen.mkv",356485.469,356535.406,356510.438,"1781265663746","1781265663796","2026-06-12T20:01:03.746+08:00","2026-06-12T20:01:03.796+08:00",1409.656616,EXP1,"b_progress_bar",-1,-1,
"b_preview_panel","B条件预览面板","T004_b_preview_panel_0269","video_relative_to_recording_start",rectangle,606,10,1185,833,,,,"A017","T004","B",loading,,,,,1,TRUE,6700.000,6750.000,1416.356567,1416.406616,1920,1046,"world_widget_card_size_box_geometry",1,0,"video_relative_to_screen_recording_start",1059.821167,356535.406,356585.438,1,1059.821167,"1781265307261","../../../../../../Project/UE5/Gallery/Saved/ScreenRecordings/A017_20260612_195507_screen.mkv",356535.406,356585.438,356560.438,"1781265663796","1781265663846","2026-06-12T20:01:03.796+08:00","2026-06-12T20:01:03.846+08:00",1409.656616,EXP1,"b_preview",-1,-1,
"b_progress_bar","B条件进度条区域","T004_b_progress_bar_0270","video_relative_to_recording_start",rectangle,635,767,1158,792,,,,"A017","T004","B",loading,,,,,1,TRUE,6700.000,6750.000,1416.356567,1416.406616,1920,1046,"world_widget_loading_progress_bar_geometry",1,0,"video_relative_to_screen_recording_start",1059.821167,356535.406,356585.438,1,1059.821167,"1781265307261","../../../../../../Project/UE5/Gallery/Saved/ScreenRecordings/A017_20260612_195507_screen.mkv",356535.406,356585.438,356560.438,"1781265663796","1781265663846","2026-06-12T20:01:03.796+08:00","2026-06-12T20:01:03.846+08:00",1409.656616,EXP1,"b_progress_bar",-1,-1,
"b_preview_panel","B条件预览面板","T004_b_preview_panel_0271","video_relative_to_recording_start",rectangle,606,10,1185,833,,,,"A017","T004","B",loading,,,,,1,TRUE,6750.000,6800.000,1416.406616,1416.456665,1920,1046,"world_widget_card_size_box_geometry",1,0,"video_relative_to_screen_recording_start",1059.821167,356585.438,356635.500,1,1059.821167,"1781265307261","../../../../../../Project/UE5/Gallery/Saved/ScreenRecordings/A017_20260612_195507_screen.mkv",356585.438,356635.500,356610.469,"1781265663846","1781265663896","2026-06-12T20:01:03.846+08:00","2026-06-12T20:01:03.896+08:00",1409.656616,EXP1,"b_preview",-1,-1,
"b_progress_bar","B条件进度条区域","T004_b_progress_bar_0272","video_relative_to_recording_start",rectangle,635,767,1158,792,,,,"A017","T004","B",loading,,,,,1,TRUE,6750.000,6800.000,1416.406616,1416.456665,1920,1046,"world_widget_loading_progress_bar_geometry",1,0,"video_relative_to_screen_recording_start",1059.821167,356585.438,356635.500,1,1059.821167,"1781265307261","../../../../../../Project/UE5/Gallery/Saved/ScreenRecordings/A017_20260612_195507_screen.mkv",356585.438,356635.500,356610.469,"1781265663846","1781265663896","2026-06-12T20:01:03.846+08:00","2026-06-12T20:01:03.896+08:00",1409.656616,EXP1,"b_progress_bar",-1,-1,
"b_preview_panel","B条件预览面板","T004_b_preview_panel_0273","video_relative_to_recording_start",rectangle,606,10,1185,833,,,,"A017","T004","B",loading,,,,,1,TRUE,6800.000,6850.000,1416.456665,1416.506592,1920,1046,"world_widget_card_size_box_geometry",1,0,"video_relative_to_screen_recording_start",1059.821167,356635.500,356685.438,1,1059.821167,"1781265307261","../../../../../../Project/UE5/Gallery/Saved/ScreenRecordings/A017_20260612_195507_screen.mkv",356635.500,356685.438,356660.469,"1781265663896","1781265663946","2026-06-12T20:01:03.896+08:00","2026-06-12T20:01:03.946+08:00",1409.656616,EXP1,"b_preview",-1,-1,
"b_progress_bar","B条件进度条区域","T004_b_progress_bar_0274","video_relative_to_recording_start",rectangle,635,767,1158,792,,,,"A017","T004","B",loading,,,,,1,TRUE,6800.000,6850.000,1416.456665,1416.506592,1920,1046,"world_widget_loading_progress_bar_geometry",1,0,"video_relative_to_screen_recording_start",1059.821167,356635.500,356685.438,1,1059.821167,"1781265307261","../../../../../../Project/UE5/Gallery/Saved/ScreenRecordings/A017_20260612_195507_screen.mkv",356635.500,356685.438,356660.469,"1781265663896","1781265663946","2026-06-12T20:01:03.896+08:00","2026-06-12T20:01:03.946+08:00",1409.656616,EXP1,"b_progress_bar",-1,-1,
"b_preview_panel","B条件预览面板","T004_b_preview_panel_0275","video_relative_to_recording_start",rectangle,606,10,1185,833,,,,"A017","T004","B",loading,,,,,1,TRUE,6850.000,6900.000,1416.506592,1416.556641,1920,1046,"world_widget_card_size_box_geometry",1,0,"video_relative_to_screen_recording_start",1059.821167,356685.438,356735.469,1,1059.821167,"1781265307261","../../../../../../Project/UE5/Gallery/Saved/ScreenRecordings/A017_20260612_195507_screen.mkv",356685.438,356735.469,356710.438,"1781265663946","1781265663996","2026-06-12T20:01:03.946+08:00","2026-06-12T20:01:03.996+08:00",1409.656616,EXP1,"b_preview",-1,-1,
"b_progress_bar","B条件进度条区域","T004_b_progress_bar_0276","video_relative_to_recording_start",rectangle,635,767,1158,792,,,,"A017","T004","B",loading,,,,,1,TRUE,6850.000,6900.000,1416.506592,1416.556641,1920,1046,"world_widget_loading_progress_bar_geometry",1,0,"video_relative_to_screen_recording_start",1059.821167,356685.438,356735.469,1,1059.821167,"1781265307261","../../../../../../Project/UE5/Gallery/Saved/ScreenRecordings/A017_20260612_195507_screen.mkv",356685.438,356735.469,356710.438,"1781265663946","1781265663996","2026-06-12T20:01:03.946+08:00","2026-06-12T20:01:03.996+08:00",1409.656616,EXP1,"b_progress_bar",-1,-1,
"b_preview_panel","B条件预览面板","T004_b_preview_panel_0277","video_relative_to_recording_start",rectangle,606,10,1185,833,,,,"A017","T004","B",loading,,,,,1,TRUE,6900.000,6950.000,1416.556641,1416.606567,1920,1046,"world_widget_card_size_box_geometry",1,0,"video_relative_to_screen_recording_start",1059.821167,356735.469,356785.406,1,1059.821167,"1781265307261","../../../../../../Project/UE5/Gallery/Saved/ScreenRecordings/A017_20260612_195507_screen.mkv",356735.469,356785.406,356760.438,"1781265663996","1781265664046","2026-06-12T20:01:03.996+08:00","2026-06-12T20:01:04.046+08:00",1409.656616,EXP1,"b_preview",-1,-1,
"b_progress_bar","B条件进度条区域","T004_b_progress_bar_0278","video_relative_to_recording_start",rectangle,635,767,1158,792,,,,"A017","T004","B",loading,,,,,1,TRUE,6900.000,6950.000,1416.556641,1416.606567,1920,1046,"world_widget_loading_progress_bar_geometry",1,0,"video_relative_to_screen_recording_start",1059.821167,356735.469,356785.406,1,1059.821167,"1781265307261","../../../../../../Project/UE5/Gallery/Saved/ScreenRecordings/A017_20260612_195507_screen.mkv",356735.469,356785.406,356760.438,"1781265663996","1781265664046","2026-06-12T20:01:03.996+08:00","2026-06-12T20:01:04.046+08:00",1409.656616,EXP1,"b_progress_bar",-1,-1,
"b_preview_panel","B条件预览面板","T004_b_preview_panel_0279","video_relative_to_recording_start",rectangle,606,10,1185,833,,,,"A017","T004","B",loading,,,,,1,TRUE,6950.000,7000.000,1416.606567,1416.656616,1920,1046,"world_widget_card_size_box_geometry",1,0,"video_relative_to_screen_recording_start",1059.821167,356785.406,356835.438,1,1059.821167,"1781265307261","../../../../../../Project/UE5/Gallery/Saved/ScreenRecordings/A017_20260612_195507_screen.mkv",356785.406,356835.438,356810.438,"1781265664046","1781265664096","2026-06-12T20:01:04.046+08:00","2026-06-12T20:01:04.096+08:00",1409.656616,EXP1,"b_preview",-1,-1,
"b_progress_bar","B条件进度条区域","T004_b_progress_bar_0280","video_relative_to_recording_start",rectangle,635,767,1158,792,,,,"A017","T004","B",loading,,,,,1,TRUE,6950.000,7000.000,1416.606567,1416.656616,1920,1046,"world_widget_loading_progress_bar_geometry",1,0,"video_relative_to_screen_recording_start",1059.821167,356785.406,356835.438,1,1059.821167,"1781265307261","../../../../../../Project/UE5/Gallery/Saved/ScreenRecordings/A017_20260612_195507_screen.mkv",356785.406,356835.438,356810.438,"1781265664046","1781265664096","2026-06-12T20:01:04.046+08:00","2026-06-12T20:01:04.096+08:00",1409.656616,EXP1,"b_progress_bar",-1,-1,
"b_preview_panel","B条件预览面板","T004_b_preview_panel_0281","video_relative_to_recording_start",rectangle,606,10,1185,833,,,,"A017","T004","B",loading,,,,,1,TRUE,7000.000,7050.000,1416.656616,1416.706665,1920,1046,"world_widget_card_size_box_geometry",1,0,"video_relative_to_screen_recording_start",1059.821167,356835.438,356885.500,1,1059.821167,"1781265307261","../../../../../../Project/UE5/Gallery/Saved/ScreenRecordings/A017_20260612_195507_screen.mkv",356835.438,356885.500,356860.469,"1781265664096","1781265664147","2026-06-12T20:01:04.096+08:00","2026-06-12T20:01:04.146+08:00",1409.656616,EXP1,"b_preview",-1,-1,
"b_progress_bar","B条件进度条区域","T004_b_progress_bar_0282","video_relative_to_recording_start",rectangle,635,767,1158,792,,,,"A017","T004","B",loading,,,,,1,TRUE,7000.000,7050.000,1416.656616,1416.706665,1920,1046,"world_widget_loading_progress_bar_geometry",1,0,"video_relative_to_screen_recording_start",1059.821167,356835.438,356885.500,1,1059.821167,"1781265307261","../../../../../../Project/UE5/Gallery/Saved/ScreenRecordings/A017_20260612_195507_screen.mkv",356835.438,356885.500,356860.469,"1781265664096","1781265664147","2026-06-12T20:01:04.096+08:00","2026-06-12T20:01:04.146+08:00",1409.656616,EXP1,"b_progress_bar",-1,-1,
"b_preview_panel","B条件预览面板","T004_b_preview_panel_0283","video_relative_to_recording_start",rectangle,606,10,1185,833,,,,"A017","T004","B",loading,,,,,1,TRUE,7050.000,7100.000,1416.706665,1416.756592,1920,1046,"world_widget_card_size_box_geometry",1,0,"video_relative_to_screen_recording_start",1059.821167,356885.500,356935.438,1,1059.821167,"1781265307261","../../../../../../Project/UE5/Gallery/Saved/ScreenRecordings/A017_20260612_195507_screen.mkv",356885.500,356935.438,356910.469,"1781265664147","1781265664196","2026-06-12T20:01:04.146+08:00","2026-06-12T20:01:04.196+08:00",1409.656616,EXP1,"b_preview",-1,-1,
"b_progress_bar","B条件进度条区域","T004_b_progress_bar_0284","video_relative_to_recording_start",rectangle,635,767,1158,792,,,,"A017","T004","B",loading,,,,,1,TRUE,7050.000,7100.000,1416.706665,1416.756592,1920,1046,"world_widget_loading_progress_bar_geometry",1,0,"video_relative_to_screen_recording_start",1059.821167,356885.500,356935.438,1,1059.821167,"1781265307261","../../../../../../Project/UE5/Gallery/Saved/ScreenRecordings/A017_20260612_195507_screen.mkv",356885.500,356935.438,356910.469,"1781265664147","1781265664196","2026-06-12T20:01:04.146+08:00","2026-06-12T20:01:04.196+08:00",1409.656616,EXP1,"b_progress_bar",-1,-1,
"b_preview_panel","B条件预览面板","T004_b_preview_panel_0285","video_relative_to_recording_start",rectangle,606,10,1185,833,,,,"A017","T004","B",loading,,,,,1,TRUE,7100.000,7150.000,1416.756592,1416.806641,1920,1046,"world_widget_card_size_box_geometry",1,0,"video_relative_to_screen_recording_start",1059.821167,356935.438,356985.469,1,1059.821167,"1781265307261","../../../../../../Project/UE5/Gallery/Saved/ScreenRecordings/A017_20260612_195507_screen.mkv",356935.438,356985.469,356960.438,"1781265664196","1781265664246","2026-06-12T20:01:04.196+08:00","2026-06-12T20:01:04.246+08:00",1409.656616,EXP1,"b_preview",-1,-1,
"b_progress_bar","B条件进度条区域","T004_b_progress_bar_0286","video_relative_to_recording_start",rectangle,635,767,1158,792,,,,"A017","T004","B",loading,,,,,1,TRUE,7100.000,7150.000,1416.756592,1416.806641,1920,1046,"world_widget_loading_progress_bar_geometry",1,0,"video_relative_to_screen_recording_start",1059.821167,356935.438,356985.469,1,1059.821167,"1781265307261","../../../../../../Project/UE5/Gallery/Saved/ScreenRecordings/A017_20260612_195507_screen.mkv",356935.438,356985.469,356960.438,"1781265664196","1781265664246","2026-06-12T20:01:04.196+08:00","2026-06-12T20:01:04.246+08:00",1409.656616,EXP1,"b_progress_bar",-1,-1,
"b_preview_panel","B条件预览面板","T004_b_preview_panel_0287","video_relative_to_recording_start",rectangle,606,10,1185,833,,,,"A017","T004","B",loading,,,,,1,TRUE,7150.000,7200.000,1416.806641,1416.856567,1920,1046,"world_widget_card_size_box_geometry",1,0,"video_relative_to_screen_recording_start",1059.821167,356985.469,357035.406,1,1059.821167,"1781265307261","../../../../../../Project/UE5/Gallery/Saved/ScreenRecordings/A017_20260612_195507_screen.mkv",356985.469,357035.406,357010.438,"1781265664246","1781265664296","2026-06-12T20:01:04.246+08:00","2026-06-12T20:01:04.296+08:00",1409.656616,EXP1,"b_preview",-1,-1,
"b_progress_bar","B条件进度条区域","T004_b_progress_bar_0288","video_relative_to_recording_start",rectangle,635,767,1158,792,,,,"A017","T004","B",loading,,,,,1,TRUE,7150.000,7200.000,1416.806641,1416.856567,1920,1046,"world_widget_loading_progress_bar_geometry",1,0,"video_relative_to_screen_recording_start",1059.821167,356985.469,357035.406,1,1059.821167,"1781265307261","../../../../../../Project/UE5/Gallery/Saved/ScreenRecordings/A017_20260612_195507_screen.mkv",356985.469,357035.406,357010.438,"1781265664246","1781265664296","2026-06-12T20:01:04.246+08:00","2026-06-12T20:01:04.296+08:00",1409.656616,EXP1,"b_progress_bar",-1,-1,
"b_preview_panel","B条件预览面板","T004_b_preview_panel_0289","video_relative_to_recording_start",rectangle,606,10,1185,833,,,,"A017","T004","B",loading,,,,,1,TRUE,7200.000,7250.000,1416.856567,1416.906616,1920,1046,"world_widget_card_size_box_geometry",1,0,"video_relative_to_screen_recording_start",1059.821167,357035.406,357085.438,1,1059.821167,"1781265307261","../../../../../../Project/UE5/Gallery/Saved/ScreenRecordings/A017_20260612_195507_screen.mkv",357035.406,357085.438,357060.438,"1781265664296","1781265664346","2026-06-12T20:01:04.296+08:00","2026-06-12T20:01:04.346+08:00",1409.656616,EXP1,"b_preview",-1,-1,
"b_progress_bar","B条件进度条区域","T004_b_progress_bar_0290","video_relative_to_recording_start",rectangle,635,767,1158,792,,,,"A017","T004","B",loading,,,,,1,TRUE,7200.000,7250.000,1416.856567,1416.906616,1920,1046,"world_widget_loading_progress_bar_geometry",1,0,"video_relative_to_screen_recording_start",1059.821167,357035.406,357085.438,1,1059.821167,"1781265307261","../../../../../../Project/UE5/Gallery/Saved/ScreenRecordings/A017_20260612_195507_screen.mkv",357035.406,357085.438,357060.438,"1781265664296","1781265664346","2026-06-12T20:01:04.296+08:00","2026-06-12T20:01:04.346+08:00",1409.656616,EXP1,"b_progress_bar",-1,-1,
"b_preview_panel","B条件预览面板","T004_b_preview_panel_0291","video_relative_to_recording_start",rectangle,606,10,1185,833,,,,"A017","T004","B",loading,,,,,1,TRUE,7250.000,7300.000,1416.906616,1416.956665,1920,1046,"world_widget_card_size_box_geometry",1,0,"video_relative_to_screen_recording_start",1059.821167,357085.438,357135.500,1,1059.821167,"1781265307261","../../../../../../Project/UE5/Gallery/Saved/ScreenRecordings/A017_20260612_195507_screen.mkv",357085.438,357135.500,357110.469,"1781265664346","1781265664396","2026-06-12T20:01:04.346+08:00","2026-06-12T20:01:04.396+08:00",1409.656616,EXP1,"b_preview",-1,-1,
"b_progress_bar","B条件进度条区域","T004_b_progress_bar_0292","video_relative_to_recording_start",rectangle,635,767,1158,792,,,,"A017","T004","B",loading,,,,,1,TRUE,7250.000,7300.000,1416.906616,1416.956665,1920,1046,"world_widget_loading_progress_bar_geometry",1,0,"video_relative_to_screen_recording_start",1059.821167,357085.438,357135.500,1,1059.821167,"1781265307261","../../../../../../Project/UE5/Gallery/Saved/ScreenRecordings/A017_20260612_195507_screen.mkv",357085.438,357135.500,357110.469,"1781265664346","1781265664396","2026-06-12T20:01:04.346+08:00","2026-06-12T20:01:04.396+08:00",1409.656616,EXP1,"b_progress_bar",-1,-1,
"b_preview_panel","B条件预览面板","T004_b_preview_panel_0293","video_relative_to_recording_start",rectangle,606,10,1185,833,,,,"A017","T004","B",loading,,,,,1,TRUE,7300.000,7350.000,1416.956665,1417.006592,1920,1046,"world_widget_card_size_box_geometry",1,0,"video_relative_to_screen_recording_start",1059.821167,357135.500,357185.438,1,1059.821167,"1781265307261","../../../../../../Project/UE5/Gallery/Saved/ScreenRecordings/A017_20260612_195507_screen.mkv",357135.500,357185.438,357160.469,"1781265664396","1781265664446","2026-06-12T20:01:04.396+08:00","2026-06-12T20:01:04.446+08:00",1409.656616,EXP1,"b_preview",-1,-1,
"b_progress_bar","B条件进度条区域","T004_b_progress_bar_0294","video_relative_to_recording_start",rectangle,635,767,1158,792,,,,"A017","T004","B",loading,,,,,1,TRUE,7300.000,7350.000,1416.956665,1417.006592,1920,1046,"world_widget_loading_progress_bar_geometry",1,0,"video_relative_to_screen_recording_start",1059.821167,357135.500,357185.438,1,1059.821167,"1781265307261","../../../../../../Project/UE5/Gallery/Saved/ScreenRecordings/A017_20260612_195507_screen.mkv",357135.500,357185.438,357160.469,"1781265664396","1781265664446","2026-06-12T20:01:04.396+08:00","2026-06-12T20:01:04.446+08:00",1409.656616,EXP1,"b_progress_bar",-1,-1,
"b_preview_panel","B条件预览面板","T004_b_preview_panel_0295","video_relative_to_recording_start",rectangle,606,10,1185,833,,,,"A017","T004","B",loading,,,,,1,TRUE,7350.000,7400.000,1417.006592,1417.056641,1920,1046,"world_widget_card_size_box_geometry",1,0,"video_relative_to_screen_recording_start",1059.821167,357185.438,357235.469,1,1059.821167,"1781265307261","../../../../../../Project/UE5/Gallery/Saved/ScreenRecordings/A017_20260612_195507_screen.mkv",357185.438,357235.469,357210.438,"1781265664446","1781265664496","2026-06-12T20:01:04.446+08:00","2026-06-12T20:01:04.496+08:00",1409.656616,EXP1,"b_preview",-1,-1,
"b_progress_bar","B条件进度条区域","T004_b_progress_bar_0296","video_relative_to_recording_start",rectangle,635,767,1158,792,,,,"A017","T004","B",loading,,,,,1,TRUE,7350.000,7400.000,1417.006592,1417.056641,1920,1046,"world_widget_loading_progress_bar_geometry",1,0,"video_relative_to_screen_recording_start",1059.821167,357185.438,357235.469,1,1059.821167,"1781265307261","../../../../../../Project/UE5/Gallery/Saved/ScreenRecordings/A017_20260612_195507_screen.mkv",357185.438,357235.469,357210.438,"1781265664446","1781265664496","2026-06-12T20:01:04.446+08:00","2026-06-12T20:01:04.496+08:00",1409.656616,EXP1,"b_progress_bar",-1,-1,
"b_preview_panel","B条件预览面板","T004_b_preview_panel_0297","video_relative_to_recording_start",rectangle,606,10,1185,833,,,,"A017","T004","B",loading,,,,,1,TRUE,7400.000,7450.000,1417.056641,1417.106567,1920,1046,"world_widget_card_size_box_geometry",1,0,"video_relative_to_screen_recording_start",1059.821167,357235.469,357285.406,1,1059.821167,"1781265307261","../../../../../../Project/UE5/Gallery/Saved/ScreenRecordings/A017_20260612_195507_screen.mkv",357235.469,357285.406,357260.438,"1781265664496","1781265664546","2026-06-12T20:01:04.496+08:00","2026-06-12T20:01:04.546+08:00",1409.656616,EXP1,"b_preview",-1,-1,
"b_progress_bar","B条件进度条区域","T004_b_progress_bar_0298","video_relative_to_recording_start",rectangle,635,767,1158,792,,,,"A017","T004","B",loading,,,,,1,TRUE,7400.000,7450.000,1417.056641,1417.106567,1920,1046,"world_widget_loading_progress_bar_geometry",1,0,"video_relative_to_screen_recording_start",1059.821167,357235.469,357285.406,1,1059.821167,"1781265307261","../../../../../../Project/UE5/Gallery/Saved/ScreenRecordings/A017_20260612_195507_screen.mkv",357235.469,357285.406,357260.438,"1781265664496","1781265664546","2026-06-12T20:01:04.496+08:00","2026-06-12T20:01:04.546+08:00",1409.656616,EXP1,"b_progress_bar",-1,-1,
"b_preview_panel","B条件预览面板","T004_b_preview_panel_0299","video_relative_to_recording_start",rectangle,606,10,1185,833,,,,"A017","T004","B",loading,,,,,1,TRUE,7450.000,7500.000,1417.106567,1417.156616,1920,1046,"world_widget_card_size_box_geometry",1,0,"video_relative_to_screen_recording_start",1059.821167,357285.406,357335.438,1,1059.821167,"1781265307261","../../../../../../Project/UE5/Gallery/Saved/ScreenRecordings/A017_20260612_195507_screen.mkv",357285.406,357335.438,357310.438,"1781265664546","1781265664596","2026-06-12T20:01:04.546+08:00","2026-06-12T20:01:04.596+08:00",1409.656616,EXP1,"b_preview",-1,-1,
"b_progress_bar","B条件进度条区域","T004_b_progress_bar_0300","video_relative_to_recording_start",rectangle,635,767,1158,792,,,,"A017","T004","B",loading,,,,,1,TRUE,7450.000,7500.000,1417.106567,1417.156616,1920,1046,"world_widget_loading_progress_bar_geometry",1,0,"video_relative_to_screen_recording_start",1059.821167,357285.406,357335.438,1,1059.821167,"1781265307261","../../../../../../Project/UE5/Gallery/Saved/ScreenRecordings/A017_20260612_195507_screen.mkv",357285.406,357335.438,357310.438,"1781265664546","1781265664596","2026-06-12T20:01:04.546+08:00","2026-06-12T20:01:04.596+08:00",1409.656616,EXP1,"b_progress_bar",-1,-1,
"b_preview_panel","B条件预览面板","T004_b_preview_panel_0301","video_relative_to_recording_start",rectangle,606,10,1185,833,,,,"A017","T004","B",loading,,,,,1,TRUE,7500.000,7550.000,1417.156616,1417.206665,1920,1046,"world_widget_card_size_box_geometry",1,0,"video_relative_to_screen_recording_start",1059.821167,357335.438,357385.500,1,1059.821167,"1781265307261","../../../../../../Project/UE5/Gallery/Saved/ScreenRecordings/A017_20260612_195507_screen.mkv",357335.438,357385.500,357360.469,"1781265664596","1781265664646","2026-06-12T20:01:04.596+08:00","2026-06-12T20:01:04.646+08:00",1409.656616,EXP1,"b_preview",-1,-1,
"b_progress_bar","B条件进度条区域","T004_b_progress_bar_0302","video_relative_to_recording_start",rectangle,635,767,1158,792,,,,"A017","T004","B",loading,,,,,1,TRUE,7500.000,7550.000,1417.156616,1417.206665,1920,1046,"world_widget_loading_progress_bar_geometry",1,0,"video_relative_to_screen_recording_start",1059.821167,357335.438,357385.500,1,1059.821167,"1781265307261","../../../../../../Project/UE5/Gallery/Saved/ScreenRecordings/A017_20260612_195507_screen.mkv",357335.438,357385.500,357360.469,"1781265664596","1781265664646","2026-06-12T20:01:04.596+08:00","2026-06-12T20:01:04.646+08:00",1409.656616,EXP1,"b_progress_bar",-1,-1,
"b_preview_panel","B条件预览面板","T004_b_preview_panel_0303","video_relative_to_recording_start",rectangle,606,10,1185,833,,,,"A017","T004","B",loading,,,,,1,TRUE,7550.000,7600.000,1417.206665,1417.256592,1920,1046,"world_widget_card_size_box_geometry",1,0,"video_relative_to_screen_recording_start",1059.821167,357385.500,357435.438,1,1059.821167,"1781265307261","../../../../../../Project/UE5/Gallery/Saved/ScreenRecordings/A017_20260612_195507_screen.mkv",357385.500,357435.438,357410.469,"1781265664646","1781265664696","2026-06-12T20:01:04.646+08:00","2026-06-12T20:01:04.696+08:00",1409.656616,EXP1,"b_preview",-1,-1,
"b_progress_bar","B条件进度条区域","T004_b_progress_bar_0304","video_relative_to_recording_start",rectangle,635,767,1158,792,,,,"A017","T004","B",loading,,,,,1,TRUE,7550.000,7600.000,1417.206665,1417.256592,1920,1046,"world_widget_loading_progress_bar_geometry",1,0,"video_relative_to_screen_recording_start",1059.821167,357385.500,357435.438,1,1059.821167,"1781265307261","../../../../../../Project/UE5/Gallery/Saved/ScreenRecordings/A017_20260612_195507_screen.mkv",357385.500,357435.438,357410.469,"1781265664646","1781265664696","2026-06-12T20:01:04.646+08:00","2026-06-12T20:01:04.696+08:00",1409.656616,EXP1,"b_progress_bar",-1,-1,
"b_preview_panel","B条件预览面板","T004_b_preview_panel_0305","video_relative_to_recording_start",rectangle,606,10,1185,833,,,,"A017","T004","B",loading,,,,,1,TRUE,7600.000,7650.000,1417.256592,1417.306641,1920,1046,"world_widget_card_size_box_geometry",1,0,"video_relative_to_screen_recording_start",1059.821167,357435.438,357485.469,1,1059.821167,"1781265307261","../../../../../../Project/UE5/Gallery/Saved/ScreenRecordings/A017_20260612_195507_screen.mkv",357435.438,357485.469,357460.438,"1781265664696","1781265664746","2026-06-12T20:01:04.696+08:00","2026-06-12T20:01:04.746+08:00",1409.656616,EXP1,"b_preview",-1,-1,
"b_progress_bar","B条件进度条区域","T004_b_progress_bar_0306","video_relative_to_recording_start",rectangle,635,767,1158,792,,,,"A017","T004","B",loading,,,,,1,TRUE,7600.000,7650.000,1417.256592,1417.306641,1920,1046,"world_widget_loading_progress_bar_geometry",1,0,"video_relative_to_screen_recording_start",1059.821167,357435.438,357485.469,1,1059.821167,"1781265307261","../../../../../../Project/UE5/Gallery/Saved/ScreenRecordings/A017_20260612_195507_screen.mkv",357435.438,357485.469,357460.438,"1781265664696","1781265664746","2026-06-12T20:01:04.696+08:00","2026-06-12T20:01:04.746+08:00",1409.656616,EXP1,"b_progress_bar",-1,-1,
"b_preview_panel","B条件预览面板","T004_b_preview_panel_0307","video_relative_to_recording_start",rectangle,606,10,1185,833,,,,"A017","T004","B",loading,,,,,1,TRUE,7650.000,7700.000,1417.306641,1417.356567,1920,1046,"world_widget_card_size_box_geometry",1,0,"video_relative_to_screen_recording_start",1059.821167,357485.469,357535.406,1,1059.821167,"1781265307261","../../../../../../Project/UE5/Gallery/Saved/ScreenRecordings/A017_20260612_195507_screen.mkv",357485.469,357535.406,357510.438,"1781265664746","1781265664796","2026-06-12T20:01:04.746+08:00","2026-06-12T20:01:04.796+08:00",1409.656616,EXP1,"b_preview",-1,-1,
"b_progress_bar","B条件进度条区域","T004_b_progress_bar_0308","video_relative_to_recording_start",rectangle,635,767,1158,792,,,,"A017","T004","B",loading,,,,,1,TRUE,7650.000,7700.000,1417.306641,1417.356567,1920,1046,"world_widget_loading_progress_bar_geometry",1,0,"video_relative_to_screen_recording_start",1059.821167,357485.469,357535.406,1,1059.821167,"1781265307261","../../../../../../Project/UE5/Gallery/Saved/ScreenRecordings/A017_20260612_195507_screen.mkv",357485.469,357535.406,357510.438,"1781265664746","1781265664796","2026-06-12T20:01:04.746+08:00","2026-06-12T20:01:04.796+08:00",1409.656616,EXP1,"b_progress_bar",-1,-1,
"b_preview_panel","B条件预览面板","T004_b_preview_panel_0309","video_relative_to_recording_start",rectangle,606,10,1185,833,,,,"A017","T004","B",loading,,,,,1,TRUE,7700.000,7750.000,1417.356567,1417.406616,1920,1046,"world_widget_card_size_box_geometry",1,0,"video_relative_to_screen_recording_start",1059.821167,357535.406,357585.438,1,1059.821167,"1781265307261","../../../../../../Project/UE5/Gallery/Saved/ScreenRecordings/A017_20260612_195507_screen.mkv",357535.406,357585.438,357560.438,"1781265664796","1781265664846","2026-06-12T20:01:04.796+08:00","2026-06-12T20:01:04.846+08:00",1409.656616,EXP1,"b_preview",-1,-1,
"b_progress_bar","B条件进度条区域","T004_b_progress_bar_0310","video_relative_to_recording_start",rectangle,635,767,1158,792,,,,"A017","T004","B",loading,,,,,1,TRUE,7700.000,7750.000,1417.356567,1417.406616,1920,1046,"world_widget_loading_progress_bar_geometry",1,0,"video_relative_to_screen_recording_start",1059.821167,357535.406,357585.438,1,1059.821167,"1781265307261","../../../../../../Project/UE5/Gallery/Saved/ScreenRecordings/A017_20260612_195507_screen.mkv",357535.406,357585.438,357560.438,"1781265664796","1781265664846","2026-06-12T20:01:04.796+08:00","2026-06-12T20:01:04.846+08:00",1409.656616,EXP1,"b_progress_bar",-1,-1,
"b_preview_panel","B条件预览面板","T004_b_preview_panel_0311","video_relative_to_recording_start",rectangle,606,10,1185,833,,,,"A017","T004","B",loading,,,,,1,TRUE,7750.000,7800.000,1417.406616,1417.456665,1920,1046,"world_widget_card_size_box_geometry",1,0,"video_relative_to_screen_recording_start",1059.821167,357585.438,357635.500,1,1059.821167,"1781265307261","../../../../../../Project/UE5/Gallery/Saved/ScreenRecordings/A017_20260612_195507_screen.mkv",357585.438,357635.500,357610.469,"1781265664846","1781265664897","2026-06-12T20:01:04.846+08:00","2026-06-12T20:01:04.896+08:00",1409.656616,EXP1,"b_preview",-1,-1,
"b_progress_bar","B条件进度条区域","T004_b_progress_bar_0312","video_relative_to_recording_start",rectangle,635,767,1158,792,,,,"A017","T004","B",loading,,,,,1,TRUE,7750.000,7800.000,1417.406616,1417.456665,1920,1046,"world_widget_loading_progress_bar_geometry",1,0,"video_relative_to_screen_recording_start",1059.821167,357585.438,357635.500,1,1059.821167,"1781265307261","../../../../../../Project/UE5/Gallery/Saved/ScreenRecordings/A017_20260612_195507_screen.mkv",357585.438,357635.500,357610.469,"1781265664846","1781265664897","2026-06-12T20:01:04.846+08:00","2026-06-12T20:01:04.896+08:00",1409.656616,EXP1,"b_progress_bar",-1,-1,
"b_preview_panel","B条件预览面板","T004_b_preview_panel_0313","video_relative_to_recording_start",rectangle,606,10,1185,833,,,,"A017","T004","B",loading,,,,,1,TRUE,7800.000,7850.000,1417.456665,1417.506592,1920,1046,"world_widget_card_size_box_geometry",1,0,"video_relative_to_screen_recording_start",1059.821167,357635.500,357685.438,1,1059.821167,"1781265307261","../../../../../../Project/UE5/Gallery/Saved/ScreenRecordings/A017_20260612_195507_screen.mkv",357635.500,357685.438,357660.469,"1781265664897","1781265664946","2026-06-12T20:01:04.896+08:00","2026-06-12T20:01:04.946+08:00",1409.656616,EXP1,"b_preview",-1,-1,
"b_progress_bar","B条件进度条区域","T004_b_progress_bar_0314","video_relative_to_recording_start",rectangle,635,767,1158,792,,,,"A017","T004","B",loading,,,,,1,TRUE,7800.000,7850.000,1417.456665,1417.506592,1920,1046,"world_widget_loading_progress_bar_geometry",1,0,"video_relative_to_screen_recording_start",1059.821167,357635.500,357685.438,1,1059.821167,"1781265307261","../../../../../../Project/UE5/Gallery/Saved/ScreenRecordings/A017_20260612_195507_screen.mkv",357635.500,357685.438,357660.469,"1781265664897","1781265664946","2026-06-12T20:01:04.896+08:00","2026-06-12T20:01:04.946+08:00",1409.656616,EXP1,"b_progress_bar",-1,-1,
"b_preview_panel","B条件预览面板","T004_b_preview_panel_0315","video_relative_to_recording_start",rectangle,606,10,1185,833,,,,"A017","T004","B",loading,,,,,1,TRUE,7850.000,7900.000,1417.506592,1417.556641,1920,1046,"world_widget_card_size_box_geometry",1,0,"video_relative_to_screen_recording_start",1059.821167,357685.438,357735.469,1,1059.821167,"1781265307261","../../../../../../Project/UE5/Gallery/Saved/ScreenRecordings/A017_20260612_195507_screen.mkv",357685.438,357735.469,357710.438,"1781265664946","1781265664996","2026-06-12T20:01:04.946+08:00","2026-06-12T20:01:04.996+08:00",1409.656616,EXP1,"b_preview",-1,-1,
"b_progress_bar","B条件进度条区域","T004_b_progress_bar_0316","video_relative_to_recording_start",rectangle,635,767,1158,792,,,,"A017","T004","B",loading,,,,,1,TRUE,7850.000,7900.000,1417.506592,1417.556641,1920,1046,"world_widget_loading_progress_bar_geometry",1,0,"video_relative_to_screen_recording_start",1059.821167,357685.438,357735.469,1,1059.821167,"1781265307261","../../../../../../Project/UE5/Gallery/Saved/ScreenRecordings/A017_20260612_195507_screen.mkv",357685.438,357735.469,357710.438,"1781265664946","1781265664996","2026-06-12T20:01:04.946+08:00","2026-06-12T20:01:04.996+08:00",1409.656616,EXP1,"b_progress_bar",-1,-1,
"b_preview_panel","B条件预览面板","T004_b_preview_panel_0317","video_relative_to_recording_start",rectangle,606,10,1185,833,,,,"A017","T004","B",loading,,,,,1,TRUE,7900.000,7950.000,1417.556641,1417.606567,1920,1046,"world_widget_card_size_box_geometry",1,0,"video_relative_to_screen_recording_start",1059.821167,357735.469,357785.406,1,1059.821167,"1781265307261","../../../../../../Project/UE5/Gallery/Saved/ScreenRecordings/A017_20260612_195507_screen.mkv",357735.469,357785.406,357760.438,"1781265664996","1781265665046","2026-06-12T20:01:04.996+08:00","2026-06-12T20:01:05.046+08:00",1409.656616,EXP1,"b_preview",-1,-1,
"b_progress_bar","B条件进度条区域","T004_b_progress_bar_0318","video_relative_to_recording_start",rectangle,635,767,1158,792,,,,"A017","T004","B",loading,,,,,1,TRUE,7900.000,7950.000,1417.556641,1417.606567,1920,1046,"world_widget_loading_progress_bar_geometry",1,0,"video_relative_to_screen_recording_start",1059.821167,357735.469,357785.406,1,1059.821167,"1781265307261","../../../../../../Project/UE5/Gallery/Saved/ScreenRecordings/A017_20260612_195507_screen.mkv",357735.469,357785.406,357760.438,"1781265664996","1781265665046","2026-06-12T20:01:04.996+08:00","2026-06-12T20:01:05.046+08:00",1409.656616,EXP1,"b_progress_bar",-1,-1,
"b_preview_panel","B条件预览面板","T004_b_preview_panel_0319","video_relative_to_recording_start",rectangle,606,10,1185,833,,,,"A017","T004","B",loading,,,,,1,TRUE,7950.000,8000.000,1417.606567,1417.656616,1920,1046,"world_widget_card_size_box_geometry",1,0,"video_relative_to_screen_recording_start",1059.821167,357785.406,357835.438,1,1059.821167,"1781265307261","../../../../../../Project/UE5/Gallery/Saved/ScreenRecordings/A017_20260612_195507_screen.mkv",357785.406,357835.438,357810.438,"1781265665046","1781265665096","2026-06-12T20:01:05.046+08:00","2026-06-12T20:01:05.096+08:00",1409.656616,EXP1,"b_preview",-1,-1,
"b_progress_bar","B条件进度条区域","T004_b_progress_bar_0320","video_relative_to_recording_start",rectangle,635,767,1158,792,,,,"A017","T004","B",loading,,,,,1,TRUE,7950.000,8000.000,1417.606567,1417.656616,1920,1046,"world_widget_loading_progress_bar_geometry",1,0,"video_relative_to_screen_recording_start",1059.821167,357785.406,357835.438,1,1059.821167,"1781265307261","../../../../../../Project/UE5/Gallery/Saved/ScreenRecordings/A017_20260612_195507_screen.mkv",357785.406,357835.438,357810.438,"1781265665046","1781265665096","2026-06-12T20:01:05.046+08:00","2026-06-12T20:01:05.096+08:00",1409.656616,EXP1,"b_progress_bar",-1,-1,
"b_preview_panel","B条件预览面板","T004_b_preview_panel_0321","video_relative_to_recording_start",rectangle,606,10,1185,833,,,,"A017","T004","B",loading,,,,,1,TRUE,8000.000,8050.000,1417.656616,1417.706665,1920,1046,"world_widget_card_size_box_geometry",1,0,"video_relative_to_screen_recording_start",1059.821167,357835.438,357885.500,1,1059.821167,"1781265307261","../../../../../../Project/UE5/Gallery/Saved/ScreenRecordings/A017_20260612_195507_screen.mkv",357835.438,357885.500,357860.469,"1781265665096","1781265665146","2026-06-12T20:01:05.096+08:00","2026-06-12T20:01:05.146+08:00",1409.656616,EXP1,"b_preview",-1,-1,
"b_progress_bar","B条件进度条区域","T004_b_progress_bar_0322","video_relative_to_recording_start",rectangle,635,767,1158,792,,,,"A017","T004","B",loading,,,,,1,TRUE,8000.000,8050.000,1417.656616,1417.706665,1920,1046,"world_widget_loading_progress_bar_geometry",1,0,"video_relative_to_screen_recording_start",1059.821167,357835.438,357885.500,1,1059.821167,"1781265307261","../../../../../../Project/UE5/Gallery/Saved/ScreenRecordings/A017_20260612_195507_screen.mkv",357835.438,357885.500,357860.469,"1781265665096","1781265665146","2026-06-12T20:01:05.096+08:00","2026-06-12T20:01:05.146+08:00",1409.656616,EXP1,"b_progress_bar",-1,-1,
"b_preview_panel","B条件预览面板","T004_b_preview_panel_0323","video_relative_to_recording_start",rectangle,606,10,1185,833,,,,"A017","T004","B",loading,,,,,1,TRUE,8050.000,8100.000,1417.706665,1417.756592,1920,1046,"world_widget_card_size_box_geometry",1,0,"video_relative_to_screen_recording_start",1059.821167,357885.500,357935.438,1,1059.821167,"1781265307261","../../../../../../Project/UE5/Gallery/Saved/ScreenRecordings/A017_20260612_195507_screen.mkv",357885.500,357935.438,357910.469,"1781265665146","1781265665196","2026-06-12T20:01:05.146+08:00","2026-06-12T20:01:05.196+08:00",1409.656616,EXP1,"b_preview",-1,-1,
"b_progress_bar","B条件进度条区域","T004_b_progress_bar_0324","video_relative_to_recording_start",rectangle,635,767,1158,792,,,,"A017","T004","B",loading,,,,,1,TRUE,8050.000,8100.000,1417.706665,1417.756592,1920,1046,"world_widget_loading_progress_bar_geometry",1,0,"video_relative_to_screen_recording_start",1059.821167,357885.500,357935.438,1,1059.821167,"1781265307261","../../../../../../Project/UE5/Gallery/Saved/ScreenRecordings/A017_20260612_195507_screen.mkv",357885.500,357935.438,357910.469,"1781265665146","1781265665196","2026-06-12T20:01:05.146+08:00","2026-06-12T20:01:05.196+08:00",1409.656616,EXP1,"b_progress_bar",-1,-1,
"b_preview_panel","B条件预览面板","T004_b_preview_panel_0325","video_relative_to_recording_start",rectangle,606,10,1185,833,,,,"A017","T004","B",loading,,,,,1,TRUE,8100.000,8150.000,1417.756592,1417.806641,1920,1046,"world_widget_card_size_box_geometry",1,0,"video_relative_to_screen_recording_start",1059.821167,357935.438,357985.469,1,1059.821167,"1781265307261","../../../../../../Project/UE5/Gallery/Saved/ScreenRecordings/A017_20260612_195507_screen.mkv",357935.438,357985.469,357960.438,"1781265665196","1781265665246","2026-06-12T20:01:05.196+08:00","2026-06-12T20:01:05.246+08:00",1409.656616,EXP1,"b_preview",-1,-1,
"b_progress_bar","B条件进度条区域","T004_b_progress_bar_0326","video_relative_to_recording_start",rectangle,635,767,1158,792,,,,"A017","T004","B",loading,,,,,1,TRUE,8100.000,8150.000,1417.756592,1417.806641,1920,1046,"world_widget_loading_progress_bar_geometry",1,0,"video_relative_to_screen_recording_start",1059.821167,357935.438,357985.469,1,1059.821167,"1781265307261","../../../../../../Project/UE5/Gallery/Saved/ScreenRecordings/A017_20260612_195507_screen.mkv",357935.438,357985.469,357960.438,"1781265665196","1781265665246","2026-06-12T20:01:05.196+08:00","2026-06-12T20:01:05.246+08:00",1409.656616,EXP1,"b_progress_bar",-1,-1,
"b_preview_panel","B条件预览面板","T004_b_preview_panel_0327","video_relative_to_recording_start",rectangle,606,10,1185,833,,,,"A017","T004","B",loading,,,,,1,TRUE,8150.000,8200.000,1417.806641,1417.856567,1920,1046,"world_widget_card_size_box_geometry",1,0,"video_relative_to_screen_recording_start",1059.821167,357985.469,358035.406,1,1059.821167,"1781265307261","../../../../../../Project/UE5/Gallery/Saved/ScreenRecordings/A017_20260612_195507_screen.mkv",357985.469,358035.406,358010.438,"1781265665246","1781265665296","2026-06-12T20:01:05.246+08:00","2026-06-12T20:01:05.296+08:00",1409.656616,EXP1,"b_preview",-1,-1,
"b_progress_bar","B条件进度条区域","T004_b_progress_bar_0328","video_relative_to_recording_start",rectangle,635,767,1158,792,,,,"A017","T004","B",loading,,,,,1,TRUE,8150.000,8200.000,1417.806641,1417.856567,1920,1046,"world_widget_loading_progress_bar_geometry",1,0,"video_relative_to_screen_recording_start",1059.821167,357985.469,358035.406,1,1059.821167,"1781265307261","../../../../../../Project/UE5/Gallery/Saved/ScreenRecordings/A017_20260612_195507_screen.mkv",357985.469,358035.406,358010.438,"1781265665246","1781265665296","2026-06-12T20:01:05.246+08:00","2026-06-12T20:01:05.296+08:00",1409.656616,EXP1,"b_progress_bar",-1,-1,
"b_preview_panel","B条件预览面板","T004_b_preview_panel_0329","video_relative_to_recording_start",rectangle,606,10,1185,833,,,,"A017","T004","B",loading,,,,,1,TRUE,8200.000,8250.000,1417.856567,1417.906616,1920,1046,"world_widget_card_size_box_geometry",1,0,"video_relative_to_screen_recording_start",1059.821167,358035.406,358085.438,1,1059.821167,"1781265307261","../../../../../../Project/UE5/Gallery/Saved/ScreenRecordings/A017_20260612_195507_screen.mkv",358035.406,358085.438,358060.438,"1781265665296","1781265665346","2026-06-12T20:01:05.296+08:00","2026-06-12T20:01:05.346+08:00",1409.656616,EXP1,"b_preview",-1,-1,
"b_progress_bar","B条件进度条区域","T004_b_progress_bar_0330","video_relative_to_recording_start",rectangle,635,767,1158,792,,,,"A017","T004","B",loading,,,,,1,TRUE,8200.000,8250.000,1417.856567,1417.906616,1920,1046,"world_widget_loading_progress_bar_geometry",1,0,"video_relative_to_screen_recording_start",1059.821167,358035.406,358085.438,1,1059.821167,"1781265307261","../../../../../../Project/UE5/Gallery/Saved/ScreenRecordings/A017_20260612_195507_screen.mkv",358035.406,358085.438,358060.438,"1781265665296","1781265665346","2026-06-12T20:01:05.296+08:00","2026-06-12T20:01:05.346+08:00",1409.656616,EXP1,"b_progress_bar",-1,-1,
"b_preview_panel","B条件预览面板","T004_b_preview_panel_0331","video_relative_to_recording_start",rectangle,606,10,1185,833,,,,"A017","T004","B",loading,,,,,1,TRUE,8250.000,8300.000,1417.906616,1417.956665,1920,1046,"world_widget_card_size_box_geometry",1,0,"video_relative_to_screen_recording_start",1059.821167,358085.438,358135.500,1,1059.821167,"1781265307261","../../../../../../Project/UE5/Gallery/Saved/ScreenRecordings/A017_20260612_195507_screen.mkv",358085.438,358135.500,358110.469,"1781265665346","1781265665397","2026-06-12T20:01:05.346+08:00","2026-06-12T20:01:05.396+08:00",1409.656616,EXP1,"b_preview",-1,-1,
"b_progress_bar","B条件进度条区域","T004_b_progress_bar_0332","video_relative_to_recording_start",rectangle,635,767,1158,792,,,,"A017","T004","B",loading,,,,,1,TRUE,8250.000,8300.000,1417.906616,1417.956665,1920,1046,"world_widget_loading_progress_bar_geometry",1,0,"video_relative_to_screen_recording_start",1059.821167,358085.438,358135.500,1,1059.821167,"1781265307261","../../../../../../Project/UE5/Gallery/Saved/ScreenRecordings/A017_20260612_195507_screen.mkv",358085.438,358135.500,358110.469,"1781265665346","1781265665397","2026-06-12T20:01:05.346+08:00","2026-06-12T20:01:05.396+08:00",1409.656616,EXP1,"b_progress_bar",-1,-1,
"b_preview_panel","B条件预览面板","T004_b_preview_panel_0333","video_relative_to_recording_start",rectangle,606,10,1185,833,,,,"A017","T004","B",loading,,,,,1,TRUE,8300.000,8350.000,1417.956665,1418.006592,1920,1046,"world_widget_card_size_box_geometry",1,0,"video_relative_to_screen_recording_start",1059.821167,358135.500,358185.438,1,1059.821167,"1781265307261","../../../../../../Project/UE5/Gallery/Saved/ScreenRecordings/A017_20260612_195507_screen.mkv",358135.500,358185.438,358160.469,"1781265665397","1781265665446","2026-06-12T20:01:05.396+08:00","2026-06-12T20:01:05.446+08:00",1409.656616,EXP1,"b_preview",-1,-1,
"b_progress_bar","B条件进度条区域","T004_b_progress_bar_0334","video_relative_to_recording_start",rectangle,635,767,1158,792,,,,"A017","T004","B",loading,,,,,1,TRUE,8300.000,8350.000,1417.956665,1418.006592,1920,1046,"world_widget_loading_progress_bar_geometry",1,0,"video_relative_to_screen_recording_start",1059.821167,358135.500,358185.438,1,1059.821167,"1781265307261","../../../../../../Project/UE5/Gallery/Saved/ScreenRecordings/A017_20260612_195507_screen.mkv",358135.500,358185.438,358160.469,"1781265665397","1781265665446","2026-06-12T20:01:05.396+08:00","2026-06-12T20:01:05.446+08:00",1409.656616,EXP1,"b_progress_bar",-1,-1,
"b_preview_panel","B条件预览面板","T004_b_preview_panel_0335","video_relative_to_recording_start",rectangle,606,10,1185,833,,,,"A017","T004","B",loading,,,,,1,TRUE,8350.000,8400.000,1418.006592,1418.056641,1920,1046,"world_widget_card_size_box_geometry",1,0,"video_relative_to_screen_recording_start",1059.821167,358185.438,358235.469,1,1059.821167,"1781265307261","../../../../../../Project/UE5/Gallery/Saved/ScreenRecordings/A017_20260612_195507_screen.mkv",358185.438,358235.469,358210.438,"1781265665446","1781265665496","2026-06-12T20:01:05.446+08:00","2026-06-12T20:01:05.496+08:00",1409.656616,EXP1,"b_preview",-1,-1,
"b_progress_bar","B条件进度条区域","T004_b_progress_bar_0336","video_relative_to_recording_start",rectangle,635,767,1158,792,,,,"A017","T004","B",loading,,,,,1,TRUE,8350.000,8400.000,1418.006592,1418.056641,1920,1046,"world_widget_loading_progress_bar_geometry",1,0,"video_relative_to_screen_recording_start",1059.821167,358185.438,358235.469,1,1059.821167,"1781265307261","../../../../../../Project/UE5/Gallery/Saved/ScreenRecordings/A017_20260612_195507_screen.mkv",358185.438,358235.469,358210.438,"1781265665446","1781265665496","2026-06-12T20:01:05.446+08:00","2026-06-12T20:01:05.496+08:00",1409.656616,EXP1,"b_progress_bar",-1,-1,
"b_preview_panel","B条件预览面板","T004_b_preview_panel_0337","video_relative_to_recording_start",rectangle,606,10,1185,833,,,,"A017","T004","B",loading,,,,,1,TRUE,8400.000,8450.000,1418.056641,1418.106567,1920,1046,"world_widget_card_size_box_geometry",1,0,"video_relative_to_screen_recording_start",1059.821167,358235.469,358285.406,1,1059.821167,"1781265307261","../../../../../../Project/UE5/Gallery/Saved/ScreenRecordings/A017_20260612_195507_screen.mkv",358235.469,358285.406,358260.438,"1781265665496","1781265665546","2026-06-12T20:01:05.496+08:00","2026-06-12T20:01:05.546+08:00",1409.656616,EXP1,"b_preview",-1,-1,
"b_progress_bar","B条件进度条区域","T004_b_progress_bar_0338","video_relative_to_recording_start",rectangle,635,767,1158,792,,,,"A017","T004","B",loading,,,,,1,TRUE,8400.000,8450.000,1418.056641,1418.106567,1920,1046,"world_widget_loading_progress_bar_geometry",1,0,"video_relative_to_screen_recording_start",1059.821167,358235.469,358285.406,1,1059.821167,"1781265307261","../../../../../../Project/UE5/Gallery/Saved/ScreenRecordings/A017_20260612_195507_screen.mkv",358235.469,358285.406,358260.438,"1781265665496","1781265665546","2026-06-12T20:01:05.496+08:00","2026-06-12T20:01:05.546+08:00",1409.656616,EXP1,"b_progress_bar",-1,-1,
"b_preview_panel","B条件预览面板","T004_b_preview_panel_0339","video_relative_to_recording_start",rectangle,606,10,1185,833,,,,"A017","T004","B",loading,,,,,1,TRUE,8450.000,8500.000,1418.106567,1418.156616,1920,1046,"world_widget_card_size_box_geometry",1,0,"video_relative_to_screen_recording_start",1059.821167,358285.406,358335.438,1,1059.821167,"1781265307261","../../../../../../Project/UE5/Gallery/Saved/ScreenRecordings/A017_20260612_195507_screen.mkv",358285.406,358335.438,358310.438,"1781265665546","1781265665596","2026-06-12T20:01:05.546+08:00","2026-06-12T20:01:05.596+08:00",1409.656616,EXP1,"b_preview",-1,-1,
"b_progress_bar","B条件进度条区域","T004_b_progress_bar_0340","video_relative_to_recording_start",rectangle,635,767,1158,792,,,,"A017","T004","B",loading,,,,,1,TRUE,8450.000,8500.000,1418.106567,1418.156616,1920,1046,"world_widget_loading_progress_bar_geometry",1,0,"video_relative_to_screen_recording_start",1059.821167,358285.406,358335.438,1,1059.821167,"1781265307261","../../../../../../Project/UE5/Gallery/Saved/ScreenRecordings/A017_20260612_195507_screen.mkv",358285.406,358335.438,358310.438,"1781265665546","1781265665596","2026-06-12T20:01:05.546+08:00","2026-06-12T20:01:05.596+08:00",1409.656616,EXP1,"b_progress_bar",-1,-1,
"b_preview_panel","B条件预览面板","T004_b_preview_panel_0341","video_relative_to_recording_start",rectangle,606,10,1185,833,,,,"A017","T004","B",loading,,,,,1,TRUE,8500.000,8550.000,1418.156616,1418.206665,1920,1046,"world_widget_card_size_box_geometry",1,0,"video_relative_to_screen_recording_start",1059.821167,358335.438,358385.500,1,1059.821167,"1781265307261","../../../../../../Project/UE5/Gallery/Saved/ScreenRecordings/A017_20260612_195507_screen.mkv",358335.438,358385.500,358360.469,"1781265665596","1781265665647","2026-06-12T20:01:05.596+08:00","2026-06-12T20:01:05.646+08:00",1409.656616,EXP1,"b_preview",-1,-1,
"b_progress_bar","B条件进度条区域","T004_b_progress_bar_0342","video_relative_to_recording_start",rectangle,635,767,1158,792,,,,"A017","T004","B",loading,,,,,1,TRUE,8500.000,8550.000,1418.156616,1418.206665,1920,1046,"world_widget_loading_progress_bar_geometry",1,0,"video_relative_to_screen_recording_start",1059.821167,358335.438,358385.500,1,1059.821167,"1781265307261","../../../../../../Project/UE5/Gallery/Saved/ScreenRecordings/A017_20260612_195507_screen.mkv",358335.438,358385.500,358360.469,"1781265665596","1781265665647","2026-06-12T20:01:05.596+08:00","2026-06-12T20:01:05.646+08:00",1409.656616,EXP1,"b_progress_bar",-1,-1,
"b_preview_panel","B条件预览面板","T004_b_preview_panel_0343","video_relative_to_recording_start",rectangle,606,10,1185,833,,,,"A017","T004","B",loading,,,,,1,TRUE,8550.000,8600.000,1418.206665,1418.256592,1920,1046,"world_widget_card_size_box_geometry",1,0,"video_relative_to_screen_recording_start",1059.821167,358385.500,358435.438,1,1059.821167,"1781265307261","../../../../../../Project/UE5/Gallery/Saved/ScreenRecordings/A017_20260612_195507_screen.mkv",358385.500,358435.438,358410.469,"1781265665647","1781265665696","2026-06-12T20:01:05.646+08:00","2026-06-12T20:01:05.696+08:00",1409.656616,EXP1,"b_preview",-1,-1,
"b_progress_bar","B条件进度条区域","T004_b_progress_bar_0344","video_relative_to_recording_start",rectangle,635,767,1158,792,,,,"A017","T004","B",loading,,,,,1,TRUE,8550.000,8600.000,1418.206665,1418.256592,1920,1046,"world_widget_loading_progress_bar_geometry",1,0,"video_relative_to_screen_recording_start",1059.821167,358385.500,358435.438,1,1059.821167,"1781265307261","../../../../../../Project/UE5/Gallery/Saved/ScreenRecordings/A017_20260612_195507_screen.mkv",358385.500,358435.438,358410.469,"1781265665647","1781265665696","2026-06-12T20:01:05.646+08:00","2026-06-12T20:01:05.696+08:00",1409.656616,EXP1,"b_progress_bar",-1,-1,
"b_preview_panel","B条件预览面板","T004_b_preview_panel_0345","video_relative_to_recording_start",rectangle,606,10,1185,833,,,,"A017","T004","B",loading,,,,,1,TRUE,8600.000,8650.000,1418.256592,1418.306641,1920,1046,"world_widget_card_size_box_geometry",1,0,"video_relative_to_screen_recording_start",1059.821167,358435.438,358485.469,1,1059.821167,"1781265307261","../../../../../../Project/UE5/Gallery/Saved/ScreenRecordings/A017_20260612_195507_screen.mkv",358435.438,358485.469,358460.438,"1781265665696","1781265665746","2026-06-12T20:01:05.696+08:00","2026-06-12T20:01:05.746+08:00",1409.656616,EXP1,"b_preview",-1,-1,
"b_progress_bar","B条件进度条区域","T004_b_progress_bar_0346","video_relative_to_recording_start",rectangle,635,767,1158,792,,,,"A017","T004","B",loading,,,,,1,TRUE,8600.000,8650.000,1418.256592,1418.306641,1920,1046,"world_widget_loading_progress_bar_geometry",1,0,"video_relative_to_screen_recording_start",1059.821167,358435.438,358485.469,1,1059.821167,"1781265307261","../../../../../../Project/UE5/Gallery/Saved/ScreenRecordings/A017_20260612_195507_screen.mkv",358435.438,358485.469,358460.438,"1781265665696","1781265665746","2026-06-12T20:01:05.696+08:00","2026-06-12T20:01:05.746+08:00",1409.656616,EXP1,"b_progress_bar",-1,-1,
"b_preview_panel","B条件预览面板","T004_b_preview_panel_0347","video_relative_to_recording_start",rectangle,606,10,1185,833,,,,"A017","T004","B",loading,,,,,1,TRUE,8650.000,8700.000,1418.306641,1418.356567,1920,1046,"world_widget_card_size_box_geometry",1,0,"video_relative_to_screen_recording_start",1059.821167,358485.469,358535.406,1,1059.821167,"1781265307261","../../../../../../Project/UE5/Gallery/Saved/ScreenRecordings/A017_20260612_195507_screen.mkv",358485.469,358535.406,358510.438,"1781265665746","1781265665796","2026-06-12T20:01:05.746+08:00","2026-06-12T20:01:05.796+08:00",1409.656616,EXP1,"b_preview",-1,-1,
"b_progress_bar","B条件进度条区域","T004_b_progress_bar_0348","video_relative_to_recording_start",rectangle,635,767,1158,792,,,,"A017","T004","B",loading,,,,,1,TRUE,8650.000,8700.000,1418.306641,1418.356567,1920,1046,"world_widget_loading_progress_bar_geometry",1,0,"video_relative_to_screen_recording_start",1059.821167,358485.469,358535.406,1,1059.821167,"1781265307261","../../../../../../Project/UE5/Gallery/Saved/ScreenRecordings/A017_20260612_195507_screen.mkv",358485.469,358535.406,358510.438,"1781265665746","1781265665796","2026-06-12T20:01:05.746+08:00","2026-06-12T20:01:05.796+08:00",1409.656616,EXP1,"b_progress_bar",-1,-1,
"b_preview_panel","B条件预览面板","T004_b_preview_panel_0349","video_relative_to_recording_start",rectangle,606,10,1185,833,,,,"A017","T004","B",loading,,,,,1,TRUE,8700.000,8750.000,1418.356567,1418.406616,1920,1046,"world_widget_card_size_box_geometry",1,0,"video_relative_to_screen_recording_start",1059.821167,358535.406,358585.438,1,1059.821167,"1781265307261","../../../../../../Project/UE5/Gallery/Saved/ScreenRecordings/A017_20260612_195507_screen.mkv",358535.406,358585.438,358560.438,"1781265665796","1781265665846","2026-06-12T20:01:05.796+08:00","2026-06-12T20:01:05.846+08:00",1409.656616,EXP1,"b_preview",-1,-1,
"b_progress_bar","B条件进度条区域","T004_b_progress_bar_0350","video_relative_to_recording_start",rectangle,635,767,1158,792,,,,"A017","T004","B",loading,,,,,1,TRUE,8700.000,8750.000,1418.356567,1418.406616,1920,1046,"world_widget_loading_progress_bar_geometry",1,0,"video_relative_to_screen_recording_start",1059.821167,358535.406,358585.438,1,1059.821167,"1781265307261","../../../../../../Project/UE5/Gallery/Saved/ScreenRecordings/A017_20260612_195507_screen.mkv",358535.406,358585.438,358560.438,"1781265665796","1781265665846","2026-06-12T20:01:05.796+08:00","2026-06-12T20:01:05.846+08:00",1409.656616,EXP1,"b_progress_bar",-1,-1,
"b_preview_panel","B条件预览面板","T004_b_preview_panel_0351","video_relative_to_recording_start",rectangle,606,10,1185,833,,,,"A017","T004","B",loading,,,,,1,TRUE,8750.000,8800.000,1418.406616,1418.456665,1920,1046,"world_widget_card_size_box_geometry",1,0,"video_relative_to_screen_recording_start",1059.821167,358585.438,358635.500,1,1059.821167,"1781265307261","../../../../../../Project/UE5/Gallery/Saved/ScreenRecordings/A017_20260612_195507_screen.mkv",358585.438,358635.500,358610.469,"1781265665846","1781265665896","2026-06-12T20:01:05.846+08:00","2026-06-12T20:01:05.896+08:00",1409.656616,EXP1,"b_preview",-1,-1,
"b_progress_bar","B条件进度条区域","T004_b_progress_bar_0352","video_relative_to_recording_start",rectangle,635,767,1158,792,,,,"A017","T004","B",loading,,,,,1,TRUE,8750.000,8800.000,1418.406616,1418.456665,1920,1046,"world_widget_loading_progress_bar_geometry",1,0,"video_relative_to_screen_recording_start",1059.821167,358585.438,358635.500,1,1059.821167,"1781265307261","../../../../../../Project/UE5/Gallery/Saved/ScreenRecordings/A017_20260612_195507_screen.mkv",358585.438,358635.500,358610.469,"1781265665846","1781265665896","2026-06-12T20:01:05.846+08:00","2026-06-12T20:01:05.896+08:00",1409.656616,EXP1,"b_progress_bar",-1,-1,
"b_preview_panel","B条件预览面板","T004_b_preview_panel_0353","video_relative_to_recording_start",rectangle,606,10,1185,833,,,,"A017","T004","B",loading,,,,,1,TRUE,8800.000,8850.000,1418.456665,1418.506592,1920,1046,"world_widget_card_size_box_geometry",1,0,"video_relative_to_screen_recording_start",1059.821167,358635.500,358685.438,1,1059.821167,"1781265307261","../../../../../../Project/UE5/Gallery/Saved/ScreenRecordings/A017_20260612_195507_screen.mkv",358635.500,358685.438,358660.469,"1781265665896","1781265665946","2026-06-12T20:01:05.896+08:00","2026-06-12T20:01:05.946+08:00",1409.656616,EXP1,"b_preview",-1,-1,
"b_progress_bar","B条件进度条区域","T004_b_progress_bar_0354","video_relative_to_recording_start",rectangle,635,767,1158,792,,,,"A017","T004","B",loading,,,,,1,TRUE,8800.000,8850.000,1418.456665,1418.506592,1920,1046,"world_widget_loading_progress_bar_geometry",1,0,"video_relative_to_screen_recording_start",1059.821167,358635.500,358685.438,1,1059.821167,"1781265307261","../../../../../../Project/UE5/Gallery/Saved/ScreenRecordings/A017_20260612_195507_screen.mkv",358635.500,358685.438,358660.469,"1781265665896","1781265665946","2026-06-12T20:01:05.896+08:00","2026-06-12T20:01:05.946+08:00",1409.656616,EXP1,"b_progress_bar",-1,-1,
"b_preview_panel","B条件预览面板","T004_b_preview_panel_0355","video_relative_to_recording_start",rectangle,606,10,1185,833,,,,"A017","T004","B",loading,,,,,1,TRUE,8850.000,8900.000,1418.506592,1418.556641,1920,1046,"world_widget_card_size_box_geometry",1,0,"video_relative_to_screen_recording_start",1059.821167,358685.438,358735.469,1,1059.821167,"1781265307261","../../../../../../Project/UE5/Gallery/Saved/ScreenRecordings/A017_20260612_195507_screen.mkv",358685.438,358735.469,358710.438,"1781265665946","1781265665996","2026-06-12T20:01:05.946+08:00","2026-06-12T20:01:05.996+08:00",1409.656616,EXP1,"b_preview",-1,-1,
"b_progress_bar","B条件进度条区域","T004_b_progress_bar_0356","video_relative_to_recording_start",rectangle,635,767,1158,792,,,,"A017","T004","B",loading,,,,,1,TRUE,8850.000,8900.000,1418.506592,1418.556641,1920,1046,"world_widget_loading_progress_bar_geometry",1,0,"video_relative_to_screen_recording_start",1059.821167,358685.438,358735.469,1,1059.821167,"1781265307261","../../../../../../Project/UE5/Gallery/Saved/ScreenRecordings/A017_20260612_195507_screen.mkv",358685.438,358735.469,358710.438,"1781265665946","1781265665996","2026-06-12T20:01:05.946+08:00","2026-06-12T20:01:05.996+08:00",1409.656616,EXP1,"b_progress_bar",-1,-1,
"b_preview_panel","B条件预览面板","T004_b_preview_panel_0357","video_relative_to_recording_start",rectangle,606,10,1185,833,,,,"A017","T004","B",loading,,,,,1,TRUE,8900.000,8950.000,1418.556641,1418.606567,1920,1046,"world_widget_card_size_box_geometry",1,0,"video_relative_to_screen_recording_start",1059.821167,358735.469,358785.406,1,1059.821167,"1781265307261","../../../../../../Project/UE5/Gallery/Saved/ScreenRecordings/A017_20260612_195507_screen.mkv",358735.469,358785.406,358760.438,"1781265665996","1781265666046","2026-06-12T20:01:05.996+08:00","2026-06-12T20:01:06.046+08:00",1409.656616,EXP1,"b_preview",-1,-1,
"b_progress_bar","B条件进度条区域","T004_b_progress_bar_0358","video_relative_to_recording_start",rectangle,635,767,1158,792,,,,"A017","T004","B",loading,,,,,1,TRUE,8900.000,8950.000,1418.556641,1418.606567,1920,1046,"world_widget_loading_progress_bar_geometry",1,0,"video_relative_to_screen_recording_start",1059.821167,358735.469,358785.406,1,1059.821167,"1781265307261","../../../../../../Project/UE5/Gallery/Saved/ScreenRecordings/A017_20260612_195507_screen.mkv",358735.469,358785.406,358760.438,"1781265665996","1781265666046","2026-06-12T20:01:05.996+08:00","2026-06-12T20:01:06.046+08:00",1409.656616,EXP1,"b_progress_bar",-1,-1,
"b_preview_panel","B条件预览面板","T004_b_preview_panel_0359","video_relative_to_recording_start",rectangle,606,10,1185,833,,,,"A017","T004","B",loading,,,,,1,TRUE,8950.000,9000.000,1418.606567,1418.656616,1920,1046,"world_widget_card_size_box_geometry",1,0,"video_relative_to_screen_recording_start",1059.821167,358785.406,358835.438,1,1059.821167,"1781265307261","../../../../../../Project/UE5/Gallery/Saved/ScreenRecordings/A017_20260612_195507_screen.mkv",358785.406,358835.438,358810.438,"1781265666046","1781265666096","2026-06-12T20:01:06.046+08:00","2026-06-12T20:01:06.096+08:00",1409.656616,EXP1,"b_preview",-1,-1,
"b_progress_bar","B条件进度条区域","T004_b_progress_bar_0360","video_relative_to_recording_start",rectangle,635,767,1158,792,,,,"A017","T004","B",loading,,,,,1,TRUE,8950.000,9000.000,1418.606567,1418.656616,1920,1046,"world_widget_loading_progress_bar_geometry",1,0,"video_relative_to_screen_recording_start",1059.821167,358785.406,358835.438,1,1059.821167,"1781265307261","../../../../../../Project/UE5/Gallery/Saved/ScreenRecordings/A017_20260612_195507_screen.mkv",358785.406,358835.438,358810.438,"1781265666046","1781265666096","2026-06-12T20:01:06.046+08:00","2026-06-12T20:01:06.096+08:00",1409.656616,EXP1,"b_progress_bar",-1,-1,
"b_preview_panel","B条件预览面板","T004_b_preview_panel_0361","video_relative_to_recording_start",rectangle,606,10,1185,833,,,,"A017","T004","B",loading,,,,,1,TRUE,9000.000,9050.000,1418.656616,1418.706665,1920,1046,"world_widget_card_size_box_geometry",1,0,"video_relative_to_screen_recording_start",1059.821167,358835.438,358885.500,1,1059.821167,"1781265307261","../../../../../../Project/UE5/Gallery/Saved/ScreenRecordings/A017_20260612_195507_screen.mkv",358835.438,358885.500,358860.469,"1781265666096","1781265666147","2026-06-12T20:01:06.096+08:00","2026-06-12T20:01:06.146+08:00",1409.656616,EXP1,"b_preview",-1,-1,
"b_progress_bar","B条件进度条区域","T004_b_progress_bar_0362","video_relative_to_recording_start",rectangle,635,767,1158,792,,,,"A017","T004","B",loading,,,,,1,TRUE,9000.000,9050.000,1418.656616,1418.706665,1920,1046,"world_widget_loading_progress_bar_geometry",1,0,"video_relative_to_screen_recording_start",1059.821167,358835.438,358885.500,1,1059.821167,"1781265307261","../../../../../../Project/UE5/Gallery/Saved/ScreenRecordings/A017_20260612_195507_screen.mkv",358835.438,358885.500,358860.469,"1781265666096","1781265666147","2026-06-12T20:01:06.096+08:00","2026-06-12T20:01:06.146+08:00",1409.656616,EXP1,"b_progress_bar",-1,-1,
"b_preview_panel","B条件预览面板","T004_b_preview_panel_0363","video_relative_to_recording_start",rectangle,606,10,1185,833,,,,"A017","T004","B",loading,,,,,1,TRUE,9050.000,9100.000,1418.706665,1418.756592,1920,1046,"world_widget_card_size_box_geometry",1,0,"video_relative_to_screen_recording_start",1059.821167,358885.500,358935.438,1,1059.821167,"1781265307261","../../../../../../Project/UE5/Gallery/Saved/ScreenRecordings/A017_20260612_195507_screen.mkv",358885.500,358935.438,358910.469,"1781265666147","1781265666196","2026-06-12T20:01:06.146+08:00","2026-06-12T20:01:06.196+08:00",1409.656616,EXP1,"b_preview",-1,-1,
"b_progress_bar","B条件进度条区域","T004_b_progress_bar_0364","video_relative_to_recording_start",rectangle,635,767,1158,792,,,,"A017","T004","B",loading,,,,,1,TRUE,9050.000,9100.000,1418.706665,1418.756592,1920,1046,"world_widget_loading_progress_bar_geometry",1,0,"video_relative_to_screen_recording_start",1059.821167,358885.500,358935.438,1,1059.821167,"1781265307261","../../../../../../Project/UE5/Gallery/Saved/ScreenRecordings/A017_20260612_195507_screen.mkv",358885.500,358935.438,358910.469,"1781265666147","1781265666196","2026-06-12T20:01:06.146+08:00","2026-06-12T20:01:06.196+08:00",1409.656616,EXP1,"b_progress_bar",-1,-1,
"b_preview_panel","B条件预览面板","T004_b_preview_panel_0365","video_relative_to_recording_start",rectangle,606,10,1185,833,,,,"A017","T004","B",loading,,,,,1,TRUE,9100.000,9150.000,1418.756592,1418.806641,1920,1046,"world_widget_card_size_box_geometry",1,0,"video_relative_to_screen_recording_start",1059.821167,358935.438,358985.469,1,1059.821167,"1781265307261","../../../../../../Project/UE5/Gallery/Saved/ScreenRecordings/A017_20260612_195507_screen.mkv",358935.438,358985.469,358960.438,"1781265666196","1781265666246","2026-06-12T20:01:06.196+08:00","2026-06-12T20:01:06.246+08:00",1409.656616,EXP1,"b_preview",-1,-1,
"b_progress_bar","B条件进度条区域","T004_b_progress_bar_0366","video_relative_to_recording_start",rectangle,635,767,1158,792,,,,"A017","T004","B",loading,,,,,1,TRUE,9100.000,9150.000,1418.756592,1418.806641,1920,1046,"world_widget_loading_progress_bar_geometry",1,0,"video_relative_to_screen_recording_start",1059.821167,358935.438,358985.469,1,1059.821167,"1781265307261","../../../../../../Project/UE5/Gallery/Saved/ScreenRecordings/A017_20260612_195507_screen.mkv",358935.438,358985.469,358960.438,"1781265666196","1781265666246","2026-06-12T20:01:06.196+08:00","2026-06-12T20:01:06.246+08:00",1409.656616,EXP1,"b_progress_bar",-1,-1,
"b_preview_panel","B条件预览面板","T004_b_preview_panel_0367","video_relative_to_recording_start",rectangle,606,10,1185,833,,,,"A017","T004","B",loading,,,,,1,TRUE,9150.000,9200.000,1418.806641,1418.856567,1920,1046,"world_widget_card_size_box_geometry",1,0,"video_relative_to_screen_recording_start",1059.821167,358985.469,359035.406,1,1059.821167,"1781265307261","../../../../../../Project/UE5/Gallery/Saved/ScreenRecordings/A017_20260612_195507_screen.mkv",358985.469,359035.406,359010.438,"1781265666246","1781265666296","2026-06-12T20:01:06.246+08:00","2026-06-12T20:01:06.296+08:00",1409.656616,EXP1,"b_preview",-1,-1,
"b_progress_bar","B条件进度条区域","T004_b_progress_bar_0368","video_relative_to_recording_start",rectangle,635,767,1158,792,,,,"A017","T004","B",loading,,,,,1,TRUE,9150.000,9200.000,1418.806641,1418.856567,1920,1046,"world_widget_loading_progress_bar_geometry",1,0,"video_relative_to_screen_recording_start",1059.821167,358985.469,359035.406,1,1059.821167,"1781265307261","../../../../../../Project/UE5/Gallery/Saved/ScreenRecordings/A017_20260612_195507_screen.mkv",358985.469,359035.406,359010.438,"1781265666246","1781265666296","2026-06-12T20:01:06.246+08:00","2026-06-12T20:01:06.296+08:00",1409.656616,EXP1,"b_progress_bar",-1,-1,
"b_preview_panel","B条件预览面板","T004_b_preview_panel_0369","video_relative_to_recording_start",rectangle,606,10,1185,833,,,,"A017","T004","B",loading,,,,,1,TRUE,9200.000,9250.000,1418.856567,1418.906616,1920,1046,"world_widget_card_size_box_geometry",1,0,"video_relative_to_screen_recording_start",1059.821167,359035.406,359085.438,1,1059.821167,"1781265307261","../../../../../../Project/UE5/Gallery/Saved/ScreenRecordings/A017_20260612_195507_screen.mkv",359035.406,359085.438,359060.438,"1781265666296","1781265666346","2026-06-12T20:01:06.296+08:00","2026-06-12T20:01:06.346+08:00",1409.656616,EXP1,"b_preview",-1,-1,
"b_progress_bar","B条件进度条区域","T004_b_progress_bar_0370","video_relative_to_recording_start",rectangle,635,767,1158,792,,,,"A017","T004","B",loading,,,,,1,TRUE,9200.000,9250.000,1418.856567,1418.906616,1920,1046,"world_widget_loading_progress_bar_geometry",1,0,"video_relative_to_screen_recording_start",1059.821167,359035.406,359085.438,1,1059.821167,"1781265307261","../../../../../../Project/UE5/Gallery/Saved/ScreenRecordings/A017_20260612_195507_screen.mkv",359035.406,359085.438,359060.438,"1781265666296","1781265666346","2026-06-12T20:01:06.296+08:00","2026-06-12T20:01:06.346+08:00",1409.656616,EXP1,"b_progress_bar",-1,-1,
"b_preview_panel","B条件预览面板","T004_b_preview_panel_0371","video_relative_to_recording_start",rectangle,606,10,1185,833,,,,"A017","T004","B",loading,,,,,1,TRUE,9250.000,9300.000,1418.906616,1418.956665,1920,1046,"world_widget_card_size_box_geometry",1,0,"video_relative_to_screen_recording_start",1059.821167,359085.438,359135.500,1,1059.821167,"1781265307261","../../../../../../Project/UE5/Gallery/Saved/ScreenRecordings/A017_20260612_195507_screen.mkv",359085.438,359135.500,359110.469,"1781265666346","1781265666396","2026-06-12T20:01:06.346+08:00","2026-06-12T20:01:06.396+08:00",1409.656616,EXP1,"b_preview",-1,-1,
"b_progress_bar","B条件进度条区域","T004_b_progress_bar_0372","video_relative_to_recording_start",rectangle,635,767,1158,792,,,,"A017","T004","B",loading,,,,,1,TRUE,9250.000,9300.000,1418.906616,1418.956665,1920,1046,"world_widget_loading_progress_bar_geometry",1,0,"video_relative_to_screen_recording_start",1059.821167,359085.438,359135.500,1,1059.821167,"1781265307261","../../../../../../Project/UE5/Gallery/Saved/ScreenRecordings/A017_20260612_195507_screen.mkv",359085.438,359135.500,359110.469,"1781265666346","1781265666396","2026-06-12T20:01:06.346+08:00","2026-06-12T20:01:06.396+08:00",1409.656616,EXP1,"b_progress_bar",-1,-1,
"b_preview_panel","B条件预览面板","T004_b_preview_panel_0373","video_relative_to_recording_start",rectangle,606,10,1185,833,,,,"A017","T004","B",loading,,,,,1,TRUE,9300.000,9350.000,1418.956665,1419.006592,1920,1046,"world_widget_card_size_box_geometry",1,0,"video_relative_to_screen_recording_start",1059.821167,359135.500,359185.438,1,1059.821167,"1781265307261","../../../../../../Project/UE5/Gallery/Saved/ScreenRecordings/A017_20260612_195507_screen.mkv",359135.500,359185.438,359160.469,"1781265666396","1781265666446","2026-06-12T20:01:06.396+08:00","2026-06-12T20:01:06.446+08:00",1409.656616,EXP1,"b_preview",-1,-1,
"b_progress_bar","B条件进度条区域","T004_b_progress_bar_0374","video_relative_to_recording_start",rectangle,635,767,1158,792,,,,"A017","T004","B",loading,,,,,1,TRUE,9300.000,9350.000,1418.956665,1419.006592,1920,1046,"world_widget_loading_progress_bar_geometry",1,0,"video_relative_to_screen_recording_start",1059.821167,359135.500,359185.438,1,1059.821167,"1781265307261","../../../../../../Project/UE5/Gallery/Saved/ScreenRecordings/A017_20260612_195507_screen.mkv",359135.500,359185.438,359160.469,"1781265666396","1781265666446","2026-06-12T20:01:06.396+08:00","2026-06-12T20:01:06.446+08:00",1409.656616,EXP1,"b_progress_bar",-1,-1,
"b_preview_panel","B条件预览面板","T004_b_preview_panel_0375","video_relative_to_recording_start",rectangle,606,10,1185,833,,,,"A017","T004","B",loading,,,,,1,TRUE,9350.000,9400.000,1419.006592,1419.056641,1920,1046,"world_widget_card_size_box_geometry",1,0,"video_relative_to_screen_recording_start",1059.821167,359185.438,359235.469,1,1059.821167,"1781265307261","../../../../../../Project/UE5/Gallery/Saved/ScreenRecordings/A017_20260612_195507_screen.mkv",359185.438,359235.469,359210.438,"1781265666446","1781265666496","2026-06-12T20:01:06.446+08:00","2026-06-12T20:01:06.496+08:00",1409.656616,EXP1,"b_preview",-1,-1,
"b_progress_bar","B条件进度条区域","T004_b_progress_bar_0376","video_relative_to_recording_start",rectangle,635,767,1158,792,,,,"A017","T004","B",loading,,,,,1,TRUE,9350.000,9400.000,1419.006592,1419.056641,1920,1046,"world_widget_loading_progress_bar_geometry",1,0,"video_relative_to_screen_recording_start",1059.821167,359185.438,359235.469,1,1059.821167,"1781265307261","../../../../../../Project/UE5/Gallery/Saved/ScreenRecordings/A017_20260612_195507_screen.mkv",359185.438,359235.469,359210.438,"1781265666446","1781265666496","2026-06-12T20:01:06.446+08:00","2026-06-12T20:01:06.496+08:00",1409.656616,EXP1,"b_progress_bar",-1,-1,
"b_preview_panel","B条件预览面板","T004_b_preview_panel_0377","video_relative_to_recording_start",rectangle,606,10,1185,833,,,,"A017","T004","B",loading,,,,,1,TRUE,9400.000,9450.000,1419.056641,1419.106567,1920,1046,"world_widget_card_size_box_geometry",1,0,"video_relative_to_screen_recording_start",1059.821167,359235.469,359285.406,1,1059.821167,"1781265307261","../../../../../../Project/UE5/Gallery/Saved/ScreenRecordings/A017_20260612_195507_screen.mkv",359235.469,359285.406,359260.438,"1781265666496","1781265666546","2026-06-12T20:01:06.496+08:00","2026-06-12T20:01:06.546+08:00",1409.656616,EXP1,"b_preview",-1,-1,
"b_progress_bar","B条件进度条区域","T004_b_progress_bar_0378","video_relative_to_recording_start",rectangle,635,767,1158,792,,,,"A017","T004","B",loading,,,,,1,TRUE,9400.000,9450.000,1419.056641,1419.106567,1920,1046,"world_widget_loading_progress_bar_geometry",1,0,"video_relative_to_screen_recording_start",1059.821167,359235.469,359285.406,1,1059.821167,"1781265307261","../../../../../../Project/UE5/Gallery/Saved/ScreenRecordings/A017_20260612_195507_screen.mkv",359235.469,359285.406,359260.438,"1781265666496","1781265666546","2026-06-12T20:01:06.496+08:00","2026-06-12T20:01:06.546+08:00",1409.656616,EXP1,"b_progress_bar",-1,-1,
"b_preview_panel","B条件预览面板","T004_b_preview_panel_0379","video_relative_to_recording_start",rectangle,606,10,1185,833,,,,"A017","T004","B",loading,,,,,1,TRUE,9450.000,9500.000,1419.106567,1419.156616,1920,1046,"world_widget_card_size_box_geometry",1,0,"video_relative_to_screen_recording_start",1059.821167,359285.406,359335.438,1,1059.821167,"1781265307261","../../../../../../Project/UE5/Gallery/Saved/ScreenRecordings/A017_20260612_195507_screen.mkv",359285.406,359335.438,359310.438,"1781265666546","1781265666596","2026-06-12T20:01:06.546+08:00","2026-06-12T20:01:06.596+08:00",1409.656616,EXP1,"b_preview",-1,-1,
"b_progress_bar","B条件进度条区域","T004_b_progress_bar_0380","video_relative_to_recording_start",rectangle,635,767,1158,792,,,,"A017","T004","B",loading,,,,,1,TRUE,9450.000,9500.000,1419.106567,1419.156616,1920,1046,"world_widget_loading_progress_bar_geometry",1,0,"video_relative_to_screen_recording_start",1059.821167,359285.406,359335.438,1,1059.821167,"1781265307261","../../../../../../Project/UE5/Gallery/Saved/ScreenRecordings/A017_20260612_195507_screen.mkv",359285.406,359335.438,359310.438,"1781265666546","1781265666596","2026-06-12T20:01:06.546+08:00","2026-06-12T20:01:06.596+08:00",1409.656616,EXP1,"b_progress_bar",-1,-1,
"b_preview_panel","B条件预览面板","T004_b_preview_panel_0381","video_relative_to_recording_start",rectangle,606,10,1185,833,,,,"A017","T004","B",loading,,,,,1,TRUE,9500.000,9550.000,1419.156616,1419.206665,1920,1046,"world_widget_card_size_box_geometry",1,0,"video_relative_to_screen_recording_start",1059.821167,359335.438,359385.500,1,1059.821167,"1781265307261","../../../../../../Project/UE5/Gallery/Saved/ScreenRecordings/A017_20260612_195507_screen.mkv",359335.438,359385.500,359360.469,"1781265666596","1781265666646","2026-06-12T20:01:06.596+08:00","2026-06-12T20:01:06.646+08:00",1409.656616,EXP1,"b_preview",-1,-1,
"b_progress_bar","B条件进度条区域","T004_b_progress_bar_0382","video_relative_to_recording_start",rectangle,635,767,1158,792,,,,"A017","T004","B",loading,,,,,1,TRUE,9500.000,9550.000,1419.156616,1419.206665,1920,1046,"world_widget_loading_progress_bar_geometry",1,0,"video_relative_to_screen_recording_start",1059.821167,359335.438,359385.500,1,1059.821167,"1781265307261","../../../../../../Project/UE5/Gallery/Saved/ScreenRecordings/A017_20260612_195507_screen.mkv",359335.438,359385.500,359360.469,"1781265666596","1781265666646","2026-06-12T20:01:06.596+08:00","2026-06-12T20:01:06.646+08:00",1409.656616,EXP1,"b_progress_bar",-1,-1,
"b_preview_panel","B条件预览面板","T004_b_preview_panel_0383","video_relative_to_recording_start",rectangle,606,10,1185,833,,,,"A017","T004","B",loading,,,,,1,TRUE,9550.000,9600.000,1419.206665,1419.256592,1920,1046,"world_widget_card_size_box_geometry",1,0,"video_relative_to_screen_recording_start",1059.821167,359385.500,359435.438,1,1059.821167,"1781265307261","../../../../../../Project/UE5/Gallery/Saved/ScreenRecordings/A017_20260612_195507_screen.mkv",359385.500,359435.438,359410.469,"1781265666646","1781265666696","2026-06-12T20:01:06.646+08:00","2026-06-12T20:01:06.696+08:00",1409.656616,EXP1,"b_preview",-1,-1,
"b_progress_bar","B条件进度条区域","T004_b_progress_bar_0384","video_relative_to_recording_start",rectangle,635,767,1158,792,,,,"A017","T004","B",loading,,,,,1,TRUE,9550.000,9600.000,1419.206665,1419.256592,1920,1046,"world_widget_loading_progress_bar_geometry",1,0,"video_relative_to_screen_recording_start",1059.821167,359385.500,359435.438,1,1059.821167,"1781265307261","../../../../../../Project/UE5/Gallery/Saved/ScreenRecordings/A017_20260612_195507_screen.mkv",359385.500,359435.438,359410.469,"1781265666646","1781265666696","2026-06-12T20:01:06.646+08:00","2026-06-12T20:01:06.696+08:00",1409.656616,EXP1,"b_progress_bar",-1,-1,
"b_preview_panel","B条件预览面板","T004_b_preview_panel_0385","video_relative_to_recording_start",rectangle,607,9,1186,832,,,,"A017","T004","B",loading,,,,,1,TRUE,9600.000,9650.000,1419.256592,1419.306641,1920,1046,"world_widget_card_size_box_geometry",1,0,"video_relative_to_screen_recording_start",1059.821167,359435.438,359485.469,1,1059.821167,"1781265307261","../../../../../../Project/UE5/Gallery/Saved/ScreenRecordings/A017_20260612_195507_screen.mkv",359435.438,359485.469,359460.438,"1781265666696","1781265666746","2026-06-12T20:01:06.696+08:00","2026-06-12T20:01:06.746+08:00",1409.656616,EXP1,"b_preview",-1,-1,
"b_progress_bar","B条件进度条区域","T004_b_progress_bar_0386","video_relative_to_recording_start",rectangle,636,766,1159,791,,,,"A017","T004","B",loading,,,,,1,TRUE,9600.000,9650.000,1419.256592,1419.306641,1920,1046,"world_widget_loading_progress_bar_geometry",1,0,"video_relative_to_screen_recording_start",1059.821167,359435.438,359485.469,1,1059.821167,"1781265307261","../../../../../../Project/UE5/Gallery/Saved/ScreenRecordings/A017_20260612_195507_screen.mkv",359435.438,359485.469,359460.438,"1781265666696","1781265666746","2026-06-12T20:01:06.696+08:00","2026-06-12T20:01:06.746+08:00",1409.656616,EXP1,"b_progress_bar",-1,-1,
"b_preview_panel","B条件预览面板","T004_b_preview_panel_0387","video_relative_to_recording_start",rectangle,607,9,1186,832,,,,"A017","T004","B",loading,,,,,1,TRUE,9650.000,9700.000,1419.306641,1419.356567,1920,1046,"world_widget_card_size_box_geometry",1,0,"video_relative_to_screen_recording_start",1059.821167,359485.469,359535.406,1,1059.821167,"1781265307261","../../../../../../Project/UE5/Gallery/Saved/ScreenRecordings/A017_20260612_195507_screen.mkv",359485.469,359535.406,359510.438,"1781265666746","1781265666796","2026-06-12T20:01:06.746+08:00","2026-06-12T20:01:06.796+08:00",1409.656616,EXP1,"b_preview",-1,-1,
"b_progress_bar","B条件进度条区域","T004_b_progress_bar_0388","video_relative_to_recording_start",rectangle,636,766,1159,791,,,,"A017","T004","B",loading,,,,,1,TRUE,9650.000,9700.000,1419.306641,1419.356567,1920,1046,"world_widget_loading_progress_bar_geometry",1,0,"video_relative_to_screen_recording_start",1059.821167,359485.469,359535.406,1,1059.821167,"1781265307261","../../../../../../Project/UE5/Gallery/Saved/ScreenRecordings/A017_20260612_195507_screen.mkv",359485.469,359535.406,359510.438,"1781265666746","1781265666796","2026-06-12T20:01:06.746+08:00","2026-06-12T20:01:06.796+08:00",1409.656616,EXP1,"b_progress_bar",-1,-1,
"b_preview_panel","B条件预览面板","T004_b_preview_panel_0389","video_relative_to_recording_start",rectangle,607,9,1186,832,,,,"A017","T004","B",loading,,,,,1,TRUE,9700.000,9750.000,1419.356567,1419.406616,1920,1046,"world_widget_card_size_box_geometry",1,0,"video_relative_to_screen_recording_start",1059.821167,359535.406,359585.438,1,1059.821167,"1781265307261","../../../../../../Project/UE5/Gallery/Saved/ScreenRecordings/A017_20260612_195507_screen.mkv",359535.406,359585.438,359560.438,"1781265666796","1781265666846","2026-06-12T20:01:06.796+08:00","2026-06-12T20:01:06.846+08:00",1409.656616,EXP1,"b_preview",-1,-1,
"b_progress_bar","B条件进度条区域","T004_b_progress_bar_0390","video_relative_to_recording_start",rectangle,636,766,1159,791,,,,"A017","T004","B",loading,,,,,1,TRUE,9700.000,9750.000,1419.356567,1419.406616,1920,1046,"world_widget_loading_progress_bar_geometry",1,0,"video_relative_to_screen_recording_start",1059.821167,359535.406,359585.438,1,1059.821167,"1781265307261","../../../../../../Project/UE5/Gallery/Saved/ScreenRecordings/A017_20260612_195507_screen.mkv",359535.406,359585.438,359560.438,"1781265666796","1781265666846","2026-06-12T20:01:06.796+08:00","2026-06-12T20:01:06.846+08:00",1409.656616,EXP1,"b_progress_bar",-1,-1,
"b_preview_panel","B条件预览面板","T004_b_preview_panel_0391","video_relative_to_recording_start",rectangle,607,9,1186,832,,,,"A017","T004","B",loading,,,,,1,TRUE,9750.000,9800.000,1419.406616,1419.456665,1920,1046,"world_widget_card_size_box_geometry",1,0,"video_relative_to_screen_recording_start",1059.821167,359585.438,359635.500,1,1059.821167,"1781265307261","../../../../../../Project/UE5/Gallery/Saved/ScreenRecordings/A017_20260612_195507_screen.mkv",359585.438,359635.500,359610.469,"1781265666846","1781265666897","2026-06-12T20:01:06.846+08:00","2026-06-12T20:01:06.896+08:00",1409.656616,EXP1,"b_preview",-1,-1,
"b_progress_bar","B条件进度条区域","T004_b_progress_bar_0392","video_relative_to_recording_start",rectangle,636,766,1159,791,,,,"A017","T004","B",loading,,,,,1,TRUE,9750.000,9800.000,1419.406616,1419.456665,1920,1046,"world_widget_loading_progress_bar_geometry",1,0,"video_relative_to_screen_recording_start",1059.821167,359585.438,359635.500,1,1059.821167,"1781265307261","../../../../../../Project/UE5/Gallery/Saved/ScreenRecordings/A017_20260612_195507_screen.mkv",359585.438,359635.500,359610.469,"1781265666846","1781265666897","2026-06-12T20:01:06.846+08:00","2026-06-12T20:01:06.896+08:00",1409.656616,EXP1,"b_progress_bar",-1,-1,
"b_preview_panel","B条件预览面板","T004_b_preview_panel_0393","video_relative_to_recording_start",rectangle,607,9,1186,832,,,,"A017","T004","B",loading,,,,,1,TRUE,9800.000,9850.000,1419.456665,1419.506592,1920,1046,"world_widget_card_size_box_geometry",1,0,"video_relative_to_screen_recording_start",1059.821167,359635.500,359685.438,1,1059.821167,"1781265307261","../../../../../../Project/UE5/Gallery/Saved/ScreenRecordings/A017_20260612_195507_screen.mkv",359635.500,359685.438,359660.469,"1781265666897","1781265666946","2026-06-12T20:01:06.896+08:00","2026-06-12T20:01:06.946+08:00",1409.656616,EXP1,"b_preview",-1,-1,
"b_progress_bar","B条件进度条区域","T004_b_progress_bar_0394","video_relative_to_recording_start",rectangle,636,766,1159,791,,,,"A017","T004","B",loading,,,,,1,TRUE,9800.000,9850.000,1419.456665,1419.506592,1920,1046,"world_widget_loading_progress_bar_geometry",1,0,"video_relative_to_screen_recording_start",1059.821167,359635.500,359685.438,1,1059.821167,"1781265307261","../../../../../../Project/UE5/Gallery/Saved/ScreenRecordings/A017_20260612_195507_screen.mkv",359635.500,359685.438,359660.469,"1781265666897","1781265666946","2026-06-12T20:01:06.896+08:00","2026-06-12T20:01:06.946+08:00",1409.656616,EXP1,"b_progress_bar",-1,-1,
"b_preview_panel","B条件预览面板","T004_b_preview_panel_0395","video_relative_to_recording_start",rectangle,607,9,1186,832,,,,"A017","T004","B",loading,,,,,1,TRUE,9850.000,9900.000,1419.506592,1419.556641,1920,1046,"world_widget_card_size_box_geometry",1,0,"video_relative_to_screen_recording_start",1059.821167,359685.438,359735.469,1,1059.821167,"1781265307261","../../../../../../Project/UE5/Gallery/Saved/ScreenRecordings/A017_20260612_195507_screen.mkv",359685.438,359735.469,359710.438,"1781265666946","1781265666996","2026-06-12T20:01:06.946+08:00","2026-06-12T20:01:06.996+08:00",1409.656616,EXP1,"b_preview",-1,-1,
"b_progress_bar","B条件进度条区域","T004_b_progress_bar_0396","video_relative_to_recording_start",rectangle,636,766,1159,791,,,,"A017","T004","B",loading,,,,,1,TRUE,9850.000,9900.000,1419.506592,1419.556641,1920,1046,"world_widget_loading_progress_bar_geometry",1,0,"video_relative_to_screen_recording_start",1059.821167,359685.438,359735.469,1,1059.821167,"1781265307261","../../../../../../Project/UE5/Gallery/Saved/ScreenRecordings/A017_20260612_195507_screen.mkv",359685.438,359735.469,359710.438,"1781265666946","1781265666996","2026-06-12T20:01:06.946+08:00","2026-06-12T20:01:06.996+08:00",1409.656616,EXP1,"b_progress_bar",-1,-1,
"b_preview_panel","B条件预览面板","T004_b_preview_panel_0397","video_relative_to_recording_start",rectangle,607,9,1186,832,,,,"A017","T004","B",loading,,,,,1,TRUE,9900.000,9950.000,1419.556641,1419.606567,1920,1046,"world_widget_card_size_box_geometry",1,0,"video_relative_to_screen_recording_start",1059.821167,359735.469,359785.406,1,1059.821167,"1781265307261","../../../../../../Project/UE5/Gallery/Saved/ScreenRecordings/A017_20260612_195507_screen.mkv",359735.469,359785.406,359760.438,"1781265666996","1781265667046","2026-06-12T20:01:06.996+08:00","2026-06-12T20:01:07.046+08:00",1409.656616,EXP1,"b_preview",-1,-1,
"b_progress_bar","B条件进度条区域","T004_b_progress_bar_0398","video_relative_to_recording_start",rectangle,636,766,1159,791,,,,"A017","T004","B",loading,,,,,1,TRUE,9900.000,9950.000,1419.556641,1419.606567,1920,1046,"world_widget_loading_progress_bar_geometry",1,0,"video_relative_to_screen_recording_start",1059.821167,359735.469,359785.406,1,1059.821167,"1781265307261","../../../../../../Project/UE5/Gallery/Saved/ScreenRecordings/A017_20260612_195507_screen.mkv",359735.469,359785.406,359760.438,"1781265666996","1781265667046","2026-06-12T20:01:06.996+08:00","2026-06-12T20:01:07.046+08:00",1409.656616,EXP1,"b_progress_bar",-1,-1,
"b_preview_panel","B条件预览面板","T004_b_preview_panel_0399","video_relative_to_recording_start",rectangle,607,9,1186,832,,,,"A017","T004","B",loading,,,,,1,TRUE,9950.000,10006.104,1419.606567,1419.662720,1920,1046,"world_widget_card_size_box_geometry",1,0,"video_relative_to_screen_recording_start",1059.821167,359785.406,359841.562,1,1059.821167,"1781265307261","../../../../../../Project/UE5/Gallery/Saved/ScreenRecordings/A017_20260612_195507_screen.mkv",359785.406,359841.562,359813.500,"1781265667046","1781265667103","2026-06-12T20:01:07.046+08:00","2026-06-12T20:01:07.102+08:00",1409.656616,EXP1,"b_preview",-1,-1,
"b_progress_bar","B条件进度条区域","T004_b_progress_bar_0400","video_relative_to_recording_start",rectangle,636,766,1159,791,,,,"A017","T004","B",loading,,,,,1,TRUE,9950.000,10006.104,1419.606567,1419.662720,1920,1046,"world_widget_loading_progress_bar_geometry",1,0,"video_relative_to_screen_recording_start",1059.821167,359785.406,359841.562,1,1059.821167,"1781265307261","../../../../../../Project/UE5/Gallery/Saved/ScreenRecordings/A017_20260612_195507_screen.mkv",359785.406,359841.562,359813.500,"1781265667046","1781265667103","2026-06-12T20:01:07.046+08:00","2026-06-12T20:01:07.102+08:00",1409.656616,EXP1,"b_progress_bar",-1,-1,
