aoi_group_id,aoi_name,shape_id,reference_id,shape_type,x_min,y_min,x_max,y_max,center_x,center_y,radius,participant,trial_id,condition,phase,time_start,time_end,time_start_event,time_end_event,priority,enabled,rel_start_ms,rel_end_ms,ue_time_start_sec,ue_time_end_sec,viewport_width,viewport_height,source_component,projection_valid,is_clamped,time_mode,session_start_world_sec,session_rel_start_ms,session_rel_end_ms,recording_active,recording_start_world_sec,recording_start_unix_ms,recording_file,video_time_start_ms,video_time_end_ms,time_ms,unix_start_ms,unix_end_ms,bjt_start,bjt_end,loading_start_world_sec,experiment_code,aoi_scope,target_content_index,target_display_index,slot_permutation
"exp2_table_objects","实验二桌面四模型总体区域","Exp2_001_exp2_table_objects_0001","video_relative_to_recording_start",rectangle,0,316,1919,996,,,,"A037","Exp2_001","E1_SPATIAL_PROGRESSIVE",loading,,,,,1,TRUE,0.000,50.000,221.175980,221.225983,1920,1046,"ObjectSlot1-4",1,1,"video_relative_to_screen_recording_start",75.060127,146115.844,146165.859,1,75.060127,"1781613114174","../../../../../../Project/UE5/Gallery/Saved/ScreenRecordings/A037_v2_20260616_203154_screen.mkv",146115.844,146165.859,146140.844,"1781613260289","1781613260339","2026-06-16T20:34:20.288+08:00","2026-06-16T20:34:20.338+08:00",221.175980,EXP2,"exp2_table",1,1,"1:1|2:2|3:3|4:4"
"exp2_target_object","实验二当前目标模型_左脸","Exp2_001_exp2_target_object_0002","video_relative_to_recording_start",rectangle,0,316,626,996,,,,"A037","Exp2_001","E1_SPATIAL_PROGRESSIVE",loading,,,,,1,TRUE,0.000,50.000,221.175980,221.225983,1920,1046,"ObjectSlot1",1,1,"video_relative_to_screen_recording_start",75.060127,146115.844,146165.859,1,75.060127,"1781613114174","../../../../../../Project/UE5/Gallery/Saved/ScreenRecordings/A037_v2_20260616_203154_screen.mkv",146115.844,146165.859,146140.844,"1781613260289","1781613260339","2026-06-16T20:34:20.288+08:00","2026-06-16T20:34:20.338+08:00",221.175980,EXP2,"exp2_target",1,1,"1:1|2:2|3:3|4:4"
"exp2_table_objects","实验二桌面四模型总体区域","Exp2_001_exp2_table_objects_0003","video_relative_to_recording_start",rectangle,0,316,1919,996,,,,"A037","Exp2_001","E1_SPATIAL_PROGRESSIVE",loading,,,,,1,TRUE,50.000,100.000,221.225983,221.275986,1920,1046,"ObjectSlot1-4",1,1,"video_relative_to_screen_recording_start",75.060127,146165.859,146215.844,1,75.060127,"1781613114174","../../../../../../Project/UE5/Gallery/Saved/ScreenRecordings/A037_v2_20260616_203154_screen.mkv",146165.859,146215.844,146190.844,"1781613260339","1781613260389","2026-06-16T20:34:20.338+08:00","2026-06-16T20:34:20.388+08:00",221.175980,EXP2,"exp2_table",1,1,"1:1|2:2|3:3|4:4"
"exp2_target_object","实验二当前目标模型_左脸","Exp2_001_exp2_target_object_0004","video_relative_to_recording_start",rectangle,0,316,626,996,,,,"A037","Exp2_001","E1_SPATIAL_PROGRESSIVE",loading,,,,,1,TRUE,50.000,100.000,221.225983,221.275986,1920,1046,"ObjectSlot1",1,1,"video_relative_to_screen_recording_start",75.060127,146165.859,146215.844,1,75.060127,"1781613114174","../../../../../../Project/UE5/Gallery/Saved/ScreenRecordings/A037_v2_20260616_203154_screen.mkv",146165.859,146215.844,146190.844,"1781613260339","1781613260389","2026-06-16T20:34:20.338+08:00","2026-06-16T20:34:20.388+08:00",221.175980,EXP2,"exp2_target",1,1,"1:1|2:2|3:3|4:4"
"exp2_table_objects","实验二桌面四模型总体区域","Exp2_001_exp2_table_objects_0005","video_relative_to_recording_start",rectangle,0,316,1919,996,,,,"A037","Exp2_001","E1_SPATIAL_PROGRESSIVE",loading,,,,,1,TRUE,100.000,150.000,221.275986,221.325974,1920,1046,"ObjectSlot1-4",1,1,"video_relative_to_screen_recording_start",75.060127,146215.844,146265.844,1,75.060127,"1781613114174","../../../../../../Project/UE5/Gallery/Saved/ScreenRecordings/A037_v2_20260616_203154_screen.mkv",146215.844,146265.844,146240.844,"1781613260389","1781613260439","2026-06-16T20:34:20.388+08:00","2026-06-16T20:34:20.438+08:00",221.175980,EXP2,"exp2_table",1,1,"1:1|2:2|3:3|4:4"
"exp2_target_object","实验二当前目标模型_左脸","Exp2_001_exp2_target_object_0006","video_relative_to_recording_start",rectangle,0,316,626,996,,,,"A037","Exp2_001","E1_SPATIAL_PROGRESSIVE",loading,,,,,1,TRUE,100.000,150.000,221.275986,221.325974,1920,1046,"ObjectSlot1",1,1,"video_relative_to_screen_recording_start",75.060127,146215.844,146265.844,1,75.060127,"1781613114174","../../../../../../Project/UE5/Gallery/Saved/ScreenRecordings/A037_v2_20260616_203154_screen.mkv",146215.844,146265.844,146240.844,"1781613260389","1781613260439","2026-06-16T20:34:20.388+08:00","2026-06-16T20:34:20.438+08:00",221.175980,EXP2,"exp2_target",1,1,"1:1|2:2|3:3|4:4"
"exp2_table_objects","实验二桌面四模型总体区域","Exp2_001_exp2_table_objects_0007","video_relative_to_recording_start",rectangle,0,316,1919,996,,,,"A037","Exp2_001","E1_SPATIAL_PROGRESSIVE",loading,,,,,1,TRUE,150.000,200.000,221.325974,221.375977,1920,1046,"ObjectSlot1-4",1,1,"video_relative_to_screen_recording_start",75.060127,146265.844,146315.859,1,75.060127,"1781613114174","../../../../../../Project/UE5/Gallery/Saved/ScreenRecordings/A037_v2_20260616_203154_screen.mkv",146265.844,146315.859,146290.844,"1781613260439","1781613260489","2026-06-16T20:34:20.438+08:00","2026-06-16T20:34:20.488+08:00",221.175980,EXP2,"exp2_table",1,1,"1:1|2:2|3:3|4:4"
"exp2_target_object","实验二当前目标模型_左脸","Exp2_001_exp2_target_object_0008","video_relative_to_recording_start",rectangle,0,316,626,996,,,,"A037","Exp2_001","E1_SPATIAL_PROGRESSIVE",loading,,,,,1,TRUE,150.000,200.000,221.325974,221.375977,1920,1046,"ObjectSlot1",1,1,"video_relative_to_screen_recording_start",75.060127,146265.844,146315.859,1,75.060127,"1781613114174","../../../../../../Project/UE5/Gallery/Saved/ScreenRecordings/A037_v2_20260616_203154_screen.mkv",146265.844,146315.859,146290.844,"1781613260439","1781613260489","2026-06-16T20:34:20.438+08:00","2026-06-16T20:34:20.488+08:00",221.175980,EXP2,"exp2_target",1,1,"1:1|2:2|3:3|4:4"
"exp2_table_objects","实验二桌面四模型总体区域","Exp2_001_exp2_table_objects_0009","video_relative_to_recording_start",rectangle,0,316,1919,996,,,,"A037","Exp2_001","E1_SPATIAL_PROGRESSIVE",loading,,,,,1,TRUE,200.000,250.000,221.375977,221.425980,1920,1046,"ObjectSlot1-4",1,1,"video_relative_to_screen_recording_start",75.060127,146315.859,146365.844,1,75.060127,"1781613114174","../../../../../../Project/UE5/Gallery/Saved/ScreenRecordings/A037_v2_20260616_203154_screen.mkv",146315.859,146365.844,146340.844,"1781613260489","1781613260539","2026-06-16T20:34:20.488+08:00","2026-06-16T20:34:20.538+08:00",221.175980,EXP2,"exp2_table",1,1,"1:1|2:2|3:3|4:4"
"exp2_target_object","实验二当前目标模型_左脸","Exp2_001_exp2_target_object_0010","video_relative_to_recording_start",rectangle,0,316,626,996,,,,"A037","Exp2_001","E1_SPATIAL_PROGRESSIVE",loading,,,,,1,TRUE,200.000,250.000,221.375977,221.425980,1920,1046,"ObjectSlot1",1,1,"video_relative_to_screen_recording_start",75.060127,146315.859,146365.844,1,75.060127,"1781613114174","../../../../../../Project/UE5/Gallery/Saved/ScreenRecordings/A037_v2_20260616_203154_screen.mkv",146315.859,146365.844,146340.844,"1781613260489","1781613260539","2026-06-16T20:34:20.488+08:00","2026-06-16T20:34:20.538+08:00",221.175980,EXP2,"exp2_target",1,1,"1:1|2:2|3:3|4:4"
"exp2_table_objects","实验二桌面四模型总体区域","Exp2_001_exp2_table_objects_0011","video_relative_to_recording_start",rectangle,0,316,1919,996,,,,"A037","Exp2_001","E1_SPATIAL_PROGRESSIVE",loading,,,,,1,TRUE,250.000,300.000,221.425980,221.475983,1920,1046,"ObjectSlot1-4",1,1,"video_relative_to_screen_recording_start",75.060127,146365.844,146415.859,1,75.060127,"1781613114174","../../../../../../Project/UE5/Gallery/Saved/ScreenRecordings/A037_v2_20260616_203154_screen.mkv",146365.844,146415.859,146390.844,"1781613260539","1781613260589","2026-06-16T20:34:20.538+08:00","2026-06-16T20:34:20.588+08:00",221.175980,EXP2,"exp2_table",1,1,"1:1|2:2|3:3|4:4"
"exp2_target_object","实验二当前目标模型_左脸","Exp2_001_exp2_target_object_0012","video_relative_to_recording_start",rectangle,0,316,626,996,,,,"A037","Exp2_001","E1_SPATIAL_PROGRESSIVE",loading,,,,,1,TRUE,250.000,300.000,221.425980,221.475983,1920,1046,"ObjectSlot1",1,1,"video_relative_to_screen_recording_start",75.060127,146365.844,146415.859,1,75.060127,"1781613114174","../../../../../../Project/UE5/Gallery/Saved/ScreenRecordings/A037_v2_20260616_203154_screen.mkv",146365.844,146415.859,146390.844,"1781613260539","1781613260589","2026-06-16T20:34:20.538+08:00","2026-06-16T20:34:20.588+08:00",221.175980,EXP2,"exp2_target",1,1,"1:1|2:2|3:3|4:4"
"exp2_table_objects","实验二桌面四模型总体区域","Exp2_001_exp2_table_objects_0013","video_relative_to_recording_start",rectangle,0,316,1919,996,,,,"A037","Exp2_001","E1_SPATIAL_PROGRESSIVE",loading,,,,,1,TRUE,300.000,350.000,221.475983,221.525986,1920,1046,"ObjectSlot1-4",1,1,"video_relative_to_screen_recording_start",75.060127,146415.859,146465.844,1,75.060127,"1781613114174","../../../../../../Project/UE5/Gallery/Saved/ScreenRecordings/A037_v2_20260616_203154_screen.mkv",146415.859,146465.844,146440.844,"1781613260589","1781613260639","2026-06-16T20:34:20.588+08:00","2026-06-16T20:34:20.638+08:00",221.175980,EXP2,"exp2_table",1,1,"1:1|2:2|3:3|4:4"
"exp2_target_object","实验二当前目标模型_左脸","Exp2_001_exp2_target_object_0014","video_relative_to_recording_start",rectangle,0,316,626,996,,,,"A037","Exp2_001","E1_SPATIAL_PROGRESSIVE",loading,,,,,1,TRUE,300.000,350.000,221.475983,221.525986,1920,1046,"ObjectSlot1",1,1,"video_relative_to_screen_recording_start",75.060127,146415.859,146465.844,1,75.060127,"1781613114174","../../../../../../Project/UE5/Gallery/Saved/ScreenRecordings/A037_v2_20260616_203154_screen.mkv",146415.859,146465.844,146440.844,"1781613260589","1781613260639","2026-06-16T20:34:20.588+08:00","2026-06-16T20:34:20.638+08:00",221.175980,EXP2,"exp2_target",1,1,"1:1|2:2|3:3|4:4"
"exp2_table_objects","实验二桌面四模型总体区域","Exp2_001_exp2_table_objects_0015","video_relative_to_recording_start",rectangle,0,316,1919,996,,,,"A037","Exp2_001","E1_SPATIAL_PROGRESSIVE",loading,,,,,1,TRUE,350.000,400.000,221.525986,221.575974,1920,1046,"ObjectSlot1-4",1,1,"video_relative_to_screen_recording_start",75.060127,146465.844,146515.844,1,75.060127,"1781613114174","../../../../../../Project/UE5/Gallery/Saved/ScreenRecordings/A037_v2_20260616_203154_screen.mkv",146465.844,146515.844,146490.844,"1781613260639","1781613260689","2026-06-16T20:34:20.638+08:00","2026-06-16T20:34:20.688+08:00",221.175980,EXP2,"exp2_table",1,1,"1:1|2:2|3:3|4:4"
"exp2_target_object","实验二当前目标模型_左脸","Exp2_001_exp2_target_object_0016","video_relative_to_recording_start",rectangle,0,316,626,996,,,,"A037","Exp2_001","E1_SPATIAL_PROGRESSIVE",loading,,,,,1,TRUE,350.000,400.000,221.525986,221.575974,1920,1046,"ObjectSlot1",1,1,"video_relative_to_screen_recording_start",75.060127,146465.844,146515.844,1,75.060127,"1781613114174","../../../../../../Project/UE5/Gallery/Saved/ScreenRecordings/A037_v2_20260616_203154_screen.mkv",146465.844,146515.844,146490.844,"1781613260639","1781613260689","2026-06-16T20:34:20.638+08:00","2026-06-16T20:34:20.688+08:00",221.175980,EXP2,"exp2_target",1,1,"1:1|2:2|3:3|4:4"
"exp2_table_objects","实验二桌面四模型总体区域","Exp2_001_exp2_table_objects_0017","video_relative_to_recording_start",rectangle,0,316,1919,996,,,,"A037","Exp2_001","E1_SPATIAL_PROGRESSIVE",loading,,,,,1,TRUE,400.000,450.000,221.575974,221.625977,1920,1046,"ObjectSlot1-4",1,1,"video_relative_to_screen_recording_start",75.060127,146515.844,146565.859,1,75.060127,"1781613114174","../../../../../../Project/UE5/Gallery/Saved/ScreenRecordings/A037_v2_20260616_203154_screen.mkv",146515.844,146565.859,146540.844,"1781613260689","1781613260739","2026-06-16T20:34:20.688+08:00","2026-06-16T20:34:20.738+08:00",221.175980,EXP2,"exp2_table",1,1,"1:1|2:2|3:3|4:4"
"exp2_target_object","实验二当前目标模型_左脸","Exp2_001_exp2_target_object_0018","video_relative_to_recording_start",rectangle,0,316,626,996,,,,"A037","Exp2_001","E1_SPATIAL_PROGRESSIVE",loading,,,,,1,TRUE,400.000,450.000,221.575974,221.625977,1920,1046,"ObjectSlot1",1,1,"video_relative_to_screen_recording_start",75.060127,146515.844,146565.859,1,75.060127,"1781613114174","../../../../../../Project/UE5/Gallery/Saved/ScreenRecordings/A037_v2_20260616_203154_screen.mkv",146515.844,146565.859,146540.844,"1781613260689","1781613260739","2026-06-16T20:34:20.688+08:00","2026-06-16T20:34:20.738+08:00",221.175980,EXP2,"exp2_target",1,1,"1:1|2:2|3:3|4:4"
"exp2_table_objects","实验二桌面四模型总体区域","Exp2_001_exp2_table_objects_0019","video_relative_to_recording_start",rectangle,0,316,1919,996,,,,"A037","Exp2_001","E1_SPATIAL_PROGRESSIVE",loading,,,,,1,TRUE,450.000,500.000,221.625977,221.675980,1920,1046,"ObjectSlot1-4",1,1,"video_relative_to_screen_recording_start",75.060127,146565.859,146615.844,1,75.060127,"1781613114174","../../../../../../Project/UE5/Gallery/Saved/ScreenRecordings/A037_v2_20260616_203154_screen.mkv",146565.859,146615.844,146590.844,"1781613260739","1781613260789","2026-06-16T20:34:20.738+08:00","2026-06-16T20:34:20.788+08:00",221.175980,EXP2,"exp2_table",1,1,"1:1|2:2|3:3|4:4"
"exp2_target_object","实验二当前目标模型_左脸","Exp2_001_exp2_target_object_0020","video_relative_to_recording_start",rectangle,0,316,626,996,,,,"A037","Exp2_001","E1_SPATIAL_PROGRESSIVE",loading,,,,,1,TRUE,450.000,500.000,221.625977,221.675980,1920,1046,"ObjectSlot1",1,1,"video_relative_to_screen_recording_start",75.060127,146565.859,146615.844,1,75.060127,"1781613114174","../../../../../../Project/UE5/Gallery/Saved/ScreenRecordings/A037_v2_20260616_203154_screen.mkv",146565.859,146615.844,146590.844,"1781613260739","1781613260789","2026-06-16T20:34:20.738+08:00","2026-06-16T20:34:20.788+08:00",221.175980,EXP2,"exp2_target",1,1,"1:1|2:2|3:3|4:4"
"exp2_table_objects","实验二桌面四模型总体区域","Exp2_001_exp2_table_objects_0021","video_relative_to_recording_start",rectangle,0,316,1919,996,,,,"A037","Exp2_001","E1_SPATIAL_PROGRESSIVE",loading,,,,,1,TRUE,500.000,550.000,221.675980,221.725983,1920,1046,"ObjectSlot1-4",1,1,"video_relative_to_screen_recording_start",75.060127,146615.844,146665.859,1,75.060127,"1781613114174","../../../../../../Project/UE5/Gallery/Saved/ScreenRecordings/A037_v2_20260616_203154_screen.mkv",146615.844,146665.859,146640.844,"1781613260789","1781613260839","2026-06-16T20:34:20.788+08:00","2026-06-16T20:34:20.838+08:00",221.175980,EXP2,"exp2_table",1,1,"1:1|2:2|3:3|4:4"
"exp2_target_object","实验二当前目标模型_左脸","Exp2_001_exp2_target_object_0022","video_relative_to_recording_start",rectangle,0,316,626,996,,,,"A037","Exp2_001","E1_SPATIAL_PROGRESSIVE",loading,,,,,1,TRUE,500.000,550.000,221.675980,221.725983,1920,1046,"ObjectSlot1",1,1,"video_relative_to_screen_recording_start",75.060127,146615.844,146665.859,1,75.060127,"1781613114174","../../../../../../Project/UE5/Gallery/Saved/ScreenRecordings/A037_v2_20260616_203154_screen.mkv",146615.844,146665.859,146640.844,"1781613260789","1781613260839","2026-06-16T20:34:20.788+08:00","2026-06-16T20:34:20.838+08:00",221.175980,EXP2,"exp2_target",1,1,"1:1|2:2|3:3|4:4"
"exp2_table_objects","实验二桌面四模型总体区域","Exp2_001_exp2_table_objects_0023","video_relative_to_recording_start",rectangle,0,316,1919,996,,,,"A037","Exp2_001","E1_SPATIAL_PROGRESSIVE",loading,,,,,1,TRUE,550.000,600.000,221.725983,221.775986,1920,1046,"ObjectSlot1-4",1,1,"video_relative_to_screen_recording_start",75.060127,146665.859,146715.844,1,75.060127,"1781613114174","../../../../../../Project/UE5/Gallery/Saved/ScreenRecordings/A037_v2_20260616_203154_screen.mkv",146665.859,146715.844,146690.844,"1781613260839","1781613260889","2026-06-16T20:34:20.838+08:00","2026-06-16T20:34:20.888+08:00",221.175980,EXP2,"exp2_table",1,1,"1:1|2:2|3:3|4:4"
"exp2_target_object","实验二当前目标模型_左脸","Exp2_001_exp2_target_object_0024","video_relative_to_recording_start",rectangle,0,316,626,996,,,,"A037","Exp2_001","E1_SPATIAL_PROGRESSIVE",loading,,,,,1,TRUE,550.000,600.000,221.725983,221.775986,1920,1046,"ObjectSlot1",1,1,"video_relative_to_screen_recording_start",75.060127,146665.859,146715.844,1,75.060127,"1781613114174","../../../../../../Project/UE5/Gallery/Saved/ScreenRecordings/A037_v2_20260616_203154_screen.mkv",146665.859,146715.844,146690.844,"1781613260839","1781613260889","2026-06-16T20:34:20.838+08:00","2026-06-16T20:34:20.888+08:00",221.175980,EXP2,"exp2_target",1,1,"1:1|2:2|3:3|4:4"
"exp2_table_objects","实验二桌面四模型总体区域","Exp2_001_exp2_table_objects_0025","video_relative_to_recording_start",rectangle,0,316,1919,996,,,,"A037","Exp2_001","E1_SPATIAL_PROGRESSIVE",loading,,,,,1,TRUE,600.000,650.000,221.775986,221.825974,1920,1046,"ObjectSlot1-4",1,1,"video_relative_to_screen_recording_start",75.060127,146715.844,146765.844,1,75.060127,"1781613114174","../../../../../../Project/UE5/Gallery/Saved/ScreenRecordings/A037_v2_20260616_203154_screen.mkv",146715.844,146765.844,146740.844,"1781613260889","1781613260939","2026-06-16T20:34:20.888+08:00","2026-06-16T20:34:20.938+08:00",221.175980,EXP2,"exp2_table",1,1,"1:1|2:2|3:3|4:4"
"exp2_target_object","实验二当前目标模型_左脸","Exp2_001_exp2_target_object_0026","video_relative_to_recording_start",rectangle,0,316,626,996,,,,"A037","Exp2_001","E1_SPATIAL_PROGRESSIVE",loading,,,,,1,TRUE,600.000,650.000,221.775986,221.825974,1920,1046,"ObjectSlot1",1,1,"video_relative_to_screen_recording_start",75.060127,146715.844,146765.844,1,75.060127,"1781613114174","../../../../../../Project/UE5/Gallery/Saved/ScreenRecordings/A037_v2_20260616_203154_screen.mkv",146715.844,146765.844,146740.844,"1781613260889","1781613260939","2026-06-16T20:34:20.888+08:00","2026-06-16T20:34:20.938+08:00",221.175980,EXP2,"exp2_target",1,1,"1:1|2:2|3:3|4:4"
"exp2_table_objects","实验二桌面四模型总体区域","Exp2_001_exp2_table_objects_0027","video_relative_to_recording_start",rectangle,0,316,1919,996,,,,"A037","Exp2_001","E1_SPATIAL_PROGRESSIVE",loading,,,,,1,TRUE,650.000,700.000,221.825974,221.875977,1920,1046,"ObjectSlot1-4",1,1,"video_relative_to_screen_recording_start",75.060127,146765.844,146815.859,1,75.060127,"1781613114174","../../../../../../Project/UE5/Gallery/Saved/ScreenRecordings/A037_v2_20260616_203154_screen.mkv",146765.844,146815.859,146790.844,"1781613260939","1781613260989","2026-06-16T20:34:20.938+08:00","2026-06-16T20:34:20.988+08:00",221.175980,EXP2,"exp2_table",1,1,"1:1|2:2|3:3|4:4"
"exp2_target_object","实验二当前目标模型_左脸","Exp2_001_exp2_target_object_0028","video_relative_to_recording_start",rectangle,0,316,626,996,,,,"A037","Exp2_001","E1_SPATIAL_PROGRESSIVE",loading,,,,,1,TRUE,650.000,700.000,221.825974,221.875977,1920,1046,"ObjectSlot1",1,1,"video_relative_to_screen_recording_start",75.060127,146765.844,146815.859,1,75.060127,"1781613114174","../../../../../../Project/UE5/Gallery/Saved/ScreenRecordings/A037_v2_20260616_203154_screen.mkv",146765.844,146815.859,146790.844,"1781613260939","1781613260989","2026-06-16T20:34:20.938+08:00","2026-06-16T20:34:20.988+08:00",221.175980,EXP2,"exp2_target",1,1,"1:1|2:2|3:3|4:4"
"exp2_table_objects","实验二桌面四模型总体区域","Exp2_001_exp2_table_objects_0029","video_relative_to_recording_start",rectangle,0,316,1919,996,,,,"A037","Exp2_001","E1_SPATIAL_PROGRESSIVE",loading,,,,,1,TRUE,700.000,750.000,221.875977,221.925980,1920,1046,"ObjectSlot1-4",1,1,"video_relative_to_screen_recording_start",75.060127,146815.859,146865.844,1,75.060127,"1781613114174","../../../../../../Project/UE5/Gallery/Saved/ScreenRecordings/A037_v2_20260616_203154_screen.mkv",146815.859,146865.844,146840.844,"1781613260989","1781613261039","2026-06-16T20:34:20.988+08:00","2026-06-16T20:34:21.038+08:00",221.175980,EXP2,"exp2_table",1,1,"1:1|2:2|3:3|4:4"
"exp2_target_object","实验二当前目标模型_左脸","Exp2_001_exp2_target_object_0030","video_relative_to_recording_start",rectangle,0,316,626,996,,,,"A037","Exp2_001","E1_SPATIAL_PROGRESSIVE",loading,,,,,1,TRUE,700.000,750.000,221.875977,221.925980,1920,1046,"ObjectSlot1",1,1,"video_relative_to_screen_recording_start",75.060127,146815.859,146865.844,1,75.060127,"1781613114174","../../../../../../Project/UE5/Gallery/Saved/ScreenRecordings/A037_v2_20260616_203154_screen.mkv",146815.859,146865.844,146840.844,"1781613260989","1781613261039","2026-06-16T20:34:20.988+08:00","2026-06-16T20:34:21.038+08:00",221.175980,EXP2,"exp2_target",1,1,"1:1|2:2|3:3|4:4"
"exp2_table_objects","实验二桌面四模型总体区域","Exp2_001_exp2_table_objects_0031","video_relative_to_recording_start",rectangle,0,316,1919,996,,,,"A037","Exp2_001","E1_SPATIAL_PROGRESSIVE",loading,,,,,1,TRUE,750.000,800.000,221.925980,221.975983,1920,1046,"ObjectSlot1-4",1,1,"video_relative_to_screen_recording_start",75.060127,146865.844,146915.859,1,75.060127,"1781613114174","../../../../../../Project/UE5/Gallery/Saved/ScreenRecordings/A037_v2_20260616_203154_screen.mkv",146865.844,146915.859,146890.844,"1781613261039","1781613261089","2026-06-16T20:34:21.038+08:00","2026-06-16T20:34:21.088+08:00",221.175980,EXP2,"exp2_table",1,1,"1:1|2:2|3:3|4:4"
"exp2_target_object","实验二当前目标模型_左脸","Exp2_001_exp2_target_object_0032","video_relative_to_recording_start",rectangle,0,316,626,996,,,,"A037","Exp2_001","E1_SPATIAL_PROGRESSIVE",loading,,,,,1,TRUE,750.000,800.000,221.925980,221.975983,1920,1046,"ObjectSlot1",1,1,"video_relative_to_screen_recording_start",75.060127,146865.844,146915.859,1,75.060127,"1781613114174","../../../../../../Project/UE5/Gallery/Saved/ScreenRecordings/A037_v2_20260616_203154_screen.mkv",146865.844,146915.859,146890.844,"1781613261039","1781613261089","2026-06-16T20:34:21.038+08:00","2026-06-16T20:34:21.088+08:00",221.175980,EXP2,"exp2_target",1,1,"1:1|2:2|3:3|4:4"
"exp2_table_objects","实验二桌面四模型总体区域","Exp2_001_exp2_table_objects_0033","video_relative_to_recording_start",rectangle,0,316,1919,996,,,,"A037","Exp2_001","E1_SPATIAL_PROGRESSIVE",loading,,,,,1,TRUE,800.000,850.000,221.975983,222.025986,1920,1046,"ObjectSlot1-4",1,1,"video_relative_to_screen_recording_start",75.060127,146915.859,146965.844,1,75.060127,"1781613114174","../../../../../../Project/UE5/Gallery/Saved/ScreenRecordings/A037_v2_20260616_203154_screen.mkv",146915.859,146965.844,146940.844,"1781613261089","1781613261139","2026-06-16T20:34:21.088+08:00","2026-06-16T20:34:21.138+08:00",221.175980,EXP2,"exp2_table",1,1,"1:1|2:2|3:3|4:4"
"exp2_target_object","实验二当前目标模型_左脸","Exp2_001_exp2_target_object_0034","video_relative_to_recording_start",rectangle,0,316,626,996,,,,"A037","Exp2_001","E1_SPATIAL_PROGRESSIVE",loading,,,,,1,TRUE,800.000,850.000,221.975983,222.025986,1920,1046,"ObjectSlot1",1,1,"video_relative_to_screen_recording_start",75.060127,146915.859,146965.844,1,75.060127,"1781613114174","../../../../../../Project/UE5/Gallery/Saved/ScreenRecordings/A037_v2_20260616_203154_screen.mkv",146915.859,146965.844,146940.844,"1781613261089","1781613261139","2026-06-16T20:34:21.088+08:00","2026-06-16T20:34:21.138+08:00",221.175980,EXP2,"exp2_target",1,1,"1:1|2:2|3:3|4:4"
"exp2_table_objects","实验二桌面四模型总体区域","Exp2_001_exp2_table_objects_0035","video_relative_to_recording_start",rectangle,0,316,1919,996,,,,"A037","Exp2_001","E1_SPATIAL_PROGRESSIVE",loading,,,,,1,TRUE,850.000,900.000,222.025986,222.075974,1920,1046,"ObjectSlot1-4",1,1,"video_relative_to_screen_recording_start",75.060127,146965.844,147015.844,1,75.060127,"1781613114174","../../../../../../Project/UE5/Gallery/Saved/ScreenRecordings/A037_v2_20260616_203154_screen.mkv",146965.844,147015.844,146990.844,"1781613261139","1781613261189","2026-06-16T20:34:21.138+08:00","2026-06-16T20:34:21.188+08:00",221.175980,EXP2,"exp2_table",1,1,"1:1|2:2|3:3|4:4"
"exp2_target_object","实验二当前目标模型_左脸","Exp2_001_exp2_target_object_0036","video_relative_to_recording_start",rectangle,0,316,626,996,,,,"A037","Exp2_001","E1_SPATIAL_PROGRESSIVE",loading,,,,,1,TRUE,850.000,900.000,222.025986,222.075974,1920,1046,"ObjectSlot1",1,1,"video_relative_to_screen_recording_start",75.060127,146965.844,147015.844,1,75.060127,"1781613114174","../../../../../../Project/UE5/Gallery/Saved/ScreenRecordings/A037_v2_20260616_203154_screen.mkv",146965.844,147015.844,146990.844,"1781613261139","1781613261189","2026-06-16T20:34:21.138+08:00","2026-06-16T20:34:21.188+08:00",221.175980,EXP2,"exp2_target",1,1,"1:1|2:2|3:3|4:4"
"exp2_table_objects","实验二桌面四模型总体区域","Exp2_001_exp2_table_objects_0037","video_relative_to_recording_start",rectangle,0,316,1919,996,,,,"A037","Exp2_001","E1_SPATIAL_PROGRESSIVE",loading,,,,,1,TRUE,900.000,950.000,222.075974,222.125977,1920,1046,"ObjectSlot1-4",1,1,"video_relative_to_screen_recording_start",75.060127,147015.844,147065.859,1,75.060127,"1781613114174","../../../../../../Project/UE5/Gallery/Saved/ScreenRecordings/A037_v2_20260616_203154_screen.mkv",147015.844,147065.859,147040.844,"1781613261189","1781613261239","2026-06-16T20:34:21.188+08:00","2026-06-16T20:34:21.238+08:00",221.175980,EXP2,"exp2_table",1,1,"1:1|2:2|3:3|4:4"
"exp2_target_object","实验二当前目标模型_左脸","Exp2_001_exp2_target_object_0038","video_relative_to_recording_start",rectangle,0,316,626,996,,,,"A037","Exp2_001","E1_SPATIAL_PROGRESSIVE",loading,,,,,1,TRUE,900.000,950.000,222.075974,222.125977,1920,1046,"ObjectSlot1",1,1,"video_relative_to_screen_recording_start",75.060127,147015.844,147065.859,1,75.060127,"1781613114174","../../../../../../Project/UE5/Gallery/Saved/ScreenRecordings/A037_v2_20260616_203154_screen.mkv",147015.844,147065.859,147040.844,"1781613261189","1781613261239","2026-06-16T20:34:21.188+08:00","2026-06-16T20:34:21.238+08:00",221.175980,EXP2,"exp2_target",1,1,"1:1|2:2|3:3|4:4"
"exp2_table_objects","实验二桌面四模型总体区域","Exp2_001_exp2_table_objects_0039","video_relative_to_recording_start",rectangle,0,316,1919,996,,,,"A037","Exp2_001","E1_SPATIAL_PROGRESSIVE",loading,,,,,1,TRUE,950.000,1000.000,222.125977,222.175980,1920,1046,"ObjectSlot1-4",1,1,"video_relative_to_screen_recording_start",75.060127,147065.859,147115.844,1,75.060127,"1781613114174","../../../../../../Project/UE5/Gallery/Saved/ScreenRecordings/A037_v2_20260616_203154_screen.mkv",147065.859,147115.844,147090.844,"1781613261239","1781613261289","2026-06-16T20:34:21.238+08:00","2026-06-16T20:34:21.288+08:00",221.175980,EXP2,"exp2_table",1,1,"1:1|2:2|3:3|4:4"
"exp2_target_object","实验二当前目标模型_左脸","Exp2_001_exp2_target_object_0040","video_relative_to_recording_start",rectangle,0,316,626,996,,,,"A037","Exp2_001","E1_SPATIAL_PROGRESSIVE",loading,,,,,1,TRUE,950.000,1000.000,222.125977,222.175980,1920,1046,"ObjectSlot1",1,1,"video_relative_to_screen_recording_start",75.060127,147065.859,147115.844,1,75.060127,"1781613114174","../../../../../../Project/UE5/Gallery/Saved/ScreenRecordings/A037_v2_20260616_203154_screen.mkv",147065.859,147115.844,147090.844,"1781613261239","1781613261289","2026-06-16T20:34:21.238+08:00","2026-06-16T20:34:21.288+08:00",221.175980,EXP2,"exp2_target",1,1,"1:1|2:2|3:3|4:4"
"exp2_table_objects","实验二桌面四模型总体区域","Exp2_001_exp2_table_objects_0041","video_relative_to_recording_start",rectangle,0,316,1919,996,,,,"A037","Exp2_001","E1_SPATIAL_PROGRESSIVE",loading,,,,,1,TRUE,1000.000,1050.000,222.175980,222.225983,1920,1046,"ObjectSlot1-4",1,1,"video_relative_to_screen_recording_start",75.060127,147115.844,147165.859,1,75.060127,"1781613114174","../../../../../../Project/UE5/Gallery/Saved/ScreenRecordings/A037_v2_20260616_203154_screen.mkv",147115.844,147165.859,147140.844,"1781613261289","1781613261339","2026-06-16T20:34:21.288+08:00","2026-06-16T20:34:21.338+08:00",221.175980,EXP2,"exp2_table",1,1,"1:1|2:2|3:3|4:4"
"exp2_target_object","实验二当前目标模型_左脸","Exp2_001_exp2_target_object_0042","video_relative_to_recording_start",rectangle,0,316,626,996,,,,"A037","Exp2_001","E1_SPATIAL_PROGRESSIVE",loading,,,,,1,TRUE,1000.000,1050.000,222.175980,222.225983,1920,1046,"ObjectSlot1",1,1,"video_relative_to_screen_recording_start",75.060127,147115.844,147165.859,1,75.060127,"1781613114174","../../../../../../Project/UE5/Gallery/Saved/ScreenRecordings/A037_v2_20260616_203154_screen.mkv",147115.844,147165.859,147140.844,"1781613261289","1781613261339","2026-06-16T20:34:21.288+08:00","2026-06-16T20:34:21.338+08:00",221.175980,EXP2,"exp2_target",1,1,"1:1|2:2|3:3|4:4"
"exp2_table_objects","实验二桌面四模型总体区域","Exp2_001_exp2_table_objects_0043","video_relative_to_recording_start",rectangle,0,316,1919,996,,,,"A037","Exp2_001","E1_SPATIAL_PROGRESSIVE",loading,,,,,1,TRUE,1050.000,1100.000,222.225983,222.275986,1920,1046,"ObjectSlot1-4",1,1,"video_relative_to_screen_recording_start",75.060127,147165.859,147215.844,1,75.060127,"1781613114174","../../../../../../Project/UE5/Gallery/Saved/ScreenRecordings/A037_v2_20260616_203154_screen.mkv",147165.859,147215.844,147190.844,"1781613261339","1781613261389","2026-06-16T20:34:21.338+08:00","2026-06-16T20:34:21.388+08:00",221.175980,EXP2,"exp2_table",1,1,"1:1|2:2|3:3|4:4"
"exp2_target_object","实验二当前目标模型_左脸","Exp2_001_exp2_target_object_0044","video_relative_to_recording_start",rectangle,0,316,626,996,,,,"A037","Exp2_001","E1_SPATIAL_PROGRESSIVE",loading,,,,,1,TRUE,1050.000,1100.000,222.225983,222.275986,1920,1046,"ObjectSlot1",1,1,"video_relative_to_screen_recording_start",75.060127,147165.859,147215.844,1,75.060127,"1781613114174","../../../../../../Project/UE5/Gallery/Saved/ScreenRecordings/A037_v2_20260616_203154_screen.mkv",147165.859,147215.844,147190.844,"1781613261339","1781613261389","2026-06-16T20:34:21.338+08:00","2026-06-16T20:34:21.388+08:00",221.175980,EXP2,"exp2_target",1,1,"1:1|2:2|3:3|4:4"
"exp2_table_objects","实验二桌面四模型总体区域","Exp2_001_exp2_table_objects_0045","video_relative_to_recording_start",rectangle,0,316,1919,996,,,,"A037","Exp2_001","E1_SPATIAL_PROGRESSIVE",loading,,,,,1,TRUE,1100.000,1150.000,222.275986,222.325974,1920,1046,"ObjectSlot1-4",1,1,"video_relative_to_screen_recording_start",75.060127,147215.844,147265.844,1,75.060127,"1781613114174","../../../../../../Project/UE5/Gallery/Saved/ScreenRecordings/A037_v2_20260616_203154_screen.mkv",147215.844,147265.844,147240.844,"1781613261389","1781613261439","2026-06-16T20:34:21.388+08:00","2026-06-16T20:34:21.438+08:00",221.175980,EXP2,"exp2_table",1,1,"1:1|2:2|3:3|4:4"
"exp2_target_object","实验二当前目标模型_左脸","Exp2_001_exp2_target_object_0046","video_relative_to_recording_start",rectangle,0,316,626,996,,,,"A037","Exp2_001","E1_SPATIAL_PROGRESSIVE",loading,,,,,1,TRUE,1100.000,1150.000,222.275986,222.325974,1920,1046,"ObjectSlot1",1,1,"video_relative_to_screen_recording_start",75.060127,147215.844,147265.844,1,75.060127,"1781613114174","../../../../../../Project/UE5/Gallery/Saved/ScreenRecordings/A037_v2_20260616_203154_screen.mkv",147215.844,147265.844,147240.844,"1781613261389","1781613261439","2026-06-16T20:34:21.388+08:00","2026-06-16T20:34:21.438+08:00",221.175980,EXP2,"exp2_target",1,1,"1:1|2:2|3:3|4:4"
"exp2_table_objects","实验二桌面四模型总体区域","Exp2_001_exp2_table_objects_0047","video_relative_to_recording_start",rectangle,0,316,1919,996,,,,"A037","Exp2_001","E1_SPATIAL_PROGRESSIVE",loading,,,,,1,TRUE,1150.000,1200.000,222.325974,222.375977,1920,1046,"ObjectSlot1-4",1,1,"video_relative_to_screen_recording_start",75.060127,147265.844,147315.859,1,75.060127,"1781613114174","../../../../../../Project/UE5/Gallery/Saved/ScreenRecordings/A037_v2_20260616_203154_screen.mkv",147265.844,147315.859,147290.844,"1781613261439","1781613261489","2026-06-16T20:34:21.438+08:00","2026-06-16T20:34:21.488+08:00",221.175980,EXP2,"exp2_table",1,1,"1:1|2:2|3:3|4:4"
"exp2_target_object","实验二当前目标模型_左脸","Exp2_001_exp2_target_object_0048","video_relative_to_recording_start",rectangle,0,316,626,996,,,,"A037","Exp2_001","E1_SPATIAL_PROGRESSIVE",loading,,,,,1,TRUE,1150.000,1200.000,222.325974,222.375977,1920,1046,"ObjectSlot1",1,1,"video_relative_to_screen_recording_start",75.060127,147265.844,147315.859,1,75.060127,"1781613114174","../../../../../../Project/UE5/Gallery/Saved/ScreenRecordings/A037_v2_20260616_203154_screen.mkv",147265.844,147315.859,147290.844,"1781613261439","1781613261489","2026-06-16T20:34:21.438+08:00","2026-06-16T20:34:21.488+08:00",221.175980,EXP2,"exp2_target",1,1,"1:1|2:2|3:3|4:4"
"exp2_table_objects","实验二桌面四模型总体区域","Exp2_001_exp2_table_objects_0049","video_relative_to_recording_start",rectangle,0,316,1919,996,,,,"A037","Exp2_001","E1_SPATIAL_PROGRESSIVE",loading,,,,,1,TRUE,1200.000,1250.000,222.375977,222.425980,1920,1046,"ObjectSlot1-4",1,1,"video_relative_to_screen_recording_start",75.060127,147315.859,147365.844,1,75.060127,"1781613114174","../../../../../../Project/UE5/Gallery/Saved/ScreenRecordings/A037_v2_20260616_203154_screen.mkv",147315.859,147365.844,147340.844,"1781613261489","1781613261539","2026-06-16T20:34:21.488+08:00","2026-06-16T20:34:21.538+08:00",221.175980,EXP2,"exp2_table",1,1,"1:1|2:2|3:3|4:4"
"exp2_target_object","实验二当前目标模型_左脸","Exp2_001_exp2_target_object_0050","video_relative_to_recording_start",rectangle,0,316,626,996,,,,"A037","Exp2_001","E1_SPATIAL_PROGRESSIVE",loading,,,,,1,TRUE,1200.000,1250.000,222.375977,222.425980,1920,1046,"ObjectSlot1",1,1,"video_relative_to_screen_recording_start",75.060127,147315.859,147365.844,1,75.060127,"1781613114174","../../../../../../Project/UE5/Gallery/Saved/ScreenRecordings/A037_v2_20260616_203154_screen.mkv",147315.859,147365.844,147340.844,"1781613261489","1781613261539","2026-06-16T20:34:21.488+08:00","2026-06-16T20:34:21.538+08:00",221.175980,EXP2,"exp2_target",1,1,"1:1|2:2|3:3|4:4"
"exp2_table_objects","实验二桌面四模型总体区域","Exp2_001_exp2_table_objects_0051","video_relative_to_recording_start",rectangle,0,316,1919,996,,,,"A037","Exp2_001","E1_SPATIAL_PROGRESSIVE",loading,,,,,1,TRUE,1250.000,1300.000,222.425980,222.475983,1920,1046,"ObjectSlot1-4",1,1,"video_relative_to_screen_recording_start",75.060127,147365.844,147415.859,1,75.060127,"1781613114174","../../../../../../Project/UE5/Gallery/Saved/ScreenRecordings/A037_v2_20260616_203154_screen.mkv",147365.844,147415.859,147390.844,"1781613261539","1781613261589","2026-06-16T20:34:21.538+08:00","2026-06-16T20:34:21.588+08:00",221.175980,EXP2,"exp2_table",1,1,"1:1|2:2|3:3|4:4"
"exp2_target_object","实验二当前目标模型_左脸","Exp2_001_exp2_target_object_0052","video_relative_to_recording_start",rectangle,0,316,626,996,,,,"A037","Exp2_001","E1_SPATIAL_PROGRESSIVE",loading,,,,,1,TRUE,1250.000,1300.000,222.425980,222.475983,1920,1046,"ObjectSlot1",1,1,"video_relative_to_screen_recording_start",75.060127,147365.844,147415.859,1,75.060127,"1781613114174","../../../../../../Project/UE5/Gallery/Saved/ScreenRecordings/A037_v2_20260616_203154_screen.mkv",147365.844,147415.859,147390.844,"1781613261539","1781613261589","2026-06-16T20:34:21.538+08:00","2026-06-16T20:34:21.588+08:00",221.175980,EXP2,"exp2_target",1,1,"1:1|2:2|3:3|4:4"
"exp2_table_objects","实验二桌面四模型总体区域","Exp2_001_exp2_table_objects_0053","video_relative_to_recording_start",rectangle,0,316,1919,996,,,,"A037","Exp2_001","E1_SPATIAL_PROGRESSIVE",loading,,,,,1,TRUE,1300.000,1350.000,222.475983,222.525986,1920,1046,"ObjectSlot1-4",1,1,"video_relative_to_screen_recording_start",75.060127,147415.859,147465.844,1,75.060127,"1781613114174","../../../../../../Project/UE5/Gallery/Saved/ScreenRecordings/A037_v2_20260616_203154_screen.mkv",147415.859,147465.844,147440.844,"1781613261589","1781613261639","2026-06-16T20:34:21.588+08:00","2026-06-16T20:34:21.638+08:00",221.175980,EXP2,"exp2_table",1,1,"1:1|2:2|3:3|4:4"
"exp2_target_object","实验二当前目标模型_左脸","Exp2_001_exp2_target_object_0054","video_relative_to_recording_start",rectangle,0,316,626,996,,,,"A037","Exp2_001","E1_SPATIAL_PROGRESSIVE",loading,,,,,1,TRUE,1300.000,1350.000,222.475983,222.525986,1920,1046,"ObjectSlot1",1,1,"video_relative_to_screen_recording_start",75.060127,147415.859,147465.844,1,75.060127,"1781613114174","../../../../../../Project/UE5/Gallery/Saved/ScreenRecordings/A037_v2_20260616_203154_screen.mkv",147415.859,147465.844,147440.844,"1781613261589","1781613261639","2026-06-16T20:34:21.588+08:00","2026-06-16T20:34:21.638+08:00",221.175980,EXP2,"exp2_target",1,1,"1:1|2:2|3:3|4:4"
"exp2_table_objects","实验二桌面四模型总体区域","Exp2_001_exp2_table_objects_0055","video_relative_to_recording_start",rectangle,0,316,1919,996,,,,"A037","Exp2_001","E1_SPATIAL_PROGRESSIVE",loading,,,,,1,TRUE,1350.000,1400.000,222.525986,222.575974,1920,1046,"ObjectSlot1-4",1,1,"video_relative_to_screen_recording_start",75.060127,147465.844,147515.844,1,75.060127,"1781613114174","../../../../../../Project/UE5/Gallery/Saved/ScreenRecordings/A037_v2_20260616_203154_screen.mkv",147465.844,147515.844,147490.844,"1781613261639","1781613261689","2026-06-16T20:34:21.638+08:00","2026-06-16T20:34:21.688+08:00",221.175980,EXP2,"exp2_table",1,1,"1:1|2:2|3:3|4:4"
"exp2_target_object","实验二当前目标模型_左脸","Exp2_001_exp2_target_object_0056","video_relative_to_recording_start",rectangle,0,316,626,996,,,,"A037","Exp2_001","E1_SPATIAL_PROGRESSIVE",loading,,,,,1,TRUE,1350.000,1400.000,222.525986,222.575974,1920,1046,"ObjectSlot1",1,1,"video_relative_to_screen_recording_start",75.060127,147465.844,147515.844,1,75.060127,"1781613114174","../../../../../../Project/UE5/Gallery/Saved/ScreenRecordings/A037_v2_20260616_203154_screen.mkv",147465.844,147515.844,147490.844,"1781613261639","1781613261689","2026-06-16T20:34:21.638+08:00","2026-06-16T20:34:21.688+08:00",221.175980,EXP2,"exp2_target",1,1,"1:1|2:2|3:3|4:4"
"exp2_table_objects","实验二桌面四模型总体区域","Exp2_001_exp2_table_objects_0057","video_relative_to_recording_start",rectangle,0,316,1919,996,,,,"A037","Exp2_001","E1_SPATIAL_PROGRESSIVE",loading,,,,,1,TRUE,1400.000,1450.000,222.575974,222.625977,1920,1046,"ObjectSlot1-4",1,1,"video_relative_to_screen_recording_start",75.060127,147515.844,147565.859,1,75.060127,"1781613114174","../../../../../../Project/UE5/Gallery/Saved/ScreenRecordings/A037_v2_20260616_203154_screen.mkv",147515.844,147565.859,147540.844,"1781613261689","1781613261739","2026-06-16T20:34:21.688+08:00","2026-06-16T20:34:21.738+08:00",221.175980,EXP2,"exp2_table",1,1,"1:1|2:2|3:3|4:4"
"exp2_target_object","实验二当前目标模型_左脸","Exp2_001_exp2_target_object_0058","video_relative_to_recording_start",rectangle,0,316,626,996,,,,"A037","Exp2_001","E1_SPATIAL_PROGRESSIVE",loading,,,,,1,TRUE,1400.000,1450.000,222.575974,222.625977,1920,1046,"ObjectSlot1",1,1,"video_relative_to_screen_recording_start",75.060127,147515.844,147565.859,1,75.060127,"1781613114174","../../../../../../Project/UE5/Gallery/Saved/ScreenRecordings/A037_v2_20260616_203154_screen.mkv",147515.844,147565.859,147540.844,"1781613261689","1781613261739","2026-06-16T20:34:21.688+08:00","2026-06-16T20:34:21.738+08:00",221.175980,EXP2,"exp2_target",1,1,"1:1|2:2|3:3|4:4"
"exp2_table_objects","实验二桌面四模型总体区域","Exp2_001_exp2_table_objects_0059","video_relative_to_recording_start",rectangle,0,316,1919,996,,,,"A037","Exp2_001","E1_SPATIAL_PROGRESSIVE",loading,,,,,1,TRUE,1450.000,1500.000,222.625977,222.675980,1920,1046,"ObjectSlot1-4",1,1,"video_relative_to_screen_recording_start",75.060127,147565.859,147615.844,1,75.060127,"1781613114174","../../../../../../Project/UE5/Gallery/Saved/ScreenRecordings/A037_v2_20260616_203154_screen.mkv",147565.859,147615.844,147590.844,"1781613261739","1781613261789","2026-06-16T20:34:21.738+08:00","2026-06-16T20:34:21.788+08:00",221.175980,EXP2,"exp2_table",1,1,"1:1|2:2|3:3|4:4"
"exp2_target_object","实验二当前目标模型_左脸","Exp2_001_exp2_target_object_0060","video_relative_to_recording_start",rectangle,0,316,626,996,,,,"A037","Exp2_001","E1_SPATIAL_PROGRESSIVE",loading,,,,,1,TRUE,1450.000,1500.000,222.625977,222.675980,1920,1046,"ObjectSlot1",1,1,"video_relative_to_screen_recording_start",75.060127,147565.859,147615.844,1,75.060127,"1781613114174","../../../../../../Project/UE5/Gallery/Saved/ScreenRecordings/A037_v2_20260616_203154_screen.mkv",147565.859,147615.844,147590.844,"1781613261739","1781613261789","2026-06-16T20:34:21.738+08:00","2026-06-16T20:34:21.788+08:00",221.175980,EXP2,"exp2_target",1,1,"1:1|2:2|3:3|4:4"
"exp2_table_objects","实验二桌面四模型总体区域","Exp2_001_exp2_table_objects_0061","video_relative_to_recording_start",rectangle,0,316,1919,996,,,,"A037","Exp2_001","E1_SPATIAL_PROGRESSIVE",loading,,,,,1,TRUE,1500.000,1550.000,222.675980,222.725983,1920,1046,"ObjectSlot1-4",1,1,"video_relative_to_screen_recording_start",75.060127,147615.844,147665.859,1,75.060127,"1781613114174","../../../../../../Project/UE5/Gallery/Saved/ScreenRecordings/A037_v2_20260616_203154_screen.mkv",147615.844,147665.859,147640.844,"1781613261789","1781613261839","2026-06-16T20:34:21.788+08:00","2026-06-16T20:34:21.838+08:00",221.175980,EXP2,"exp2_table",1,1,"1:1|2:2|3:3|4:4"
"exp2_target_object","实验二当前目标模型_左脸","Exp2_001_exp2_target_object_0062","video_relative_to_recording_start",rectangle,0,316,626,996,,,,"A037","Exp2_001","E1_SPATIAL_PROGRESSIVE",loading,,,,,1,TRUE,1500.000,1550.000,222.675980,222.725983,1920,1046,"ObjectSlot1",1,1,"video_relative_to_screen_recording_start",75.060127,147615.844,147665.859,1,75.060127,"1781613114174","../../../../../../Project/UE5/Gallery/Saved/ScreenRecordings/A037_v2_20260616_203154_screen.mkv",147615.844,147665.859,147640.844,"1781613261789","1781613261839","2026-06-16T20:34:21.788+08:00","2026-06-16T20:34:21.838+08:00",221.175980,EXP2,"exp2_target",1,1,"1:1|2:2|3:3|4:4"
"exp2_table_objects","实验二桌面四模型总体区域","Exp2_001_exp2_table_objects_0063","video_relative_to_recording_start",rectangle,0,316,1919,996,,,,"A037","Exp2_001","E1_SPATIAL_PROGRESSIVE",loading,,,,,1,TRUE,1550.000,1600.000,222.725983,222.775986,1920,1046,"ObjectSlot1-4",1,1,"video_relative_to_screen_recording_start",75.060127,147665.859,147715.844,1,75.060127,"1781613114174","../../../../../../Project/UE5/Gallery/Saved/ScreenRecordings/A037_v2_20260616_203154_screen.mkv",147665.859,147715.844,147690.844,"1781613261839","1781613261889","2026-06-16T20:34:21.838+08:00","2026-06-16T20:34:21.888+08:00",221.175980,EXP2,"exp2_table",1,1,"1:1|2:2|3:3|4:4"
"exp2_target_object","实验二当前目标模型_左脸","Exp2_001_exp2_target_object_0064","video_relative_to_recording_start",rectangle,0,316,626,996,,,,"A037","Exp2_001","E1_SPATIAL_PROGRESSIVE",loading,,,,,1,TRUE,1550.000,1600.000,222.725983,222.775986,1920,1046,"ObjectSlot1",1,1,"video_relative_to_screen_recording_start",75.060127,147665.859,147715.844,1,75.060127,"1781613114174","../../../../../../Project/UE5/Gallery/Saved/ScreenRecordings/A037_v2_20260616_203154_screen.mkv",147665.859,147715.844,147690.844,"1781613261839","1781613261889","2026-06-16T20:34:21.838+08:00","2026-06-16T20:34:21.888+08:00",221.175980,EXP2,"exp2_target",1,1,"1:1|2:2|3:3|4:4"
"exp2_table_objects","实验二桌面四模型总体区域","Exp2_001_exp2_table_objects_0065","video_relative_to_recording_start",rectangle,0,316,1919,996,,,,"A037","Exp2_001","E1_SPATIAL_PROGRESSIVE",loading,,,,,1,TRUE,1600.000,1650.000,222.775986,222.825974,1920,1046,"ObjectSlot1-4",1,1,"video_relative_to_screen_recording_start",75.060127,147715.844,147765.844,1,75.060127,"1781613114174","../../../../../../Project/UE5/Gallery/Saved/ScreenRecordings/A037_v2_20260616_203154_screen.mkv",147715.844,147765.844,147740.844,"1781613261889","1781613261939","2026-06-16T20:34:21.888+08:00","2026-06-16T20:34:21.938+08:00",221.175980,EXP2,"exp2_table",1,1,"1:1|2:2|3:3|4:4"
"exp2_target_object","实验二当前目标模型_左脸","Exp2_001_exp2_target_object_0066","video_relative_to_recording_start",rectangle,0,316,626,996,,,,"A037","Exp2_001","E1_SPATIAL_PROGRESSIVE",loading,,,,,1,TRUE,1600.000,1650.000,222.775986,222.825974,1920,1046,"ObjectSlot1",1,1,"video_relative_to_screen_recording_start",75.060127,147715.844,147765.844,1,75.060127,"1781613114174","../../../../../../Project/UE5/Gallery/Saved/ScreenRecordings/A037_v2_20260616_203154_screen.mkv",147715.844,147765.844,147740.844,"1781613261889","1781613261939","2026-06-16T20:34:21.888+08:00","2026-06-16T20:34:21.938+08:00",221.175980,EXP2,"exp2_target",1,1,"1:1|2:2|3:3|4:4"
"exp2_table_objects","实验二桌面四模型总体区域","Exp2_001_exp2_table_objects_0067","video_relative_to_recording_start",rectangle,0,316,1919,996,,,,"A037","Exp2_001","E1_SPATIAL_PROGRESSIVE",loading,,,,,1,TRUE,1650.000,1700.000,222.825974,222.875977,1920,1046,"ObjectSlot1-4",1,1,"video_relative_to_screen_recording_start",75.060127,147765.844,147815.859,1,75.060127,"1781613114174","../../../../../../Project/UE5/Gallery/Saved/ScreenRecordings/A037_v2_20260616_203154_screen.mkv",147765.844,147815.859,147790.844,"1781613261939","1781613261989","2026-06-16T20:34:21.938+08:00","2026-06-16T20:34:21.988+08:00",221.175980,EXP2,"exp2_table",1,1,"1:1|2:2|3:3|4:4"
"exp2_target_object","实验二当前目标模型_左脸","Exp2_001_exp2_target_object_0068","video_relative_to_recording_start",rectangle,0,316,626,996,,,,"A037","Exp2_001","E1_SPATIAL_PROGRESSIVE",loading,,,,,1,TRUE,1650.000,1700.000,222.825974,222.875977,1920,1046,"ObjectSlot1",1,1,"video_relative_to_screen_recording_start",75.060127,147765.844,147815.859,1,75.060127,"1781613114174","../../../../../../Project/UE5/Gallery/Saved/ScreenRecordings/A037_v2_20260616_203154_screen.mkv",147765.844,147815.859,147790.844,"1781613261939","1781613261989","2026-06-16T20:34:21.938+08:00","2026-06-16T20:34:21.988+08:00",221.175980,EXP2,"exp2_target",1,1,"1:1|2:2|3:3|4:4"
"exp2_table_objects","实验二桌面四模型总体区域","Exp2_001_exp2_table_objects_0069","video_relative_to_recording_start",rectangle,0,316,1919,996,,,,"A037","Exp2_001","E1_SPATIAL_PROGRESSIVE",loading,,,,,1,TRUE,1700.000,1750.000,222.875977,222.925980,1920,1046,"ObjectSlot1-4",1,1,"video_relative_to_screen_recording_start",75.060127,147815.859,147865.844,1,75.060127,"1781613114174","../../../../../../Project/UE5/Gallery/Saved/ScreenRecordings/A037_v2_20260616_203154_screen.mkv",147815.859,147865.844,147840.844,"1781613261989","1781613262039","2026-06-16T20:34:21.988+08:00","2026-06-16T20:34:22.038+08:00",221.175980,EXP2,"exp2_table",1,1,"1:1|2:2|3:3|4:4"
"exp2_target_object","实验二当前目标模型_左脸","Exp2_001_exp2_target_object_0070","video_relative_to_recording_start",rectangle,0,316,626,996,,,,"A037","Exp2_001","E1_SPATIAL_PROGRESSIVE",loading,,,,,1,TRUE,1700.000,1750.000,222.875977,222.925980,1920,1046,"ObjectSlot1",1,1,"video_relative_to_screen_recording_start",75.060127,147815.859,147865.844,1,75.060127,"1781613114174","../../../../../../Project/UE5/Gallery/Saved/ScreenRecordings/A037_v2_20260616_203154_screen.mkv",147815.859,147865.844,147840.844,"1781613261989","1781613262039","2026-06-16T20:34:21.988+08:00","2026-06-16T20:34:22.038+08:00",221.175980,EXP2,"exp2_target",1,1,"1:1|2:2|3:3|4:4"
"exp2_table_objects","实验二桌面四模型总体区域","Exp2_001_exp2_table_objects_0071","video_relative_to_recording_start",rectangle,0,316,1919,996,,,,"A037","Exp2_001","E1_SPATIAL_PROGRESSIVE",loading,,,,,1,TRUE,1750.000,1800.000,222.925980,222.975983,1920,1046,"ObjectSlot1-4",1,1,"video_relative_to_screen_recording_start",75.060127,147865.844,147915.859,1,75.060127,"1781613114174","../../../../../../Project/UE5/Gallery/Saved/ScreenRecordings/A037_v2_20260616_203154_screen.mkv",147865.844,147915.859,147890.844,"1781613262039","1781613262089","2026-06-16T20:34:22.038+08:00","2026-06-16T20:34:22.088+08:00",221.175980,EXP2,"exp2_table",1,1,"1:1|2:2|3:3|4:4"
"exp2_target_object","实验二当前目标模型_左脸","Exp2_001_exp2_target_object_0072","video_relative_to_recording_start",rectangle,0,316,626,996,,,,"A037","Exp2_001","E1_SPATIAL_PROGRESSIVE",loading,,,,,1,TRUE,1750.000,1800.000,222.925980,222.975983,1920,1046,"ObjectSlot1",1,1,"video_relative_to_screen_recording_start",75.060127,147865.844,147915.859,1,75.060127,"1781613114174","../../../../../../Project/UE5/Gallery/Saved/ScreenRecordings/A037_v2_20260616_203154_screen.mkv",147865.844,147915.859,147890.844,"1781613262039","1781613262089","2026-06-16T20:34:22.038+08:00","2026-06-16T20:34:22.088+08:00",221.175980,EXP2,"exp2_target",1,1,"1:1|2:2|3:3|4:4"
"exp2_table_objects","实验二桌面四模型总体区域","Exp2_001_exp2_table_objects_0073","video_relative_to_recording_start",rectangle,0,316,1919,996,,,,"A037","Exp2_001","E1_SPATIAL_PROGRESSIVE",loading,,,,,1,TRUE,1800.000,1850.000,222.975983,223.025986,1920,1046,"ObjectSlot1-4",1,1,"video_relative_to_screen_recording_start",75.060127,147915.859,147965.844,1,75.060127,"1781613114174","../../../../../../Project/UE5/Gallery/Saved/ScreenRecordings/A037_v2_20260616_203154_screen.mkv",147915.859,147965.844,147940.844,"1781613262089","1781613262139","2026-06-16T20:34:22.088+08:00","2026-06-16T20:34:22.138+08:00",221.175980,EXP2,"exp2_table",1,1,"1:1|2:2|3:3|4:4"
"exp2_target_object","实验二当前目标模型_左脸","Exp2_001_exp2_target_object_0074","video_relative_to_recording_start",rectangle,0,316,626,996,,,,"A037","Exp2_001","E1_SPATIAL_PROGRESSIVE",loading,,,,,1,TRUE,1800.000,1850.000,222.975983,223.025986,1920,1046,"ObjectSlot1",1,1,"video_relative_to_screen_recording_start",75.060127,147915.859,147965.844,1,75.060127,"1781613114174","../../../../../../Project/UE5/Gallery/Saved/ScreenRecordings/A037_v2_20260616_203154_screen.mkv",147915.859,147965.844,147940.844,"1781613262089","1781613262139","2026-06-16T20:34:22.088+08:00","2026-06-16T20:34:22.138+08:00",221.175980,EXP2,"exp2_target",1,1,"1:1|2:2|3:3|4:4"
"exp2_table_objects","实验二桌面四模型总体区域","Exp2_001_exp2_table_objects_0075","video_relative_to_recording_start",rectangle,0,316,1919,996,,,,"A037","Exp2_001","E1_SPATIAL_PROGRESSIVE",loading,,,,,1,TRUE,1850.000,1900.000,223.025986,223.075974,1920,1046,"ObjectSlot1-4",1,1,"video_relative_to_screen_recording_start",75.060127,147965.844,148015.844,1,75.060127,"1781613114174","../../../../../../Project/UE5/Gallery/Saved/ScreenRecordings/A037_v2_20260616_203154_screen.mkv",147965.844,148015.844,147990.844,"1781613262139","1781613262189","2026-06-16T20:34:22.138+08:00","2026-06-16T20:34:22.188+08:00",221.175980,EXP2,"exp2_table",1,1,"1:1|2:2|3:3|4:4"
"exp2_target_object","实验二当前目标模型_左脸","Exp2_001_exp2_target_object_0076","video_relative_to_recording_start",rectangle,0,316,626,996,,,,"A037","Exp2_001","E1_SPATIAL_PROGRESSIVE",loading,,,,,1,TRUE,1850.000,1900.000,223.025986,223.075974,1920,1046,"ObjectSlot1",1,1,"video_relative_to_screen_recording_start",75.060127,147965.844,148015.844,1,75.060127,"1781613114174","../../../../../../Project/UE5/Gallery/Saved/ScreenRecordings/A037_v2_20260616_203154_screen.mkv",147965.844,148015.844,147990.844,"1781613262139","1781613262189","2026-06-16T20:34:22.138+08:00","2026-06-16T20:34:22.188+08:00",221.175980,EXP2,"exp2_target",1,1,"1:1|2:2|3:3|4:4"
"exp2_table_objects","实验二桌面四模型总体区域","Exp2_001_exp2_table_objects_0077","video_relative_to_recording_start",rectangle,0,316,1919,996,,,,"A037","Exp2_001","E1_SPATIAL_PROGRESSIVE",loading,,,,,1,TRUE,1900.000,1950.000,223.075974,223.125977,1920,1046,"ObjectSlot1-4",1,1,"video_relative_to_screen_recording_start",75.060127,148015.844,148065.859,1,75.060127,"1781613114174","../../../../../../Project/UE5/Gallery/Saved/ScreenRecordings/A037_v2_20260616_203154_screen.mkv",148015.844,148065.859,148040.844,"1781613262189","1781613262239","2026-06-16T20:34:22.188+08:00","2026-06-16T20:34:22.238+08:00",221.175980,EXP2,"exp2_table",1,1,"1:1|2:2|3:3|4:4"
"exp2_target_object","实验二当前目标模型_左脸","Exp2_001_exp2_target_object_0078","video_relative_to_recording_start",rectangle,0,316,626,996,,,,"A037","Exp2_001","E1_SPATIAL_PROGRESSIVE",loading,,,,,1,TRUE,1900.000,1950.000,223.075974,223.125977,1920,1046,"ObjectSlot1",1,1,"video_relative_to_screen_recording_start",75.060127,148015.844,148065.859,1,75.060127,"1781613114174","../../../../../../Project/UE5/Gallery/Saved/ScreenRecordings/A037_v2_20260616_203154_screen.mkv",148015.844,148065.859,148040.844,"1781613262189","1781613262239","2026-06-16T20:34:22.188+08:00","2026-06-16T20:34:22.238+08:00",221.175980,EXP2,"exp2_target",1,1,"1:1|2:2|3:3|4:4"
"exp2_table_objects","实验二桌面四模型总体区域","Exp2_001_exp2_table_objects_0079","video_relative_to_recording_start",rectangle,0,316,1919,996,,,,"A037","Exp2_001","E1_SPATIAL_PROGRESSIVE",loading,,,,,1,TRUE,1950.000,2000.000,223.125977,223.175980,1920,1046,"ObjectSlot1-4",1,1,"video_relative_to_screen_recording_start",75.060127,148065.859,148115.844,1,75.060127,"1781613114174","../../../../../../Project/UE5/Gallery/Saved/ScreenRecordings/A037_v2_20260616_203154_screen.mkv",148065.859,148115.844,148090.844,"1781613262239","1781613262289","2026-06-16T20:34:22.238+08:00","2026-06-16T20:34:22.288+08:00",221.175980,EXP2,"exp2_table",1,1,"1:1|2:2|3:3|4:4"
"exp2_target_object","实验二当前目标模型_左脸","Exp2_001_exp2_target_object_0080","video_relative_to_recording_start",rectangle,0,316,626,996,,,,"A037","Exp2_001","E1_SPATIAL_PROGRESSIVE",loading,,,,,1,TRUE,1950.000,2000.000,223.125977,223.175980,1920,1046,"ObjectSlot1",1,1,"video_relative_to_screen_recording_start",75.060127,148065.859,148115.844,1,75.060127,"1781613114174","../../../../../../Project/UE5/Gallery/Saved/ScreenRecordings/A037_v2_20260616_203154_screen.mkv",148065.859,148115.844,148090.844,"1781613262239","1781613262289","2026-06-16T20:34:22.238+08:00","2026-06-16T20:34:22.288+08:00",221.175980,EXP2,"exp2_target",1,1,"1:1|2:2|3:3|4:4"
"exp2_table_objects","实验二桌面四模型总体区域","Exp2_001_exp2_table_objects_0081","video_relative_to_recording_start",rectangle,0,316,1919,996,,,,"A037","Exp2_001","E1_SPATIAL_PROGRESSIVE",loading,,,,,1,TRUE,2000.000,2050.000,223.175980,223.225983,1920,1046,"ObjectSlot1-4",1,1,"video_relative_to_screen_recording_start",75.060127,148115.844,148165.859,1,75.060127,"1781613114174","../../../../../../Project/UE5/Gallery/Saved/ScreenRecordings/A037_v2_20260616_203154_screen.mkv",148115.844,148165.859,148140.844,"1781613262289","1781613262339","2026-06-16T20:34:22.288+08:00","2026-06-16T20:34:22.338+08:00",221.175980,EXP2,"exp2_table",1,1,"1:1|2:2|3:3|4:4"
"exp2_target_object","实验二当前目标模型_左脸","Exp2_001_exp2_target_object_0082","video_relative_to_recording_start",rectangle,0,316,626,996,,,,"A037","Exp2_001","E1_SPATIAL_PROGRESSIVE",loading,,,,,1,TRUE,2000.000,2050.000,223.175980,223.225983,1920,1046,"ObjectSlot1",1,1,"video_relative_to_screen_recording_start",75.060127,148115.844,148165.859,1,75.060127,"1781613114174","../../../../../../Project/UE5/Gallery/Saved/ScreenRecordings/A037_v2_20260616_203154_screen.mkv",148115.844,148165.859,148140.844,"1781613262289","1781613262339","2026-06-16T20:34:22.288+08:00","2026-06-16T20:34:22.338+08:00",221.175980,EXP2,"exp2_target",1,1,"1:1|2:2|3:3|4:4"
"exp2_table_objects","实验二桌面四模型总体区域","Exp2_001_exp2_table_objects_0083","video_relative_to_recording_start",rectangle,0,316,1919,996,,,,"A037","Exp2_001","E1_SPATIAL_PROGRESSIVE",loading,,,,,1,TRUE,2050.000,2100.000,223.225983,223.275986,1920,1046,"ObjectSlot1-4",1,1,"video_relative_to_screen_recording_start",75.060127,148165.859,148215.844,1,75.060127,"1781613114174","../../../../../../Project/UE5/Gallery/Saved/ScreenRecordings/A037_v2_20260616_203154_screen.mkv",148165.859,148215.844,148190.844,"1781613262339","1781613262389","2026-06-16T20:34:22.338+08:00","2026-06-16T20:34:22.388+08:00",221.175980,EXP2,"exp2_table",1,1,"1:1|2:2|3:3|4:4"
"exp2_target_object","实验二当前目标模型_左脸","Exp2_001_exp2_target_object_0084","video_relative_to_recording_start",rectangle,0,316,626,996,,,,"A037","Exp2_001","E1_SPATIAL_PROGRESSIVE",loading,,,,,1,TRUE,2050.000,2100.000,223.225983,223.275986,1920,1046,"ObjectSlot1",1,1,"video_relative_to_screen_recording_start",75.060127,148165.859,148215.844,1,75.060127,"1781613114174","../../../../../../Project/UE5/Gallery/Saved/ScreenRecordings/A037_v2_20260616_203154_screen.mkv",148165.859,148215.844,148190.844,"1781613262339","1781613262389","2026-06-16T20:34:22.338+08:00","2026-06-16T20:34:22.388+08:00",221.175980,EXP2,"exp2_target",1,1,"1:1|2:2|3:3|4:4"
"exp2_table_objects","实验二桌面四模型总体区域","Exp2_001_exp2_table_objects_0085","video_relative_to_recording_start",rectangle,0,316,1919,996,,,,"A037","Exp2_001","E1_SPATIAL_PROGRESSIVE",loading,,,,,1,TRUE,2100.000,2150.000,223.275986,223.325974,1920,1046,"ObjectSlot1-4",1,1,"video_relative_to_screen_recording_start",75.060127,148215.844,148265.844,1,75.060127,"1781613114174","../../../../../../Project/UE5/Gallery/Saved/ScreenRecordings/A037_v2_20260616_203154_screen.mkv",148215.844,148265.844,148240.844,"1781613262389","1781613262439","2026-06-16T20:34:22.388+08:00","2026-06-16T20:34:22.438+08:00",221.175980,EXP2,"exp2_table",1,1,"1:1|2:2|3:3|4:4"
"exp2_target_object","实验二当前目标模型_左脸","Exp2_001_exp2_target_object_0086","video_relative_to_recording_start",rectangle,0,316,626,996,,,,"A037","Exp2_001","E1_SPATIAL_PROGRESSIVE",loading,,,,,1,TRUE,2100.000,2150.000,223.275986,223.325974,1920,1046,"ObjectSlot1",1,1,"video_relative_to_screen_recording_start",75.060127,148215.844,148265.844,1,75.060127,"1781613114174","../../../../../../Project/UE5/Gallery/Saved/ScreenRecordings/A037_v2_20260616_203154_screen.mkv",148215.844,148265.844,148240.844,"1781613262389","1781613262439","2026-06-16T20:34:22.388+08:00","2026-06-16T20:34:22.438+08:00",221.175980,EXP2,"exp2_target",1,1,"1:1|2:2|3:3|4:4"
"exp2_table_objects","实验二桌面四模型总体区域","Exp2_001_exp2_table_objects_0087","video_relative_to_recording_start",rectangle,0,316,1919,996,,,,"A037","Exp2_001","E1_SPATIAL_PROGRESSIVE",loading,,,,,1,TRUE,2150.000,2200.000,223.325974,223.375977,1920,1046,"ObjectSlot1-4",1,1,"video_relative_to_screen_recording_start",75.060127,148265.844,148315.859,1,75.060127,"1781613114174","../../../../../../Project/UE5/Gallery/Saved/ScreenRecordings/A037_v2_20260616_203154_screen.mkv",148265.844,148315.859,148290.844,"1781613262439","1781613262489","2026-06-16T20:34:22.438+08:00","2026-06-16T20:34:22.488+08:00",221.175980,EXP2,"exp2_table",1,1,"1:1|2:2|3:3|4:4"
"exp2_target_object","实验二当前目标模型_左脸","Exp2_001_exp2_target_object_0088","video_relative_to_recording_start",rectangle,0,316,626,996,,,,"A037","Exp2_001","E1_SPATIAL_PROGRESSIVE",loading,,,,,1,TRUE,2150.000,2200.000,223.325974,223.375977,1920,1046,"ObjectSlot1",1,1,"video_relative_to_screen_recording_start",75.060127,148265.844,148315.859,1,75.060127,"1781613114174","../../../../../../Project/UE5/Gallery/Saved/ScreenRecordings/A037_v2_20260616_203154_screen.mkv",148265.844,148315.859,148290.844,"1781613262439","1781613262489","2026-06-16T20:34:22.438+08:00","2026-06-16T20:34:22.488+08:00",221.175980,EXP2,"exp2_target",1,1,"1:1|2:2|3:3|4:4"
"exp2_table_objects","实验二桌面四模型总体区域","Exp2_001_exp2_table_objects_0089","video_relative_to_recording_start",rectangle,0,316,1919,996,,,,"A037","Exp2_001","E1_SPATIAL_PROGRESSIVE",loading,,,,,1,TRUE,2200.000,2250.000,223.375977,223.425980,1920,1046,"ObjectSlot1-4",1,1,"video_relative_to_screen_recording_start",75.060127,148315.859,148365.844,1,75.060127,"1781613114174","../../../../../../Project/UE5/Gallery/Saved/ScreenRecordings/A037_v2_20260616_203154_screen.mkv",148315.859,148365.844,148340.844,"1781613262489","1781613262539","2026-06-16T20:34:22.488+08:00","2026-06-16T20:34:22.538+08:00",221.175980,EXP2,"exp2_table",1,1,"1:1|2:2|3:3|4:4"
"exp2_target_object","实验二当前目标模型_左脸","Exp2_001_exp2_target_object_0090","video_relative_to_recording_start",rectangle,0,316,626,996,,,,"A037","Exp2_001","E1_SPATIAL_PROGRESSIVE",loading,,,,,1,TRUE,2200.000,2250.000,223.375977,223.425980,1920,1046,"ObjectSlot1",1,1,"video_relative_to_screen_recording_start",75.060127,148315.859,148365.844,1,75.060127,"1781613114174","../../../../../../Project/UE5/Gallery/Saved/ScreenRecordings/A037_v2_20260616_203154_screen.mkv",148315.859,148365.844,148340.844,"1781613262489","1781613262539","2026-06-16T20:34:22.488+08:00","2026-06-16T20:34:22.538+08:00",221.175980,EXP2,"exp2_target",1,1,"1:1|2:2|3:3|4:4"
"exp2_table_objects","实验二桌面四模型总体区域","Exp2_001_exp2_table_objects_0091","video_relative_to_recording_start",rectangle,0,316,1919,996,,,,"A037","Exp2_001","E1_SPATIAL_PROGRESSIVE",loading,,,,,1,TRUE,2250.000,2300.000,223.425980,223.475983,1920,1046,"ObjectSlot1-4",1,1,"video_relative_to_screen_recording_start",75.060127,148365.844,148415.859,1,75.060127,"1781613114174","../../../../../../Project/UE5/Gallery/Saved/ScreenRecordings/A037_v2_20260616_203154_screen.mkv",148365.844,148415.859,148390.844,"1781613262539","1781613262589","2026-06-16T20:34:22.538+08:00","2026-06-16T20:34:22.588+08:00",221.175980,EXP2,"exp2_table",1,1,"1:1|2:2|3:3|4:4"
"exp2_target_object","实验二当前目标模型_左脸","Exp2_001_exp2_target_object_0092","video_relative_to_recording_start",rectangle,0,316,626,996,,,,"A037","Exp2_001","E1_SPATIAL_PROGRESSIVE",loading,,,,,1,TRUE,2250.000,2300.000,223.425980,223.475983,1920,1046,"ObjectSlot1",1,1,"video_relative_to_screen_recording_start",75.060127,148365.844,148415.859,1,75.060127,"1781613114174","../../../../../../Project/UE5/Gallery/Saved/ScreenRecordings/A037_v2_20260616_203154_screen.mkv",148365.844,148415.859,148390.844,"1781613262539","1781613262589","2026-06-16T20:34:22.538+08:00","2026-06-16T20:34:22.588+08:00",221.175980,EXP2,"exp2_target",1,1,"1:1|2:2|3:3|4:4"
"exp2_table_objects","实验二桌面四模型总体区域","Exp2_001_exp2_table_objects_0093","video_relative_to_recording_start",rectangle,0,316,1919,996,,,,"A037","Exp2_001","E1_SPATIAL_PROGRESSIVE",loading,,,,,1,TRUE,2300.000,2350.000,223.475983,223.525986,1920,1046,"ObjectSlot1-4",1,1,"video_relative_to_screen_recording_start",75.060127,148415.859,148465.844,1,75.060127,"1781613114174","../../../../../../Project/UE5/Gallery/Saved/ScreenRecordings/A037_v2_20260616_203154_screen.mkv",148415.859,148465.844,148440.844,"1781613262589","1781613262639","2026-06-16T20:34:22.588+08:00","2026-06-16T20:34:22.638+08:00",221.175980,EXP2,"exp2_table",1,1,"1:1|2:2|3:3|4:4"
"exp2_target_object","实验二当前目标模型_左脸","Exp2_001_exp2_target_object_0094","video_relative_to_recording_start",rectangle,0,316,626,996,,,,"A037","Exp2_001","E1_SPATIAL_PROGRESSIVE",loading,,,,,1,TRUE,2300.000,2350.000,223.475983,223.525986,1920,1046,"ObjectSlot1",1,1,"video_relative_to_screen_recording_start",75.060127,148415.859,148465.844,1,75.060127,"1781613114174","../../../../../../Project/UE5/Gallery/Saved/ScreenRecordings/A037_v2_20260616_203154_screen.mkv",148415.859,148465.844,148440.844,"1781613262589","1781613262639","2026-06-16T20:34:22.588+08:00","2026-06-16T20:34:22.638+08:00",221.175980,EXP2,"exp2_target",1,1,"1:1|2:2|3:3|4:4"
"exp2_table_objects","实验二桌面四模型总体区域","Exp2_001_exp2_table_objects_0095","video_relative_to_recording_start",rectangle,0,316,1919,996,,,,"A037","Exp2_001","E1_SPATIAL_PROGRESSIVE",loading,,,,,1,TRUE,2350.000,2400.000,223.525986,223.575974,1920,1046,"ObjectSlot1-4",1,1,"video_relative_to_screen_recording_start",75.060127,148465.844,148515.844,1,75.060127,"1781613114174","../../../../../../Project/UE5/Gallery/Saved/ScreenRecordings/A037_v2_20260616_203154_screen.mkv",148465.844,148515.844,148490.844,"1781613262639","1781613262689","2026-06-16T20:34:22.638+08:00","2026-06-16T20:34:22.688+08:00",221.175980,EXP2,"exp2_table",1,1,"1:1|2:2|3:3|4:4"
"exp2_target_object","实验二当前目标模型_左脸","Exp2_001_exp2_target_object_0096","video_relative_to_recording_start",rectangle,0,316,626,996,,,,"A037","Exp2_001","E1_SPATIAL_PROGRESSIVE",loading,,,,,1,TRUE,2350.000,2400.000,223.525986,223.575974,1920,1046,"ObjectSlot1",1,1,"video_relative_to_screen_recording_start",75.060127,148465.844,148515.844,1,75.060127,"1781613114174","../../../../../../Project/UE5/Gallery/Saved/ScreenRecordings/A037_v2_20260616_203154_screen.mkv",148465.844,148515.844,148490.844,"1781613262639","1781613262689","2026-06-16T20:34:22.638+08:00","2026-06-16T20:34:22.688+08:00",221.175980,EXP2,"exp2_target",1,1,"1:1|2:2|3:3|4:4"
"exp2_table_objects","实验二桌面四模型总体区域","Exp2_001_exp2_table_objects_0097","video_relative_to_recording_start",rectangle,0,316,1919,996,,,,"A037","Exp2_001","E1_SPATIAL_PROGRESSIVE",loading,,,,,1,TRUE,2400.000,2450.000,223.575974,223.625977,1920,1046,"ObjectSlot1-4",1,1,"video_relative_to_screen_recording_start",75.060127,148515.844,148565.859,1,75.060127,"1781613114174","../../../../../../Project/UE5/Gallery/Saved/ScreenRecordings/A037_v2_20260616_203154_screen.mkv",148515.844,148565.859,148540.844,"1781613262689","1781613262739","2026-06-16T20:34:22.688+08:00","2026-06-16T20:34:22.738+08:00",221.175980,EXP2,"exp2_table",1,1,"1:1|2:2|3:3|4:4"
"exp2_target_object","实验二当前目标模型_左脸","Exp2_001_exp2_target_object_0098","video_relative_to_recording_start",rectangle,0,316,626,996,,,,"A037","Exp2_001","E1_SPATIAL_PROGRESSIVE",loading,,,,,1,TRUE,2400.000,2450.000,223.575974,223.625977,1920,1046,"ObjectSlot1",1,1,"video_relative_to_screen_recording_start",75.060127,148515.844,148565.859,1,75.060127,"1781613114174","../../../../../../Project/UE5/Gallery/Saved/ScreenRecordings/A037_v2_20260616_203154_screen.mkv",148515.844,148565.859,148540.844,"1781613262689","1781613262739","2026-06-16T20:34:22.688+08:00","2026-06-16T20:34:22.738+08:00",221.175980,EXP2,"exp2_target",1,1,"1:1|2:2|3:3|4:4"
"exp2_table_objects","实验二桌面四模型总体区域","Exp2_001_exp2_table_objects_0099","video_relative_to_recording_start",rectangle,0,316,1919,996,,,,"A037","Exp2_001","E1_SPATIAL_PROGRESSIVE",loading,,,,,1,TRUE,2450.000,2500.000,223.625977,223.675980,1920,1046,"ObjectSlot1-4",1,1,"video_relative_to_screen_recording_start",75.060127,148565.859,148615.844,1,75.060127,"1781613114174","../../../../../../Project/UE5/Gallery/Saved/ScreenRecordings/A037_v2_20260616_203154_screen.mkv",148565.859,148615.844,148590.844,"1781613262739","1781613262789","2026-06-16T20:34:22.738+08:00","2026-06-16T20:34:22.788+08:00",221.175980,EXP2,"exp2_table",1,1,"1:1|2:2|3:3|4:4"
"exp2_target_object","实验二当前目标模型_左脸","Exp2_001_exp2_target_object_0100","video_relative_to_recording_start",rectangle,0,316,626,996,,,,"A037","Exp2_001","E1_SPATIAL_PROGRESSIVE",loading,,,,,1,TRUE,2450.000,2500.000,223.625977,223.675980,1920,1046,"ObjectSlot1",1,1,"video_relative_to_screen_recording_start",75.060127,148565.859,148615.844,1,75.060127,"1781613114174","../../../../../../Project/UE5/Gallery/Saved/ScreenRecordings/A037_v2_20260616_203154_screen.mkv",148565.859,148615.844,148590.844,"1781613262739","1781613262789","2026-06-16T20:34:22.738+08:00","2026-06-16T20:34:22.788+08:00",221.175980,EXP2,"exp2_target",1,1,"1:1|2:2|3:3|4:4"
"exp2_table_objects","实验二桌面四模型总体区域","Exp2_001_exp2_table_objects_0101","video_relative_to_recording_start",rectangle,0,316,1919,996,,,,"A037","Exp2_001","E1_SPATIAL_PROGRESSIVE",loading,,,,,1,TRUE,2500.000,2550.000,223.675980,223.725983,1920,1046,"ObjectSlot1-4",1,1,"video_relative_to_screen_recording_start",75.060127,148615.844,148665.859,1,75.060127,"1781613114174","../../../../../../Project/UE5/Gallery/Saved/ScreenRecordings/A037_v2_20260616_203154_screen.mkv",148615.844,148665.859,148640.844,"1781613262789","1781613262839","2026-06-16T20:34:22.788+08:00","2026-06-16T20:34:22.838+08:00",221.175980,EXP2,"exp2_table",1,1,"1:1|2:2|3:3|4:4"
"exp2_target_object","实验二当前目标模型_左脸","Exp2_001_exp2_target_object_0102","video_relative_to_recording_start",rectangle,0,316,626,996,,,,"A037","Exp2_001","E1_SPATIAL_PROGRESSIVE",loading,,,,,1,TRUE,2500.000,2550.000,223.675980,223.725983,1920,1046,"ObjectSlot1",1,1,"video_relative_to_screen_recording_start",75.060127,148615.844,148665.859,1,75.060127,"1781613114174","../../../../../../Project/UE5/Gallery/Saved/ScreenRecordings/A037_v2_20260616_203154_screen.mkv",148615.844,148665.859,148640.844,"1781613262789","1781613262839","2026-06-16T20:34:22.788+08:00","2026-06-16T20:34:22.838+08:00",221.175980,EXP2,"exp2_target",1,1,"1:1|2:2|3:3|4:4"
"exp2_table_objects","实验二桌面四模型总体区域","Exp2_001_exp2_table_objects_0103","video_relative_to_recording_start",rectangle,0,316,1919,996,,,,"A037","Exp2_001","E1_SPATIAL_PROGRESSIVE",loading,,,,,1,TRUE,2550.000,2600.000,223.725983,223.775986,1920,1046,"ObjectSlot1-4",1,1,"video_relative_to_screen_recording_start",75.060127,148665.859,148715.844,1,75.060127,"1781613114174","../../../../../../Project/UE5/Gallery/Saved/ScreenRecordings/A037_v2_20260616_203154_screen.mkv",148665.859,148715.844,148690.844,"1781613262839","1781613262889","2026-06-16T20:34:22.838+08:00","2026-06-16T20:34:22.888+08:00",221.175980,EXP2,"exp2_table",1,1,"1:1|2:2|3:3|4:4"
"exp2_target_object","实验二当前目标模型_左脸","Exp2_001_exp2_target_object_0104","video_relative_to_recording_start",rectangle,0,316,626,996,,,,"A037","Exp2_001","E1_SPATIAL_PROGRESSIVE",loading,,,,,1,TRUE,2550.000,2600.000,223.725983,223.775986,1920,1046,"ObjectSlot1",1,1,"video_relative_to_screen_recording_start",75.060127,148665.859,148715.844,1,75.060127,"1781613114174","../../../../../../Project/UE5/Gallery/Saved/ScreenRecordings/A037_v2_20260616_203154_screen.mkv",148665.859,148715.844,148690.844,"1781613262839","1781613262889","2026-06-16T20:34:22.838+08:00","2026-06-16T20:34:22.888+08:00",221.175980,EXP2,"exp2_target",1,1,"1:1|2:2|3:3|4:4"
"exp2_table_objects","实验二桌面四模型总体区域","Exp2_001_exp2_table_objects_0105","video_relative_to_recording_start",rectangle,0,316,1919,996,,,,"A037","Exp2_001","E1_SPATIAL_PROGRESSIVE",loading,,,,,1,TRUE,2600.000,2650.000,223.775986,223.825974,1920,1046,"ObjectSlot1-4",1,1,"video_relative_to_screen_recording_start",75.060127,148715.844,148765.844,1,75.060127,"1781613114174","../../../../../../Project/UE5/Gallery/Saved/ScreenRecordings/A037_v2_20260616_203154_screen.mkv",148715.844,148765.844,148740.844,"1781613262889","1781613262939","2026-06-16T20:34:22.888+08:00","2026-06-16T20:34:22.938+08:00",221.175980,EXP2,"exp2_table",1,1,"1:1|2:2|3:3|4:4"
"exp2_target_object","实验二当前目标模型_左脸","Exp2_001_exp2_target_object_0106","video_relative_to_recording_start",rectangle,0,316,626,996,,,,"A037","Exp2_001","E1_SPATIAL_PROGRESSIVE",loading,,,,,1,TRUE,2600.000,2650.000,223.775986,223.825974,1920,1046,"ObjectSlot1",1,1,"video_relative_to_screen_recording_start",75.060127,148715.844,148765.844,1,75.060127,"1781613114174","../../../../../../Project/UE5/Gallery/Saved/ScreenRecordings/A037_v2_20260616_203154_screen.mkv",148715.844,148765.844,148740.844,"1781613262889","1781613262939","2026-06-16T20:34:22.888+08:00","2026-06-16T20:34:22.938+08:00",221.175980,EXP2,"exp2_target",1,1,"1:1|2:2|3:3|4:4"
"exp2_table_objects","实验二桌面四模型总体区域","Exp2_001_exp2_table_objects_0107","video_relative_to_recording_start",rectangle,0,316,1919,996,,,,"A037","Exp2_001","E1_SPATIAL_PROGRESSIVE",loading,,,,,1,TRUE,2650.000,2700.000,223.825974,223.875977,1920,1046,"ObjectSlot1-4",1,1,"video_relative_to_screen_recording_start",75.060127,148765.844,148815.859,1,75.060127,"1781613114174","../../../../../../Project/UE5/Gallery/Saved/ScreenRecordings/A037_v2_20260616_203154_screen.mkv",148765.844,148815.859,148790.844,"1781613262939","1781613262989","2026-06-16T20:34:22.938+08:00","2026-06-16T20:34:22.988+08:00",221.175980,EXP2,"exp2_table",1,1,"1:1|2:2|3:3|4:4"
"exp2_target_object","实验二当前目标模型_左脸","Exp2_001_exp2_target_object_0108","video_relative_to_recording_start",rectangle,0,316,626,996,,,,"A037","Exp2_001","E1_SPATIAL_PROGRESSIVE",loading,,,,,1,TRUE,2650.000,2700.000,223.825974,223.875977,1920,1046,"ObjectSlot1",1,1,"video_relative_to_screen_recording_start",75.060127,148765.844,148815.859,1,75.060127,"1781613114174","../../../../../../Project/UE5/Gallery/Saved/ScreenRecordings/A037_v2_20260616_203154_screen.mkv",148765.844,148815.859,148790.844,"1781613262939","1781613262989","2026-06-16T20:34:22.938+08:00","2026-06-16T20:34:22.988+08:00",221.175980,EXP2,"exp2_target",1,1,"1:1|2:2|3:3|4:4"
"exp2_table_objects","实验二桌面四模型总体区域","Exp2_001_exp2_table_objects_0109","video_relative_to_recording_start",rectangle,0,316,1919,996,,,,"A037","Exp2_001","E1_SPATIAL_PROGRESSIVE",loading,,,,,1,TRUE,2700.000,2750.000,223.875977,223.925980,1920,1046,"ObjectSlot1-4",1,1,"video_relative_to_screen_recording_start",75.060127,148815.859,148865.844,1,75.060127,"1781613114174","../../../../../../Project/UE5/Gallery/Saved/ScreenRecordings/A037_v2_20260616_203154_screen.mkv",148815.859,148865.844,148840.844,"1781613262989","1781613263039","2026-06-16T20:34:22.988+08:00","2026-06-16T20:34:23.038+08:00",221.175980,EXP2,"exp2_table",1,1,"1:1|2:2|3:3|4:4"
"exp2_target_object","实验二当前目标模型_左脸","Exp2_001_exp2_target_object_0110","video_relative_to_recording_start",rectangle,0,316,626,996,,,,"A037","Exp2_001","E1_SPATIAL_PROGRESSIVE",loading,,,,,1,TRUE,2700.000,2750.000,223.875977,223.925980,1920,1046,"ObjectSlot1",1,1,"video_relative_to_screen_recording_start",75.060127,148815.859,148865.844,1,75.060127,"1781613114174","../../../../../../Project/UE5/Gallery/Saved/ScreenRecordings/A037_v2_20260616_203154_screen.mkv",148815.859,148865.844,148840.844,"1781613262989","1781613263039","2026-06-16T20:34:22.988+08:00","2026-06-16T20:34:23.038+08:00",221.175980,EXP2,"exp2_target",1,1,"1:1|2:2|3:3|4:4"
"exp2_table_objects","实验二桌面四模型总体区域","Exp2_001_exp2_table_objects_0111","video_relative_to_recording_start",rectangle,0,316,1919,996,,,,"A037","Exp2_001","E1_SPATIAL_PROGRESSIVE",loading,,,,,1,TRUE,2750.000,2800.000,223.925980,223.975983,1920,1046,"ObjectSlot1-4",1,1,"video_relative_to_screen_recording_start",75.060127,148865.844,148915.859,1,75.060127,"1781613114174","../../../../../../Project/UE5/Gallery/Saved/ScreenRecordings/A037_v2_20260616_203154_screen.mkv",148865.844,148915.859,148890.844,"1781613263039","1781613263089","2026-06-16T20:34:23.038+08:00","2026-06-16T20:34:23.088+08:00",221.175980,EXP2,"exp2_table",1,1,"1:1|2:2|3:3|4:4"
"exp2_target_object","实验二当前目标模型_左脸","Exp2_001_exp2_target_object_0112","video_relative_to_recording_start",rectangle,0,316,626,996,,,,"A037","Exp2_001","E1_SPATIAL_PROGRESSIVE",loading,,,,,1,TRUE,2750.000,2800.000,223.925980,223.975983,1920,1046,"ObjectSlot1",1,1,"video_relative_to_screen_recording_start",75.060127,148865.844,148915.859,1,75.060127,"1781613114174","../../../../../../Project/UE5/Gallery/Saved/ScreenRecordings/A037_v2_20260616_203154_screen.mkv",148865.844,148915.859,148890.844,"1781613263039","1781613263089","2026-06-16T20:34:23.038+08:00","2026-06-16T20:34:23.088+08:00",221.175980,EXP2,"exp2_target",1,1,"1:1|2:2|3:3|4:4"
"exp2_table_objects","实验二桌面四模型总体区域","Exp2_001_exp2_table_objects_0113","video_relative_to_recording_start",rectangle,0,316,1919,996,,,,"A037","Exp2_001","E1_SPATIAL_PROGRESSIVE",loading,,,,,1,TRUE,2800.000,2850.000,223.975983,224.025986,1920,1046,"ObjectSlot1-4",1,1,"video_relative_to_screen_recording_start",75.060127,148915.859,148965.844,1,75.060127,"1781613114174","../../../../../../Project/UE5/Gallery/Saved/ScreenRecordings/A037_v2_20260616_203154_screen.mkv",148915.859,148965.844,148940.844,"1781613263089","1781613263139","2026-06-16T20:34:23.088+08:00","2026-06-16T20:34:23.138+08:00",221.175980,EXP2,"exp2_table",1,1,"1:1|2:2|3:3|4:4"
"exp2_target_object","实验二当前目标模型_左脸","Exp2_001_exp2_target_object_0114","video_relative_to_recording_start",rectangle,0,316,626,996,,,,"A037","Exp2_001","E1_SPATIAL_PROGRESSIVE",loading,,,,,1,TRUE,2800.000,2850.000,223.975983,224.025986,1920,1046,"ObjectSlot1",1,1,"video_relative_to_screen_recording_start",75.060127,148915.859,148965.844,1,75.060127,"1781613114174","../../../../../../Project/UE5/Gallery/Saved/ScreenRecordings/A037_v2_20260616_203154_screen.mkv",148915.859,148965.844,148940.844,"1781613263089","1781613263139","2026-06-16T20:34:23.088+08:00","2026-06-16T20:34:23.138+08:00",221.175980,EXP2,"exp2_target",1,1,"1:1|2:2|3:3|4:4"
"exp2_table_objects","实验二桌面四模型总体区域","Exp2_001_exp2_table_objects_0115","video_relative_to_recording_start",rectangle,0,316,1919,996,,,,"A037","Exp2_001","E1_SPATIAL_PROGRESSIVE",loading,,,,,1,TRUE,2850.000,2900.000,224.025986,224.075974,1920,1046,"ObjectSlot1-4",1,1,"video_relative_to_screen_recording_start",75.060127,148965.844,149015.844,1,75.060127,"1781613114174","../../../../../../Project/UE5/Gallery/Saved/ScreenRecordings/A037_v2_20260616_203154_screen.mkv",148965.844,149015.844,148990.844,"1781613263139","1781613263189","2026-06-16T20:34:23.138+08:00","2026-06-16T20:34:23.188+08:00",221.175980,EXP2,"exp2_table",1,1,"1:1|2:2|3:3|4:4"
"exp2_target_object","实验二当前目标模型_左脸","Exp2_001_exp2_target_object_0116","video_relative_to_recording_start",rectangle,0,316,626,996,,,,"A037","Exp2_001","E1_SPATIAL_PROGRESSIVE",loading,,,,,1,TRUE,2850.000,2900.000,224.025986,224.075974,1920,1046,"ObjectSlot1",1,1,"video_relative_to_screen_recording_start",75.060127,148965.844,149015.844,1,75.060127,"1781613114174","../../../../../../Project/UE5/Gallery/Saved/ScreenRecordings/A037_v2_20260616_203154_screen.mkv",148965.844,149015.844,148990.844,"1781613263139","1781613263189","2026-06-16T20:34:23.138+08:00","2026-06-16T20:34:23.188+08:00",221.175980,EXP2,"exp2_target",1,1,"1:1|2:2|3:3|4:4"
"exp2_table_objects","实验二桌面四模型总体区域","Exp2_001_exp2_table_objects_0117","video_relative_to_recording_start",rectangle,0,316,1919,996,,,,"A037","Exp2_001","E1_SPATIAL_PROGRESSIVE",loading,,,,,1,TRUE,2900.000,2950.000,224.075974,224.125977,1920,1046,"ObjectSlot1-4",1,1,"video_relative_to_screen_recording_start",75.060127,149015.844,149065.859,1,75.060127,"1781613114174","../../../../../../Project/UE5/Gallery/Saved/ScreenRecordings/A037_v2_20260616_203154_screen.mkv",149015.844,149065.859,149040.844,"1781613263189","1781613263239","2026-06-16T20:34:23.188+08:00","2026-06-16T20:34:23.238+08:00",221.175980,EXP2,"exp2_table",1,1,"1:1|2:2|3:3|4:4"
"exp2_target_object","实验二当前目标模型_左脸","Exp2_001_exp2_target_object_0118","video_relative_to_recording_start",rectangle,0,316,626,996,,,,"A037","Exp2_001","E1_SPATIAL_PROGRESSIVE",loading,,,,,1,TRUE,2900.000,2950.000,224.075974,224.125977,1920,1046,"ObjectSlot1",1,1,"video_relative_to_screen_recording_start",75.060127,149015.844,149065.859,1,75.060127,"1781613114174","../../../../../../Project/UE5/Gallery/Saved/ScreenRecordings/A037_v2_20260616_203154_screen.mkv",149015.844,149065.859,149040.844,"1781613263189","1781613263239","2026-06-16T20:34:23.188+08:00","2026-06-16T20:34:23.238+08:00",221.175980,EXP2,"exp2_target",1,1,"1:1|2:2|3:3|4:4"
"exp2_table_objects","实验二桌面四模型总体区域","Exp2_001_exp2_table_objects_0119","video_relative_to_recording_start",rectangle,0,316,1919,996,,,,"A037","Exp2_001","E1_SPATIAL_PROGRESSIVE",loading,,,,,1,TRUE,2950.000,3000.000,224.125977,224.175980,1920,1046,"ObjectSlot1-4",1,1,"video_relative_to_screen_recording_start",75.060127,149065.859,149115.844,1,75.060127,"1781613114174","../../../../../../Project/UE5/Gallery/Saved/ScreenRecordings/A037_v2_20260616_203154_screen.mkv",149065.859,149115.844,149090.844,"1781613263239","1781613263289","2026-06-16T20:34:23.238+08:00","2026-06-16T20:34:23.288+08:00",221.175980,EXP2,"exp2_table",1,1,"1:1|2:2|3:3|4:4"
"exp2_target_object","实验二当前目标模型_左脸","Exp2_001_exp2_target_object_0120","video_relative_to_recording_start",rectangle,0,316,626,996,,,,"A037","Exp2_001","E1_SPATIAL_PROGRESSIVE",loading,,,,,1,TRUE,2950.000,3000.000,224.125977,224.175980,1920,1046,"ObjectSlot1",1,1,"video_relative_to_screen_recording_start",75.060127,149065.859,149115.844,1,75.060127,"1781613114174","../../../../../../Project/UE5/Gallery/Saved/ScreenRecordings/A037_v2_20260616_203154_screen.mkv",149065.859,149115.844,149090.844,"1781613263239","1781613263289","2026-06-16T20:34:23.238+08:00","2026-06-16T20:34:23.288+08:00",221.175980,EXP2,"exp2_target",1,1,"1:1|2:2|3:3|4:4"
"exp2_table_objects","实验二桌面四模型总体区域","Exp2_001_exp2_table_objects_0121","video_relative_to_recording_start",rectangle,0,316,1919,996,,,,"A037","Exp2_001","E1_SPATIAL_PROGRESSIVE",loading,,,,,1,TRUE,3000.000,3050.000,224.175980,224.225983,1920,1046,"ObjectSlot1-4",1,1,"video_relative_to_screen_recording_start",75.060127,149115.844,149165.859,1,75.060127,"1781613114174","../../../../../../Project/UE5/Gallery/Saved/ScreenRecordings/A037_v2_20260616_203154_screen.mkv",149115.844,149165.859,149140.844,"1781613263289","1781613263339","2026-06-16T20:34:23.288+08:00","2026-06-16T20:34:23.338+08:00",221.175980,EXP2,"exp2_table",1,1,"1:1|2:2|3:3|4:4"
"exp2_target_object","实验二当前目标模型_左脸","Exp2_001_exp2_target_object_0122","video_relative_to_recording_start",rectangle,0,316,626,996,,,,"A037","Exp2_001","E1_SPATIAL_PROGRESSIVE",loading,,,,,1,TRUE,3000.000,3050.000,224.175980,224.225983,1920,1046,"ObjectSlot1",1,1,"video_relative_to_screen_recording_start",75.060127,149115.844,149165.859,1,75.060127,"1781613114174","../../../../../../Project/UE5/Gallery/Saved/ScreenRecordings/A037_v2_20260616_203154_screen.mkv",149115.844,149165.859,149140.844,"1781613263289","1781613263339","2026-06-16T20:34:23.288+08:00","2026-06-16T20:34:23.338+08:00",221.175980,EXP2,"exp2_target",1,1,"1:1|2:2|3:3|4:4"
"exp2_table_objects","实验二桌面四模型总体区域","Exp2_001_exp2_table_objects_0123","video_relative_to_recording_start",rectangle,0,316,1919,996,,,,"A037","Exp2_001","E1_SPATIAL_PROGRESSIVE",loading,,,,,1,TRUE,3050.000,3100.000,224.225983,224.275986,1920,1046,"ObjectSlot1-4",1,1,"video_relative_to_screen_recording_start",75.060127,149165.859,149215.844,1,75.060127,"1781613114174","../../../../../../Project/UE5/Gallery/Saved/ScreenRecordings/A037_v2_20260616_203154_screen.mkv",149165.859,149215.844,149190.844,"1781613263339","1781613263389","2026-06-16T20:34:23.338+08:00","2026-06-16T20:34:23.388+08:00",221.175980,EXP2,"exp2_table",1,1,"1:1|2:2|3:3|4:4"
"exp2_target_object","实验二当前目标模型_左脸","Exp2_001_exp2_target_object_0124","video_relative_to_recording_start",rectangle,0,316,626,996,,,,"A037","Exp2_001","E1_SPATIAL_PROGRESSIVE",loading,,,,,1,TRUE,3050.000,3100.000,224.225983,224.275986,1920,1046,"ObjectSlot1",1,1,"video_relative_to_screen_recording_start",75.060127,149165.859,149215.844,1,75.060127,"1781613114174","../../../../../../Project/UE5/Gallery/Saved/ScreenRecordings/A037_v2_20260616_203154_screen.mkv",149165.859,149215.844,149190.844,"1781613263339","1781613263389","2026-06-16T20:34:23.338+08:00","2026-06-16T20:34:23.388+08:00",221.175980,EXP2,"exp2_target",1,1,"1:1|2:2|3:3|4:4"
"exp2_table_objects","实验二桌面四模型总体区域","Exp2_001_exp2_table_objects_0125","video_relative_to_recording_start",rectangle,0,316,1919,996,,,,"A037","Exp2_001","E1_SPATIAL_PROGRESSIVE",loading,,,,,1,TRUE,3100.000,3150.000,224.275986,224.325974,1920,1046,"ObjectSlot1-4",1,1,"video_relative_to_screen_recording_start",75.060127,149215.844,149265.844,1,75.060127,"1781613114174","../../../../../../Project/UE5/Gallery/Saved/ScreenRecordings/A037_v2_20260616_203154_screen.mkv",149215.844,149265.844,149240.844,"1781613263389","1781613263439","2026-06-16T20:34:23.388+08:00","2026-06-16T20:34:23.438+08:00",221.175980,EXP2,"exp2_table",1,1,"1:1|2:2|3:3|4:4"
"exp2_target_object","实验二当前目标模型_左脸","Exp2_001_exp2_target_object_0126","video_relative_to_recording_start",rectangle,0,316,626,996,,,,"A037","Exp2_001","E1_SPATIAL_PROGRESSIVE",loading,,,,,1,TRUE,3100.000,3150.000,224.275986,224.325974,1920,1046,"ObjectSlot1",1,1,"video_relative_to_screen_recording_start",75.060127,149215.844,149265.844,1,75.060127,"1781613114174","../../../../../../Project/UE5/Gallery/Saved/ScreenRecordings/A037_v2_20260616_203154_screen.mkv",149215.844,149265.844,149240.844,"1781613263389","1781613263439","2026-06-16T20:34:23.388+08:00","2026-06-16T20:34:23.438+08:00",221.175980,EXP2,"exp2_target",1,1,"1:1|2:2|3:3|4:4"
"exp2_table_objects","实验二桌面四模型总体区域","Exp2_001_exp2_table_objects_0127","video_relative_to_recording_start",rectangle,0,316,1919,996,,,,"A037","Exp2_001","E1_SPATIAL_PROGRESSIVE",loading,,,,,1,TRUE,3150.000,3200.000,224.325974,224.375977,1920,1046,"ObjectSlot1-4",1,1,"video_relative_to_screen_recording_start",75.060127,149265.844,149315.859,1,75.060127,"1781613114174","../../../../../../Project/UE5/Gallery/Saved/ScreenRecordings/A037_v2_20260616_203154_screen.mkv",149265.844,149315.859,149290.844,"1781613263439","1781613263489","2026-06-16T20:34:23.438+08:00","2026-06-16T20:34:23.488+08:00",221.175980,EXP2,"exp2_table",1,1,"1:1|2:2|3:3|4:4"
"exp2_target_object","实验二当前目标模型_左脸","Exp2_001_exp2_target_object_0128","video_relative_to_recording_start",rectangle,0,316,626,996,,,,"A037","Exp2_001","E1_SPATIAL_PROGRESSIVE",loading,,,,,1,TRUE,3150.000,3200.000,224.325974,224.375977,1920,1046,"ObjectSlot1",1,1,"video_relative_to_screen_recording_start",75.060127,149265.844,149315.859,1,75.060127,"1781613114174","../../../../../../Project/UE5/Gallery/Saved/ScreenRecordings/A037_v2_20260616_203154_screen.mkv",149265.844,149315.859,149290.844,"1781613263439","1781613263489","2026-06-16T20:34:23.438+08:00","2026-06-16T20:34:23.488+08:00",221.175980,EXP2,"exp2_target",1,1,"1:1|2:2|3:3|4:4"
"exp2_table_objects","实验二桌面四模型总体区域","Exp2_001_exp2_table_objects_0129","video_relative_to_recording_start",rectangle,0,316,1919,996,,,,"A037","Exp2_001","E1_SPATIAL_PROGRESSIVE",loading,,,,,1,TRUE,3200.000,3250.000,224.375977,224.425980,1920,1046,"ObjectSlot1-4",1,1,"video_relative_to_screen_recording_start",75.060127,149315.859,149365.844,1,75.060127,"1781613114174","../../../../../../Project/UE5/Gallery/Saved/ScreenRecordings/A037_v2_20260616_203154_screen.mkv",149315.859,149365.844,149340.844,"1781613263489","1781613263539","2026-06-16T20:34:23.488+08:00","2026-06-16T20:34:23.538+08:00",221.175980,EXP2,"exp2_table",1,1,"1:1|2:2|3:3|4:4"
"exp2_target_object","实验二当前目标模型_左脸","Exp2_001_exp2_target_object_0130","video_relative_to_recording_start",rectangle,0,316,626,996,,,,"A037","Exp2_001","E1_SPATIAL_PROGRESSIVE",loading,,,,,1,TRUE,3200.000,3250.000,224.375977,224.425980,1920,1046,"ObjectSlot1",1,1,"video_relative_to_screen_recording_start",75.060127,149315.859,149365.844,1,75.060127,"1781613114174","../../../../../../Project/UE5/Gallery/Saved/ScreenRecordings/A037_v2_20260616_203154_screen.mkv",149315.859,149365.844,149340.844,"1781613263489","1781613263539","2026-06-16T20:34:23.488+08:00","2026-06-16T20:34:23.538+08:00",221.175980,EXP2,"exp2_target",1,1,"1:1|2:2|3:3|4:4"
"exp2_table_objects","实验二桌面四模型总体区域","Exp2_001_exp2_table_objects_0131","video_relative_to_recording_start",rectangle,0,316,1919,996,,,,"A037","Exp2_001","E1_SPATIAL_PROGRESSIVE",loading,,,,,1,TRUE,3250.000,3300.000,224.425980,224.475983,1920,1046,"ObjectSlot1-4",1,1,"video_relative_to_screen_recording_start",75.060127,149365.844,149415.859,1,75.060127,"1781613114174","../../../../../../Project/UE5/Gallery/Saved/ScreenRecordings/A037_v2_20260616_203154_screen.mkv",149365.844,149415.859,149390.844,"1781613263539","1781613263589","2026-06-16T20:34:23.538+08:00","2026-06-16T20:34:23.588+08:00",221.175980,EXP2,"exp2_table",1,1,"1:1|2:2|3:3|4:4"
"exp2_target_object","实验二当前目标模型_左脸","Exp2_001_exp2_target_object_0132","video_relative_to_recording_start",rectangle,0,316,626,996,,,,"A037","Exp2_001","E1_SPATIAL_PROGRESSIVE",loading,,,,,1,TRUE,3250.000,3300.000,224.425980,224.475983,1920,1046,"ObjectSlot1",1,1,"video_relative_to_screen_recording_start",75.060127,149365.844,149415.859,1,75.060127,"1781613114174","../../../../../../Project/UE5/Gallery/Saved/ScreenRecordings/A037_v2_20260616_203154_screen.mkv",149365.844,149415.859,149390.844,"1781613263539","1781613263589","2026-06-16T20:34:23.538+08:00","2026-06-16T20:34:23.588+08:00",221.175980,EXP2,"exp2_target",1,1,"1:1|2:2|3:3|4:4"
"exp2_table_objects","实验二桌面四模型总体区域","Exp2_001_exp2_table_objects_0133","video_relative_to_recording_start",rectangle,0,316,1919,996,,,,"A037","Exp2_001","E1_SPATIAL_PROGRESSIVE",loading,,,,,1,TRUE,3300.000,3350.000,224.475983,224.525986,1920,1046,"ObjectSlot1-4",1,1,"video_relative_to_screen_recording_start",75.060127,149415.859,149465.844,1,75.060127,"1781613114174","../../../../../../Project/UE5/Gallery/Saved/ScreenRecordings/A037_v2_20260616_203154_screen.mkv",149415.859,149465.844,149440.844,"1781613263589","1781613263639","2026-06-16T20:34:23.588+08:00","2026-06-16T20:34:23.638+08:00",221.175980,EXP2,"exp2_table",1,1,"1:1|2:2|3:3|4:4"
"exp2_target_object","实验二当前目标模型_左脸","Exp2_001_exp2_target_object_0134","video_relative_to_recording_start",rectangle,0,316,626,996,,,,"A037","Exp2_001","E1_SPATIAL_PROGRESSIVE",loading,,,,,1,TRUE,3300.000,3350.000,224.475983,224.525986,1920,1046,"ObjectSlot1",1,1,"video_relative_to_screen_recording_start",75.060127,149415.859,149465.844,1,75.060127,"1781613114174","../../../../../../Project/UE5/Gallery/Saved/ScreenRecordings/A037_v2_20260616_203154_screen.mkv",149415.859,149465.844,149440.844,"1781613263589","1781613263639","2026-06-16T20:34:23.588+08:00","2026-06-16T20:34:23.638+08:00",221.175980,EXP2,"exp2_target",1,1,"1:1|2:2|3:3|4:4"
"exp2_table_objects","实验二桌面四模型总体区域","Exp2_001_exp2_table_objects_0135","video_relative_to_recording_start",rectangle,0,316,1919,996,,,,"A037","Exp2_001","E1_SPATIAL_PROGRESSIVE",loading,,,,,1,TRUE,3350.000,3400.000,224.525986,224.575974,1920,1046,"ObjectSlot1-4",1,1,"video_relative_to_screen_recording_start",75.060127,149465.844,149515.844,1,75.060127,"1781613114174","../../../../../../Project/UE5/Gallery/Saved/ScreenRecordings/A037_v2_20260616_203154_screen.mkv",149465.844,149515.844,149490.844,"1781613263639","1781613263689","2026-06-16T20:34:23.638+08:00","2026-06-16T20:34:23.688+08:00",221.175980,EXP2,"exp2_table",1,1,"1:1|2:2|3:3|4:4"
"exp2_target_object","实验二当前目标模型_左脸","Exp2_001_exp2_target_object_0136","video_relative_to_recording_start",rectangle,0,316,626,996,,,,"A037","Exp2_001","E1_SPATIAL_PROGRESSIVE",loading,,,,,1,TRUE,3350.000,3400.000,224.525986,224.575974,1920,1046,"ObjectSlot1",1,1,"video_relative_to_screen_recording_start",75.060127,149465.844,149515.844,1,75.060127,"1781613114174","../../../../../../Project/UE5/Gallery/Saved/ScreenRecordings/A037_v2_20260616_203154_screen.mkv",149465.844,149515.844,149490.844,"1781613263639","1781613263689","2026-06-16T20:34:23.638+08:00","2026-06-16T20:34:23.688+08:00",221.175980,EXP2,"exp2_target",1,1,"1:1|2:2|3:3|4:4"
"exp2_table_objects","实验二桌面四模型总体区域","Exp2_001_exp2_table_objects_0137","video_relative_to_recording_start",rectangle,0,316,1919,996,,,,"A037","Exp2_001","E1_SPATIAL_PROGRESSIVE",loading,,,,,1,TRUE,3400.000,3450.000,224.575974,224.625977,1920,1046,"ObjectSlot1-4",1,1,"video_relative_to_screen_recording_start",75.060127,149515.844,149565.859,1,75.060127,"1781613114174","../../../../../../Project/UE5/Gallery/Saved/ScreenRecordings/A037_v2_20260616_203154_screen.mkv",149515.844,149565.859,149540.844,"1781613263689","1781613263739","2026-06-16T20:34:23.688+08:00","2026-06-16T20:34:23.738+08:00",221.175980,EXP2,"exp2_table",1,1,"1:1|2:2|3:3|4:4"
"exp2_target_object","实验二当前目标模型_左脸","Exp2_001_exp2_target_object_0138","video_relative_to_recording_start",rectangle,0,316,626,996,,,,"A037","Exp2_001","E1_SPATIAL_PROGRESSIVE",loading,,,,,1,TRUE,3400.000,3450.000,224.575974,224.625977,1920,1046,"ObjectSlot1",1,1,"video_relative_to_screen_recording_start",75.060127,149515.844,149565.859,1,75.060127,"1781613114174","../../../../../../Project/UE5/Gallery/Saved/ScreenRecordings/A037_v2_20260616_203154_screen.mkv",149515.844,149565.859,149540.844,"1781613263689","1781613263739","2026-06-16T20:34:23.688+08:00","2026-06-16T20:34:23.738+08:00",221.175980,EXP2,"exp2_target",1,1,"1:1|2:2|3:3|4:4"
"exp2_table_objects","实验二桌面四模型总体区域","Exp2_001_exp2_table_objects_0139","video_relative_to_recording_start",rectangle,0,316,1919,996,,,,"A037","Exp2_001","E1_SPATIAL_PROGRESSIVE",loading,,,,,1,TRUE,3450.000,3500.000,224.625977,224.675980,1920,1046,"ObjectSlot1-4",1,1,"video_relative_to_screen_recording_start",75.060127,149565.859,149615.844,1,75.060127,"1781613114174","../../../../../../Project/UE5/Gallery/Saved/ScreenRecordings/A037_v2_20260616_203154_screen.mkv",149565.859,149615.844,149590.844,"1781613263739","1781613263789","2026-06-16T20:34:23.738+08:00","2026-06-16T20:34:23.788+08:00",221.175980,EXP2,"exp2_table",1,1,"1:1|2:2|3:3|4:4"
"exp2_target_object","实验二当前目标模型_左脸","Exp2_001_exp2_target_object_0140","video_relative_to_recording_start",rectangle,0,316,626,996,,,,"A037","Exp2_001","E1_SPATIAL_PROGRESSIVE",loading,,,,,1,TRUE,3450.000,3500.000,224.625977,224.675980,1920,1046,"ObjectSlot1",1,1,"video_relative_to_screen_recording_start",75.060127,149565.859,149615.844,1,75.060127,"1781613114174","../../../../../../Project/UE5/Gallery/Saved/ScreenRecordings/A037_v2_20260616_203154_screen.mkv",149565.859,149615.844,149590.844,"1781613263739","1781613263789","2026-06-16T20:34:23.738+08:00","2026-06-16T20:34:23.788+08:00",221.175980,EXP2,"exp2_target",1,1,"1:1|2:2|3:3|4:4"
"exp2_table_objects","实验二桌面四模型总体区域","Exp2_001_exp2_table_objects_0141","video_relative_to_recording_start",rectangle,0,316,1919,996,,,,"A037","Exp2_001","E1_SPATIAL_PROGRESSIVE",loading,,,,,1,TRUE,3500.000,3550.000,224.675980,224.725983,1920,1046,"ObjectSlot1-4",1,1,"video_relative_to_screen_recording_start",75.060127,149615.844,149665.859,1,75.060127,"1781613114174","../../../../../../Project/UE5/Gallery/Saved/ScreenRecordings/A037_v2_20260616_203154_screen.mkv",149615.844,149665.859,149640.844,"1781613263789","1781613263839","2026-06-16T20:34:23.788+08:00","2026-06-16T20:34:23.838+08:00",221.175980,EXP2,"exp2_table",1,1,"1:1|2:2|3:3|4:4"
"exp2_target_object","实验二当前目标模型_左脸","Exp2_001_exp2_target_object_0142","video_relative_to_recording_start",rectangle,0,316,626,996,,,,"A037","Exp2_001","E1_SPATIAL_PROGRESSIVE",loading,,,,,1,TRUE,3500.000,3550.000,224.675980,224.725983,1920,1046,"ObjectSlot1",1,1,"video_relative_to_screen_recording_start",75.060127,149615.844,149665.859,1,75.060127,"1781613114174","../../../../../../Project/UE5/Gallery/Saved/ScreenRecordings/A037_v2_20260616_203154_screen.mkv",149615.844,149665.859,149640.844,"1781613263789","1781613263839","2026-06-16T20:34:23.788+08:00","2026-06-16T20:34:23.838+08:00",221.175980,EXP2,"exp2_target",1,1,"1:1|2:2|3:3|4:4"
"exp2_table_objects","实验二桌面四模型总体区域","Exp2_001_exp2_table_objects_0143","video_relative_to_recording_start",rectangle,0,316,1919,996,,,,"A037","Exp2_001","E1_SPATIAL_PROGRESSIVE",loading,,,,,1,TRUE,3550.000,3600.000,224.725983,224.775986,1920,1046,"ObjectSlot1-4",1,1,"video_relative_to_screen_recording_start",75.060127,149665.859,149715.844,1,75.060127,"1781613114174","../../../../../../Project/UE5/Gallery/Saved/ScreenRecordings/A037_v2_20260616_203154_screen.mkv",149665.859,149715.844,149690.844,"1781613263839","1781613263889","2026-06-16T20:34:23.838+08:00","2026-06-16T20:34:23.888+08:00",221.175980,EXP2,"exp2_table",1,1,"1:1|2:2|3:3|4:4"
"exp2_target_object","实验二当前目标模型_左脸","Exp2_001_exp2_target_object_0144","video_relative_to_recording_start",rectangle,0,316,626,996,,,,"A037","Exp2_001","E1_SPATIAL_PROGRESSIVE",loading,,,,,1,TRUE,3550.000,3600.000,224.725983,224.775986,1920,1046,"ObjectSlot1",1,1,"video_relative_to_screen_recording_start",75.060127,149665.859,149715.844,1,75.060127,"1781613114174","../../../../../../Project/UE5/Gallery/Saved/ScreenRecordings/A037_v2_20260616_203154_screen.mkv",149665.859,149715.844,149690.844,"1781613263839","1781613263889","2026-06-16T20:34:23.838+08:00","2026-06-16T20:34:23.888+08:00",221.175980,EXP2,"exp2_target",1,1,"1:1|2:2|3:3|4:4"
"exp2_table_objects","实验二桌面四模型总体区域","Exp2_001_exp2_table_objects_0145","video_relative_to_recording_start",rectangle,0,316,1919,996,,,,"A037","Exp2_001","E1_SPATIAL_PROGRESSIVE",loading,,,,,1,TRUE,3600.000,3650.000,224.775986,224.825974,1920,1046,"ObjectSlot1-4",1,1,"video_relative_to_screen_recording_start",75.060127,149715.844,149765.844,1,75.060127,"1781613114174","../../../../../../Project/UE5/Gallery/Saved/ScreenRecordings/A037_v2_20260616_203154_screen.mkv",149715.844,149765.844,149740.844,"1781613263889","1781613263939","2026-06-16T20:34:23.888+08:00","2026-06-16T20:34:23.938+08:00",221.175980,EXP2,"exp2_table",1,1,"1:1|2:2|3:3|4:4"
"exp2_target_object","实验二当前目标模型_左脸","Exp2_001_exp2_target_object_0146","video_relative_to_recording_start",rectangle,0,316,626,996,,,,"A037","Exp2_001","E1_SPATIAL_PROGRESSIVE",loading,,,,,1,TRUE,3600.000,3650.000,224.775986,224.825974,1920,1046,"ObjectSlot1",1,1,"video_relative_to_screen_recording_start",75.060127,149715.844,149765.844,1,75.060127,"1781613114174","../../../../../../Project/UE5/Gallery/Saved/ScreenRecordings/A037_v2_20260616_203154_screen.mkv",149715.844,149765.844,149740.844,"1781613263889","1781613263939","2026-06-16T20:34:23.888+08:00","2026-06-16T20:34:23.938+08:00",221.175980,EXP2,"exp2_target",1,1,"1:1|2:2|3:3|4:4"
"exp2_table_objects","实验二桌面四模型总体区域","Exp2_001_exp2_table_objects_0147","video_relative_to_recording_start",rectangle,0,316,1919,996,,,,"A037","Exp2_001","E1_SPATIAL_PROGRESSIVE",loading,,,,,1,TRUE,3650.000,3700.000,224.825974,224.875977,1920,1046,"ObjectSlot1-4",1,1,"video_relative_to_screen_recording_start",75.060127,149765.844,149815.859,1,75.060127,"1781613114174","../../../../../../Project/UE5/Gallery/Saved/ScreenRecordings/A037_v2_20260616_203154_screen.mkv",149765.844,149815.859,149790.844,"1781613263939","1781613263989","2026-06-16T20:34:23.938+08:00","2026-06-16T20:34:23.988+08:00",221.175980,EXP2,"exp2_table",1,1,"1:1|2:2|3:3|4:4"
"exp2_target_object","实验二当前目标模型_左脸","Exp2_001_exp2_target_object_0148","video_relative_to_recording_start",rectangle,0,316,626,996,,,,"A037","Exp2_001","E1_SPATIAL_PROGRESSIVE",loading,,,,,1,TRUE,3650.000,3700.000,224.825974,224.875977,1920,1046,"ObjectSlot1",1,1,"video_relative_to_screen_recording_start",75.060127,149765.844,149815.859,1,75.060127,"1781613114174","../../../../../../Project/UE5/Gallery/Saved/ScreenRecordings/A037_v2_20260616_203154_screen.mkv",149765.844,149815.859,149790.844,"1781613263939","1781613263989","2026-06-16T20:34:23.938+08:00","2026-06-16T20:34:23.988+08:00",221.175980,EXP2,"exp2_target",1,1,"1:1|2:2|3:3|4:4"
"exp2_table_objects","实验二桌面四模型总体区域","Exp2_001_exp2_table_objects_0149","video_relative_to_recording_start",rectangle,0,316,1919,996,,,,"A037","Exp2_001","E1_SPATIAL_PROGRESSIVE",loading,,,,,1,TRUE,3700.000,3750.000,224.875977,224.925980,1920,1046,"ObjectSlot1-4",1,1,"video_relative_to_screen_recording_start",75.060127,149815.859,149865.844,1,75.060127,"1781613114174","../../../../../../Project/UE5/Gallery/Saved/ScreenRecordings/A037_v2_20260616_203154_screen.mkv",149815.859,149865.844,149840.844,"1781613263989","1781613264039","2026-06-16T20:34:23.988+08:00","2026-06-16T20:34:24.038+08:00",221.175980,EXP2,"exp2_table",1,1,"1:1|2:2|3:3|4:4"
"exp2_target_object","实验二当前目标模型_左脸","Exp2_001_exp2_target_object_0150","video_relative_to_recording_start",rectangle,0,316,626,996,,,,"A037","Exp2_001","E1_SPATIAL_PROGRESSIVE",loading,,,,,1,TRUE,3700.000,3750.000,224.875977,224.925980,1920,1046,"ObjectSlot1",1,1,"video_relative_to_screen_recording_start",75.060127,149815.859,149865.844,1,75.060127,"1781613114174","../../../../../../Project/UE5/Gallery/Saved/ScreenRecordings/A037_v2_20260616_203154_screen.mkv",149815.859,149865.844,149840.844,"1781613263989","1781613264039","2026-06-16T20:34:23.988+08:00","2026-06-16T20:34:24.038+08:00",221.175980,EXP2,"exp2_target",1,1,"1:1|2:2|3:3|4:4"
"exp2_table_objects","实验二桌面四模型总体区域","Exp2_001_exp2_table_objects_0151","video_relative_to_recording_start",rectangle,0,316,1919,996,,,,"A037","Exp2_001","E1_SPATIAL_PROGRESSIVE",loading,,,,,1,TRUE,3750.000,3800.000,224.925980,224.975983,1920,1046,"ObjectSlot1-4",1,1,"video_relative_to_screen_recording_start",75.060127,149865.844,149915.859,1,75.060127,"1781613114174","../../../../../../Project/UE5/Gallery/Saved/ScreenRecordings/A037_v2_20260616_203154_screen.mkv",149865.844,149915.859,149890.844,"1781613264039","1781613264089","2026-06-16T20:34:24.038+08:00","2026-06-16T20:34:24.088+08:00",221.175980,EXP2,"exp2_table",1,1,"1:1|2:2|3:3|4:4"
"exp2_target_object","实验二当前目标模型_左脸","Exp2_001_exp2_target_object_0152","video_relative_to_recording_start",rectangle,0,316,626,996,,,,"A037","Exp2_001","E1_SPATIAL_PROGRESSIVE",loading,,,,,1,TRUE,3750.000,3800.000,224.925980,224.975983,1920,1046,"ObjectSlot1",1,1,"video_relative_to_screen_recording_start",75.060127,149865.844,149915.859,1,75.060127,"1781613114174","../../../../../../Project/UE5/Gallery/Saved/ScreenRecordings/A037_v2_20260616_203154_screen.mkv",149865.844,149915.859,149890.844,"1781613264039","1781613264089","2026-06-16T20:34:24.038+08:00","2026-06-16T20:34:24.088+08:00",221.175980,EXP2,"exp2_target",1,1,"1:1|2:2|3:3|4:4"
"exp2_table_objects","实验二桌面四模型总体区域","Exp2_001_exp2_table_objects_0153","video_relative_to_recording_start",rectangle,0,316,1919,996,,,,"A037","Exp2_001","E1_SPATIAL_PROGRESSIVE",loading,,,,,1,TRUE,3800.000,3850.000,224.975983,225.025986,1920,1046,"ObjectSlot1-4",1,1,"video_relative_to_screen_recording_start",75.060127,149915.859,149965.844,1,75.060127,"1781613114174","../../../../../../Project/UE5/Gallery/Saved/ScreenRecordings/A037_v2_20260616_203154_screen.mkv",149915.859,149965.844,149940.844,"1781613264089","1781613264139","2026-06-16T20:34:24.088+08:00","2026-06-16T20:34:24.138+08:00",221.175980,EXP2,"exp2_table",1,1,"1:1|2:2|3:3|4:4"
"exp2_target_object","实验二当前目标模型_左脸","Exp2_001_exp2_target_object_0154","video_relative_to_recording_start",rectangle,0,316,626,996,,,,"A037","Exp2_001","E1_SPATIAL_PROGRESSIVE",loading,,,,,1,TRUE,3800.000,3850.000,224.975983,225.025986,1920,1046,"ObjectSlot1",1,1,"video_relative_to_screen_recording_start",75.060127,149915.859,149965.844,1,75.060127,"1781613114174","../../../../../../Project/UE5/Gallery/Saved/ScreenRecordings/A037_v2_20260616_203154_screen.mkv",149915.859,149965.844,149940.844,"1781613264089","1781613264139","2026-06-16T20:34:24.088+08:00","2026-06-16T20:34:24.138+08:00",221.175980,EXP2,"exp2_target",1,1,"1:1|2:2|3:3|4:4"
"exp2_table_objects","实验二桌面四模型总体区域","Exp2_001_exp2_table_objects_0155","video_relative_to_recording_start",rectangle,0,316,1919,996,,,,"A037","Exp2_001","E1_SPATIAL_PROGRESSIVE",loading,,,,,1,TRUE,3850.000,3900.000,225.025986,225.075974,1920,1046,"ObjectSlot1-4",1,1,"video_relative_to_screen_recording_start",75.060127,149965.844,150015.844,1,75.060127,"1781613114174","../../../../../../Project/UE5/Gallery/Saved/ScreenRecordings/A037_v2_20260616_203154_screen.mkv",149965.844,150015.844,149990.844,"1781613264139","1781613264189","2026-06-16T20:34:24.138+08:00","2026-06-16T20:34:24.188+08:00",221.175980,EXP2,"exp2_table",1,1,"1:1|2:2|3:3|4:4"
"exp2_target_object","实验二当前目标模型_左脸","Exp2_001_exp2_target_object_0156","video_relative_to_recording_start",rectangle,0,316,626,996,,,,"A037","Exp2_001","E1_SPATIAL_PROGRESSIVE",loading,,,,,1,TRUE,3850.000,3900.000,225.025986,225.075974,1920,1046,"ObjectSlot1",1,1,"video_relative_to_screen_recording_start",75.060127,149965.844,150015.844,1,75.060127,"1781613114174","../../../../../../Project/UE5/Gallery/Saved/ScreenRecordings/A037_v2_20260616_203154_screen.mkv",149965.844,150015.844,149990.844,"1781613264139","1781613264189","2026-06-16T20:34:24.138+08:00","2026-06-16T20:34:24.188+08:00",221.175980,EXP2,"exp2_target",1,1,"1:1|2:2|3:3|4:4"
"exp2_table_objects","实验二桌面四模型总体区域","Exp2_001_exp2_table_objects_0157","video_relative_to_recording_start",rectangle,0,316,1919,996,,,,"A037","Exp2_001","E1_SPATIAL_PROGRESSIVE",loading,,,,,1,TRUE,3900.000,3950.000,225.075974,225.125977,1920,1046,"ObjectSlot1-4",1,1,"video_relative_to_screen_recording_start",75.060127,150015.844,150065.859,1,75.060127,"1781613114174","../../../../../../Project/UE5/Gallery/Saved/ScreenRecordings/A037_v2_20260616_203154_screen.mkv",150015.844,150065.859,150040.844,"1781613264189","1781613264239","2026-06-16T20:34:24.188+08:00","2026-06-16T20:34:24.238+08:00",221.175980,EXP2,"exp2_table",1,1,"1:1|2:2|3:3|4:4"
"exp2_target_object","实验二当前目标模型_左脸","Exp2_001_exp2_target_object_0158","video_relative_to_recording_start",rectangle,0,316,626,996,,,,"A037","Exp2_001","E1_SPATIAL_PROGRESSIVE",loading,,,,,1,TRUE,3900.000,3950.000,225.075974,225.125977,1920,1046,"ObjectSlot1",1,1,"video_relative_to_screen_recording_start",75.060127,150015.844,150065.859,1,75.060127,"1781613114174","../../../../../../Project/UE5/Gallery/Saved/ScreenRecordings/A037_v2_20260616_203154_screen.mkv",150015.844,150065.859,150040.844,"1781613264189","1781613264239","2026-06-16T20:34:24.188+08:00","2026-06-16T20:34:24.238+08:00",221.175980,EXP2,"exp2_target",1,1,"1:1|2:2|3:3|4:4"
"exp2_table_objects","实验二桌面四模型总体区域","Exp2_001_exp2_table_objects_0159","video_relative_to_recording_start",rectangle,0,317,1919,996,,,,"A037","Exp2_001","E1_SPATIAL_PROGRESSIVE",loading,,,,,1,TRUE,3950.000,4000.000,225.125977,225.175980,1920,1046,"ObjectSlot1-4",1,1,"video_relative_to_screen_recording_start",75.060127,150065.859,150115.844,1,75.060127,"1781613114174","../../../../../../Project/UE5/Gallery/Saved/ScreenRecordings/A037_v2_20260616_203154_screen.mkv",150065.859,150115.844,150090.844,"1781613264239","1781613264289","2026-06-16T20:34:24.238+08:00","2026-06-16T20:34:24.288+08:00",221.175980,EXP2,"exp2_table",1,1,"1:1|2:2|3:3|4:4"
"exp2_target_object","实验二当前目标模型_左脸","Exp2_001_exp2_target_object_0160","video_relative_to_recording_start",rectangle,0,317,626,996,,,,"A037","Exp2_001","E1_SPATIAL_PROGRESSIVE",loading,,,,,1,TRUE,3950.000,4000.000,225.125977,225.175980,1920,1046,"ObjectSlot1",1,1,"video_relative_to_screen_recording_start",75.060127,150065.859,150115.844,1,75.060127,"1781613114174","../../../../../../Project/UE5/Gallery/Saved/ScreenRecordings/A037_v2_20260616_203154_screen.mkv",150065.859,150115.844,150090.844,"1781613264239","1781613264289","2026-06-16T20:34:24.238+08:00","2026-06-16T20:34:24.288+08:00",221.175980,EXP2,"exp2_target",1,1,"1:1|2:2|3:3|4:4"
"exp2_table_objects","实验二桌面四模型总体区域","Exp2_001_exp2_table_objects_0161","video_relative_to_recording_start",rectangle,0,317,1919,996,,,,"A037","Exp2_001","E1_SPATIAL_PROGRESSIVE",loading,,,,,1,TRUE,4000.000,4050.000,225.175980,225.225983,1920,1046,"ObjectSlot1-4",1,1,"video_relative_to_screen_recording_start",75.060127,150115.844,150165.859,1,75.060127,"1781613114174","../../../../../../Project/UE5/Gallery/Saved/ScreenRecordings/A037_v2_20260616_203154_screen.mkv",150115.844,150165.859,150140.844,"1781613264289","1781613264339","2026-06-16T20:34:24.288+08:00","2026-06-16T20:34:24.338+08:00",221.175980,EXP2,"exp2_table",1,1,"1:1|2:2|3:3|4:4"
"exp2_target_object","实验二当前目标模型_左脸","Exp2_001_exp2_target_object_0162","video_relative_to_recording_start",rectangle,0,317,626,996,,,,"A037","Exp2_001","E1_SPATIAL_PROGRESSIVE",loading,,,,,1,TRUE,4000.000,4050.000,225.175980,225.225983,1920,1046,"ObjectSlot1",1,1,"video_relative_to_screen_recording_start",75.060127,150115.844,150165.859,1,75.060127,"1781613114174","../../../../../../Project/UE5/Gallery/Saved/ScreenRecordings/A037_v2_20260616_203154_screen.mkv",150115.844,150165.859,150140.844,"1781613264289","1781613264339","2026-06-16T20:34:24.288+08:00","2026-06-16T20:34:24.338+08:00",221.175980,EXP2,"exp2_target",1,1,"1:1|2:2|3:3|4:4"
"exp2_table_objects","实验二桌面四模型总体区域","Exp2_001_exp2_table_objects_0163","video_relative_to_recording_start",rectangle,0,317,1919,996,,,,"A037","Exp2_001","E1_SPATIAL_PROGRESSIVE",loading,,,,,1,TRUE,4050.000,4100.000,225.225983,225.275986,1920,1046,"ObjectSlot1-4",1,1,"video_relative_to_screen_recording_start",75.060127,150165.859,150215.844,1,75.060127,"1781613114174","../../../../../../Project/UE5/Gallery/Saved/ScreenRecordings/A037_v2_20260616_203154_screen.mkv",150165.859,150215.844,150190.844,"1781613264339","1781613264389","2026-06-16T20:34:24.338+08:00","2026-06-16T20:34:24.388+08:00",221.175980,EXP2,"exp2_table",1,1,"1:1|2:2|3:3|4:4"
"exp2_target_object","实验二当前目标模型_左脸","Exp2_001_exp2_target_object_0164","video_relative_to_recording_start",rectangle,0,317,626,996,,,,"A037","Exp2_001","E1_SPATIAL_PROGRESSIVE",loading,,,,,1,TRUE,4050.000,4100.000,225.225983,225.275986,1920,1046,"ObjectSlot1",1,1,"video_relative_to_screen_recording_start",75.060127,150165.859,150215.844,1,75.060127,"1781613114174","../../../../../../Project/UE5/Gallery/Saved/ScreenRecordings/A037_v2_20260616_203154_screen.mkv",150165.859,150215.844,150190.844,"1781613264339","1781613264389","2026-06-16T20:34:24.338+08:00","2026-06-16T20:34:24.388+08:00",221.175980,EXP2,"exp2_target",1,1,"1:1|2:2|3:3|4:4"
"exp2_table_objects","实验二桌面四模型总体区域","Exp2_001_exp2_table_objects_0165","video_relative_to_recording_start",rectangle,0,317,1919,996,,,,"A037","Exp2_001","E1_SPATIAL_PROGRESSIVE",loading,,,,,1,TRUE,4100.000,4150.000,225.275986,225.325974,1920,1046,"ObjectSlot1-4",1,1,"video_relative_to_screen_recording_start",75.060127,150215.844,150265.844,1,75.060127,"1781613114174","../../../../../../Project/UE5/Gallery/Saved/ScreenRecordings/A037_v2_20260616_203154_screen.mkv",150215.844,150265.844,150240.844,"1781613264389","1781613264439","2026-06-16T20:34:24.388+08:00","2026-06-16T20:34:24.438+08:00",221.175980,EXP2,"exp2_table",1,1,"1:1|2:2|3:3|4:4"
"exp2_target_object","实验二当前目标模型_左脸","Exp2_001_exp2_target_object_0166","video_relative_to_recording_start",rectangle,0,317,626,996,,,,"A037","Exp2_001","E1_SPATIAL_PROGRESSIVE",loading,,,,,1,TRUE,4100.000,4150.000,225.275986,225.325974,1920,1046,"ObjectSlot1",1,1,"video_relative_to_screen_recording_start",75.060127,150215.844,150265.844,1,75.060127,"1781613114174","../../../../../../Project/UE5/Gallery/Saved/ScreenRecordings/A037_v2_20260616_203154_screen.mkv",150215.844,150265.844,150240.844,"1781613264389","1781613264439","2026-06-16T20:34:24.388+08:00","2026-06-16T20:34:24.438+08:00",221.175980,EXP2,"exp2_target",1,1,"1:1|2:2|3:3|4:4"
"exp2_table_objects","实验二桌面四模型总体区域","Exp2_001_exp2_table_objects_0167","video_relative_to_recording_start",rectangle,0,317,1919,996,,,,"A037","Exp2_001","E1_SPATIAL_PROGRESSIVE",loading,,,,,1,TRUE,4150.000,4200.000,225.325974,225.375977,1920,1046,"ObjectSlot1-4",1,1,"video_relative_to_screen_recording_start",75.060127,150265.844,150315.859,1,75.060127,"1781613114174","../../../../../../Project/UE5/Gallery/Saved/ScreenRecordings/A037_v2_20260616_203154_screen.mkv",150265.844,150315.859,150290.844,"1781613264439","1781613264489","2026-06-16T20:34:24.438+08:00","2026-06-16T20:34:24.488+08:00",221.175980,EXP2,"exp2_table",1,1,"1:1|2:2|3:3|4:4"
"exp2_target_object","实验二当前目标模型_左脸","Exp2_001_exp2_target_object_0168","video_relative_to_recording_start",rectangle,0,317,626,996,,,,"A037","Exp2_001","E1_SPATIAL_PROGRESSIVE",loading,,,,,1,TRUE,4150.000,4200.000,225.325974,225.375977,1920,1046,"ObjectSlot1",1,1,"video_relative_to_screen_recording_start",75.060127,150265.844,150315.859,1,75.060127,"1781613114174","../../../../../../Project/UE5/Gallery/Saved/ScreenRecordings/A037_v2_20260616_203154_screen.mkv",150265.844,150315.859,150290.844,"1781613264439","1781613264489","2026-06-16T20:34:24.438+08:00","2026-06-16T20:34:24.488+08:00",221.175980,EXP2,"exp2_target",1,1,"1:1|2:2|3:3|4:4"
"exp2_table_objects","实验二桌面四模型总体区域","Exp2_001_exp2_table_objects_0169","video_relative_to_recording_start",rectangle,0,317,1919,996,,,,"A037","Exp2_001","E1_SPATIAL_PROGRESSIVE",loading,,,,,1,TRUE,4200.000,4250.000,225.375977,225.425980,1920,1046,"ObjectSlot1-4",1,1,"video_relative_to_screen_recording_start",75.060127,150315.859,150365.844,1,75.060127,"1781613114174","../../../../../../Project/UE5/Gallery/Saved/ScreenRecordings/A037_v2_20260616_203154_screen.mkv",150315.859,150365.844,150340.844,"1781613264489","1781613264539","2026-06-16T20:34:24.488+08:00","2026-06-16T20:34:24.538+08:00",221.175980,EXP2,"exp2_table",1,1,"1:1|2:2|3:3|4:4"
"exp2_target_object","实验二当前目标模型_左脸","Exp2_001_exp2_target_object_0170","video_relative_to_recording_start",rectangle,0,317,626,996,,,,"A037","Exp2_001","E1_SPATIAL_PROGRESSIVE",loading,,,,,1,TRUE,4200.000,4250.000,225.375977,225.425980,1920,1046,"ObjectSlot1",1,1,"video_relative_to_screen_recording_start",75.060127,150315.859,150365.844,1,75.060127,"1781613114174","../../../../../../Project/UE5/Gallery/Saved/ScreenRecordings/A037_v2_20260616_203154_screen.mkv",150315.859,150365.844,150340.844,"1781613264489","1781613264539","2026-06-16T20:34:24.488+08:00","2026-06-16T20:34:24.538+08:00",221.175980,EXP2,"exp2_target",1,1,"1:1|2:2|3:3|4:4"
"exp2_table_objects","实验二桌面四模型总体区域","Exp2_001_exp2_table_objects_0171","video_relative_to_recording_start",rectangle,0,317,1919,996,,,,"A037","Exp2_001","E1_SPATIAL_PROGRESSIVE",loading,,,,,1,TRUE,4250.000,4300.000,225.425980,225.475983,1920,1046,"ObjectSlot1-4",1,1,"video_relative_to_screen_recording_start",75.060127,150365.844,150415.859,1,75.060127,"1781613114174","../../../../../../Project/UE5/Gallery/Saved/ScreenRecordings/A037_v2_20260616_203154_screen.mkv",150365.844,150415.859,150390.844,"1781613264539","1781613264589","2026-06-16T20:34:24.538+08:00","2026-06-16T20:34:24.588+08:00",221.175980,EXP2,"exp2_table",1,1,"1:1|2:2|3:3|4:4"
"exp2_target_object","实验二当前目标模型_左脸","Exp2_001_exp2_target_object_0172","video_relative_to_recording_start",rectangle,0,317,626,996,,,,"A037","Exp2_001","E1_SPATIAL_PROGRESSIVE",loading,,,,,1,TRUE,4250.000,4300.000,225.425980,225.475983,1920,1046,"ObjectSlot1",1,1,"video_relative_to_screen_recording_start",75.060127,150365.844,150415.859,1,75.060127,"1781613114174","../../../../../../Project/UE5/Gallery/Saved/ScreenRecordings/A037_v2_20260616_203154_screen.mkv",150365.844,150415.859,150390.844,"1781613264539","1781613264589","2026-06-16T20:34:24.538+08:00","2026-06-16T20:34:24.588+08:00",221.175980,EXP2,"exp2_target",1,1,"1:1|2:2|3:3|4:4"
"exp2_table_objects","实验二桌面四模型总体区域","Exp2_001_exp2_table_objects_0173","video_relative_to_recording_start",rectangle,0,317,1919,996,,,,"A037","Exp2_001","E1_SPATIAL_PROGRESSIVE",loading,,,,,1,TRUE,4300.000,4350.000,225.475983,225.525986,1920,1046,"ObjectSlot1-4",1,1,"video_relative_to_screen_recording_start",75.060127,150415.859,150465.844,1,75.060127,"1781613114174","../../../../../../Project/UE5/Gallery/Saved/ScreenRecordings/A037_v2_20260616_203154_screen.mkv",150415.859,150465.844,150440.844,"1781613264589","1781613264639","2026-06-16T20:34:24.588+08:00","2026-06-16T20:34:24.638+08:00",221.175980,EXP2,"exp2_table",1,1,"1:1|2:2|3:3|4:4"
"exp2_target_object","实验二当前目标模型_左脸","Exp2_001_exp2_target_object_0174","video_relative_to_recording_start",rectangle,0,317,626,996,,,,"A037","Exp2_001","E1_SPATIAL_PROGRESSIVE",loading,,,,,1,TRUE,4300.000,4350.000,225.475983,225.525986,1920,1046,"ObjectSlot1",1,1,"video_relative_to_screen_recording_start",75.060127,150415.859,150465.844,1,75.060127,"1781613114174","../../../../../../Project/UE5/Gallery/Saved/ScreenRecordings/A037_v2_20260616_203154_screen.mkv",150415.859,150465.844,150440.844,"1781613264589","1781613264639","2026-06-16T20:34:24.588+08:00","2026-06-16T20:34:24.638+08:00",221.175980,EXP2,"exp2_target",1,1,"1:1|2:2|3:3|4:4"
"exp2_table_objects","实验二桌面四模型总体区域","Exp2_001_exp2_table_objects_0175","video_relative_to_recording_start",rectangle,0,317,1919,996,,,,"A037","Exp2_001","E1_SPATIAL_PROGRESSIVE",loading,,,,,1,TRUE,4350.000,4400.000,225.525986,225.575974,1920,1046,"ObjectSlot1-4",1,1,"video_relative_to_screen_recording_start",75.060127,150465.844,150515.844,1,75.060127,"1781613114174","../../../../../../Project/UE5/Gallery/Saved/ScreenRecordings/A037_v2_20260616_203154_screen.mkv",150465.844,150515.844,150490.844,"1781613264639","1781613264689","2026-06-16T20:34:24.638+08:00","2026-06-16T20:34:24.688+08:00",221.175980,EXP2,"exp2_table",1,1,"1:1|2:2|3:3|4:4"
"exp2_target_object","实验二当前目标模型_左脸","Exp2_001_exp2_target_object_0176","video_relative_to_recording_start",rectangle,0,317,626,996,,,,"A037","Exp2_001","E1_SPATIAL_PROGRESSIVE",loading,,,,,1,TRUE,4350.000,4400.000,225.525986,225.575974,1920,1046,"ObjectSlot1",1,1,"video_relative_to_screen_recording_start",75.060127,150465.844,150515.844,1,75.060127,"1781613114174","../../../../../../Project/UE5/Gallery/Saved/ScreenRecordings/A037_v2_20260616_203154_screen.mkv",150465.844,150515.844,150490.844,"1781613264639","1781613264689","2026-06-16T20:34:24.638+08:00","2026-06-16T20:34:24.688+08:00",221.175980,EXP2,"exp2_target",1,1,"1:1|2:2|3:3|4:4"
"exp2_table_objects","实验二桌面四模型总体区域","Exp2_001_exp2_table_objects_0177","video_relative_to_recording_start",rectangle,0,317,1919,996,,,,"A037","Exp2_001","E1_SPATIAL_PROGRESSIVE",loading,,,,,1,TRUE,4400.000,4450.000,225.575974,225.625977,1920,1046,"ObjectSlot1-4",1,1,"video_relative_to_screen_recording_start",75.060127,150515.844,150565.859,1,75.060127,"1781613114174","../../../../../../Project/UE5/Gallery/Saved/ScreenRecordings/A037_v2_20260616_203154_screen.mkv",150515.844,150565.859,150540.844,"1781613264689","1781613264739","2026-06-16T20:34:24.688+08:00","2026-06-16T20:34:24.738+08:00",221.175980,EXP2,"exp2_table",1,1,"1:1|2:2|3:3|4:4"
"exp2_target_object","实验二当前目标模型_左脸","Exp2_001_exp2_target_object_0178","video_relative_to_recording_start",rectangle,0,317,626,996,,,,"A037","Exp2_001","E1_SPATIAL_PROGRESSIVE",loading,,,,,1,TRUE,4400.000,4450.000,225.575974,225.625977,1920,1046,"ObjectSlot1",1,1,"video_relative_to_screen_recording_start",75.060127,150515.844,150565.859,1,75.060127,"1781613114174","../../../../../../Project/UE5/Gallery/Saved/ScreenRecordings/A037_v2_20260616_203154_screen.mkv",150515.844,150565.859,150540.844,"1781613264689","1781613264739","2026-06-16T20:34:24.688+08:00","2026-06-16T20:34:24.738+08:00",221.175980,EXP2,"exp2_target",1,1,"1:1|2:2|3:3|4:4"
"exp2_table_objects","实验二桌面四模型总体区域","Exp2_001_exp2_table_objects_0179","video_relative_to_recording_start",rectangle,0,317,1919,996,,,,"A037","Exp2_001","E1_SPATIAL_PROGRESSIVE",loading,,,,,1,TRUE,4450.000,4500.000,225.625977,225.675980,1920,1046,"ObjectSlot1-4",1,1,"video_relative_to_screen_recording_start",75.060127,150565.859,150615.844,1,75.060127,"1781613114174","../../../../../../Project/UE5/Gallery/Saved/ScreenRecordings/A037_v2_20260616_203154_screen.mkv",150565.859,150615.844,150590.844,"1781613264739","1781613264789","2026-06-16T20:34:24.738+08:00","2026-06-16T20:34:24.788+08:00",221.175980,EXP2,"exp2_table",1,1,"1:1|2:2|3:3|4:4"
"exp2_target_object","实验二当前目标模型_左脸","Exp2_001_exp2_target_object_0180","video_relative_to_recording_start",rectangle,0,317,626,996,,,,"A037","Exp2_001","E1_SPATIAL_PROGRESSIVE",loading,,,,,1,TRUE,4450.000,4500.000,225.625977,225.675980,1920,1046,"ObjectSlot1",1,1,"video_relative_to_screen_recording_start",75.060127,150565.859,150615.844,1,75.060127,"1781613114174","../../../../../../Project/UE5/Gallery/Saved/ScreenRecordings/A037_v2_20260616_203154_screen.mkv",150565.859,150615.844,150590.844,"1781613264739","1781613264789","2026-06-16T20:34:24.738+08:00","2026-06-16T20:34:24.788+08:00",221.175980,EXP2,"exp2_target",1,1,"1:1|2:2|3:3|4:4"
"exp2_table_objects","实验二桌面四模型总体区域","Exp2_001_exp2_table_objects_0181","video_relative_to_recording_start",rectangle,0,317,1919,996,,,,"A037","Exp2_001","E1_SPATIAL_PROGRESSIVE",loading,,,,,1,TRUE,4500.000,4550.000,225.675980,225.725983,1920,1046,"ObjectSlot1-4",1,1,"video_relative_to_screen_recording_start",75.060127,150615.844,150665.859,1,75.060127,"1781613114174","../../../../../../Project/UE5/Gallery/Saved/ScreenRecordings/A037_v2_20260616_203154_screen.mkv",150615.844,150665.859,150640.844,"1781613264789","1781613264839","2026-06-16T20:34:24.788+08:00","2026-06-16T20:34:24.838+08:00",221.175980,EXP2,"exp2_table",1,1,"1:1|2:2|3:3|4:4"
"exp2_target_object","实验二当前目标模型_左脸","Exp2_001_exp2_target_object_0182","video_relative_to_recording_start",rectangle,0,317,626,996,,,,"A037","Exp2_001","E1_SPATIAL_PROGRESSIVE",loading,,,,,1,TRUE,4500.000,4550.000,225.675980,225.725983,1920,1046,"ObjectSlot1",1,1,"video_relative_to_screen_recording_start",75.060127,150615.844,150665.859,1,75.060127,"1781613114174","../../../../../../Project/UE5/Gallery/Saved/ScreenRecordings/A037_v2_20260616_203154_screen.mkv",150615.844,150665.859,150640.844,"1781613264789","1781613264839","2026-06-16T20:34:24.788+08:00","2026-06-16T20:34:24.838+08:00",221.175980,EXP2,"exp2_target",1,1,"1:1|2:2|3:3|4:4"
"exp2_table_objects","实验二桌面四模型总体区域","Exp2_001_exp2_table_objects_0183","video_relative_to_recording_start",rectangle,0,317,1919,996,,,,"A037","Exp2_001","E1_SPATIAL_PROGRESSIVE",loading,,,,,1,TRUE,4550.000,4600.000,225.725983,225.775986,1920,1046,"ObjectSlot1-4",1,1,"video_relative_to_screen_recording_start",75.060127,150665.859,150715.844,1,75.060127,"1781613114174","../../../../../../Project/UE5/Gallery/Saved/ScreenRecordings/A037_v2_20260616_203154_screen.mkv",150665.859,150715.844,150690.844,"1781613264839","1781613264889","2026-06-16T20:34:24.838+08:00","2026-06-16T20:34:24.888+08:00",221.175980,EXP2,"exp2_table",1,1,"1:1|2:2|3:3|4:4"
"exp2_target_object","实验二当前目标模型_左脸","Exp2_001_exp2_target_object_0184","video_relative_to_recording_start",rectangle,0,317,626,996,,,,"A037","Exp2_001","E1_SPATIAL_PROGRESSIVE",loading,,,,,1,TRUE,4550.000,4600.000,225.725983,225.775986,1920,1046,"ObjectSlot1",1,1,"video_relative_to_screen_recording_start",75.060127,150665.859,150715.844,1,75.060127,"1781613114174","../../../../../../Project/UE5/Gallery/Saved/ScreenRecordings/A037_v2_20260616_203154_screen.mkv",150665.859,150715.844,150690.844,"1781613264839","1781613264889","2026-06-16T20:34:24.838+08:00","2026-06-16T20:34:24.888+08:00",221.175980,EXP2,"exp2_target",1,1,"1:1|2:2|3:3|4:4"
"exp2_table_objects","实验二桌面四模型总体区域","Exp2_001_exp2_table_objects_0185","video_relative_to_recording_start",rectangle,0,317,1919,996,,,,"A037","Exp2_001","E1_SPATIAL_PROGRESSIVE",loading,,,,,1,TRUE,4600.000,4650.000,225.775986,225.825974,1920,1046,"ObjectSlot1-4",1,1,"video_relative_to_screen_recording_start",75.060127,150715.844,150765.844,1,75.060127,"1781613114174","../../../../../../Project/UE5/Gallery/Saved/ScreenRecordings/A037_v2_20260616_203154_screen.mkv",150715.844,150765.844,150740.844,"1781613264889","1781613264939","2026-06-16T20:34:24.888+08:00","2026-06-16T20:34:24.938+08:00",221.175980,EXP2,"exp2_table",1,1,"1:1|2:2|3:3|4:4"
"exp2_target_object","实验二当前目标模型_左脸","Exp2_001_exp2_target_object_0186","video_relative_to_recording_start",rectangle,0,317,626,996,,,,"A037","Exp2_001","E1_SPATIAL_PROGRESSIVE",loading,,,,,1,TRUE,4600.000,4650.000,225.775986,225.825974,1920,1046,"ObjectSlot1",1,1,"video_relative_to_screen_recording_start",75.060127,150715.844,150765.844,1,75.060127,"1781613114174","../../../../../../Project/UE5/Gallery/Saved/ScreenRecordings/A037_v2_20260616_203154_screen.mkv",150715.844,150765.844,150740.844,"1781613264889","1781613264939","2026-06-16T20:34:24.888+08:00","2026-06-16T20:34:24.938+08:00",221.175980,EXP2,"exp2_target",1,1,"1:1|2:2|3:3|4:4"
"exp2_table_objects","实验二桌面四模型总体区域","Exp2_001_exp2_table_objects_0187","video_relative_to_recording_start",rectangle,0,317,1919,996,,,,"A037","Exp2_001","E1_SPATIAL_PROGRESSIVE",loading,,,,,1,TRUE,4650.000,4700.000,225.825974,225.875977,1920,1046,"ObjectSlot1-4",1,1,"video_relative_to_screen_recording_start",75.060127,150765.844,150815.859,1,75.060127,"1781613114174","../../../../../../Project/UE5/Gallery/Saved/ScreenRecordings/A037_v2_20260616_203154_screen.mkv",150765.844,150815.859,150790.844,"1781613264939","1781613264989","2026-06-16T20:34:24.938+08:00","2026-06-16T20:34:24.988+08:00",221.175980,EXP2,"exp2_table",1,1,"1:1|2:2|3:3|4:4"
"exp2_target_object","实验二当前目标模型_左脸","Exp2_001_exp2_target_object_0188","video_relative_to_recording_start",rectangle,0,317,626,996,,,,"A037","Exp2_001","E1_SPATIAL_PROGRESSIVE",loading,,,,,1,TRUE,4650.000,4700.000,225.825974,225.875977,1920,1046,"ObjectSlot1",1,1,"video_relative_to_screen_recording_start",75.060127,150765.844,150815.859,1,75.060127,"1781613114174","../../../../../../Project/UE5/Gallery/Saved/ScreenRecordings/A037_v2_20260616_203154_screen.mkv",150765.844,150815.859,150790.844,"1781613264939","1781613264989","2026-06-16T20:34:24.938+08:00","2026-06-16T20:34:24.988+08:00",221.175980,EXP2,"exp2_target",1,1,"1:1|2:2|3:3|4:4"
"exp2_table_objects","实验二桌面四模型总体区域","Exp2_001_exp2_table_objects_0189","video_relative_to_recording_start",rectangle,0,317,1919,996,,,,"A037","Exp2_001","E1_SPATIAL_PROGRESSIVE",loading,,,,,1,TRUE,4700.000,4750.000,225.875977,225.925980,1920,1046,"ObjectSlot1-4",1,1,"video_relative_to_screen_recording_start",75.060127,150815.859,150865.844,1,75.060127,"1781613114174","../../../../../../Project/UE5/Gallery/Saved/ScreenRecordings/A037_v2_20260616_203154_screen.mkv",150815.859,150865.844,150840.844,"1781613264989","1781613265039","2026-06-16T20:34:24.988+08:00","2026-06-16T20:34:25.038+08:00",221.175980,EXP2,"exp2_table",1,1,"1:1|2:2|3:3|4:4"
"exp2_target_object","实验二当前目标模型_左脸","Exp2_001_exp2_target_object_0190","video_relative_to_recording_start",rectangle,0,317,626,996,,,,"A037","Exp2_001","E1_SPATIAL_PROGRESSIVE",loading,,,,,1,TRUE,4700.000,4750.000,225.875977,225.925980,1920,1046,"ObjectSlot1",1,1,"video_relative_to_screen_recording_start",75.060127,150815.859,150865.844,1,75.060127,"1781613114174","../../../../../../Project/UE5/Gallery/Saved/ScreenRecordings/A037_v2_20260616_203154_screen.mkv",150815.859,150865.844,150840.844,"1781613264989","1781613265039","2026-06-16T20:34:24.988+08:00","2026-06-16T20:34:25.038+08:00",221.175980,EXP2,"exp2_target",1,1,"1:1|2:2|3:3|4:4"
"exp2_table_objects","实验二桌面四模型总体区域","Exp2_001_exp2_table_objects_0191","video_relative_to_recording_start",rectangle,0,317,1919,996,,,,"A037","Exp2_001","E1_SPATIAL_PROGRESSIVE",loading,,,,,1,TRUE,4750.000,4800.000,225.925980,225.975983,1920,1046,"ObjectSlot1-4",1,1,"video_relative_to_screen_recording_start",75.060127,150865.844,150915.859,1,75.060127,"1781613114174","../../../../../../Project/UE5/Gallery/Saved/ScreenRecordings/A037_v2_20260616_203154_screen.mkv",150865.844,150915.859,150890.844,"1781613265039","1781613265089","2026-06-16T20:34:25.038+08:00","2026-06-16T20:34:25.088+08:00",221.175980,EXP2,"exp2_table",1,1,"1:1|2:2|3:3|4:4"
"exp2_target_object","实验二当前目标模型_左脸","Exp2_001_exp2_target_object_0192","video_relative_to_recording_start",rectangle,0,317,626,996,,,,"A037","Exp2_001","E1_SPATIAL_PROGRESSIVE",loading,,,,,1,TRUE,4750.000,4800.000,225.925980,225.975983,1920,1046,"ObjectSlot1",1,1,"video_relative_to_screen_recording_start",75.060127,150865.844,150915.859,1,75.060127,"1781613114174","../../../../../../Project/UE5/Gallery/Saved/ScreenRecordings/A037_v2_20260616_203154_screen.mkv",150865.844,150915.859,150890.844,"1781613265039","1781613265089","2026-06-16T20:34:25.038+08:00","2026-06-16T20:34:25.088+08:00",221.175980,EXP2,"exp2_target",1,1,"1:1|2:2|3:3|4:4"
"exp2_table_objects","实验二桌面四模型总体区域","Exp2_001_exp2_table_objects_0193","video_relative_to_recording_start",rectangle,0,317,1919,996,,,,"A037","Exp2_001","E1_SPATIAL_PROGRESSIVE",loading,,,,,1,TRUE,4800.000,4850.000,225.975983,226.025986,1920,1046,"ObjectSlot1-4",1,1,"video_relative_to_screen_recording_start",75.060127,150915.859,150965.844,1,75.060127,"1781613114174","../../../../../../Project/UE5/Gallery/Saved/ScreenRecordings/A037_v2_20260616_203154_screen.mkv",150915.859,150965.844,150940.844,"1781613265089","1781613265139","2026-06-16T20:34:25.088+08:00","2026-06-16T20:34:25.138+08:00",221.175980,EXP2,"exp2_table",1,1,"1:1|2:2|3:3|4:4"
"exp2_target_object","实验二当前目标模型_左脸","Exp2_001_exp2_target_object_0194","video_relative_to_recording_start",rectangle,0,317,626,996,,,,"A037","Exp2_001","E1_SPATIAL_PROGRESSIVE",loading,,,,,1,TRUE,4800.000,4850.000,225.975983,226.025986,1920,1046,"ObjectSlot1",1,1,"video_relative_to_screen_recording_start",75.060127,150915.859,150965.844,1,75.060127,"1781613114174","../../../../../../Project/UE5/Gallery/Saved/ScreenRecordings/A037_v2_20260616_203154_screen.mkv",150915.859,150965.844,150940.844,"1781613265089","1781613265139","2026-06-16T20:34:25.088+08:00","2026-06-16T20:34:25.138+08:00",221.175980,EXP2,"exp2_target",1,1,"1:1|2:2|3:3|4:4"
"exp2_table_objects","实验二桌面四模型总体区域","Exp2_001_exp2_table_objects_0195","video_relative_to_recording_start",rectangle,0,317,1919,996,,,,"A037","Exp2_001","E1_SPATIAL_PROGRESSIVE",loading,,,,,1,TRUE,4850.000,4900.000,226.025986,226.075974,1920,1046,"ObjectSlot1-4",1,1,"video_relative_to_screen_recording_start",75.060127,150965.844,151015.844,1,75.060127,"1781613114174","../../../../../../Project/UE5/Gallery/Saved/ScreenRecordings/A037_v2_20260616_203154_screen.mkv",150965.844,151015.844,150990.844,"1781613265139","1781613265189","2026-06-16T20:34:25.138+08:00","2026-06-16T20:34:25.188+08:00",221.175980,EXP2,"exp2_table",1,1,"1:1|2:2|3:3|4:4"
"exp2_target_object","实验二当前目标模型_左脸","Exp2_001_exp2_target_object_0196","video_relative_to_recording_start",rectangle,0,317,626,996,,,,"A037","Exp2_001","E1_SPATIAL_PROGRESSIVE",loading,,,,,1,TRUE,4850.000,4900.000,226.025986,226.075974,1920,1046,"ObjectSlot1",1,1,"video_relative_to_screen_recording_start",75.060127,150965.844,151015.844,1,75.060127,"1781613114174","../../../../../../Project/UE5/Gallery/Saved/ScreenRecordings/A037_v2_20260616_203154_screen.mkv",150965.844,151015.844,150990.844,"1781613265139","1781613265189","2026-06-16T20:34:25.138+08:00","2026-06-16T20:34:25.188+08:00",221.175980,EXP2,"exp2_target",1,1,"1:1|2:2|3:3|4:4"
"exp2_table_objects","实验二桌面四模型总体区域","Exp2_001_exp2_table_objects_0197","video_relative_to_recording_start",rectangle,0,317,1919,996,,,,"A037","Exp2_001","E1_SPATIAL_PROGRESSIVE",loading,,,,,1,TRUE,4900.000,4950.000,226.075974,226.125977,1920,1046,"ObjectSlot1-4",1,1,"video_relative_to_screen_recording_start",75.060127,151015.844,151065.859,1,75.060127,"1781613114174","../../../../../../Project/UE5/Gallery/Saved/ScreenRecordings/A037_v2_20260616_203154_screen.mkv",151015.844,151065.859,151040.844,"1781613265189","1781613265239","2026-06-16T20:34:25.188+08:00","2026-06-16T20:34:25.238+08:00",221.175980,EXP2,"exp2_table",1,1,"1:1|2:2|3:3|4:4"
"exp2_target_object","实验二当前目标模型_左脸","Exp2_001_exp2_target_object_0198","video_relative_to_recording_start",rectangle,0,317,626,996,,,,"A037","Exp2_001","E1_SPATIAL_PROGRESSIVE",loading,,,,,1,TRUE,4900.000,4950.000,226.075974,226.125977,1920,1046,"ObjectSlot1",1,1,"video_relative_to_screen_recording_start",75.060127,151015.844,151065.859,1,75.060127,"1781613114174","../../../../../../Project/UE5/Gallery/Saved/ScreenRecordings/A037_v2_20260616_203154_screen.mkv",151015.844,151065.859,151040.844,"1781613265189","1781613265239","2026-06-16T20:34:25.188+08:00","2026-06-16T20:34:25.238+08:00",221.175980,EXP2,"exp2_target",1,1,"1:1|2:2|3:3|4:4"
"exp2_table_objects","实验二桌面四模型总体区域","Exp2_001_exp2_table_objects_0199","video_relative_to_recording_start",rectangle,0,317,1919,996,,,,"A037","Exp2_001","E1_SPATIAL_PROGRESSIVE",loading,,,,,1,TRUE,4950.000,5000.000,226.125977,226.175980,1920,1046,"ObjectSlot1-4",1,1,"video_relative_to_screen_recording_start",75.060127,151065.859,151115.844,1,75.060127,"1781613114174","../../../../../../Project/UE5/Gallery/Saved/ScreenRecordings/A037_v2_20260616_203154_screen.mkv",151065.859,151115.844,151090.844,"1781613265239","1781613265289","2026-06-16T20:34:25.238+08:00","2026-06-16T20:34:25.288+08:00",221.175980,EXP2,"exp2_table",1,1,"1:1|2:2|3:3|4:4"
"exp2_target_object","实验二当前目标模型_左脸","Exp2_001_exp2_target_object_0200","video_relative_to_recording_start",rectangle,0,317,626,996,,,,"A037","Exp2_001","E1_SPATIAL_PROGRESSIVE",loading,,,,,1,TRUE,4950.000,5000.000,226.125977,226.175980,1920,1046,"ObjectSlot1",1,1,"video_relative_to_screen_recording_start",75.060127,151065.859,151115.844,1,75.060127,"1781613114174","../../../../../../Project/UE5/Gallery/Saved/ScreenRecordings/A037_v2_20260616_203154_screen.mkv",151065.859,151115.844,151090.844,"1781613265239","1781613265289","2026-06-16T20:34:25.238+08:00","2026-06-16T20:34:25.288+08:00",221.175980,EXP2,"exp2_target",1,1,"1:1|2:2|3:3|4:4"
"exp2_table_objects","实验二桌面四模型总体区域","Exp2_001_exp2_table_objects_0201","video_relative_to_recording_start",rectangle,0,317,1919,996,,,,"A037","Exp2_001","E1_SPATIAL_PROGRESSIVE",loading,,,,,1,TRUE,5000.000,5050.000,226.175980,226.225983,1920,1046,"ObjectSlot1-4",1,1,"video_relative_to_screen_recording_start",75.060127,151115.844,151165.859,1,75.060127,"1781613114174","../../../../../../Project/UE5/Gallery/Saved/ScreenRecordings/A037_v2_20260616_203154_screen.mkv",151115.844,151165.859,151140.844,"1781613265289","1781613265339","2026-06-16T20:34:25.288+08:00","2026-06-16T20:34:25.338+08:00",221.175980,EXP2,"exp2_table",1,1,"1:1|2:2|3:3|4:4"
"exp2_target_object","实验二当前目标模型_左脸","Exp2_001_exp2_target_object_0202","video_relative_to_recording_start",rectangle,0,317,626,996,,,,"A037","Exp2_001","E1_SPATIAL_PROGRESSIVE",loading,,,,,1,TRUE,5000.000,5050.000,226.175980,226.225983,1920,1046,"ObjectSlot1",1,1,"video_relative_to_screen_recording_start",75.060127,151115.844,151165.859,1,75.060127,"1781613114174","../../../../../../Project/UE5/Gallery/Saved/ScreenRecordings/A037_v2_20260616_203154_screen.mkv",151115.844,151165.859,151140.844,"1781613265289","1781613265339","2026-06-16T20:34:25.288+08:00","2026-06-16T20:34:25.338+08:00",221.175980,EXP2,"exp2_target",1,1,"1:1|2:2|3:3|4:4"
"exp2_table_objects","实验二桌面四模型总体区域","Exp2_001_exp2_table_objects_0203","video_relative_to_recording_start",rectangle,0,317,1919,996,,,,"A037","Exp2_001","E1_SPATIAL_PROGRESSIVE",loading,,,,,1,TRUE,5050.000,5100.000,226.225983,226.275986,1920,1046,"ObjectSlot1-4",1,1,"video_relative_to_screen_recording_start",75.060127,151165.859,151215.844,1,75.060127,"1781613114174","../../../../../../Project/UE5/Gallery/Saved/ScreenRecordings/A037_v2_20260616_203154_screen.mkv",151165.859,151215.844,151190.844,"1781613265339","1781613265389","2026-06-16T20:34:25.338+08:00","2026-06-16T20:34:25.388+08:00",221.175980,EXP2,"exp2_table",1,1,"1:1|2:2|3:3|4:4"
"exp2_target_object","实验二当前目标模型_左脸","Exp2_001_exp2_target_object_0204","video_relative_to_recording_start",rectangle,0,317,626,996,,,,"A037","Exp2_001","E1_SPATIAL_PROGRESSIVE",loading,,,,,1,TRUE,5050.000,5100.000,226.225983,226.275986,1920,1046,"ObjectSlot1",1,1,"video_relative_to_screen_recording_start",75.060127,151165.859,151215.844,1,75.060127,"1781613114174","../../../../../../Project/UE5/Gallery/Saved/ScreenRecordings/A037_v2_20260616_203154_screen.mkv",151165.859,151215.844,151190.844,"1781613265339","1781613265389","2026-06-16T20:34:25.338+08:00","2026-06-16T20:34:25.388+08:00",221.175980,EXP2,"exp2_target",1,1,"1:1|2:2|3:3|4:4"
"exp2_table_objects","实验二桌面四模型总体区域","Exp2_001_exp2_table_objects_0205","video_relative_to_recording_start",rectangle,0,317,1919,996,,,,"A037","Exp2_001","E1_SPATIAL_PROGRESSIVE",loading,,,,,1,TRUE,5100.000,5150.000,226.275986,226.325974,1920,1046,"ObjectSlot1-4",1,1,"video_relative_to_screen_recording_start",75.060127,151215.844,151265.844,1,75.060127,"1781613114174","../../../../../../Project/UE5/Gallery/Saved/ScreenRecordings/A037_v2_20260616_203154_screen.mkv",151215.844,151265.844,151240.844,"1781613265389","1781613265439","2026-06-16T20:34:25.388+08:00","2026-06-16T20:34:25.438+08:00",221.175980,EXP2,"exp2_table",1,1,"1:1|2:2|3:3|4:4"
"exp2_target_object","实验二当前目标模型_左脸","Exp2_001_exp2_target_object_0206","video_relative_to_recording_start",rectangle,0,317,626,996,,,,"A037","Exp2_001","E1_SPATIAL_PROGRESSIVE",loading,,,,,1,TRUE,5100.000,5150.000,226.275986,226.325974,1920,1046,"ObjectSlot1",1,1,"video_relative_to_screen_recording_start",75.060127,151215.844,151265.844,1,75.060127,"1781613114174","../../../../../../Project/UE5/Gallery/Saved/ScreenRecordings/A037_v2_20260616_203154_screen.mkv",151215.844,151265.844,151240.844,"1781613265389","1781613265439","2026-06-16T20:34:25.388+08:00","2026-06-16T20:34:25.438+08:00",221.175980,EXP2,"exp2_target",1,1,"1:1|2:2|3:3|4:4"
"exp2_table_objects","实验二桌面四模型总体区域","Exp2_001_exp2_table_objects_0207","video_relative_to_recording_start",rectangle,0,317,1919,996,,,,"A037","Exp2_001","E1_SPATIAL_PROGRESSIVE",loading,,,,,1,TRUE,5150.000,5200.000,226.325974,226.375977,1920,1046,"ObjectSlot1-4",1,1,"video_relative_to_screen_recording_start",75.060127,151265.844,151315.859,1,75.060127,"1781613114174","../../../../../../Project/UE5/Gallery/Saved/ScreenRecordings/A037_v2_20260616_203154_screen.mkv",151265.844,151315.859,151290.844,"1781613265439","1781613265489","2026-06-16T20:34:25.438+08:00","2026-06-16T20:34:25.488+08:00",221.175980,EXP2,"exp2_table",1,1,"1:1|2:2|3:3|4:4"
"exp2_target_object","实验二当前目标模型_左脸","Exp2_001_exp2_target_object_0208","video_relative_to_recording_start",rectangle,0,317,626,996,,,,"A037","Exp2_001","E1_SPATIAL_PROGRESSIVE",loading,,,,,1,TRUE,5150.000,5200.000,226.325974,226.375977,1920,1046,"ObjectSlot1",1,1,"video_relative_to_screen_recording_start",75.060127,151265.844,151315.859,1,75.060127,"1781613114174","../../../../../../Project/UE5/Gallery/Saved/ScreenRecordings/A037_v2_20260616_203154_screen.mkv",151265.844,151315.859,151290.844,"1781613265439","1781613265489","2026-06-16T20:34:25.438+08:00","2026-06-16T20:34:25.488+08:00",221.175980,EXP2,"exp2_target",1,1,"1:1|2:2|3:3|4:4"
"exp2_table_objects","实验二桌面四模型总体区域","Exp2_001_exp2_table_objects_0209","video_relative_to_recording_start",rectangle,0,317,1919,996,,,,"A037","Exp2_001","E1_SPATIAL_PROGRESSIVE",loading,,,,,1,TRUE,5200.000,5250.000,226.375977,226.425980,1920,1046,"ObjectSlot1-4",1,1,"video_relative_to_screen_recording_start",75.060127,151315.859,151365.844,1,75.060127,"1781613114174","../../../../../../Project/UE5/Gallery/Saved/ScreenRecordings/A037_v2_20260616_203154_screen.mkv",151315.859,151365.844,151340.844,"1781613265489","1781613265539","2026-06-16T20:34:25.488+08:00","2026-06-16T20:34:25.538+08:00",221.175980,EXP2,"exp2_table",1,1,"1:1|2:2|3:3|4:4"
"exp2_target_object","实验二当前目标模型_左脸","Exp2_001_exp2_target_object_0210","video_relative_to_recording_start",rectangle,0,317,626,996,,,,"A037","Exp2_001","E1_SPATIAL_PROGRESSIVE",loading,,,,,1,TRUE,5200.000,5250.000,226.375977,226.425980,1920,1046,"ObjectSlot1",1,1,"video_relative_to_screen_recording_start",75.060127,151315.859,151365.844,1,75.060127,"1781613114174","../../../../../../Project/UE5/Gallery/Saved/ScreenRecordings/A037_v2_20260616_203154_screen.mkv",151315.859,151365.844,151340.844,"1781613265489","1781613265539","2026-06-16T20:34:25.488+08:00","2026-06-16T20:34:25.538+08:00",221.175980,EXP2,"exp2_target",1,1,"1:1|2:2|3:3|4:4"
"exp2_table_objects","实验二桌面四模型总体区域","Exp2_001_exp2_table_objects_0211","video_relative_to_recording_start",rectangle,0,317,1919,996,,,,"A037","Exp2_001","E1_SPATIAL_PROGRESSIVE",loading,,,,,1,TRUE,5250.000,5300.000,226.425980,226.475983,1920,1046,"ObjectSlot1-4",1,1,"video_relative_to_screen_recording_start",75.060127,151365.844,151415.859,1,75.060127,"1781613114174","../../../../../../Project/UE5/Gallery/Saved/ScreenRecordings/A037_v2_20260616_203154_screen.mkv",151365.844,151415.859,151390.844,"1781613265539","1781613265589","2026-06-16T20:34:25.538+08:00","2026-06-16T20:34:25.588+08:00",221.175980,EXP2,"exp2_table",1,1,"1:1|2:2|3:3|4:4"
"exp2_target_object","实验二当前目标模型_左脸","Exp2_001_exp2_target_object_0212","video_relative_to_recording_start",rectangle,0,317,626,996,,,,"A037","Exp2_001","E1_SPATIAL_PROGRESSIVE",loading,,,,,1,TRUE,5250.000,5300.000,226.425980,226.475983,1920,1046,"ObjectSlot1",1,1,"video_relative_to_screen_recording_start",75.060127,151365.844,151415.859,1,75.060127,"1781613114174","../../../../../../Project/UE5/Gallery/Saved/ScreenRecordings/A037_v2_20260616_203154_screen.mkv",151365.844,151415.859,151390.844,"1781613265539","1781613265589","2026-06-16T20:34:25.538+08:00","2026-06-16T20:34:25.588+08:00",221.175980,EXP2,"exp2_target",1,1,"1:1|2:2|3:3|4:4"
"exp2_table_objects","实验二桌面四模型总体区域","Exp2_001_exp2_table_objects_0213","video_relative_to_recording_start",rectangle,0,317,1919,996,,,,"A037","Exp2_001","E1_SPATIAL_PROGRESSIVE",loading,,,,,1,TRUE,5300.000,5350.000,226.475983,226.525986,1920,1046,"ObjectSlot1-4",1,1,"video_relative_to_screen_recording_start",75.060127,151415.859,151465.844,1,75.060127,"1781613114174","../../../../../../Project/UE5/Gallery/Saved/ScreenRecordings/A037_v2_20260616_203154_screen.mkv",151415.859,151465.844,151440.844,"1781613265589","1781613265639","2026-06-16T20:34:25.588+08:00","2026-06-16T20:34:25.638+08:00",221.175980,EXP2,"exp2_table",1,1,"1:1|2:2|3:3|4:4"
"exp2_target_object","实验二当前目标模型_左脸","Exp2_001_exp2_target_object_0214","video_relative_to_recording_start",rectangle,0,317,626,996,,,,"A037","Exp2_001","E1_SPATIAL_PROGRESSIVE",loading,,,,,1,TRUE,5300.000,5350.000,226.475983,226.525986,1920,1046,"ObjectSlot1",1,1,"video_relative_to_screen_recording_start",75.060127,151415.859,151465.844,1,75.060127,"1781613114174","../../../../../../Project/UE5/Gallery/Saved/ScreenRecordings/A037_v2_20260616_203154_screen.mkv",151415.859,151465.844,151440.844,"1781613265589","1781613265639","2026-06-16T20:34:25.588+08:00","2026-06-16T20:34:25.638+08:00",221.175980,EXP2,"exp2_target",1,1,"1:1|2:2|3:3|4:4"
"exp2_table_objects","实验二桌面四模型总体区域","Exp2_001_exp2_table_objects_0215","video_relative_to_recording_start",rectangle,0,317,1919,996,,,,"A037","Exp2_001","E1_SPATIAL_PROGRESSIVE",loading,,,,,1,TRUE,5350.000,5400.000,226.525986,226.575974,1920,1046,"ObjectSlot1-4",1,1,"video_relative_to_screen_recording_start",75.060127,151465.844,151515.844,1,75.060127,"1781613114174","../../../../../../Project/UE5/Gallery/Saved/ScreenRecordings/A037_v2_20260616_203154_screen.mkv",151465.844,151515.844,151490.844,"1781613265639","1781613265689","2026-06-16T20:34:25.638+08:00","2026-06-16T20:34:25.688+08:00",221.175980,EXP2,"exp2_table",1,1,"1:1|2:2|3:3|4:4"
"exp2_target_object","实验二当前目标模型_左脸","Exp2_001_exp2_target_object_0216","video_relative_to_recording_start",rectangle,0,317,626,996,,,,"A037","Exp2_001","E1_SPATIAL_PROGRESSIVE",loading,,,,,1,TRUE,5350.000,5400.000,226.525986,226.575974,1920,1046,"ObjectSlot1",1,1,"video_relative_to_screen_recording_start",75.060127,151465.844,151515.844,1,75.060127,"1781613114174","../../../../../../Project/UE5/Gallery/Saved/ScreenRecordings/A037_v2_20260616_203154_screen.mkv",151465.844,151515.844,151490.844,"1781613265639","1781613265689","2026-06-16T20:34:25.638+08:00","2026-06-16T20:34:25.688+08:00",221.175980,EXP2,"exp2_target",1,1,"1:1|2:2|3:3|4:4"
"exp2_table_objects","实验二桌面四模型总体区域","Exp2_001_exp2_table_objects_0217","video_relative_to_recording_start",rectangle,0,317,1919,996,,,,"A037","Exp2_001","E1_SPATIAL_PROGRESSIVE",loading,,,,,1,TRUE,5400.000,5450.000,226.575974,226.625977,1920,1046,"ObjectSlot1-4",1,1,"video_relative_to_screen_recording_start",75.060127,151515.844,151565.859,1,75.060127,"1781613114174","../../../../../../Project/UE5/Gallery/Saved/ScreenRecordings/A037_v2_20260616_203154_screen.mkv",151515.844,151565.859,151540.844,"1781613265689","1781613265739","2026-06-16T20:34:25.688+08:00","2026-06-16T20:34:25.738+08:00",221.175980,EXP2,"exp2_table",1,1,"1:1|2:2|3:3|4:4"
"exp2_target_object","实验二当前目标模型_左脸","Exp2_001_exp2_target_object_0218","video_relative_to_recording_start",rectangle,0,317,626,996,,,,"A037","Exp2_001","E1_SPATIAL_PROGRESSIVE",loading,,,,,1,TRUE,5400.000,5450.000,226.575974,226.625977,1920,1046,"ObjectSlot1",1,1,"video_relative_to_screen_recording_start",75.060127,151515.844,151565.859,1,75.060127,"1781613114174","../../../../../../Project/UE5/Gallery/Saved/ScreenRecordings/A037_v2_20260616_203154_screen.mkv",151515.844,151565.859,151540.844,"1781613265689","1781613265739","2026-06-16T20:34:25.688+08:00","2026-06-16T20:34:25.738+08:00",221.175980,EXP2,"exp2_target",1,1,"1:1|2:2|3:3|4:4"
"exp2_table_objects","实验二桌面四模型总体区域","Exp2_001_exp2_table_objects_0219","video_relative_to_recording_start",rectangle,0,317,1919,996,,,,"A037","Exp2_001","E1_SPATIAL_PROGRESSIVE",loading,,,,,1,TRUE,5450.000,5500.000,226.625977,226.675980,1920,1046,"ObjectSlot1-4",1,1,"video_relative_to_screen_recording_start",75.060127,151565.859,151615.844,1,75.060127,"1781613114174","../../../../../../Project/UE5/Gallery/Saved/ScreenRecordings/A037_v2_20260616_203154_screen.mkv",151565.859,151615.844,151590.844,"1781613265739","1781613265789","2026-06-16T20:34:25.738+08:00","2026-06-16T20:34:25.788+08:00",221.175980,EXP2,"exp2_table",1,1,"1:1|2:2|3:3|4:4"
"exp2_target_object","实验二当前目标模型_左脸","Exp2_001_exp2_target_object_0220","video_relative_to_recording_start",rectangle,0,317,626,996,,,,"A037","Exp2_001","E1_SPATIAL_PROGRESSIVE",loading,,,,,1,TRUE,5450.000,5500.000,226.625977,226.675980,1920,1046,"ObjectSlot1",1,1,"video_relative_to_screen_recording_start",75.060127,151565.859,151615.844,1,75.060127,"1781613114174","../../../../../../Project/UE5/Gallery/Saved/ScreenRecordings/A037_v2_20260616_203154_screen.mkv",151565.859,151615.844,151590.844,"1781613265739","1781613265789","2026-06-16T20:34:25.738+08:00","2026-06-16T20:34:25.788+08:00",221.175980,EXP2,"exp2_target",1,1,"1:1|2:2|3:3|4:4"
"exp2_table_objects","实验二桌面四模型总体区域","Exp2_001_exp2_table_objects_0221","video_relative_to_recording_start",rectangle,0,317,1919,996,,,,"A037","Exp2_001","E1_SPATIAL_PROGRESSIVE",loading,,,,,1,TRUE,5500.000,5550.000,226.675980,226.725983,1920,1046,"ObjectSlot1-4",1,1,"video_relative_to_screen_recording_start",75.060127,151615.844,151665.859,1,75.060127,"1781613114174","../../../../../../Project/UE5/Gallery/Saved/ScreenRecordings/A037_v2_20260616_203154_screen.mkv",151615.844,151665.859,151640.844,"1781613265789","1781613265839","2026-06-16T20:34:25.788+08:00","2026-06-16T20:34:25.838+08:00",221.175980,EXP2,"exp2_table",1,1,"1:1|2:2|3:3|4:4"
"exp2_target_object","实验二当前目标模型_左脸","Exp2_001_exp2_target_object_0222","video_relative_to_recording_start",rectangle,0,317,626,996,,,,"A037","Exp2_001","E1_SPATIAL_PROGRESSIVE",loading,,,,,1,TRUE,5500.000,5550.000,226.675980,226.725983,1920,1046,"ObjectSlot1",1,1,"video_relative_to_screen_recording_start",75.060127,151615.844,151665.859,1,75.060127,"1781613114174","../../../../../../Project/UE5/Gallery/Saved/ScreenRecordings/A037_v2_20260616_203154_screen.mkv",151615.844,151665.859,151640.844,"1781613265789","1781613265839","2026-06-16T20:34:25.788+08:00","2026-06-16T20:34:25.838+08:00",221.175980,EXP2,"exp2_target",1,1,"1:1|2:2|3:3|4:4"
"exp2_table_objects","实验二桌面四模型总体区域","Exp2_001_exp2_table_objects_0223","video_relative_to_recording_start",rectangle,0,317,1919,996,,,,"A037","Exp2_001","E1_SPATIAL_PROGRESSIVE",loading,,,,,1,TRUE,5550.000,5600.000,226.725983,226.775986,1920,1046,"ObjectSlot1-4",1,1,"video_relative_to_screen_recording_start",75.060127,151665.859,151715.844,1,75.060127,"1781613114174","../../../../../../Project/UE5/Gallery/Saved/ScreenRecordings/A037_v2_20260616_203154_screen.mkv",151665.859,151715.844,151690.844,"1781613265839","1781613265889","2026-06-16T20:34:25.838+08:00","2026-06-16T20:34:25.888+08:00",221.175980,EXP2,"exp2_table",1,1,"1:1|2:2|3:3|4:4"
"exp2_target_object","实验二当前目标模型_左脸","Exp2_001_exp2_target_object_0224","video_relative_to_recording_start",rectangle,0,317,626,996,,,,"A037","Exp2_001","E1_SPATIAL_PROGRESSIVE",loading,,,,,1,TRUE,5550.000,5600.000,226.725983,226.775986,1920,1046,"ObjectSlot1",1,1,"video_relative_to_screen_recording_start",75.060127,151665.859,151715.844,1,75.060127,"1781613114174","../../../../../../Project/UE5/Gallery/Saved/ScreenRecordings/A037_v2_20260616_203154_screen.mkv",151665.859,151715.844,151690.844,"1781613265839","1781613265889","2026-06-16T20:34:25.838+08:00","2026-06-16T20:34:25.888+08:00",221.175980,EXP2,"exp2_target",1,1,"1:1|2:2|3:3|4:4"
"exp2_table_objects","实验二桌面四模型总体区域","Exp2_001_exp2_table_objects_0225","video_relative_to_recording_start",rectangle,0,317,1919,996,,,,"A037","Exp2_001","E1_SPATIAL_PROGRESSIVE",loading,,,,,1,TRUE,5600.000,5650.000,226.775986,226.825974,1920,1046,"ObjectSlot1-4",1,1,"video_relative_to_screen_recording_start",75.060127,151715.844,151765.844,1,75.060127,"1781613114174","../../../../../../Project/UE5/Gallery/Saved/ScreenRecordings/A037_v2_20260616_203154_screen.mkv",151715.844,151765.844,151740.844,"1781613265889","1781613265939","2026-06-16T20:34:25.888+08:00","2026-06-16T20:34:25.938+08:00",221.175980,EXP2,"exp2_table",1,1,"1:1|2:2|3:3|4:4"
"exp2_target_object","实验二当前目标模型_左脸","Exp2_001_exp2_target_object_0226","video_relative_to_recording_start",rectangle,0,317,626,996,,,,"A037","Exp2_001","E1_SPATIAL_PROGRESSIVE",loading,,,,,1,TRUE,5600.000,5650.000,226.775986,226.825974,1920,1046,"ObjectSlot1",1,1,"video_relative_to_screen_recording_start",75.060127,151715.844,151765.844,1,75.060127,"1781613114174","../../../../../../Project/UE5/Gallery/Saved/ScreenRecordings/A037_v2_20260616_203154_screen.mkv",151715.844,151765.844,151740.844,"1781613265889","1781613265939","2026-06-16T20:34:25.888+08:00","2026-06-16T20:34:25.938+08:00",221.175980,EXP2,"exp2_target",1,1,"1:1|2:2|3:3|4:4"
"exp2_table_objects","实验二桌面四模型总体区域","Exp2_001_exp2_table_objects_0227","video_relative_to_recording_start",rectangle,0,317,1919,996,,,,"A037","Exp2_001","E1_SPATIAL_PROGRESSIVE",loading,,,,,1,TRUE,5650.000,5700.000,226.825974,226.875977,1920,1046,"ObjectSlot1-4",1,1,"video_relative_to_screen_recording_start",75.060127,151765.844,151815.859,1,75.060127,"1781613114174","../../../../../../Project/UE5/Gallery/Saved/ScreenRecordings/A037_v2_20260616_203154_screen.mkv",151765.844,151815.859,151790.844,"1781613265939","1781613265989","2026-06-16T20:34:25.938+08:00","2026-06-16T20:34:25.988+08:00",221.175980,EXP2,"exp2_table",1,1,"1:1|2:2|3:3|4:4"
"exp2_target_object","实验二当前目标模型_左脸","Exp2_001_exp2_target_object_0228","video_relative_to_recording_start",rectangle,0,317,626,996,,,,"A037","Exp2_001","E1_SPATIAL_PROGRESSIVE",loading,,,,,1,TRUE,5650.000,5700.000,226.825974,226.875977,1920,1046,"ObjectSlot1",1,1,"video_relative_to_screen_recording_start",75.060127,151765.844,151815.859,1,75.060127,"1781613114174","../../../../../../Project/UE5/Gallery/Saved/ScreenRecordings/A037_v2_20260616_203154_screen.mkv",151765.844,151815.859,151790.844,"1781613265939","1781613265989","2026-06-16T20:34:25.938+08:00","2026-06-16T20:34:25.988+08:00",221.175980,EXP2,"exp2_target",1,1,"1:1|2:2|3:3|4:4"
"exp2_table_objects","实验二桌面四模型总体区域","Exp2_001_exp2_table_objects_0229","video_relative_to_recording_start",rectangle,0,317,1919,996,,,,"A037","Exp2_001","E1_SPATIAL_PROGRESSIVE",loading,,,,,1,TRUE,5700.000,5750.000,226.875977,226.925980,1920,1046,"ObjectSlot1-4",1,1,"video_relative_to_screen_recording_start",75.060127,151815.859,151865.844,1,75.060127,"1781613114174","../../../../../../Project/UE5/Gallery/Saved/ScreenRecordings/A037_v2_20260616_203154_screen.mkv",151815.859,151865.844,151840.844,"1781613265989","1781613266039","2026-06-16T20:34:25.988+08:00","2026-06-16T20:34:26.038+08:00",221.175980,EXP2,"exp2_table",1,1,"1:1|2:2|3:3|4:4"
"exp2_target_object","实验二当前目标模型_左脸","Exp2_001_exp2_target_object_0230","video_relative_to_recording_start",rectangle,0,317,626,996,,,,"A037","Exp2_001","E1_SPATIAL_PROGRESSIVE",loading,,,,,1,TRUE,5700.000,5750.000,226.875977,226.925980,1920,1046,"ObjectSlot1",1,1,"video_relative_to_screen_recording_start",75.060127,151815.859,151865.844,1,75.060127,"1781613114174","../../../../../../Project/UE5/Gallery/Saved/ScreenRecordings/A037_v2_20260616_203154_screen.mkv",151815.859,151865.844,151840.844,"1781613265989","1781613266039","2026-06-16T20:34:25.988+08:00","2026-06-16T20:34:26.038+08:00",221.175980,EXP2,"exp2_target",1,1,"1:1|2:2|3:3|4:4"
"exp2_table_objects","实验二桌面四模型总体区域","Exp2_001_exp2_table_objects_0231","video_relative_to_recording_start",rectangle,0,317,1919,996,,,,"A037","Exp2_001","E1_SPATIAL_PROGRESSIVE",loading,,,,,1,TRUE,5750.000,5800.000,226.925980,226.975983,1920,1046,"ObjectSlot1-4",1,1,"video_relative_to_screen_recording_start",75.060127,151865.844,151915.859,1,75.060127,"1781613114174","../../../../../../Project/UE5/Gallery/Saved/ScreenRecordings/A037_v2_20260616_203154_screen.mkv",151865.844,151915.859,151890.844,"1781613266039","1781613266089","2026-06-16T20:34:26.038+08:00","2026-06-16T20:34:26.088+08:00",221.175980,EXP2,"exp2_table",1,1,"1:1|2:2|3:3|4:4"
"exp2_target_object","实验二当前目标模型_左脸","Exp2_001_exp2_target_object_0232","video_relative_to_recording_start",rectangle,0,317,626,996,,,,"A037","Exp2_001","E1_SPATIAL_PROGRESSIVE",loading,,,,,1,TRUE,5750.000,5800.000,226.925980,226.975983,1920,1046,"ObjectSlot1",1,1,"video_relative_to_screen_recording_start",75.060127,151865.844,151915.859,1,75.060127,"1781613114174","../../../../../../Project/UE5/Gallery/Saved/ScreenRecordings/A037_v2_20260616_203154_screen.mkv",151865.844,151915.859,151890.844,"1781613266039","1781613266089","2026-06-16T20:34:26.038+08:00","2026-06-16T20:34:26.088+08:00",221.175980,EXP2,"exp2_target",1,1,"1:1|2:2|3:3|4:4"
"exp2_table_objects","实验二桌面四模型总体区域","Exp2_001_exp2_table_objects_0233","video_relative_to_recording_start",rectangle,0,317,1919,996,,,,"A037","Exp2_001","E1_SPATIAL_PROGRESSIVE",loading,,,,,1,TRUE,5800.000,5850.000,226.975983,227.025986,1920,1046,"ObjectSlot1-4",1,1,"video_relative_to_screen_recording_start",75.060127,151915.859,151965.844,1,75.060127,"1781613114174","../../../../../../Project/UE5/Gallery/Saved/ScreenRecordings/A037_v2_20260616_203154_screen.mkv",151915.859,151965.844,151940.844,"1781613266089","1781613266139","2026-06-16T20:34:26.088+08:00","2026-06-16T20:34:26.138+08:00",221.175980,EXP2,"exp2_table",1,1,"1:1|2:2|3:3|4:4"
"exp2_target_object","实验二当前目标模型_左脸","Exp2_001_exp2_target_object_0234","video_relative_to_recording_start",rectangle,0,317,626,996,,,,"A037","Exp2_001","E1_SPATIAL_PROGRESSIVE",loading,,,,,1,TRUE,5800.000,5850.000,226.975983,227.025986,1920,1046,"ObjectSlot1",1,1,"video_relative_to_screen_recording_start",75.060127,151915.859,151965.844,1,75.060127,"1781613114174","../../../../../../Project/UE5/Gallery/Saved/ScreenRecordings/A037_v2_20260616_203154_screen.mkv",151915.859,151965.844,151940.844,"1781613266089","1781613266139","2026-06-16T20:34:26.088+08:00","2026-06-16T20:34:26.138+08:00",221.175980,EXP2,"exp2_target",1,1,"1:1|2:2|3:3|4:4"
"exp2_table_objects","实验二桌面四模型总体区域","Exp2_001_exp2_table_objects_0235","video_relative_to_recording_start",rectangle,0,317,1919,996,,,,"A037","Exp2_001","E1_SPATIAL_PROGRESSIVE",loading,,,,,1,TRUE,5850.000,5900.000,227.025986,227.075974,1920,1046,"ObjectSlot1-4",1,1,"video_relative_to_screen_recording_start",75.060127,151965.844,152015.844,1,75.060127,"1781613114174","../../../../../../Project/UE5/Gallery/Saved/ScreenRecordings/A037_v2_20260616_203154_screen.mkv",151965.844,152015.844,151990.844,"1781613266139","1781613266189","2026-06-16T20:34:26.138+08:00","2026-06-16T20:34:26.188+08:00",221.175980,EXP2,"exp2_table",1,1,"1:1|2:2|3:3|4:4"
"exp2_target_object","实验二当前目标模型_左脸","Exp2_001_exp2_target_object_0236","video_relative_to_recording_start",rectangle,0,317,626,996,,,,"A037","Exp2_001","E1_SPATIAL_PROGRESSIVE",loading,,,,,1,TRUE,5850.000,5900.000,227.025986,227.075974,1920,1046,"ObjectSlot1",1,1,"video_relative_to_screen_recording_start",75.060127,151965.844,152015.844,1,75.060127,"1781613114174","../../../../../../Project/UE5/Gallery/Saved/ScreenRecordings/A037_v2_20260616_203154_screen.mkv",151965.844,152015.844,151990.844,"1781613266139","1781613266189","2026-06-16T20:34:26.138+08:00","2026-06-16T20:34:26.188+08:00",221.175980,EXP2,"exp2_target",1,1,"1:1|2:2|3:3|4:4"
"exp2_table_objects","实验二桌面四模型总体区域","Exp2_001_exp2_table_objects_0237","video_relative_to_recording_start",rectangle,0,317,1919,996,,,,"A037","Exp2_001","E1_SPATIAL_PROGRESSIVE",loading,,,,,1,TRUE,5900.000,5950.000,227.075974,227.125977,1920,1046,"ObjectSlot1-4",1,1,"video_relative_to_screen_recording_start",75.060127,152015.844,152065.859,1,75.060127,"1781613114174","../../../../../../Project/UE5/Gallery/Saved/ScreenRecordings/A037_v2_20260616_203154_screen.mkv",152015.844,152065.859,152040.844,"1781613266189","1781613266239","2026-06-16T20:34:26.188+08:00","2026-06-16T20:34:26.238+08:00",221.175980,EXP2,"exp2_table",1,1,"1:1|2:2|3:3|4:4"
"exp2_target_object","实验二当前目标模型_左脸","Exp2_001_exp2_target_object_0238","video_relative_to_recording_start",rectangle,0,317,626,996,,,,"A037","Exp2_001","E1_SPATIAL_PROGRESSIVE",loading,,,,,1,TRUE,5900.000,5950.000,227.075974,227.125977,1920,1046,"ObjectSlot1",1,1,"video_relative_to_screen_recording_start",75.060127,152015.844,152065.859,1,75.060127,"1781613114174","../../../../../../Project/UE5/Gallery/Saved/ScreenRecordings/A037_v2_20260616_203154_screen.mkv",152015.844,152065.859,152040.844,"1781613266189","1781613266239","2026-06-16T20:34:26.188+08:00","2026-06-16T20:34:26.238+08:00",221.175980,EXP2,"exp2_target",1,1,"1:1|2:2|3:3|4:4"
"exp2_table_objects","实验二桌面四模型总体区域","Exp2_001_exp2_table_objects_0239","video_relative_to_recording_start",rectangle,0,317,1919,996,,,,"A037","Exp2_001","E1_SPATIAL_PROGRESSIVE",loading,,,,,1,TRUE,5950.000,6000.000,227.125977,227.175980,1920,1046,"ObjectSlot1-4",1,1,"video_relative_to_screen_recording_start",75.060127,152065.859,152115.844,1,75.060127,"1781613114174","../../../../../../Project/UE5/Gallery/Saved/ScreenRecordings/A037_v2_20260616_203154_screen.mkv",152065.859,152115.844,152090.844,"1781613266239","1781613266289","2026-06-16T20:34:26.238+08:00","2026-06-16T20:34:26.288+08:00",221.175980,EXP2,"exp2_table",1,1,"1:1|2:2|3:3|4:4"
"exp2_target_object","实验二当前目标模型_左脸","Exp2_001_exp2_target_object_0240","video_relative_to_recording_start",rectangle,0,317,626,996,,,,"A037","Exp2_001","E1_SPATIAL_PROGRESSIVE",loading,,,,,1,TRUE,5950.000,6000.000,227.125977,227.175980,1920,1046,"ObjectSlot1",1,1,"video_relative_to_screen_recording_start",75.060127,152065.859,152115.844,1,75.060127,"1781613114174","../../../../../../Project/UE5/Gallery/Saved/ScreenRecordings/A037_v2_20260616_203154_screen.mkv",152065.859,152115.844,152090.844,"1781613266239","1781613266289","2026-06-16T20:34:26.238+08:00","2026-06-16T20:34:26.288+08:00",221.175980,EXP2,"exp2_target",1,1,"1:1|2:2|3:3|4:4"
"exp2_table_objects","实验二桌面四模型总体区域","Exp2_001_exp2_table_objects_0241","video_relative_to_recording_start",rectangle,0,317,1919,996,,,,"A037","Exp2_001","E1_SPATIAL_PROGRESSIVE",loading,,,,,1,TRUE,6000.000,6050.000,227.175980,227.225983,1920,1046,"ObjectSlot1-4",1,1,"video_relative_to_screen_recording_start",75.060127,152115.844,152165.859,1,75.060127,"1781613114174","../../../../../../Project/UE5/Gallery/Saved/ScreenRecordings/A037_v2_20260616_203154_screen.mkv",152115.844,152165.859,152140.844,"1781613266289","1781613266339","2026-06-16T20:34:26.288+08:00","2026-06-16T20:34:26.338+08:00",221.175980,EXP2,"exp2_table",1,1,"1:1|2:2|3:3|4:4"
"exp2_target_object","实验二当前目标模型_左脸","Exp2_001_exp2_target_object_0242","video_relative_to_recording_start",rectangle,0,317,626,996,,,,"A037","Exp2_001","E1_SPATIAL_PROGRESSIVE",loading,,,,,1,TRUE,6000.000,6050.000,227.175980,227.225983,1920,1046,"ObjectSlot1",1,1,"video_relative_to_screen_recording_start",75.060127,152115.844,152165.859,1,75.060127,"1781613114174","../../../../../../Project/UE5/Gallery/Saved/ScreenRecordings/A037_v2_20260616_203154_screen.mkv",152115.844,152165.859,152140.844,"1781613266289","1781613266339","2026-06-16T20:34:26.288+08:00","2026-06-16T20:34:26.338+08:00",221.175980,EXP2,"exp2_target",1,1,"1:1|2:2|3:3|4:4"
"exp2_table_objects","实验二桌面四模型总体区域","Exp2_001_exp2_table_objects_0243","video_relative_to_recording_start",rectangle,0,317,1919,996,,,,"A037","Exp2_001","E1_SPATIAL_PROGRESSIVE",loading,,,,,1,TRUE,6050.000,6100.000,227.225983,227.275986,1920,1046,"ObjectSlot1-4",1,1,"video_relative_to_screen_recording_start",75.060127,152165.859,152215.844,1,75.060127,"1781613114174","../../../../../../Project/UE5/Gallery/Saved/ScreenRecordings/A037_v2_20260616_203154_screen.mkv",152165.859,152215.844,152190.844,"1781613266339","1781613266389","2026-06-16T20:34:26.338+08:00","2026-06-16T20:34:26.388+08:00",221.175980,EXP2,"exp2_table",1,1,"1:1|2:2|3:3|4:4"
"exp2_target_object","实验二当前目标模型_左脸","Exp2_001_exp2_target_object_0244","video_relative_to_recording_start",rectangle,0,317,626,996,,,,"A037","Exp2_001","E1_SPATIAL_PROGRESSIVE",loading,,,,,1,TRUE,6050.000,6100.000,227.225983,227.275986,1920,1046,"ObjectSlot1",1,1,"video_relative_to_screen_recording_start",75.060127,152165.859,152215.844,1,75.060127,"1781613114174","../../../../../../Project/UE5/Gallery/Saved/ScreenRecordings/A037_v2_20260616_203154_screen.mkv",152165.859,152215.844,152190.844,"1781613266339","1781613266389","2026-06-16T20:34:26.338+08:00","2026-06-16T20:34:26.388+08:00",221.175980,EXP2,"exp2_target",1,1,"1:1|2:2|3:3|4:4"
"exp2_table_objects","实验二桌面四模型总体区域","Exp2_001_exp2_table_objects_0245","video_relative_to_recording_start",rectangle,0,317,1919,996,,,,"A037","Exp2_001","E1_SPATIAL_PROGRESSIVE",loading,,,,,1,TRUE,6100.000,6150.000,227.275986,227.325974,1920,1046,"ObjectSlot1-4",1,1,"video_relative_to_screen_recording_start",75.060127,152215.844,152265.844,1,75.060127,"1781613114174","../../../../../../Project/UE5/Gallery/Saved/ScreenRecordings/A037_v2_20260616_203154_screen.mkv",152215.844,152265.844,152240.844,"1781613266389","1781613266439","2026-06-16T20:34:26.388+08:00","2026-06-16T20:34:26.438+08:00",221.175980,EXP2,"exp2_table",1,1,"1:1|2:2|3:3|4:4"
"exp2_target_object","实验二当前目标模型_左脸","Exp2_001_exp2_target_object_0246","video_relative_to_recording_start",rectangle,0,317,626,996,,,,"A037","Exp2_001","E1_SPATIAL_PROGRESSIVE",loading,,,,,1,TRUE,6100.000,6150.000,227.275986,227.325974,1920,1046,"ObjectSlot1",1,1,"video_relative_to_screen_recording_start",75.060127,152215.844,152265.844,1,75.060127,"1781613114174","../../../../../../Project/UE5/Gallery/Saved/ScreenRecordings/A037_v2_20260616_203154_screen.mkv",152215.844,152265.844,152240.844,"1781613266389","1781613266439","2026-06-16T20:34:26.388+08:00","2026-06-16T20:34:26.438+08:00",221.175980,EXP2,"exp2_target",1,1,"1:1|2:2|3:3|4:4"
"exp2_table_objects","实验二桌面四模型总体区域","Exp2_001_exp2_table_objects_0247","video_relative_to_recording_start",rectangle,0,317,1919,996,,,,"A037","Exp2_001","E1_SPATIAL_PROGRESSIVE",loading,,,,,1,TRUE,6150.000,6200.000,227.325974,227.375977,1920,1046,"ObjectSlot1-4",1,1,"video_relative_to_screen_recording_start",75.060127,152265.844,152315.859,1,75.060127,"1781613114174","../../../../../../Project/UE5/Gallery/Saved/ScreenRecordings/A037_v2_20260616_203154_screen.mkv",152265.844,152315.859,152290.844,"1781613266439","1781613266489","2026-06-16T20:34:26.438+08:00","2026-06-16T20:34:26.488+08:00",221.175980,EXP2,"exp2_table",1,1,"1:1|2:2|3:3|4:4"
"exp2_target_object","实验二当前目标模型_左脸","Exp2_001_exp2_target_object_0248","video_relative_to_recording_start",rectangle,0,317,626,996,,,,"A037","Exp2_001","E1_SPATIAL_PROGRESSIVE",loading,,,,,1,TRUE,6150.000,6200.000,227.325974,227.375977,1920,1046,"ObjectSlot1",1,1,"video_relative_to_screen_recording_start",75.060127,152265.844,152315.859,1,75.060127,"1781613114174","../../../../../../Project/UE5/Gallery/Saved/ScreenRecordings/A037_v2_20260616_203154_screen.mkv",152265.844,152315.859,152290.844,"1781613266439","1781613266489","2026-06-16T20:34:26.438+08:00","2026-06-16T20:34:26.488+08:00",221.175980,EXP2,"exp2_target",1,1,"1:1|2:2|3:3|4:4"
"exp2_table_objects","实验二桌面四模型总体区域","Exp2_001_exp2_table_objects_0249","video_relative_to_recording_start",rectangle,0,317,1919,996,,,,"A037","Exp2_001","E1_SPATIAL_PROGRESSIVE",loading,,,,,1,TRUE,6200.000,6250.000,227.375977,227.425980,1920,1046,"ObjectSlot1-4",1,1,"video_relative_to_screen_recording_start",75.060127,152315.859,152365.844,1,75.060127,"1781613114174","../../../../../../Project/UE5/Gallery/Saved/ScreenRecordings/A037_v2_20260616_203154_screen.mkv",152315.859,152365.844,152340.844,"1781613266489","1781613266539","2026-06-16T20:34:26.488+08:00","2026-06-16T20:34:26.538+08:00",221.175980,EXP2,"exp2_table",1,1,"1:1|2:2|3:3|4:4"
"exp2_target_object","实验二当前目标模型_左脸","Exp2_001_exp2_target_object_0250","video_relative_to_recording_start",rectangle,0,317,626,996,,,,"A037","Exp2_001","E1_SPATIAL_PROGRESSIVE",loading,,,,,1,TRUE,6200.000,6250.000,227.375977,227.425980,1920,1046,"ObjectSlot1",1,1,"video_relative_to_screen_recording_start",75.060127,152315.859,152365.844,1,75.060127,"1781613114174","../../../../../../Project/UE5/Gallery/Saved/ScreenRecordings/A037_v2_20260616_203154_screen.mkv",152315.859,152365.844,152340.844,"1781613266489","1781613266539","2026-06-16T20:34:26.488+08:00","2026-06-16T20:34:26.538+08:00",221.175980,EXP2,"exp2_target",1,1,"1:1|2:2|3:3|4:4"
"exp2_table_objects","实验二桌面四模型总体区域","Exp2_001_exp2_table_objects_0251","video_relative_to_recording_start",rectangle,0,317,1919,996,,,,"A037","Exp2_001","E1_SPATIAL_PROGRESSIVE",loading,,,,,1,TRUE,6250.000,6300.000,227.425980,227.475983,1920,1046,"ObjectSlot1-4",1,1,"video_relative_to_screen_recording_start",75.060127,152365.844,152415.859,1,75.060127,"1781613114174","../../../../../../Project/UE5/Gallery/Saved/ScreenRecordings/A037_v2_20260616_203154_screen.mkv",152365.844,152415.859,152390.844,"1781613266539","1781613266589","2026-06-16T20:34:26.538+08:00","2026-06-16T20:34:26.588+08:00",221.175980,EXP2,"exp2_table",1,1,"1:1|2:2|3:3|4:4"
"exp2_target_object","实验二当前目标模型_左脸","Exp2_001_exp2_target_object_0252","video_relative_to_recording_start",rectangle,0,317,626,996,,,,"A037","Exp2_001","E1_SPATIAL_PROGRESSIVE",loading,,,,,1,TRUE,6250.000,6300.000,227.425980,227.475983,1920,1046,"ObjectSlot1",1,1,"video_relative_to_screen_recording_start",75.060127,152365.844,152415.859,1,75.060127,"1781613114174","../../../../../../Project/UE5/Gallery/Saved/ScreenRecordings/A037_v2_20260616_203154_screen.mkv",152365.844,152415.859,152390.844,"1781613266539","1781613266589","2026-06-16T20:34:26.538+08:00","2026-06-16T20:34:26.588+08:00",221.175980,EXP2,"exp2_target",1,1,"1:1|2:2|3:3|4:4"
"exp2_table_objects","实验二桌面四模型总体区域","Exp2_001_exp2_table_objects_0253","video_relative_to_recording_start",rectangle,0,317,1919,996,,,,"A037","Exp2_001","E1_SPATIAL_PROGRESSIVE",loading,,,,,1,TRUE,6300.000,6350.000,227.475983,227.525986,1920,1046,"ObjectSlot1-4",1,1,"video_relative_to_screen_recording_start",75.060127,152415.859,152465.844,1,75.060127,"1781613114174","../../../../../../Project/UE5/Gallery/Saved/ScreenRecordings/A037_v2_20260616_203154_screen.mkv",152415.859,152465.844,152440.844,"1781613266589","1781613266639","2026-06-16T20:34:26.588+08:00","2026-06-16T20:34:26.638+08:00",221.175980,EXP2,"exp2_table",1,1,"1:1|2:2|3:3|4:4"
"exp2_target_object","实验二当前目标模型_左脸","Exp2_001_exp2_target_object_0254","video_relative_to_recording_start",rectangle,0,317,626,996,,,,"A037","Exp2_001","E1_SPATIAL_PROGRESSIVE",loading,,,,,1,TRUE,6300.000,6350.000,227.475983,227.525986,1920,1046,"ObjectSlot1",1,1,"video_relative_to_screen_recording_start",75.060127,152415.859,152465.844,1,75.060127,"1781613114174","../../../../../../Project/UE5/Gallery/Saved/ScreenRecordings/A037_v2_20260616_203154_screen.mkv",152415.859,152465.844,152440.844,"1781613266589","1781613266639","2026-06-16T20:34:26.588+08:00","2026-06-16T20:34:26.638+08:00",221.175980,EXP2,"exp2_target",1,1,"1:1|2:2|3:3|4:4"
"exp2_table_objects","实验二桌面四模型总体区域","Exp2_001_exp2_table_objects_0255","video_relative_to_recording_start",rectangle,0,317,1919,996,,,,"A037","Exp2_001","E1_SPATIAL_PROGRESSIVE",loading,,,,,1,TRUE,6350.000,6400.000,227.525986,227.575974,1920,1046,"ObjectSlot1-4",1,1,"video_relative_to_screen_recording_start",75.060127,152465.844,152515.844,1,75.060127,"1781613114174","../../../../../../Project/UE5/Gallery/Saved/ScreenRecordings/A037_v2_20260616_203154_screen.mkv",152465.844,152515.844,152490.844,"1781613266639","1781613266689","2026-06-16T20:34:26.638+08:00","2026-06-16T20:34:26.688+08:00",221.175980,EXP2,"exp2_table",1,1,"1:1|2:2|3:3|4:4"
"exp2_target_object","实验二当前目标模型_左脸","Exp2_001_exp2_target_object_0256","video_relative_to_recording_start",rectangle,0,317,626,996,,,,"A037","Exp2_001","E1_SPATIAL_PROGRESSIVE",loading,,,,,1,TRUE,6350.000,6400.000,227.525986,227.575974,1920,1046,"ObjectSlot1",1,1,"video_relative_to_screen_recording_start",75.060127,152465.844,152515.844,1,75.060127,"1781613114174","../../../../../../Project/UE5/Gallery/Saved/ScreenRecordings/A037_v2_20260616_203154_screen.mkv",152465.844,152515.844,152490.844,"1781613266639","1781613266689","2026-06-16T20:34:26.638+08:00","2026-06-16T20:34:26.688+08:00",221.175980,EXP2,"exp2_target",1,1,"1:1|2:2|3:3|4:4"
"exp2_table_objects","实验二桌面四模型总体区域","Exp2_001_exp2_table_objects_0257","video_relative_to_recording_start",rectangle,0,317,1919,996,,,,"A037","Exp2_001","E1_SPATIAL_PROGRESSIVE",loading,,,,,1,TRUE,6400.000,6450.000,227.575974,227.625977,1920,1046,"ObjectSlot1-4",1,1,"video_relative_to_screen_recording_start",75.060127,152515.844,152565.859,1,75.060127,"1781613114174","../../../../../../Project/UE5/Gallery/Saved/ScreenRecordings/A037_v2_20260616_203154_screen.mkv",152515.844,152565.859,152540.844,"1781613266689","1781613266739","2026-06-16T20:34:26.688+08:00","2026-06-16T20:34:26.738+08:00",221.175980,EXP2,"exp2_table",1,1,"1:1|2:2|3:3|4:4"
"exp2_target_object","实验二当前目标模型_左脸","Exp2_001_exp2_target_object_0258","video_relative_to_recording_start",rectangle,0,317,626,996,,,,"A037","Exp2_001","E1_SPATIAL_PROGRESSIVE",loading,,,,,1,TRUE,6400.000,6450.000,227.575974,227.625977,1920,1046,"ObjectSlot1",1,1,"video_relative_to_screen_recording_start",75.060127,152515.844,152565.859,1,75.060127,"1781613114174","../../../../../../Project/UE5/Gallery/Saved/ScreenRecordings/A037_v2_20260616_203154_screen.mkv",152515.844,152565.859,152540.844,"1781613266689","1781613266739","2026-06-16T20:34:26.688+08:00","2026-06-16T20:34:26.738+08:00",221.175980,EXP2,"exp2_target",1,1,"1:1|2:2|3:3|4:4"
"exp2_table_objects","实验二桌面四模型总体区域","Exp2_001_exp2_table_objects_0259","video_relative_to_recording_start",rectangle,0,317,1919,996,,,,"A037","Exp2_001","E1_SPATIAL_PROGRESSIVE",loading,,,,,1,TRUE,6450.000,6500.000,227.625977,227.675980,1920,1046,"ObjectSlot1-4",1,1,"video_relative_to_screen_recording_start",75.060127,152565.859,152615.844,1,75.060127,"1781613114174","../../../../../../Project/UE5/Gallery/Saved/ScreenRecordings/A037_v2_20260616_203154_screen.mkv",152565.859,152615.844,152590.844,"1781613266739","1781613266789","2026-06-16T20:34:26.738+08:00","2026-06-16T20:34:26.788+08:00",221.175980,EXP2,"exp2_table",1,1,"1:1|2:2|3:3|4:4"
"exp2_target_object","实验二当前目标模型_左脸","Exp2_001_exp2_target_object_0260","video_relative_to_recording_start",rectangle,0,317,626,996,,,,"A037","Exp2_001","E1_SPATIAL_PROGRESSIVE",loading,,,,,1,TRUE,6450.000,6500.000,227.625977,227.675980,1920,1046,"ObjectSlot1",1,1,"video_relative_to_screen_recording_start",75.060127,152565.859,152615.844,1,75.060127,"1781613114174","../../../../../../Project/UE5/Gallery/Saved/ScreenRecordings/A037_v2_20260616_203154_screen.mkv",152565.859,152615.844,152590.844,"1781613266739","1781613266789","2026-06-16T20:34:26.738+08:00","2026-06-16T20:34:26.788+08:00",221.175980,EXP2,"exp2_target",1,1,"1:1|2:2|3:3|4:4"
"exp2_table_objects","实验二桌面四模型总体区域","Exp2_001_exp2_table_objects_0261","video_relative_to_recording_start",rectangle,0,317,1919,996,,,,"A037","Exp2_001","E1_SPATIAL_PROGRESSIVE",loading,,,,,1,TRUE,6500.000,6550.000,227.675980,227.725983,1920,1046,"ObjectSlot1-4",1,1,"video_relative_to_screen_recording_start",75.060127,152615.844,152665.859,1,75.060127,"1781613114174","../../../../../../Project/UE5/Gallery/Saved/ScreenRecordings/A037_v2_20260616_203154_screen.mkv",152615.844,152665.859,152640.844,"1781613266789","1781613266839","2026-06-16T20:34:26.788+08:00","2026-06-16T20:34:26.838+08:00",221.175980,EXP2,"exp2_table",1,1,"1:1|2:2|3:3|4:4"
"exp2_target_object","实验二当前目标模型_左脸","Exp2_001_exp2_target_object_0262","video_relative_to_recording_start",rectangle,0,317,626,996,,,,"A037","Exp2_001","E1_SPATIAL_PROGRESSIVE",loading,,,,,1,TRUE,6500.000,6550.000,227.675980,227.725983,1920,1046,"ObjectSlot1",1,1,"video_relative_to_screen_recording_start",75.060127,152615.844,152665.859,1,75.060127,"1781613114174","../../../../../../Project/UE5/Gallery/Saved/ScreenRecordings/A037_v2_20260616_203154_screen.mkv",152615.844,152665.859,152640.844,"1781613266789","1781613266839","2026-06-16T20:34:26.788+08:00","2026-06-16T20:34:26.838+08:00",221.175980,EXP2,"exp2_target",1,1,"1:1|2:2|3:3|4:4"
"exp2_table_objects","实验二桌面四模型总体区域","Exp2_001_exp2_table_objects_0263","video_relative_to_recording_start",rectangle,0,317,1919,996,,,,"A037","Exp2_001","E1_SPATIAL_PROGRESSIVE",loading,,,,,1,TRUE,6550.000,6600.000,227.725983,227.775986,1920,1046,"ObjectSlot1-4",1,1,"video_relative_to_screen_recording_start",75.060127,152665.859,152715.844,1,75.060127,"1781613114174","../../../../../../Project/UE5/Gallery/Saved/ScreenRecordings/A037_v2_20260616_203154_screen.mkv",152665.859,152715.844,152690.844,"1781613266839","1781613266889","2026-06-16T20:34:26.838+08:00","2026-06-16T20:34:26.888+08:00",221.175980,EXP2,"exp2_table",1,1,"1:1|2:2|3:3|4:4"
"exp2_target_object","实验二当前目标模型_左脸","Exp2_001_exp2_target_object_0264","video_relative_to_recording_start",rectangle,0,317,626,996,,,,"A037","Exp2_001","E1_SPATIAL_PROGRESSIVE",loading,,,,,1,TRUE,6550.000,6600.000,227.725983,227.775986,1920,1046,"ObjectSlot1",1,1,"video_relative_to_screen_recording_start",75.060127,152665.859,152715.844,1,75.060127,"1781613114174","../../../../../../Project/UE5/Gallery/Saved/ScreenRecordings/A037_v2_20260616_203154_screen.mkv",152665.859,152715.844,152690.844,"1781613266839","1781613266889","2026-06-16T20:34:26.838+08:00","2026-06-16T20:34:26.888+08:00",221.175980,EXP2,"exp2_target",1,1,"1:1|2:2|3:3|4:4"
"exp2_table_objects","实验二桌面四模型总体区域","Exp2_001_exp2_table_objects_0265","video_relative_to_recording_start",rectangle,0,317,1919,996,,,,"A037","Exp2_001","E1_SPATIAL_PROGRESSIVE",loading,,,,,1,TRUE,6600.000,6650.000,227.775986,227.825974,1920,1046,"ObjectSlot1-4",1,1,"video_relative_to_screen_recording_start",75.060127,152715.844,152765.844,1,75.060127,"1781613114174","../../../../../../Project/UE5/Gallery/Saved/ScreenRecordings/A037_v2_20260616_203154_screen.mkv",152715.844,152765.844,152740.844,"1781613266889","1781613266939","2026-06-16T20:34:26.888+08:00","2026-06-16T20:34:26.938+08:00",221.175980,EXP2,"exp2_table",1,1,"1:1|2:2|3:3|4:4"
"exp2_target_object","实验二当前目标模型_左脸","Exp2_001_exp2_target_object_0266","video_relative_to_recording_start",rectangle,0,317,626,996,,,,"A037","Exp2_001","E1_SPATIAL_PROGRESSIVE",loading,,,,,1,TRUE,6600.000,6650.000,227.775986,227.825974,1920,1046,"ObjectSlot1",1,1,"video_relative_to_screen_recording_start",75.060127,152715.844,152765.844,1,75.060127,"1781613114174","../../../../../../Project/UE5/Gallery/Saved/ScreenRecordings/A037_v2_20260616_203154_screen.mkv",152715.844,152765.844,152740.844,"1781613266889","1781613266939","2026-06-16T20:34:26.888+08:00","2026-06-16T20:34:26.938+08:00",221.175980,EXP2,"exp2_target",1,1,"1:1|2:2|3:3|4:4"
"exp2_table_objects","实验二桌面四模型总体区域","Exp2_001_exp2_table_objects_0267","video_relative_to_recording_start",rectangle,0,317,1919,996,,,,"A037","Exp2_001","E1_SPATIAL_PROGRESSIVE",loading,,,,,1,TRUE,6650.000,6700.000,227.825974,227.875977,1920,1046,"ObjectSlot1-4",1,1,"video_relative_to_screen_recording_start",75.060127,152765.844,152815.859,1,75.060127,"1781613114174","../../../../../../Project/UE5/Gallery/Saved/ScreenRecordings/A037_v2_20260616_203154_screen.mkv",152765.844,152815.859,152790.844,"1781613266939","1781613266989","2026-06-16T20:34:26.938+08:00","2026-06-16T20:34:26.988+08:00",221.175980,EXP2,"exp2_table",1,1,"1:1|2:2|3:3|4:4"
"exp2_target_object","实验二当前目标模型_左脸","Exp2_001_exp2_target_object_0268","video_relative_to_recording_start",rectangle,0,317,626,996,,,,"A037","Exp2_001","E1_SPATIAL_PROGRESSIVE",loading,,,,,1,TRUE,6650.000,6700.000,227.825974,227.875977,1920,1046,"ObjectSlot1",1,1,"video_relative_to_screen_recording_start",75.060127,152765.844,152815.859,1,75.060127,"1781613114174","../../../../../../Project/UE5/Gallery/Saved/ScreenRecordings/A037_v2_20260616_203154_screen.mkv",152765.844,152815.859,152790.844,"1781613266939","1781613266989","2026-06-16T20:34:26.938+08:00","2026-06-16T20:34:26.988+08:00",221.175980,EXP2,"exp2_target",1,1,"1:1|2:2|3:3|4:4"
"exp2_table_objects","实验二桌面四模型总体区域","Exp2_001_exp2_table_objects_0269","video_relative_to_recording_start",rectangle,0,317,1919,996,,,,"A037","Exp2_001","E1_SPATIAL_PROGRESSIVE",loading,,,,,1,TRUE,6700.000,6750.000,227.875977,227.925980,1920,1046,"ObjectSlot1-4",1,1,"video_relative_to_screen_recording_start",75.060127,152815.859,152865.844,1,75.060127,"1781613114174","../../../../../../Project/UE5/Gallery/Saved/ScreenRecordings/A037_v2_20260616_203154_screen.mkv",152815.859,152865.844,152840.844,"1781613266989","1781613267039","2026-06-16T20:34:26.988+08:00","2026-06-16T20:34:27.038+08:00",221.175980,EXP2,"exp2_table",1,1,"1:1|2:2|3:3|4:4"
"exp2_target_object","实验二当前目标模型_左脸","Exp2_001_exp2_target_object_0270","video_relative_to_recording_start",rectangle,0,317,626,996,,,,"A037","Exp2_001","E1_SPATIAL_PROGRESSIVE",loading,,,,,1,TRUE,6700.000,6750.000,227.875977,227.925980,1920,1046,"ObjectSlot1",1,1,"video_relative_to_screen_recording_start",75.060127,152815.859,152865.844,1,75.060127,"1781613114174","../../../../../../Project/UE5/Gallery/Saved/ScreenRecordings/A037_v2_20260616_203154_screen.mkv",152815.859,152865.844,152840.844,"1781613266989","1781613267039","2026-06-16T20:34:26.988+08:00","2026-06-16T20:34:27.038+08:00",221.175980,EXP2,"exp2_target",1,1,"1:1|2:2|3:3|4:4"
"exp2_table_objects","实验二桌面四模型总体区域","Exp2_001_exp2_table_objects_0271","video_relative_to_recording_start",rectangle,0,317,1919,996,,,,"A037","Exp2_001","E1_SPATIAL_PROGRESSIVE",loading,,,,,1,TRUE,6750.000,6800.000,227.925980,227.975983,1920,1046,"ObjectSlot1-4",1,1,"video_relative_to_screen_recording_start",75.060127,152865.844,152915.859,1,75.060127,"1781613114174","../../../../../../Project/UE5/Gallery/Saved/ScreenRecordings/A037_v2_20260616_203154_screen.mkv",152865.844,152915.859,152890.844,"1781613267039","1781613267089","2026-06-16T20:34:27.038+08:00","2026-06-16T20:34:27.088+08:00",221.175980,EXP2,"exp2_table",1,1,"1:1|2:2|3:3|4:4"
"exp2_target_object","实验二当前目标模型_左脸","Exp2_001_exp2_target_object_0272","video_relative_to_recording_start",rectangle,0,317,626,996,,,,"A037","Exp2_001","E1_SPATIAL_PROGRESSIVE",loading,,,,,1,TRUE,6750.000,6800.000,227.925980,227.975983,1920,1046,"ObjectSlot1",1,1,"video_relative_to_screen_recording_start",75.060127,152865.844,152915.859,1,75.060127,"1781613114174","../../../../../../Project/UE5/Gallery/Saved/ScreenRecordings/A037_v2_20260616_203154_screen.mkv",152865.844,152915.859,152890.844,"1781613267039","1781613267089","2026-06-16T20:34:27.038+08:00","2026-06-16T20:34:27.088+08:00",221.175980,EXP2,"exp2_target",1,1,"1:1|2:2|3:3|4:4"
"exp2_table_objects","实验二桌面四模型总体区域","Exp2_001_exp2_table_objects_0273","video_relative_to_recording_start",rectangle,0,317,1919,996,,,,"A037","Exp2_001","E1_SPATIAL_PROGRESSIVE",loading,,,,,1,TRUE,6800.000,6850.000,227.975983,228.025986,1920,1046,"ObjectSlot1-4",1,1,"video_relative_to_screen_recording_start",75.060127,152915.859,152965.844,1,75.060127,"1781613114174","../../../../../../Project/UE5/Gallery/Saved/ScreenRecordings/A037_v2_20260616_203154_screen.mkv",152915.859,152965.844,152940.844,"1781613267089","1781613267139","2026-06-16T20:34:27.088+08:00","2026-06-16T20:34:27.138+08:00",221.175980,EXP2,"exp2_table",1,1,"1:1|2:2|3:3|4:4"
"exp2_target_object","实验二当前目标模型_左脸","Exp2_001_exp2_target_object_0274","video_relative_to_recording_start",rectangle,0,317,626,996,,,,"A037","Exp2_001","E1_SPATIAL_PROGRESSIVE",loading,,,,,1,TRUE,6800.000,6850.000,227.975983,228.025986,1920,1046,"ObjectSlot1",1,1,"video_relative_to_screen_recording_start",75.060127,152915.859,152965.844,1,75.060127,"1781613114174","../../../../../../Project/UE5/Gallery/Saved/ScreenRecordings/A037_v2_20260616_203154_screen.mkv",152915.859,152965.844,152940.844,"1781613267089","1781613267139","2026-06-16T20:34:27.088+08:00","2026-06-16T20:34:27.138+08:00",221.175980,EXP2,"exp2_target",1,1,"1:1|2:2|3:3|4:4"
"exp2_table_objects","实验二桌面四模型总体区域","Exp2_001_exp2_table_objects_0275","video_relative_to_recording_start",rectangle,0,317,1919,996,,,,"A037","Exp2_001","E1_SPATIAL_PROGRESSIVE",loading,,,,,1,TRUE,6850.000,6900.000,228.025986,228.075974,1920,1046,"ObjectSlot1-4",1,1,"video_relative_to_screen_recording_start",75.060127,152965.844,153015.844,1,75.060127,"1781613114174","../../../../../../Project/UE5/Gallery/Saved/ScreenRecordings/A037_v2_20260616_203154_screen.mkv",152965.844,153015.844,152990.844,"1781613267139","1781613267189","2026-06-16T20:34:27.138+08:00","2026-06-16T20:34:27.188+08:00",221.175980,EXP2,"exp2_table",1,1,"1:1|2:2|3:3|4:4"
"exp2_target_object","实验二当前目标模型_左脸","Exp2_001_exp2_target_object_0276","video_relative_to_recording_start",rectangle,0,317,626,996,,,,"A037","Exp2_001","E1_SPATIAL_PROGRESSIVE",loading,,,,,1,TRUE,6850.000,6900.000,228.025986,228.075974,1920,1046,"ObjectSlot1",1,1,"video_relative_to_screen_recording_start",75.060127,152965.844,153015.844,1,75.060127,"1781613114174","../../../../../../Project/UE5/Gallery/Saved/ScreenRecordings/A037_v2_20260616_203154_screen.mkv",152965.844,153015.844,152990.844,"1781613267139","1781613267189","2026-06-16T20:34:27.138+08:00","2026-06-16T20:34:27.188+08:00",221.175980,EXP2,"exp2_target",1,1,"1:1|2:2|3:3|4:4"
"exp2_table_objects","实验二桌面四模型总体区域","Exp2_001_exp2_table_objects_0277","video_relative_to_recording_start",rectangle,0,317,1919,996,,,,"A037","Exp2_001","E1_SPATIAL_PROGRESSIVE",loading,,,,,1,TRUE,6900.000,6950.000,228.075974,228.125977,1920,1046,"ObjectSlot1-4",1,1,"video_relative_to_screen_recording_start",75.060127,153015.844,153065.859,1,75.060127,"1781613114174","../../../../../../Project/UE5/Gallery/Saved/ScreenRecordings/A037_v2_20260616_203154_screen.mkv",153015.844,153065.859,153040.844,"1781613267189","1781613267239","2026-06-16T20:34:27.188+08:00","2026-06-16T20:34:27.238+08:00",221.175980,EXP2,"exp2_table",1,1,"1:1|2:2|3:3|4:4"
"exp2_target_object","实验二当前目标模型_左脸","Exp2_001_exp2_target_object_0278","video_relative_to_recording_start",rectangle,0,317,626,996,,,,"A037","Exp2_001","E1_SPATIAL_PROGRESSIVE",loading,,,,,1,TRUE,6900.000,6950.000,228.075974,228.125977,1920,1046,"ObjectSlot1",1,1,"video_relative_to_screen_recording_start",75.060127,153015.844,153065.859,1,75.060127,"1781613114174","../../../../../../Project/UE5/Gallery/Saved/ScreenRecordings/A037_v2_20260616_203154_screen.mkv",153015.844,153065.859,153040.844,"1781613267189","1781613267239","2026-06-16T20:34:27.188+08:00","2026-06-16T20:34:27.238+08:00",221.175980,EXP2,"exp2_target",1,1,"1:1|2:2|3:3|4:4"
"exp2_table_objects","实验二桌面四模型总体区域","Exp2_001_exp2_table_objects_0279","video_relative_to_recording_start",rectangle,0,317,1919,996,,,,"A037","Exp2_001","E1_SPATIAL_PROGRESSIVE",loading,,,,,1,TRUE,6950.000,7000.000,228.125977,228.175980,1920,1046,"ObjectSlot1-4",1,1,"video_relative_to_screen_recording_start",75.060127,153065.859,153115.844,1,75.060127,"1781613114174","../../../../../../Project/UE5/Gallery/Saved/ScreenRecordings/A037_v2_20260616_203154_screen.mkv",153065.859,153115.844,153090.844,"1781613267239","1781613267289","2026-06-16T20:34:27.238+08:00","2026-06-16T20:34:27.288+08:00",221.175980,EXP2,"exp2_table",1,1,"1:1|2:2|3:3|4:4"
"exp2_target_object","实验二当前目标模型_左脸","Exp2_001_exp2_target_object_0280","video_relative_to_recording_start",rectangle,0,317,626,996,,,,"A037","Exp2_001","E1_SPATIAL_PROGRESSIVE",loading,,,,,1,TRUE,6950.000,7000.000,228.125977,228.175980,1920,1046,"ObjectSlot1",1,1,"video_relative_to_screen_recording_start",75.060127,153065.859,153115.844,1,75.060127,"1781613114174","../../../../../../Project/UE5/Gallery/Saved/ScreenRecordings/A037_v2_20260616_203154_screen.mkv",153065.859,153115.844,153090.844,"1781613267239","1781613267289","2026-06-16T20:34:27.238+08:00","2026-06-16T20:34:27.288+08:00",221.175980,EXP2,"exp2_target",1,1,"1:1|2:2|3:3|4:4"
"exp2_table_objects","实验二桌面四模型总体区域","Exp2_001_exp2_table_objects_0281","video_relative_to_recording_start",rectangle,0,317,1919,996,,,,"A037","Exp2_001","E1_SPATIAL_PROGRESSIVE",loading,,,,,1,TRUE,7000.000,7050.000,228.175980,228.225983,1920,1046,"ObjectSlot1-4",1,1,"video_relative_to_screen_recording_start",75.060127,153115.844,153165.859,1,75.060127,"1781613114174","../../../../../../Project/UE5/Gallery/Saved/ScreenRecordings/A037_v2_20260616_203154_screen.mkv",153115.844,153165.859,153140.844,"1781613267289","1781613267339","2026-06-16T20:34:27.288+08:00","2026-06-16T20:34:27.338+08:00",221.175980,EXP2,"exp2_table",1,1,"1:1|2:2|3:3|4:4"
"exp2_target_object","实验二当前目标模型_左脸","Exp2_001_exp2_target_object_0282","video_relative_to_recording_start",rectangle,0,317,626,996,,,,"A037","Exp2_001","E1_SPATIAL_PROGRESSIVE",loading,,,,,1,TRUE,7000.000,7050.000,228.175980,228.225983,1920,1046,"ObjectSlot1",1,1,"video_relative_to_screen_recording_start",75.060127,153115.844,153165.859,1,75.060127,"1781613114174","../../../../../../Project/UE5/Gallery/Saved/ScreenRecordings/A037_v2_20260616_203154_screen.mkv",153115.844,153165.859,153140.844,"1781613267289","1781613267339","2026-06-16T20:34:27.288+08:00","2026-06-16T20:34:27.338+08:00",221.175980,EXP2,"exp2_target",1,1,"1:1|2:2|3:3|4:4"
"exp2_table_objects","实验二桌面四模型总体区域","Exp2_001_exp2_table_objects_0283","video_relative_to_recording_start",rectangle,0,317,1919,996,,,,"A037","Exp2_001","E1_SPATIAL_PROGRESSIVE",loading,,,,,1,TRUE,7050.000,7100.000,228.225983,228.275986,1920,1046,"ObjectSlot1-4",1,1,"video_relative_to_screen_recording_start",75.060127,153165.859,153215.844,1,75.060127,"1781613114174","../../../../../../Project/UE5/Gallery/Saved/ScreenRecordings/A037_v2_20260616_203154_screen.mkv",153165.859,153215.844,153190.844,"1781613267339","1781613267389","2026-06-16T20:34:27.338+08:00","2026-06-16T20:34:27.388+08:00",221.175980,EXP2,"exp2_table",1,1,"1:1|2:2|3:3|4:4"
"exp2_target_object","实验二当前目标模型_左脸","Exp2_001_exp2_target_object_0284","video_relative_to_recording_start",rectangle,0,317,626,996,,,,"A037","Exp2_001","E1_SPATIAL_PROGRESSIVE",loading,,,,,1,TRUE,7050.000,7100.000,228.225983,228.275986,1920,1046,"ObjectSlot1",1,1,"video_relative_to_screen_recording_start",75.060127,153165.859,153215.844,1,75.060127,"1781613114174","../../../../../../Project/UE5/Gallery/Saved/ScreenRecordings/A037_v2_20260616_203154_screen.mkv",153165.859,153215.844,153190.844,"1781613267339","1781613267389","2026-06-16T20:34:27.338+08:00","2026-06-16T20:34:27.388+08:00",221.175980,EXP2,"exp2_target",1,1,"1:1|2:2|3:3|4:4"
"exp2_table_objects","实验二桌面四模型总体区域","Exp2_001_exp2_table_objects_0285","video_relative_to_recording_start",rectangle,0,317,1919,996,,,,"A037","Exp2_001","E1_SPATIAL_PROGRESSIVE",loading,,,,,1,TRUE,7100.000,7150.000,228.275986,228.325974,1920,1046,"ObjectSlot1-4",1,1,"video_relative_to_screen_recording_start",75.060127,153215.844,153265.844,1,75.060127,"1781613114174","../../../../../../Project/UE5/Gallery/Saved/ScreenRecordings/A037_v2_20260616_203154_screen.mkv",153215.844,153265.844,153240.844,"1781613267389","1781613267439","2026-06-16T20:34:27.388+08:00","2026-06-16T20:34:27.438+08:00",221.175980,EXP2,"exp2_table",1,1,"1:1|2:2|3:3|4:4"
"exp2_target_object","实验二当前目标模型_左脸","Exp2_001_exp2_target_object_0286","video_relative_to_recording_start",rectangle,0,317,626,996,,,,"A037","Exp2_001","E1_SPATIAL_PROGRESSIVE",loading,,,,,1,TRUE,7100.000,7150.000,228.275986,228.325974,1920,1046,"ObjectSlot1",1,1,"video_relative_to_screen_recording_start",75.060127,153215.844,153265.844,1,75.060127,"1781613114174","../../../../../../Project/UE5/Gallery/Saved/ScreenRecordings/A037_v2_20260616_203154_screen.mkv",153215.844,153265.844,153240.844,"1781613267389","1781613267439","2026-06-16T20:34:27.388+08:00","2026-06-16T20:34:27.438+08:00",221.175980,EXP2,"exp2_target",1,1,"1:1|2:2|3:3|4:4"
"exp2_table_objects","实验二桌面四模型总体区域","Exp2_001_exp2_table_objects_0287","video_relative_to_recording_start",rectangle,0,317,1919,996,,,,"A037","Exp2_001","E1_SPATIAL_PROGRESSIVE",loading,,,,,1,TRUE,7150.000,7200.000,228.325974,228.375977,1920,1046,"ObjectSlot1-4",1,1,"video_relative_to_screen_recording_start",75.060127,153265.844,153315.859,1,75.060127,"1781613114174","../../../../../../Project/UE5/Gallery/Saved/ScreenRecordings/A037_v2_20260616_203154_screen.mkv",153265.844,153315.859,153290.844,"1781613267439","1781613267489","2026-06-16T20:34:27.438+08:00","2026-06-16T20:34:27.488+08:00",221.175980,EXP2,"exp2_table",1,1,"1:1|2:2|3:3|4:4"
"exp2_target_object","实验二当前目标模型_左脸","Exp2_001_exp2_target_object_0288","video_relative_to_recording_start",rectangle,0,317,626,996,,,,"A037","Exp2_001","E1_SPATIAL_PROGRESSIVE",loading,,,,,1,TRUE,7150.000,7200.000,228.325974,228.375977,1920,1046,"ObjectSlot1",1,1,"video_relative_to_screen_recording_start",75.060127,153265.844,153315.859,1,75.060127,"1781613114174","../../../../../../Project/UE5/Gallery/Saved/ScreenRecordings/A037_v2_20260616_203154_screen.mkv",153265.844,153315.859,153290.844,"1781613267439","1781613267489","2026-06-16T20:34:27.438+08:00","2026-06-16T20:34:27.488+08:00",221.175980,EXP2,"exp2_target",1,1,"1:1|2:2|3:3|4:4"
"exp2_table_objects","实验二桌面四模型总体区域","Exp2_001_exp2_table_objects_0289","video_relative_to_recording_start",rectangle,0,317,1919,996,,,,"A037","Exp2_001","E1_SPATIAL_PROGRESSIVE",loading,,,,,1,TRUE,7200.000,7250.000,228.375977,228.425980,1920,1046,"ObjectSlot1-4",1,1,"video_relative_to_screen_recording_start",75.060127,153315.859,153365.844,1,75.060127,"1781613114174","../../../../../../Project/UE5/Gallery/Saved/ScreenRecordings/A037_v2_20260616_203154_screen.mkv",153315.859,153365.844,153340.844,"1781613267489","1781613267539","2026-06-16T20:34:27.488+08:00","2026-06-16T20:34:27.538+08:00",221.175980,EXP2,"exp2_table",1,1,"1:1|2:2|3:3|4:4"
"exp2_target_object","实验二当前目标模型_左脸","Exp2_001_exp2_target_object_0290","video_relative_to_recording_start",rectangle,0,317,626,996,,,,"A037","Exp2_001","E1_SPATIAL_PROGRESSIVE",loading,,,,,1,TRUE,7200.000,7250.000,228.375977,228.425980,1920,1046,"ObjectSlot1",1,1,"video_relative_to_screen_recording_start",75.060127,153315.859,153365.844,1,75.060127,"1781613114174","../../../../../../Project/UE5/Gallery/Saved/ScreenRecordings/A037_v2_20260616_203154_screen.mkv",153315.859,153365.844,153340.844,"1781613267489","1781613267539","2026-06-16T20:34:27.488+08:00","2026-06-16T20:34:27.538+08:00",221.175980,EXP2,"exp2_target",1,1,"1:1|2:2|3:3|4:4"
"exp2_table_objects","实验二桌面四模型总体区域","Exp2_001_exp2_table_objects_0291","video_relative_to_recording_start",rectangle,0,317,1919,996,,,,"A037","Exp2_001","E1_SPATIAL_PROGRESSIVE",loading,,,,,1,TRUE,7250.000,7300.000,228.425980,228.475983,1920,1046,"ObjectSlot1-4",1,1,"video_relative_to_screen_recording_start",75.060127,153365.844,153415.859,1,75.060127,"1781613114174","../../../../../../Project/UE5/Gallery/Saved/ScreenRecordings/A037_v2_20260616_203154_screen.mkv",153365.844,153415.859,153390.844,"1781613267539","1781613267589","2026-06-16T20:34:27.538+08:00","2026-06-16T20:34:27.588+08:00",221.175980,EXP2,"exp2_table",1,1,"1:1|2:2|3:3|4:4"
"exp2_target_object","实验二当前目标模型_左脸","Exp2_001_exp2_target_object_0292","video_relative_to_recording_start",rectangle,0,317,626,996,,,,"A037","Exp2_001","E1_SPATIAL_PROGRESSIVE",loading,,,,,1,TRUE,7250.000,7300.000,228.425980,228.475983,1920,1046,"ObjectSlot1",1,1,"video_relative_to_screen_recording_start",75.060127,153365.844,153415.859,1,75.060127,"1781613114174","../../../../../../Project/UE5/Gallery/Saved/ScreenRecordings/A037_v2_20260616_203154_screen.mkv",153365.844,153415.859,153390.844,"1781613267539","1781613267589","2026-06-16T20:34:27.538+08:00","2026-06-16T20:34:27.588+08:00",221.175980,EXP2,"exp2_target",1,1,"1:1|2:2|3:3|4:4"
"exp2_table_objects","实验二桌面四模型总体区域","Exp2_001_exp2_table_objects_0293","video_relative_to_recording_start",rectangle,0,317,1919,996,,,,"A037","Exp2_001","E1_SPATIAL_PROGRESSIVE",loading,,,,,1,TRUE,7300.000,7350.000,228.475983,228.525986,1920,1046,"ObjectSlot1-4",1,1,"video_relative_to_screen_recording_start",75.060127,153415.859,153465.844,1,75.060127,"1781613114174","../../../../../../Project/UE5/Gallery/Saved/ScreenRecordings/A037_v2_20260616_203154_screen.mkv",153415.859,153465.844,153440.844,"1781613267589","1781613267639","2026-06-16T20:34:27.588+08:00","2026-06-16T20:34:27.638+08:00",221.175980,EXP2,"exp2_table",1,1,"1:1|2:2|3:3|4:4"
"exp2_target_object","实验二当前目标模型_左脸","Exp2_001_exp2_target_object_0294","video_relative_to_recording_start",rectangle,0,317,626,996,,,,"A037","Exp2_001","E1_SPATIAL_PROGRESSIVE",loading,,,,,1,TRUE,7300.000,7350.000,228.475983,228.525986,1920,1046,"ObjectSlot1",1,1,"video_relative_to_screen_recording_start",75.060127,153415.859,153465.844,1,75.060127,"1781613114174","../../../../../../Project/UE5/Gallery/Saved/ScreenRecordings/A037_v2_20260616_203154_screen.mkv",153415.859,153465.844,153440.844,"1781613267589","1781613267639","2026-06-16T20:34:27.588+08:00","2026-06-16T20:34:27.638+08:00",221.175980,EXP2,"exp2_target",1,1,"1:1|2:2|3:3|4:4"
"exp2_table_objects","实验二桌面四模型总体区域","Exp2_001_exp2_table_objects_0295","video_relative_to_recording_start",rectangle,0,317,1919,996,,,,"A037","Exp2_001","E1_SPATIAL_PROGRESSIVE",loading,,,,,1,TRUE,7350.000,7400.000,228.525986,228.575974,1920,1046,"ObjectSlot1-4",1,1,"video_relative_to_screen_recording_start",75.060127,153465.844,153515.844,1,75.060127,"1781613114174","../../../../../../Project/UE5/Gallery/Saved/ScreenRecordings/A037_v2_20260616_203154_screen.mkv",153465.844,153515.844,153490.844,"1781613267639","1781613267689","2026-06-16T20:34:27.638+08:00","2026-06-16T20:34:27.688+08:00",221.175980,EXP2,"exp2_table",1,1,"1:1|2:2|3:3|4:4"
"exp2_target_object","实验二当前目标模型_左脸","Exp2_001_exp2_target_object_0296","video_relative_to_recording_start",rectangle,0,317,626,996,,,,"A037","Exp2_001","E1_SPATIAL_PROGRESSIVE",loading,,,,,1,TRUE,7350.000,7400.000,228.525986,228.575974,1920,1046,"ObjectSlot1",1,1,"video_relative_to_screen_recording_start",75.060127,153465.844,153515.844,1,75.060127,"1781613114174","../../../../../../Project/UE5/Gallery/Saved/ScreenRecordings/A037_v2_20260616_203154_screen.mkv",153465.844,153515.844,153490.844,"1781613267639","1781613267689","2026-06-16T20:34:27.638+08:00","2026-06-16T20:34:27.688+08:00",221.175980,EXP2,"exp2_target",1,1,"1:1|2:2|3:3|4:4"
"exp2_table_objects","实验二桌面四模型总体区域","Exp2_001_exp2_table_objects_0297","video_relative_to_recording_start",rectangle,0,317,1919,996,,,,"A037","Exp2_001","E1_SPATIAL_PROGRESSIVE",loading,,,,,1,TRUE,7400.000,7450.000,228.575974,228.625977,1920,1046,"ObjectSlot1-4",1,1,"video_relative_to_screen_recording_start",75.060127,153515.844,153565.859,1,75.060127,"1781613114174","../../../../../../Project/UE5/Gallery/Saved/ScreenRecordings/A037_v2_20260616_203154_screen.mkv",153515.844,153565.859,153540.844,"1781613267689","1781613267739","2026-06-16T20:34:27.688+08:00","2026-06-16T20:34:27.738+08:00",221.175980,EXP2,"exp2_table",1,1,"1:1|2:2|3:3|4:4"
"exp2_target_object","实验二当前目标模型_左脸","Exp2_001_exp2_target_object_0298","video_relative_to_recording_start",rectangle,0,317,626,996,,,,"A037","Exp2_001","E1_SPATIAL_PROGRESSIVE",loading,,,,,1,TRUE,7400.000,7450.000,228.575974,228.625977,1920,1046,"ObjectSlot1",1,1,"video_relative_to_screen_recording_start",75.060127,153515.844,153565.859,1,75.060127,"1781613114174","../../../../../../Project/UE5/Gallery/Saved/ScreenRecordings/A037_v2_20260616_203154_screen.mkv",153515.844,153565.859,153540.844,"1781613267689","1781613267739","2026-06-16T20:34:27.688+08:00","2026-06-16T20:34:27.738+08:00",221.175980,EXP2,"exp2_target",1,1,"1:1|2:2|3:3|4:4"
"exp2_table_objects","实验二桌面四模型总体区域","Exp2_001_exp2_table_objects_0299","video_relative_to_recording_start",rectangle,0,317,1919,996,,,,"A037","Exp2_001","E1_SPATIAL_PROGRESSIVE",loading,,,,,1,TRUE,7450.000,7500.000,228.625977,228.675980,1920,1046,"ObjectSlot1-4",1,1,"video_relative_to_screen_recording_start",75.060127,153565.859,153615.844,1,75.060127,"1781613114174","../../../../../../Project/UE5/Gallery/Saved/ScreenRecordings/A037_v2_20260616_203154_screen.mkv",153565.859,153615.844,153590.844,"1781613267739","1781613267789","2026-06-16T20:34:27.738+08:00","2026-06-16T20:34:27.788+08:00",221.175980,EXP2,"exp2_table",1,1,"1:1|2:2|3:3|4:4"
"exp2_target_object","实验二当前目标模型_左脸","Exp2_001_exp2_target_object_0300","video_relative_to_recording_start",rectangle,0,317,626,996,,,,"A037","Exp2_001","E1_SPATIAL_PROGRESSIVE",loading,,,,,1,TRUE,7450.000,7500.000,228.625977,228.675980,1920,1046,"ObjectSlot1",1,1,"video_relative_to_screen_recording_start",75.060127,153565.859,153615.844,1,75.060127,"1781613114174","../../../../../../Project/UE5/Gallery/Saved/ScreenRecordings/A037_v2_20260616_203154_screen.mkv",153565.859,153615.844,153590.844,"1781613267739","1781613267789","2026-06-16T20:34:27.738+08:00","2026-06-16T20:34:27.788+08:00",221.175980,EXP2,"exp2_target",1,1,"1:1|2:2|3:3|4:4"
"exp2_table_objects","实验二桌面四模型总体区域","Exp2_001_exp2_table_objects_0301","video_relative_to_recording_start",rectangle,0,317,1919,996,,,,"A037","Exp2_001","E1_SPATIAL_PROGRESSIVE",loading,,,,,1,TRUE,7500.000,7550.000,228.675980,228.725983,1920,1046,"ObjectSlot1-4",1,1,"video_relative_to_screen_recording_start",75.060127,153615.844,153665.859,1,75.060127,"1781613114174","../../../../../../Project/UE5/Gallery/Saved/ScreenRecordings/A037_v2_20260616_203154_screen.mkv",153615.844,153665.859,153640.844,"1781613267789","1781613267839","2026-06-16T20:34:27.788+08:00","2026-06-16T20:34:27.838+08:00",221.175980,EXP2,"exp2_table",1,1,"1:1|2:2|3:3|4:4"
"exp2_target_object","实验二当前目标模型_左脸","Exp2_001_exp2_target_object_0302","video_relative_to_recording_start",rectangle,0,317,626,996,,,,"A037","Exp2_001","E1_SPATIAL_PROGRESSIVE",loading,,,,,1,TRUE,7500.000,7550.000,228.675980,228.725983,1920,1046,"ObjectSlot1",1,1,"video_relative_to_screen_recording_start",75.060127,153615.844,153665.859,1,75.060127,"1781613114174","../../../../../../Project/UE5/Gallery/Saved/ScreenRecordings/A037_v2_20260616_203154_screen.mkv",153615.844,153665.859,153640.844,"1781613267789","1781613267839","2026-06-16T20:34:27.788+08:00","2026-06-16T20:34:27.838+08:00",221.175980,EXP2,"exp2_target",1,1,"1:1|2:2|3:3|4:4"
"exp2_table_objects","实验二桌面四模型总体区域","Exp2_001_exp2_table_objects_0303","video_relative_to_recording_start",rectangle,0,317,1919,996,,,,"A037","Exp2_001","E1_SPATIAL_PROGRESSIVE",loading,,,,,1,TRUE,7550.000,7600.000,228.725983,228.775986,1920,1046,"ObjectSlot1-4",1,1,"video_relative_to_screen_recording_start",75.060127,153665.859,153715.844,1,75.060127,"1781613114174","../../../../../../Project/UE5/Gallery/Saved/ScreenRecordings/A037_v2_20260616_203154_screen.mkv",153665.859,153715.844,153690.844,"1781613267839","1781613267889","2026-06-16T20:34:27.838+08:00","2026-06-16T20:34:27.888+08:00",221.175980,EXP2,"exp2_table",1,1,"1:1|2:2|3:3|4:4"
"exp2_target_object","实验二当前目标模型_左脸","Exp2_001_exp2_target_object_0304","video_relative_to_recording_start",rectangle,0,317,626,996,,,,"A037","Exp2_001","E1_SPATIAL_PROGRESSIVE",loading,,,,,1,TRUE,7550.000,7600.000,228.725983,228.775986,1920,1046,"ObjectSlot1",1,1,"video_relative_to_screen_recording_start",75.060127,153665.859,153715.844,1,75.060127,"1781613114174","../../../../../../Project/UE5/Gallery/Saved/ScreenRecordings/A037_v2_20260616_203154_screen.mkv",153665.859,153715.844,153690.844,"1781613267839","1781613267889","2026-06-16T20:34:27.838+08:00","2026-06-16T20:34:27.888+08:00",221.175980,EXP2,"exp2_target",1,1,"1:1|2:2|3:3|4:4"
"exp2_table_objects","实验二桌面四模型总体区域","Exp2_001_exp2_table_objects_0305","video_relative_to_recording_start",rectangle,0,317,1919,996,,,,"A037","Exp2_001","E1_SPATIAL_PROGRESSIVE",loading,,,,,1,TRUE,7600.000,7650.000,228.775986,228.825974,1920,1046,"ObjectSlot1-4",1,1,"video_relative_to_screen_recording_start",75.060127,153715.844,153765.844,1,75.060127,"1781613114174","../../../../../../Project/UE5/Gallery/Saved/ScreenRecordings/A037_v2_20260616_203154_screen.mkv",153715.844,153765.844,153740.844,"1781613267889","1781613267939","2026-06-16T20:34:27.888+08:00","2026-06-16T20:34:27.938+08:00",221.175980,EXP2,"exp2_table",1,1,"1:1|2:2|3:3|4:4"
"exp2_target_object","实验二当前目标模型_左脸","Exp2_001_exp2_target_object_0306","video_relative_to_recording_start",rectangle,0,317,626,996,,,,"A037","Exp2_001","E1_SPATIAL_PROGRESSIVE",loading,,,,,1,TRUE,7600.000,7650.000,228.775986,228.825974,1920,1046,"ObjectSlot1",1,1,"video_relative_to_screen_recording_start",75.060127,153715.844,153765.844,1,75.060127,"1781613114174","../../../../../../Project/UE5/Gallery/Saved/ScreenRecordings/A037_v2_20260616_203154_screen.mkv",153715.844,153765.844,153740.844,"1781613267889","1781613267939","2026-06-16T20:34:27.888+08:00","2026-06-16T20:34:27.938+08:00",221.175980,EXP2,"exp2_target",1,1,"1:1|2:2|3:3|4:4"
"exp2_table_objects","实验二桌面四模型总体区域","Exp2_001_exp2_table_objects_0307","video_relative_to_recording_start",rectangle,0,317,1919,996,,,,"A037","Exp2_001","E1_SPATIAL_PROGRESSIVE",loading,,,,,1,TRUE,7650.000,7700.000,228.825974,228.875977,1920,1046,"ObjectSlot1-4",1,1,"video_relative_to_screen_recording_start",75.060127,153765.844,153815.859,1,75.060127,"1781613114174","../../../../../../Project/UE5/Gallery/Saved/ScreenRecordings/A037_v2_20260616_203154_screen.mkv",153765.844,153815.859,153790.844,"1781613267939","1781613267989","2026-06-16T20:34:27.938+08:00","2026-06-16T20:34:27.988+08:00",221.175980,EXP2,"exp2_table",1,1,"1:1|2:2|3:3|4:4"
"exp2_target_object","实验二当前目标模型_左脸","Exp2_001_exp2_target_object_0308","video_relative_to_recording_start",rectangle,0,317,626,996,,,,"A037","Exp2_001","E1_SPATIAL_PROGRESSIVE",loading,,,,,1,TRUE,7650.000,7700.000,228.825974,228.875977,1920,1046,"ObjectSlot1",1,1,"video_relative_to_screen_recording_start",75.060127,153765.844,153815.859,1,75.060127,"1781613114174","../../../../../../Project/UE5/Gallery/Saved/ScreenRecordings/A037_v2_20260616_203154_screen.mkv",153765.844,153815.859,153790.844,"1781613267939","1781613267989","2026-06-16T20:34:27.938+08:00","2026-06-16T20:34:27.988+08:00",221.175980,EXP2,"exp2_target",1,1,"1:1|2:2|3:3|4:4"
"exp2_table_objects","实验二桌面四模型总体区域","Exp2_001_exp2_table_objects_0309","video_relative_to_recording_start",rectangle,0,317,1919,996,,,,"A037","Exp2_001","E1_SPATIAL_PROGRESSIVE",loading,,,,,1,TRUE,7700.000,7750.000,228.875977,228.925980,1920,1046,"ObjectSlot1-4",1,1,"video_relative_to_screen_recording_start",75.060127,153815.859,153865.844,1,75.060127,"1781613114174","../../../../../../Project/UE5/Gallery/Saved/ScreenRecordings/A037_v2_20260616_203154_screen.mkv",153815.859,153865.844,153840.844,"1781613267989","1781613268039","2026-06-16T20:34:27.988+08:00","2026-06-16T20:34:28.038+08:00",221.175980,EXP2,"exp2_table",1,1,"1:1|2:2|3:3|4:4"
"exp2_target_object","实验二当前目标模型_左脸","Exp2_001_exp2_target_object_0310","video_relative_to_recording_start",rectangle,0,317,626,996,,,,"A037","Exp2_001","E1_SPATIAL_PROGRESSIVE",loading,,,,,1,TRUE,7700.000,7750.000,228.875977,228.925980,1920,1046,"ObjectSlot1",1,1,"video_relative_to_screen_recording_start",75.060127,153815.859,153865.844,1,75.060127,"1781613114174","../../../../../../Project/UE5/Gallery/Saved/ScreenRecordings/A037_v2_20260616_203154_screen.mkv",153815.859,153865.844,153840.844,"1781613267989","1781613268039","2026-06-16T20:34:27.988+08:00","2026-06-16T20:34:28.038+08:00",221.175980,EXP2,"exp2_target",1,1,"1:1|2:2|3:3|4:4"
"exp2_table_objects","实验二桌面四模型总体区域","Exp2_001_exp2_table_objects_0311","video_relative_to_recording_start",rectangle,0,317,1919,996,,,,"A037","Exp2_001","E1_SPATIAL_PROGRESSIVE",loading,,,,,1,TRUE,7750.000,7800.000,228.925980,228.975983,1920,1046,"ObjectSlot1-4",1,1,"video_relative_to_screen_recording_start",75.060127,153865.844,153915.859,1,75.060127,"1781613114174","../../../../../../Project/UE5/Gallery/Saved/ScreenRecordings/A037_v2_20260616_203154_screen.mkv",153865.844,153915.859,153890.844,"1781613268039","1781613268089","2026-06-16T20:34:28.038+08:00","2026-06-16T20:34:28.088+08:00",221.175980,EXP2,"exp2_table",1,1,"1:1|2:2|3:3|4:4"
"exp2_target_object","实验二当前目标模型_左脸","Exp2_001_exp2_target_object_0312","video_relative_to_recording_start",rectangle,0,317,626,996,,,,"A037","Exp2_001","E1_SPATIAL_PROGRESSIVE",loading,,,,,1,TRUE,7750.000,7800.000,228.925980,228.975983,1920,1046,"ObjectSlot1",1,1,"video_relative_to_screen_recording_start",75.060127,153865.844,153915.859,1,75.060127,"1781613114174","../../../../../../Project/UE5/Gallery/Saved/ScreenRecordings/A037_v2_20260616_203154_screen.mkv",153865.844,153915.859,153890.844,"1781613268039","1781613268089","2026-06-16T20:34:28.038+08:00","2026-06-16T20:34:28.088+08:00",221.175980,EXP2,"exp2_target",1,1,"1:1|2:2|3:3|4:4"
"exp2_table_objects","实验二桌面四模型总体区域","Exp2_001_exp2_table_objects_0313","video_relative_to_recording_start",rectangle,0,317,1919,996,,,,"A037","Exp2_001","E1_SPATIAL_PROGRESSIVE",loading,,,,,1,TRUE,7800.000,7850.000,228.975983,229.025986,1920,1046,"ObjectSlot1-4",1,1,"video_relative_to_screen_recording_start",75.060127,153915.859,153965.844,1,75.060127,"1781613114174","../../../../../../Project/UE5/Gallery/Saved/ScreenRecordings/A037_v2_20260616_203154_screen.mkv",153915.859,153965.844,153940.844,"1781613268089","1781613268139","2026-06-16T20:34:28.088+08:00","2026-06-16T20:34:28.138+08:00",221.175980,EXP2,"exp2_table",1,1,"1:1|2:2|3:3|4:4"
"exp2_target_object","实验二当前目标模型_左脸","Exp2_001_exp2_target_object_0314","video_relative_to_recording_start",rectangle,0,317,626,996,,,,"A037","Exp2_001","E1_SPATIAL_PROGRESSIVE",loading,,,,,1,TRUE,7800.000,7850.000,228.975983,229.025986,1920,1046,"ObjectSlot1",1,1,"video_relative_to_screen_recording_start",75.060127,153915.859,153965.844,1,75.060127,"1781613114174","../../../../../../Project/UE5/Gallery/Saved/ScreenRecordings/A037_v2_20260616_203154_screen.mkv",153915.859,153965.844,153940.844,"1781613268089","1781613268139","2026-06-16T20:34:28.088+08:00","2026-06-16T20:34:28.138+08:00",221.175980,EXP2,"exp2_target",1,1,"1:1|2:2|3:3|4:4"
"exp2_table_objects","实验二桌面四模型总体区域","Exp2_001_exp2_table_objects_0315","video_relative_to_recording_start",rectangle,0,317,1919,996,,,,"A037","Exp2_001","E1_SPATIAL_PROGRESSIVE",loading,,,,,1,TRUE,7850.000,7900.000,229.025986,229.075974,1920,1046,"ObjectSlot1-4",1,1,"video_relative_to_screen_recording_start",75.060127,153965.844,154015.844,1,75.060127,"1781613114174","../../../../../../Project/UE5/Gallery/Saved/ScreenRecordings/A037_v2_20260616_203154_screen.mkv",153965.844,154015.844,153990.844,"1781613268139","1781613268189","2026-06-16T20:34:28.138+08:00","2026-06-16T20:34:28.188+08:00",221.175980,EXP2,"exp2_table",1,1,"1:1|2:2|3:3|4:4"
"exp2_target_object","实验二当前目标模型_左脸","Exp2_001_exp2_target_object_0316","video_relative_to_recording_start",rectangle,0,317,626,996,,,,"A037","Exp2_001","E1_SPATIAL_PROGRESSIVE",loading,,,,,1,TRUE,7850.000,7900.000,229.025986,229.075974,1920,1046,"ObjectSlot1",1,1,"video_relative_to_screen_recording_start",75.060127,153965.844,154015.844,1,75.060127,"1781613114174","../../../../../../Project/UE5/Gallery/Saved/ScreenRecordings/A037_v2_20260616_203154_screen.mkv",153965.844,154015.844,153990.844,"1781613268139","1781613268189","2026-06-16T20:34:28.138+08:00","2026-06-16T20:34:28.188+08:00",221.175980,EXP2,"exp2_target",1,1,"1:1|2:2|3:3|4:4"
"exp2_table_objects","实验二桌面四模型总体区域","Exp2_001_exp2_table_objects_0317","video_relative_to_recording_start",rectangle,0,317,1919,996,,,,"A037","Exp2_001","E1_SPATIAL_PROGRESSIVE",loading,,,,,1,TRUE,7900.000,7950.000,229.075974,229.125977,1920,1046,"ObjectSlot1-4",1,1,"video_relative_to_screen_recording_start",75.060127,154015.844,154065.859,1,75.060127,"1781613114174","../../../../../../Project/UE5/Gallery/Saved/ScreenRecordings/A037_v2_20260616_203154_screen.mkv",154015.844,154065.859,154040.844,"1781613268189","1781613268239","2026-06-16T20:34:28.188+08:00","2026-06-16T20:34:28.238+08:00",221.175980,EXP2,"exp2_table",1,1,"1:1|2:2|3:3|4:4"
"exp2_target_object","实验二当前目标模型_左脸","Exp2_001_exp2_target_object_0318","video_relative_to_recording_start",rectangle,0,317,626,996,,,,"A037","Exp2_001","E1_SPATIAL_PROGRESSIVE",loading,,,,,1,TRUE,7900.000,7950.000,229.075974,229.125977,1920,1046,"ObjectSlot1",1,1,"video_relative_to_screen_recording_start",75.060127,154015.844,154065.859,1,75.060127,"1781613114174","../../../../../../Project/UE5/Gallery/Saved/ScreenRecordings/A037_v2_20260616_203154_screen.mkv",154015.844,154065.859,154040.844,"1781613268189","1781613268239","2026-06-16T20:34:28.188+08:00","2026-06-16T20:34:28.238+08:00",221.175980,EXP2,"exp2_target",1,1,"1:1|2:2|3:3|4:4"
"exp2_table_objects","实验二桌面四模型总体区域","Exp2_001_exp2_table_objects_0319","video_relative_to_recording_start",rectangle,0,317,1919,996,,,,"A037","Exp2_001","E1_SPATIAL_PROGRESSIVE",loading,,,,,1,TRUE,7950.000,8000.000,229.125977,229.175980,1920,1046,"ObjectSlot1-4",1,1,"video_relative_to_screen_recording_start",75.060127,154065.859,154115.844,1,75.060127,"1781613114174","../../../../../../Project/UE5/Gallery/Saved/ScreenRecordings/A037_v2_20260616_203154_screen.mkv",154065.859,154115.844,154090.844,"1781613268239","1781613268289","2026-06-16T20:34:28.238+08:00","2026-06-16T20:34:28.288+08:00",221.175980,EXP2,"exp2_table",1,1,"1:1|2:2|3:3|4:4"
"exp2_target_object","实验二当前目标模型_左脸","Exp2_001_exp2_target_object_0320","video_relative_to_recording_start",rectangle,0,317,626,996,,,,"A037","Exp2_001","E1_SPATIAL_PROGRESSIVE",loading,,,,,1,TRUE,7950.000,8000.000,229.125977,229.175980,1920,1046,"ObjectSlot1",1,1,"video_relative_to_screen_recording_start",75.060127,154065.859,154115.844,1,75.060127,"1781613114174","../../../../../../Project/UE5/Gallery/Saved/ScreenRecordings/A037_v2_20260616_203154_screen.mkv",154065.859,154115.844,154090.844,"1781613268239","1781613268289","2026-06-16T20:34:28.238+08:00","2026-06-16T20:34:28.288+08:00",221.175980,EXP2,"exp2_target",1,1,"1:1|2:2|3:3|4:4"
"exp2_table_objects","实验二桌面四模型总体区域","Exp2_001_exp2_table_objects_0321","video_relative_to_recording_start",rectangle,0,317,1919,996,,,,"A037","Exp2_001","E1_SPATIAL_PROGRESSIVE",loading,,,,,1,TRUE,8000.000,8050.000,229.175980,229.225983,1920,1046,"ObjectSlot1-4",1,1,"video_relative_to_screen_recording_start",75.060127,154115.844,154165.859,1,75.060127,"1781613114174","../../../../../../Project/UE5/Gallery/Saved/ScreenRecordings/A037_v2_20260616_203154_screen.mkv",154115.844,154165.859,154140.844,"1781613268289","1781613268339","2026-06-16T20:34:28.288+08:00","2026-06-16T20:34:28.338+08:00",221.175980,EXP2,"exp2_table",1,1,"1:1|2:2|3:3|4:4"
"exp2_target_object","实验二当前目标模型_左脸","Exp2_001_exp2_target_object_0322","video_relative_to_recording_start",rectangle,0,317,626,996,,,,"A037","Exp2_001","E1_SPATIAL_PROGRESSIVE",loading,,,,,1,TRUE,8000.000,8050.000,229.175980,229.225983,1920,1046,"ObjectSlot1",1,1,"video_relative_to_screen_recording_start",75.060127,154115.844,154165.859,1,75.060127,"1781613114174","../../../../../../Project/UE5/Gallery/Saved/ScreenRecordings/A037_v2_20260616_203154_screen.mkv",154115.844,154165.859,154140.844,"1781613268289","1781613268339","2026-06-16T20:34:28.288+08:00","2026-06-16T20:34:28.338+08:00",221.175980,EXP2,"exp2_target",1,1,"1:1|2:2|3:3|4:4"
"exp2_table_objects","实验二桌面四模型总体区域","Exp2_001_exp2_table_objects_0323","video_relative_to_recording_start",rectangle,0,317,1919,996,,,,"A037","Exp2_001","E1_SPATIAL_PROGRESSIVE",loading,,,,,1,TRUE,8050.000,8100.000,229.225983,229.275986,1920,1046,"ObjectSlot1-4",1,1,"video_relative_to_screen_recording_start",75.060127,154165.859,154215.844,1,75.060127,"1781613114174","../../../../../../Project/UE5/Gallery/Saved/ScreenRecordings/A037_v2_20260616_203154_screen.mkv",154165.859,154215.844,154190.844,"1781613268339","1781613268389","2026-06-16T20:34:28.338+08:00","2026-06-16T20:34:28.388+08:00",221.175980,EXP2,"exp2_table",1,1,"1:1|2:2|3:3|4:4"
"exp2_target_object","实验二当前目标模型_左脸","Exp2_001_exp2_target_object_0324","video_relative_to_recording_start",rectangle,0,317,626,996,,,,"A037","Exp2_001","E1_SPATIAL_PROGRESSIVE",loading,,,,,1,TRUE,8050.000,8100.000,229.225983,229.275986,1920,1046,"ObjectSlot1",1,1,"video_relative_to_screen_recording_start",75.060127,154165.859,154215.844,1,75.060127,"1781613114174","../../../../../../Project/UE5/Gallery/Saved/ScreenRecordings/A037_v2_20260616_203154_screen.mkv",154165.859,154215.844,154190.844,"1781613268339","1781613268389","2026-06-16T20:34:28.338+08:00","2026-06-16T20:34:28.388+08:00",221.175980,EXP2,"exp2_target",1,1,"1:1|2:2|3:3|4:4"
"exp2_table_objects","实验二桌面四模型总体区域","Exp2_001_exp2_table_objects_0325","video_relative_to_recording_start",rectangle,0,317,1919,996,,,,"A037","Exp2_001","E1_SPATIAL_PROGRESSIVE",loading,,,,,1,TRUE,8100.000,8150.000,229.275986,229.325974,1920,1046,"ObjectSlot1-4",1,1,"video_relative_to_screen_recording_start",75.060127,154215.844,154265.844,1,75.060127,"1781613114174","../../../../../../Project/UE5/Gallery/Saved/ScreenRecordings/A037_v2_20260616_203154_screen.mkv",154215.844,154265.844,154240.844,"1781613268389","1781613268439","2026-06-16T20:34:28.388+08:00","2026-06-16T20:34:28.438+08:00",221.175980,EXP2,"exp2_table",1,1,"1:1|2:2|3:3|4:4"
"exp2_target_object","实验二当前目标模型_左脸","Exp2_001_exp2_target_object_0326","video_relative_to_recording_start",rectangle,0,317,626,996,,,,"A037","Exp2_001","E1_SPATIAL_PROGRESSIVE",loading,,,,,1,TRUE,8100.000,8150.000,229.275986,229.325974,1920,1046,"ObjectSlot1",1,1,"video_relative_to_screen_recording_start",75.060127,154215.844,154265.844,1,75.060127,"1781613114174","../../../../../../Project/UE5/Gallery/Saved/ScreenRecordings/A037_v2_20260616_203154_screen.mkv",154215.844,154265.844,154240.844,"1781613268389","1781613268439","2026-06-16T20:34:28.388+08:00","2026-06-16T20:34:28.438+08:00",221.175980,EXP2,"exp2_target",1,1,"1:1|2:2|3:3|4:4"
"exp2_table_objects","实验二桌面四模型总体区域","Exp2_001_exp2_table_objects_0327","video_relative_to_recording_start",rectangle,0,317,1919,996,,,,"A037","Exp2_001","E1_SPATIAL_PROGRESSIVE",loading,,,,,1,TRUE,8150.000,8200.000,229.325974,229.375977,1920,1046,"ObjectSlot1-4",1,1,"video_relative_to_screen_recording_start",75.060127,154265.844,154315.859,1,75.060127,"1781613114174","../../../../../../Project/UE5/Gallery/Saved/ScreenRecordings/A037_v2_20260616_203154_screen.mkv",154265.844,154315.859,154290.844,"1781613268439","1781613268489","2026-06-16T20:34:28.438+08:00","2026-06-16T20:34:28.488+08:00",221.175980,EXP2,"exp2_table",1,1,"1:1|2:2|3:3|4:4"
"exp2_target_object","实验二当前目标模型_左脸","Exp2_001_exp2_target_object_0328","video_relative_to_recording_start",rectangle,0,317,626,996,,,,"A037","Exp2_001","E1_SPATIAL_PROGRESSIVE",loading,,,,,1,TRUE,8150.000,8200.000,229.325974,229.375977,1920,1046,"ObjectSlot1",1,1,"video_relative_to_screen_recording_start",75.060127,154265.844,154315.859,1,75.060127,"1781613114174","../../../../../../Project/UE5/Gallery/Saved/ScreenRecordings/A037_v2_20260616_203154_screen.mkv",154265.844,154315.859,154290.844,"1781613268439","1781613268489","2026-06-16T20:34:28.438+08:00","2026-06-16T20:34:28.488+08:00",221.175980,EXP2,"exp2_target",1,1,"1:1|2:2|3:3|4:4"
"exp2_table_objects","实验二桌面四模型总体区域","Exp2_001_exp2_table_objects_0329","video_relative_to_recording_start",rectangle,0,317,1919,996,,,,"A037","Exp2_001","E1_SPATIAL_PROGRESSIVE",loading,,,,,1,TRUE,8200.000,8250.000,229.375977,229.425980,1920,1046,"ObjectSlot1-4",1,1,"video_relative_to_screen_recording_start",75.060127,154315.859,154365.844,1,75.060127,"1781613114174","../../../../../../Project/UE5/Gallery/Saved/ScreenRecordings/A037_v2_20260616_203154_screen.mkv",154315.859,154365.844,154340.844,"1781613268489","1781613268539","2026-06-16T20:34:28.488+08:00","2026-06-16T20:34:28.538+08:00",221.175980,EXP2,"exp2_table",1,1,"1:1|2:2|3:3|4:4"
"exp2_target_object","实验二当前目标模型_左脸","Exp2_001_exp2_target_object_0330","video_relative_to_recording_start",rectangle,0,317,626,996,,,,"A037","Exp2_001","E1_SPATIAL_PROGRESSIVE",loading,,,,,1,TRUE,8200.000,8250.000,229.375977,229.425980,1920,1046,"ObjectSlot1",1,1,"video_relative_to_screen_recording_start",75.060127,154315.859,154365.844,1,75.060127,"1781613114174","../../../../../../Project/UE5/Gallery/Saved/ScreenRecordings/A037_v2_20260616_203154_screen.mkv",154315.859,154365.844,154340.844,"1781613268489","1781613268539","2026-06-16T20:34:28.488+08:00","2026-06-16T20:34:28.538+08:00",221.175980,EXP2,"exp2_target",1,1,"1:1|2:2|3:3|4:4"
"exp2_table_objects","实验二桌面四模型总体区域","Exp2_001_exp2_table_objects_0331","video_relative_to_recording_start",rectangle,0,317,1919,996,,,,"A037","Exp2_001","E1_SPATIAL_PROGRESSIVE",loading,,,,,1,TRUE,8250.000,8300.000,229.425980,229.475983,1920,1046,"ObjectSlot1-4",1,1,"video_relative_to_screen_recording_start",75.060127,154365.844,154415.859,1,75.060127,"1781613114174","../../../../../../Project/UE5/Gallery/Saved/ScreenRecordings/A037_v2_20260616_203154_screen.mkv",154365.844,154415.859,154390.844,"1781613268539","1781613268589","2026-06-16T20:34:28.538+08:00","2026-06-16T20:34:28.588+08:00",221.175980,EXP2,"exp2_table",1,1,"1:1|2:2|3:3|4:4"
"exp2_target_object","实验二当前目标模型_左脸","Exp2_001_exp2_target_object_0332","video_relative_to_recording_start",rectangle,0,317,626,996,,,,"A037","Exp2_001","E1_SPATIAL_PROGRESSIVE",loading,,,,,1,TRUE,8250.000,8300.000,229.425980,229.475983,1920,1046,"ObjectSlot1",1,1,"video_relative_to_screen_recording_start",75.060127,154365.844,154415.859,1,75.060127,"1781613114174","../../../../../../Project/UE5/Gallery/Saved/ScreenRecordings/A037_v2_20260616_203154_screen.mkv",154365.844,154415.859,154390.844,"1781613268539","1781613268589","2026-06-16T20:34:28.538+08:00","2026-06-16T20:34:28.588+08:00",221.175980,EXP2,"exp2_target",1,1,"1:1|2:2|3:3|4:4"
"exp2_table_objects","实验二桌面四模型总体区域","Exp2_001_exp2_table_objects_0333","video_relative_to_recording_start",rectangle,0,317,1919,996,,,,"A037","Exp2_001","E1_SPATIAL_PROGRESSIVE",loading,,,,,1,TRUE,8300.000,8350.000,229.475983,229.525986,1920,1046,"ObjectSlot1-4",1,1,"video_relative_to_screen_recording_start",75.060127,154415.859,154465.844,1,75.060127,"1781613114174","../../../../../../Project/UE5/Gallery/Saved/ScreenRecordings/A037_v2_20260616_203154_screen.mkv",154415.859,154465.844,154440.844,"1781613268589","1781613268639","2026-06-16T20:34:28.588+08:00","2026-06-16T20:34:28.638+08:00",221.175980,EXP2,"exp2_table",1,1,"1:1|2:2|3:3|4:4"
"exp2_target_object","实验二当前目标模型_左脸","Exp2_001_exp2_target_object_0334","video_relative_to_recording_start",rectangle,0,317,626,996,,,,"A037","Exp2_001","E1_SPATIAL_PROGRESSIVE",loading,,,,,1,TRUE,8300.000,8350.000,229.475983,229.525986,1920,1046,"ObjectSlot1",1,1,"video_relative_to_screen_recording_start",75.060127,154415.859,154465.844,1,75.060127,"1781613114174","../../../../../../Project/UE5/Gallery/Saved/ScreenRecordings/A037_v2_20260616_203154_screen.mkv",154415.859,154465.844,154440.844,"1781613268589","1781613268639","2026-06-16T20:34:28.588+08:00","2026-06-16T20:34:28.638+08:00",221.175980,EXP2,"exp2_target",1,1,"1:1|2:2|3:3|4:4"
"exp2_table_objects","实验二桌面四模型总体区域","Exp2_001_exp2_table_objects_0335","video_relative_to_recording_start",rectangle,0,317,1919,996,,,,"A037","Exp2_001","E1_SPATIAL_PROGRESSIVE",loading,,,,,1,TRUE,8350.000,8400.000,229.525986,229.575974,1920,1046,"ObjectSlot1-4",1,1,"video_relative_to_screen_recording_start",75.060127,154465.844,154515.844,1,75.060127,"1781613114174","../../../../../../Project/UE5/Gallery/Saved/ScreenRecordings/A037_v2_20260616_203154_screen.mkv",154465.844,154515.844,154490.844,"1781613268639","1781613268689","2026-06-16T20:34:28.638+08:00","2026-06-16T20:34:28.688+08:00",221.175980,EXP2,"exp2_table",1,1,"1:1|2:2|3:3|4:4"
"exp2_target_object","实验二当前目标模型_左脸","Exp2_001_exp2_target_object_0336","video_relative_to_recording_start",rectangle,0,317,626,996,,,,"A037","Exp2_001","E1_SPATIAL_PROGRESSIVE",loading,,,,,1,TRUE,8350.000,8400.000,229.525986,229.575974,1920,1046,"ObjectSlot1",1,1,"video_relative_to_screen_recording_start",75.060127,154465.844,154515.844,1,75.060127,"1781613114174","../../../../../../Project/UE5/Gallery/Saved/ScreenRecordings/A037_v2_20260616_203154_screen.mkv",154465.844,154515.844,154490.844,"1781613268639","1781613268689","2026-06-16T20:34:28.638+08:00","2026-06-16T20:34:28.688+08:00",221.175980,EXP2,"exp2_target",1,1,"1:1|2:2|3:3|4:4"
"exp2_table_objects","实验二桌面四模型总体区域","Exp2_001_exp2_table_objects_0337","video_relative_to_recording_start",rectangle,0,317,1919,996,,,,"A037","Exp2_001","E1_SPATIAL_PROGRESSIVE",loading,,,,,1,TRUE,8400.000,8450.000,229.575974,229.625977,1920,1046,"ObjectSlot1-4",1,1,"video_relative_to_screen_recording_start",75.060127,154515.844,154565.859,1,75.060127,"1781613114174","../../../../../../Project/UE5/Gallery/Saved/ScreenRecordings/A037_v2_20260616_203154_screen.mkv",154515.844,154565.859,154540.844,"1781613268689","1781613268739","2026-06-16T20:34:28.688+08:00","2026-06-16T20:34:28.738+08:00",221.175980,EXP2,"exp2_table",1,1,"1:1|2:2|3:3|4:4"
"exp2_target_object","实验二当前目标模型_左脸","Exp2_001_exp2_target_object_0338","video_relative_to_recording_start",rectangle,0,317,626,996,,,,"A037","Exp2_001","E1_SPATIAL_PROGRESSIVE",loading,,,,,1,TRUE,8400.000,8450.000,229.575974,229.625977,1920,1046,"ObjectSlot1",1,1,"video_relative_to_screen_recording_start",75.060127,154515.844,154565.859,1,75.060127,"1781613114174","../../../../../../Project/UE5/Gallery/Saved/ScreenRecordings/A037_v2_20260616_203154_screen.mkv",154515.844,154565.859,154540.844,"1781613268689","1781613268739","2026-06-16T20:34:28.688+08:00","2026-06-16T20:34:28.738+08:00",221.175980,EXP2,"exp2_target",1,1,"1:1|2:2|3:3|4:4"
"exp2_table_objects","实验二桌面四模型总体区域","Exp2_001_exp2_table_objects_0339","video_relative_to_recording_start",rectangle,0,317,1919,996,,,,"A037","Exp2_001","E1_SPATIAL_PROGRESSIVE",loading,,,,,1,TRUE,8450.000,8500.000,229.625977,229.675980,1920,1046,"ObjectSlot1-4",1,1,"video_relative_to_screen_recording_start",75.060127,154565.859,154615.844,1,75.060127,"1781613114174","../../../../../../Project/UE5/Gallery/Saved/ScreenRecordings/A037_v2_20260616_203154_screen.mkv",154565.859,154615.844,154590.844,"1781613268739","1781613268789","2026-06-16T20:34:28.738+08:00","2026-06-16T20:34:28.788+08:00",221.175980,EXP2,"exp2_table",1,1,"1:1|2:2|3:3|4:4"
"exp2_target_object","实验二当前目标模型_左脸","Exp2_001_exp2_target_object_0340","video_relative_to_recording_start",rectangle,0,317,626,996,,,,"A037","Exp2_001","E1_SPATIAL_PROGRESSIVE",loading,,,,,1,TRUE,8450.000,8500.000,229.625977,229.675980,1920,1046,"ObjectSlot1",1,1,"video_relative_to_screen_recording_start",75.060127,154565.859,154615.844,1,75.060127,"1781613114174","../../../../../../Project/UE5/Gallery/Saved/ScreenRecordings/A037_v2_20260616_203154_screen.mkv",154565.859,154615.844,154590.844,"1781613268739","1781613268789","2026-06-16T20:34:28.738+08:00","2026-06-16T20:34:28.788+08:00",221.175980,EXP2,"exp2_target",1,1,"1:1|2:2|3:3|4:4"
"exp2_table_objects","实验二桌面四模型总体区域","Exp2_001_exp2_table_objects_0341","video_relative_to_recording_start",rectangle,0,317,1919,996,,,,"A037","Exp2_001","E1_SPATIAL_PROGRESSIVE",loading,,,,,1,TRUE,8500.000,8550.000,229.675980,229.725983,1920,1046,"ObjectSlot1-4",1,1,"video_relative_to_screen_recording_start",75.060127,154615.844,154665.859,1,75.060127,"1781613114174","../../../../../../Project/UE5/Gallery/Saved/ScreenRecordings/A037_v2_20260616_203154_screen.mkv",154615.844,154665.859,154640.844,"1781613268789","1781613268839","2026-06-16T20:34:28.788+08:00","2026-06-16T20:34:28.838+08:00",221.175980,EXP2,"exp2_table",1,1,"1:1|2:2|3:3|4:4"
"exp2_target_object","实验二当前目标模型_左脸","Exp2_001_exp2_target_object_0342","video_relative_to_recording_start",rectangle,0,317,626,996,,,,"A037","Exp2_001","E1_SPATIAL_PROGRESSIVE",loading,,,,,1,TRUE,8500.000,8550.000,229.675980,229.725983,1920,1046,"ObjectSlot1",1,1,"video_relative_to_screen_recording_start",75.060127,154615.844,154665.859,1,75.060127,"1781613114174","../../../../../../Project/UE5/Gallery/Saved/ScreenRecordings/A037_v2_20260616_203154_screen.mkv",154615.844,154665.859,154640.844,"1781613268789","1781613268839","2026-06-16T20:34:28.788+08:00","2026-06-16T20:34:28.838+08:00",221.175980,EXP2,"exp2_target",1,1,"1:1|2:2|3:3|4:4"
"exp2_table_objects","实验二桌面四模型总体区域","Exp2_001_exp2_table_objects_0343","video_relative_to_recording_start",rectangle,0,317,1919,996,,,,"A037","Exp2_001","E1_SPATIAL_PROGRESSIVE",loading,,,,,1,TRUE,8550.000,8600.000,229.725983,229.775986,1920,1046,"ObjectSlot1-4",1,1,"video_relative_to_screen_recording_start",75.060127,154665.859,154715.844,1,75.060127,"1781613114174","../../../../../../Project/UE5/Gallery/Saved/ScreenRecordings/A037_v2_20260616_203154_screen.mkv",154665.859,154715.844,154690.844,"1781613268839","1781613268889","2026-06-16T20:34:28.838+08:00","2026-06-16T20:34:28.888+08:00",221.175980,EXP2,"exp2_table",1,1,"1:1|2:2|3:3|4:4"
"exp2_target_object","实验二当前目标模型_左脸","Exp2_001_exp2_target_object_0344","video_relative_to_recording_start",rectangle,0,317,626,996,,,,"A037","Exp2_001","E1_SPATIAL_PROGRESSIVE",loading,,,,,1,TRUE,8550.000,8600.000,229.725983,229.775986,1920,1046,"ObjectSlot1",1,1,"video_relative_to_screen_recording_start",75.060127,154665.859,154715.844,1,75.060127,"1781613114174","../../../../../../Project/UE5/Gallery/Saved/ScreenRecordings/A037_v2_20260616_203154_screen.mkv",154665.859,154715.844,154690.844,"1781613268839","1781613268889","2026-06-16T20:34:28.838+08:00","2026-06-16T20:34:28.888+08:00",221.175980,EXP2,"exp2_target",1,1,"1:1|2:2|3:3|4:4"
"exp2_table_objects","实验二桌面四模型总体区域","Exp2_001_exp2_table_objects_0345","video_relative_to_recording_start",rectangle,0,317,1919,996,,,,"A037","Exp2_001","E1_SPATIAL_PROGRESSIVE",loading,,,,,1,TRUE,8600.000,8650.000,229.775986,229.825974,1920,1046,"ObjectSlot1-4",1,1,"video_relative_to_screen_recording_start",75.060127,154715.844,154765.844,1,75.060127,"1781613114174","../../../../../../Project/UE5/Gallery/Saved/ScreenRecordings/A037_v2_20260616_203154_screen.mkv",154715.844,154765.844,154740.844,"1781613268889","1781613268939","2026-06-16T20:34:28.888+08:00","2026-06-16T20:34:28.938+08:00",221.175980,EXP2,"exp2_table",1,1,"1:1|2:2|3:3|4:4"
"exp2_target_object","实验二当前目标模型_左脸","Exp2_001_exp2_target_object_0346","video_relative_to_recording_start",rectangle,0,317,626,996,,,,"A037","Exp2_001","E1_SPATIAL_PROGRESSIVE",loading,,,,,1,TRUE,8600.000,8650.000,229.775986,229.825974,1920,1046,"ObjectSlot1",1,1,"video_relative_to_screen_recording_start",75.060127,154715.844,154765.844,1,75.060127,"1781613114174","../../../../../../Project/UE5/Gallery/Saved/ScreenRecordings/A037_v2_20260616_203154_screen.mkv",154715.844,154765.844,154740.844,"1781613268889","1781613268939","2026-06-16T20:34:28.888+08:00","2026-06-16T20:34:28.938+08:00",221.175980,EXP2,"exp2_target",1,1,"1:1|2:2|3:3|4:4"
"exp2_table_objects","实验二桌面四模型总体区域","Exp2_001_exp2_table_objects_0347","video_relative_to_recording_start",rectangle,0,317,1919,996,,,,"A037","Exp2_001","E1_SPATIAL_PROGRESSIVE",loading,,,,,1,TRUE,8650.000,8700.000,229.825974,229.875977,1920,1046,"ObjectSlot1-4",1,1,"video_relative_to_screen_recording_start",75.060127,154765.844,154815.859,1,75.060127,"1781613114174","../../../../../../Project/UE5/Gallery/Saved/ScreenRecordings/A037_v2_20260616_203154_screen.mkv",154765.844,154815.859,154790.844,"1781613268939","1781613268989","2026-06-16T20:34:28.938+08:00","2026-06-16T20:34:28.988+08:00",221.175980,EXP2,"exp2_table",1,1,"1:1|2:2|3:3|4:4"
"exp2_target_object","实验二当前目标模型_左脸","Exp2_001_exp2_target_object_0348","video_relative_to_recording_start",rectangle,0,317,626,996,,,,"A037","Exp2_001","E1_SPATIAL_PROGRESSIVE",loading,,,,,1,TRUE,8650.000,8700.000,229.825974,229.875977,1920,1046,"ObjectSlot1",1,1,"video_relative_to_screen_recording_start",75.060127,154765.844,154815.859,1,75.060127,"1781613114174","../../../../../../Project/UE5/Gallery/Saved/ScreenRecordings/A037_v2_20260616_203154_screen.mkv",154765.844,154815.859,154790.844,"1781613268939","1781613268989","2026-06-16T20:34:28.938+08:00","2026-06-16T20:34:28.988+08:00",221.175980,EXP2,"exp2_target",1,1,"1:1|2:2|3:3|4:4"
"exp2_table_objects","实验二桌面四模型总体区域","Exp2_001_exp2_table_objects_0349","video_relative_to_recording_start",rectangle,0,317,1919,996,,,,"A037","Exp2_001","E1_SPATIAL_PROGRESSIVE",loading,,,,,1,TRUE,8700.000,8750.000,229.875977,229.925980,1920,1046,"ObjectSlot1-4",1,1,"video_relative_to_screen_recording_start",75.060127,154815.859,154865.844,1,75.060127,"1781613114174","../../../../../../Project/UE5/Gallery/Saved/ScreenRecordings/A037_v2_20260616_203154_screen.mkv",154815.859,154865.844,154840.844,"1781613268989","1781613269039","2026-06-16T20:34:28.988+08:00","2026-06-16T20:34:29.038+08:00",221.175980,EXP2,"exp2_table",1,1,"1:1|2:2|3:3|4:4"
"exp2_target_object","实验二当前目标模型_左脸","Exp2_001_exp2_target_object_0350","video_relative_to_recording_start",rectangle,0,317,626,996,,,,"A037","Exp2_001","E1_SPATIAL_PROGRESSIVE",loading,,,,,1,TRUE,8700.000,8750.000,229.875977,229.925980,1920,1046,"ObjectSlot1",1,1,"video_relative_to_screen_recording_start",75.060127,154815.859,154865.844,1,75.060127,"1781613114174","../../../../../../Project/UE5/Gallery/Saved/ScreenRecordings/A037_v2_20260616_203154_screen.mkv",154815.859,154865.844,154840.844,"1781613268989","1781613269039","2026-06-16T20:34:28.988+08:00","2026-06-16T20:34:29.038+08:00",221.175980,EXP2,"exp2_target",1,1,"1:1|2:2|3:3|4:4"
"exp2_table_objects","实验二桌面四模型总体区域","Exp2_001_exp2_table_objects_0351","video_relative_to_recording_start",rectangle,0,317,1919,996,,,,"A037","Exp2_001","E1_SPATIAL_PROGRESSIVE",loading,,,,,1,TRUE,8750.000,8800.000,229.925980,229.975983,1920,1046,"ObjectSlot1-4",1,1,"video_relative_to_screen_recording_start",75.060127,154865.844,154915.859,1,75.060127,"1781613114174","../../../../../../Project/UE5/Gallery/Saved/ScreenRecordings/A037_v2_20260616_203154_screen.mkv",154865.844,154915.859,154890.844,"1781613269039","1781613269089","2026-06-16T20:34:29.038+08:00","2026-06-16T20:34:29.088+08:00",221.175980,EXP2,"exp2_table",1,1,"1:1|2:2|3:3|4:4"
"exp2_target_object","实验二当前目标模型_左脸","Exp2_001_exp2_target_object_0352","video_relative_to_recording_start",rectangle,0,317,626,996,,,,"A037","Exp2_001","E1_SPATIAL_PROGRESSIVE",loading,,,,,1,TRUE,8750.000,8800.000,229.925980,229.975983,1920,1046,"ObjectSlot1",1,1,"video_relative_to_screen_recording_start",75.060127,154865.844,154915.859,1,75.060127,"1781613114174","../../../../../../Project/UE5/Gallery/Saved/ScreenRecordings/A037_v2_20260616_203154_screen.mkv",154865.844,154915.859,154890.844,"1781613269039","1781613269089","2026-06-16T20:34:29.038+08:00","2026-06-16T20:34:29.088+08:00",221.175980,EXP2,"exp2_target",1,1,"1:1|2:2|3:3|4:4"
"exp2_table_objects","实验二桌面四模型总体区域","Exp2_001_exp2_table_objects_0353","video_relative_to_recording_start",rectangle,0,317,1919,996,,,,"A037","Exp2_001","E1_SPATIAL_PROGRESSIVE",loading,,,,,1,TRUE,8800.000,8850.000,229.975983,230.025986,1920,1046,"ObjectSlot1-4",1,1,"video_relative_to_screen_recording_start",75.060127,154915.859,154965.844,1,75.060127,"1781613114174","../../../../../../Project/UE5/Gallery/Saved/ScreenRecordings/A037_v2_20260616_203154_screen.mkv",154915.859,154965.844,154940.844,"1781613269089","1781613269139","2026-06-16T20:34:29.088+08:00","2026-06-16T20:34:29.138+08:00",221.175980,EXP2,"exp2_table",1,1,"1:1|2:2|3:3|4:4"
"exp2_target_object","实验二当前目标模型_左脸","Exp2_001_exp2_target_object_0354","video_relative_to_recording_start",rectangle,0,317,626,996,,,,"A037","Exp2_001","E1_SPATIAL_PROGRESSIVE",loading,,,,,1,TRUE,8800.000,8850.000,229.975983,230.025986,1920,1046,"ObjectSlot1",1,1,"video_relative_to_screen_recording_start",75.060127,154915.859,154965.844,1,75.060127,"1781613114174","../../../../../../Project/UE5/Gallery/Saved/ScreenRecordings/A037_v2_20260616_203154_screen.mkv",154915.859,154965.844,154940.844,"1781613269089","1781613269139","2026-06-16T20:34:29.088+08:00","2026-06-16T20:34:29.138+08:00",221.175980,EXP2,"exp2_target",1,1,"1:1|2:2|3:3|4:4"
"exp2_table_objects","实验二桌面四模型总体区域","Exp2_001_exp2_table_objects_0355","video_relative_to_recording_start",rectangle,0,317,1919,996,,,,"A037","Exp2_001","E1_SPATIAL_PROGRESSIVE",loading,,,,,1,TRUE,8850.000,8900.000,230.025986,230.075974,1920,1046,"ObjectSlot1-4",1,1,"video_relative_to_screen_recording_start",75.060127,154965.844,155015.844,1,75.060127,"1781613114174","../../../../../../Project/UE5/Gallery/Saved/ScreenRecordings/A037_v2_20260616_203154_screen.mkv",154965.844,155015.844,154990.844,"1781613269139","1781613269189","2026-06-16T20:34:29.138+08:00","2026-06-16T20:34:29.188+08:00",221.175980,EXP2,"exp2_table",1,1,"1:1|2:2|3:3|4:4"
"exp2_target_object","实验二当前目标模型_左脸","Exp2_001_exp2_target_object_0356","video_relative_to_recording_start",rectangle,0,317,626,996,,,,"A037","Exp2_001","E1_SPATIAL_PROGRESSIVE",loading,,,,,1,TRUE,8850.000,8900.000,230.025986,230.075974,1920,1046,"ObjectSlot1",1,1,"video_relative_to_screen_recording_start",75.060127,154965.844,155015.844,1,75.060127,"1781613114174","../../../../../../Project/UE5/Gallery/Saved/ScreenRecordings/A037_v2_20260616_203154_screen.mkv",154965.844,155015.844,154990.844,"1781613269139","1781613269189","2026-06-16T20:34:29.138+08:00","2026-06-16T20:34:29.188+08:00",221.175980,EXP2,"exp2_target",1,1,"1:1|2:2|3:3|4:4"
"exp2_table_objects","实验二桌面四模型总体区域","Exp2_001_exp2_table_objects_0357","video_relative_to_recording_start",rectangle,0,317,1919,996,,,,"A037","Exp2_001","E1_SPATIAL_PROGRESSIVE",loading,,,,,1,TRUE,8900.000,8950.000,230.075974,230.125977,1920,1046,"ObjectSlot1-4",1,1,"video_relative_to_screen_recording_start",75.060127,155015.844,155065.859,1,75.060127,"1781613114174","../../../../../../Project/UE5/Gallery/Saved/ScreenRecordings/A037_v2_20260616_203154_screen.mkv",155015.844,155065.859,155040.844,"1781613269189","1781613269239","2026-06-16T20:34:29.188+08:00","2026-06-16T20:34:29.238+08:00",221.175980,EXP2,"exp2_table",1,1,"1:1|2:2|3:3|4:4"
"exp2_target_object","实验二当前目标模型_左脸","Exp2_001_exp2_target_object_0358","video_relative_to_recording_start",rectangle,0,317,626,996,,,,"A037","Exp2_001","E1_SPATIAL_PROGRESSIVE",loading,,,,,1,TRUE,8900.000,8950.000,230.075974,230.125977,1920,1046,"ObjectSlot1",1,1,"video_relative_to_screen_recording_start",75.060127,155015.844,155065.859,1,75.060127,"1781613114174","../../../../../../Project/UE5/Gallery/Saved/ScreenRecordings/A037_v2_20260616_203154_screen.mkv",155015.844,155065.859,155040.844,"1781613269189","1781613269239","2026-06-16T20:34:29.188+08:00","2026-06-16T20:34:29.238+08:00",221.175980,EXP2,"exp2_target",1,1,"1:1|2:2|3:3|4:4"
"exp2_table_objects","实验二桌面四模型总体区域","Exp2_001_exp2_table_objects_0359","video_relative_to_recording_start",rectangle,0,317,1919,996,,,,"A037","Exp2_001","E1_SPATIAL_PROGRESSIVE",loading,,,,,1,TRUE,8950.000,9000.000,230.125977,230.175980,1920,1046,"ObjectSlot1-4",1,1,"video_relative_to_screen_recording_start",75.060127,155065.859,155115.844,1,75.060127,"1781613114174","../../../../../../Project/UE5/Gallery/Saved/ScreenRecordings/A037_v2_20260616_203154_screen.mkv",155065.859,155115.844,155090.844,"1781613269239","1781613269289","2026-06-16T20:34:29.238+08:00","2026-06-16T20:34:29.288+08:00",221.175980,EXP2,"exp2_table",1,1,"1:1|2:2|3:3|4:4"
"exp2_target_object","实验二当前目标模型_左脸","Exp2_001_exp2_target_object_0360","video_relative_to_recording_start",rectangle,0,317,626,996,,,,"A037","Exp2_001","E1_SPATIAL_PROGRESSIVE",loading,,,,,1,TRUE,8950.000,9000.000,230.125977,230.175980,1920,1046,"ObjectSlot1",1,1,"video_relative_to_screen_recording_start",75.060127,155065.859,155115.844,1,75.060127,"1781613114174","../../../../../../Project/UE5/Gallery/Saved/ScreenRecordings/A037_v2_20260616_203154_screen.mkv",155065.859,155115.844,155090.844,"1781613269239","1781613269289","2026-06-16T20:34:29.238+08:00","2026-06-16T20:34:29.288+08:00",221.175980,EXP2,"exp2_target",1,1,"1:1|2:2|3:3|4:4"
"exp2_table_objects","实验二桌面四模型总体区域","Exp2_001_exp2_table_objects_0361","video_relative_to_recording_start",rectangle,0,317,1919,996,,,,"A037","Exp2_001","E1_SPATIAL_PROGRESSIVE",loading,,,,,1,TRUE,9000.000,9050.000,230.175980,230.225983,1920,1046,"ObjectSlot1-4",1,1,"video_relative_to_screen_recording_start",75.060127,155115.844,155165.859,1,75.060127,"1781613114174","../../../../../../Project/UE5/Gallery/Saved/ScreenRecordings/A037_v2_20260616_203154_screen.mkv",155115.844,155165.859,155140.844,"1781613269289","1781613269339","2026-06-16T20:34:29.288+08:00","2026-06-16T20:34:29.338+08:00",221.175980,EXP2,"exp2_table",1,1,"1:1|2:2|3:3|4:4"
"exp2_target_object","实验二当前目标模型_左脸","Exp2_001_exp2_target_object_0362","video_relative_to_recording_start",rectangle,0,317,626,996,,,,"A037","Exp2_001","E1_SPATIAL_PROGRESSIVE",loading,,,,,1,TRUE,9000.000,9050.000,230.175980,230.225983,1920,1046,"ObjectSlot1",1,1,"video_relative_to_screen_recording_start",75.060127,155115.844,155165.859,1,75.060127,"1781613114174","../../../../../../Project/UE5/Gallery/Saved/ScreenRecordings/A037_v2_20260616_203154_screen.mkv",155115.844,155165.859,155140.844,"1781613269289","1781613269339","2026-06-16T20:34:29.288+08:00","2026-06-16T20:34:29.338+08:00",221.175980,EXP2,"exp2_target",1,1,"1:1|2:2|3:3|4:4"
"exp2_table_objects","实验二桌面四模型总体区域","Exp2_001_exp2_table_objects_0363","video_relative_to_recording_start",rectangle,0,317,1919,996,,,,"A037","Exp2_001","E1_SPATIAL_PROGRESSIVE",loading,,,,,1,TRUE,9050.000,9100.000,230.225983,230.275986,1920,1046,"ObjectSlot1-4",1,1,"video_relative_to_screen_recording_start",75.060127,155165.859,155215.844,1,75.060127,"1781613114174","../../../../../../Project/UE5/Gallery/Saved/ScreenRecordings/A037_v2_20260616_203154_screen.mkv",155165.859,155215.844,155190.844,"1781613269339","1781613269389","2026-06-16T20:34:29.338+08:00","2026-06-16T20:34:29.388+08:00",221.175980,EXP2,"exp2_table",1,1,"1:1|2:2|3:3|4:4"
"exp2_target_object","实验二当前目标模型_左脸","Exp2_001_exp2_target_object_0364","video_relative_to_recording_start",rectangle,0,317,626,996,,,,"A037","Exp2_001","E1_SPATIAL_PROGRESSIVE",loading,,,,,1,TRUE,9050.000,9100.000,230.225983,230.275986,1920,1046,"ObjectSlot1",1,1,"video_relative_to_screen_recording_start",75.060127,155165.859,155215.844,1,75.060127,"1781613114174","../../../../../../Project/UE5/Gallery/Saved/ScreenRecordings/A037_v2_20260616_203154_screen.mkv",155165.859,155215.844,155190.844,"1781613269339","1781613269389","2026-06-16T20:34:29.338+08:00","2026-06-16T20:34:29.388+08:00",221.175980,EXP2,"exp2_target",1,1,"1:1|2:2|3:3|4:4"
"exp2_table_objects","实验二桌面四模型总体区域","Exp2_001_exp2_table_objects_0365","video_relative_to_recording_start",rectangle,0,317,1919,996,,,,"A037","Exp2_001","E1_SPATIAL_PROGRESSIVE",loading,,,,,1,TRUE,9100.000,9150.000,230.275986,230.325974,1920,1046,"ObjectSlot1-4",1,1,"video_relative_to_screen_recording_start",75.060127,155215.844,155265.844,1,75.060127,"1781613114174","../../../../../../Project/UE5/Gallery/Saved/ScreenRecordings/A037_v2_20260616_203154_screen.mkv",155215.844,155265.844,155240.844,"1781613269389","1781613269439","2026-06-16T20:34:29.388+08:00","2026-06-16T20:34:29.438+08:00",221.175980,EXP2,"exp2_table",1,1,"1:1|2:2|3:3|4:4"
"exp2_target_object","实验二当前目标模型_左脸","Exp2_001_exp2_target_object_0366","video_relative_to_recording_start",rectangle,0,317,626,996,,,,"A037","Exp2_001","E1_SPATIAL_PROGRESSIVE",loading,,,,,1,TRUE,9100.000,9150.000,230.275986,230.325974,1920,1046,"ObjectSlot1",1,1,"video_relative_to_screen_recording_start",75.060127,155215.844,155265.844,1,75.060127,"1781613114174","../../../../../../Project/UE5/Gallery/Saved/ScreenRecordings/A037_v2_20260616_203154_screen.mkv",155215.844,155265.844,155240.844,"1781613269389","1781613269439","2026-06-16T20:34:29.388+08:00","2026-06-16T20:34:29.438+08:00",221.175980,EXP2,"exp2_target",1,1,"1:1|2:2|3:3|4:4"
"exp2_table_objects","实验二桌面四模型总体区域","Exp2_001_exp2_table_objects_0367","video_relative_to_recording_start",rectangle,0,317,1919,996,,,,"A037","Exp2_001","E1_SPATIAL_PROGRESSIVE",loading,,,,,1,TRUE,9150.000,9200.000,230.325974,230.375977,1920,1046,"ObjectSlot1-4",1,1,"video_relative_to_screen_recording_start",75.060127,155265.844,155315.859,1,75.060127,"1781613114174","../../../../../../Project/UE5/Gallery/Saved/ScreenRecordings/A037_v2_20260616_203154_screen.mkv",155265.844,155315.859,155290.844,"1781613269439","1781613269489","2026-06-16T20:34:29.438+08:00","2026-06-16T20:34:29.488+08:00",221.175980,EXP2,"exp2_table",1,1,"1:1|2:2|3:3|4:4"
"exp2_target_object","实验二当前目标模型_左脸","Exp2_001_exp2_target_object_0368","video_relative_to_recording_start",rectangle,0,317,626,996,,,,"A037","Exp2_001","E1_SPATIAL_PROGRESSIVE",loading,,,,,1,TRUE,9150.000,9200.000,230.325974,230.375977,1920,1046,"ObjectSlot1",1,1,"video_relative_to_screen_recording_start",75.060127,155265.844,155315.859,1,75.060127,"1781613114174","../../../../../../Project/UE5/Gallery/Saved/ScreenRecordings/A037_v2_20260616_203154_screen.mkv",155265.844,155315.859,155290.844,"1781613269439","1781613269489","2026-06-16T20:34:29.438+08:00","2026-06-16T20:34:29.488+08:00",221.175980,EXP2,"exp2_target",1,1,"1:1|2:2|3:3|4:4"
"exp2_table_objects","实验二桌面四模型总体区域","Exp2_001_exp2_table_objects_0369","video_relative_to_recording_start",rectangle,0,317,1919,996,,,,"A037","Exp2_001","E1_SPATIAL_PROGRESSIVE",loading,,,,,1,TRUE,9200.000,9250.000,230.375977,230.425980,1920,1046,"ObjectSlot1-4",1,1,"video_relative_to_screen_recording_start",75.060127,155315.859,155365.844,1,75.060127,"1781613114174","../../../../../../Project/UE5/Gallery/Saved/ScreenRecordings/A037_v2_20260616_203154_screen.mkv",155315.859,155365.844,155340.844,"1781613269489","1781613269539","2026-06-16T20:34:29.488+08:00","2026-06-16T20:34:29.538+08:00",221.175980,EXP2,"exp2_table",1,1,"1:1|2:2|3:3|4:4"
"exp2_target_object","实验二当前目标模型_左脸","Exp2_001_exp2_target_object_0370","video_relative_to_recording_start",rectangle,0,317,626,996,,,,"A037","Exp2_001","E1_SPATIAL_PROGRESSIVE",loading,,,,,1,TRUE,9200.000,9250.000,230.375977,230.425980,1920,1046,"ObjectSlot1",1,1,"video_relative_to_screen_recording_start",75.060127,155315.859,155365.844,1,75.060127,"1781613114174","../../../../../../Project/UE5/Gallery/Saved/ScreenRecordings/A037_v2_20260616_203154_screen.mkv",155315.859,155365.844,155340.844,"1781613269489","1781613269539","2026-06-16T20:34:29.488+08:00","2026-06-16T20:34:29.538+08:00",221.175980,EXP2,"exp2_target",1,1,"1:1|2:2|3:3|4:4"
"exp2_table_objects","实验二桌面四模型总体区域","Exp2_001_exp2_table_objects_0371","video_relative_to_recording_start",rectangle,0,317,1919,996,,,,"A037","Exp2_001","E1_SPATIAL_PROGRESSIVE",loading,,,,,1,TRUE,9250.000,9300.000,230.425980,230.475983,1920,1046,"ObjectSlot1-4",1,1,"video_relative_to_screen_recording_start",75.060127,155365.844,155415.859,1,75.060127,"1781613114174","../../../../../../Project/UE5/Gallery/Saved/ScreenRecordings/A037_v2_20260616_203154_screen.mkv",155365.844,155415.859,155390.844,"1781613269539","1781613269589","2026-06-16T20:34:29.538+08:00","2026-06-16T20:34:29.588+08:00",221.175980,EXP2,"exp2_table",1,1,"1:1|2:2|3:3|4:4"
"exp2_target_object","实验二当前目标模型_左脸","Exp2_001_exp2_target_object_0372","video_relative_to_recording_start",rectangle,0,317,626,996,,,,"A037","Exp2_001","E1_SPATIAL_PROGRESSIVE",loading,,,,,1,TRUE,9250.000,9300.000,230.425980,230.475983,1920,1046,"ObjectSlot1",1,1,"video_relative_to_screen_recording_start",75.060127,155365.844,155415.859,1,75.060127,"1781613114174","../../../../../../Project/UE5/Gallery/Saved/ScreenRecordings/A037_v2_20260616_203154_screen.mkv",155365.844,155415.859,155390.844,"1781613269539","1781613269589","2026-06-16T20:34:29.538+08:00","2026-06-16T20:34:29.588+08:00",221.175980,EXP2,"exp2_target",1,1,"1:1|2:2|3:3|4:4"
"exp2_table_objects","实验二桌面四模型总体区域","Exp2_001_exp2_table_objects_0373","video_relative_to_recording_start",rectangle,0,317,1919,996,,,,"A037","Exp2_001","E1_SPATIAL_PROGRESSIVE",loading,,,,,1,TRUE,9300.000,9350.000,230.475983,230.525986,1920,1046,"ObjectSlot1-4",1,1,"video_relative_to_screen_recording_start",75.060127,155415.859,155465.844,1,75.060127,"1781613114174","../../../../../../Project/UE5/Gallery/Saved/ScreenRecordings/A037_v2_20260616_203154_screen.mkv",155415.859,155465.844,155440.844,"1781613269589","1781613269639","2026-06-16T20:34:29.588+08:00","2026-06-16T20:34:29.638+08:00",221.175980,EXP2,"exp2_table",1,1,"1:1|2:2|3:3|4:4"
"exp2_target_object","实验二当前目标模型_左脸","Exp2_001_exp2_target_object_0374","video_relative_to_recording_start",rectangle,0,317,626,996,,,,"A037","Exp2_001","E1_SPATIAL_PROGRESSIVE",loading,,,,,1,TRUE,9300.000,9350.000,230.475983,230.525986,1920,1046,"ObjectSlot1",1,1,"video_relative_to_screen_recording_start",75.060127,155415.859,155465.844,1,75.060127,"1781613114174","../../../../../../Project/UE5/Gallery/Saved/ScreenRecordings/A037_v2_20260616_203154_screen.mkv",155415.859,155465.844,155440.844,"1781613269589","1781613269639","2026-06-16T20:34:29.588+08:00","2026-06-16T20:34:29.638+08:00",221.175980,EXP2,"exp2_target",1,1,"1:1|2:2|3:3|4:4"
"exp2_table_objects","实验二桌面四模型总体区域","Exp2_001_exp2_table_objects_0375","video_relative_to_recording_start",rectangle,0,317,1919,996,,,,"A037","Exp2_001","E1_SPATIAL_PROGRESSIVE",loading,,,,,1,TRUE,9350.000,9400.000,230.525986,230.575974,1920,1046,"ObjectSlot1-4",1,1,"video_relative_to_screen_recording_start",75.060127,155465.844,155515.844,1,75.060127,"1781613114174","../../../../../../Project/UE5/Gallery/Saved/ScreenRecordings/A037_v2_20260616_203154_screen.mkv",155465.844,155515.844,155490.844,"1781613269639","1781613269689","2026-06-16T20:34:29.638+08:00","2026-06-16T20:34:29.688+08:00",221.175980,EXP2,"exp2_table",1,1,"1:1|2:2|3:3|4:4"
"exp2_target_object","实验二当前目标模型_左脸","Exp2_001_exp2_target_object_0376","video_relative_to_recording_start",rectangle,0,317,626,996,,,,"A037","Exp2_001","E1_SPATIAL_PROGRESSIVE",loading,,,,,1,TRUE,9350.000,9400.000,230.525986,230.575974,1920,1046,"ObjectSlot1",1,1,"video_relative_to_screen_recording_start",75.060127,155465.844,155515.844,1,75.060127,"1781613114174","../../../../../../Project/UE5/Gallery/Saved/ScreenRecordings/A037_v2_20260616_203154_screen.mkv",155465.844,155515.844,155490.844,"1781613269639","1781613269689","2026-06-16T20:34:29.638+08:00","2026-06-16T20:34:29.688+08:00",221.175980,EXP2,"exp2_target",1,1,"1:1|2:2|3:3|4:4"
"exp2_table_objects","实验二桌面四模型总体区域","Exp2_001_exp2_table_objects_0377","video_relative_to_recording_start",rectangle,0,317,1919,996,,,,"A037","Exp2_001","E1_SPATIAL_PROGRESSIVE",loading,,,,,1,TRUE,9400.000,9450.000,230.575974,230.625977,1920,1046,"ObjectSlot1-4",1,1,"video_relative_to_screen_recording_start",75.060127,155515.844,155565.859,1,75.060127,"1781613114174","../../../../../../Project/UE5/Gallery/Saved/ScreenRecordings/A037_v2_20260616_203154_screen.mkv",155515.844,155565.859,155540.844,"1781613269689","1781613269739","2026-06-16T20:34:29.688+08:00","2026-06-16T20:34:29.738+08:00",221.175980,EXP2,"exp2_table",1,1,"1:1|2:2|3:3|4:4"
"exp2_target_object","实验二当前目标模型_左脸","Exp2_001_exp2_target_object_0378","video_relative_to_recording_start",rectangle,0,317,626,996,,,,"A037","Exp2_001","E1_SPATIAL_PROGRESSIVE",loading,,,,,1,TRUE,9400.000,9450.000,230.575974,230.625977,1920,1046,"ObjectSlot1",1,1,"video_relative_to_screen_recording_start",75.060127,155515.844,155565.859,1,75.060127,"1781613114174","../../../../../../Project/UE5/Gallery/Saved/ScreenRecordings/A037_v2_20260616_203154_screen.mkv",155515.844,155565.859,155540.844,"1781613269689","1781613269739","2026-06-16T20:34:29.688+08:00","2026-06-16T20:34:29.738+08:00",221.175980,EXP2,"exp2_target",1,1,"1:1|2:2|3:3|4:4"
"exp2_table_objects","实验二桌面四模型总体区域","Exp2_001_exp2_table_objects_0379","video_relative_to_recording_start",rectangle,0,317,1919,996,,,,"A037","Exp2_001","E1_SPATIAL_PROGRESSIVE",loading,,,,,1,TRUE,9450.000,9500.000,230.625977,230.675980,1920,1046,"ObjectSlot1-4",1,1,"video_relative_to_screen_recording_start",75.060127,155565.859,155615.844,1,75.060127,"1781613114174","../../../../../../Project/UE5/Gallery/Saved/ScreenRecordings/A037_v2_20260616_203154_screen.mkv",155565.859,155615.844,155590.844,"1781613269739","1781613269789","2026-06-16T20:34:29.738+08:00","2026-06-16T20:34:29.788+08:00",221.175980,EXP2,"exp2_table",1,1,"1:1|2:2|3:3|4:4"
"exp2_target_object","实验二当前目标模型_左脸","Exp2_001_exp2_target_object_0380","video_relative_to_recording_start",rectangle,0,317,626,996,,,,"A037","Exp2_001","E1_SPATIAL_PROGRESSIVE",loading,,,,,1,TRUE,9450.000,9500.000,230.625977,230.675980,1920,1046,"ObjectSlot1",1,1,"video_relative_to_screen_recording_start",75.060127,155565.859,155615.844,1,75.060127,"1781613114174","../../../../../../Project/UE5/Gallery/Saved/ScreenRecordings/A037_v2_20260616_203154_screen.mkv",155565.859,155615.844,155590.844,"1781613269739","1781613269789","2026-06-16T20:34:29.738+08:00","2026-06-16T20:34:29.788+08:00",221.175980,EXP2,"exp2_target",1,1,"1:1|2:2|3:3|4:4"
"exp2_table_objects","实验二桌面四模型总体区域","Exp2_001_exp2_table_objects_0381","video_relative_to_recording_start",rectangle,0,317,1919,996,,,,"A037","Exp2_001","E1_SPATIAL_PROGRESSIVE",loading,,,,,1,TRUE,9500.000,9550.000,230.675980,230.725983,1920,1046,"ObjectSlot1-4",1,1,"video_relative_to_screen_recording_start",75.060127,155615.844,155665.859,1,75.060127,"1781613114174","../../../../../../Project/UE5/Gallery/Saved/ScreenRecordings/A037_v2_20260616_203154_screen.mkv",155615.844,155665.859,155640.844,"1781613269789","1781613269839","2026-06-16T20:34:29.788+08:00","2026-06-16T20:34:29.838+08:00",221.175980,EXP2,"exp2_table",1,1,"1:1|2:2|3:3|4:4"
"exp2_target_object","实验二当前目标模型_左脸","Exp2_001_exp2_target_object_0382","video_relative_to_recording_start",rectangle,0,317,626,996,,,,"A037","Exp2_001","E1_SPATIAL_PROGRESSIVE",loading,,,,,1,TRUE,9500.000,9550.000,230.675980,230.725983,1920,1046,"ObjectSlot1",1,1,"video_relative_to_screen_recording_start",75.060127,155615.844,155665.859,1,75.060127,"1781613114174","../../../../../../Project/UE5/Gallery/Saved/ScreenRecordings/A037_v2_20260616_203154_screen.mkv",155615.844,155665.859,155640.844,"1781613269789","1781613269839","2026-06-16T20:34:29.788+08:00","2026-06-16T20:34:29.838+08:00",221.175980,EXP2,"exp2_target",1,1,"1:1|2:2|3:3|4:4"
"exp2_table_objects","实验二桌面四模型总体区域","Exp2_001_exp2_table_objects_0383","video_relative_to_recording_start",rectangle,0,317,1919,996,,,,"A037","Exp2_001","E1_SPATIAL_PROGRESSIVE",loading,,,,,1,TRUE,9550.000,9600.000,230.725983,230.775986,1920,1046,"ObjectSlot1-4",1,1,"video_relative_to_screen_recording_start",75.060127,155665.859,155715.844,1,75.060127,"1781613114174","../../../../../../Project/UE5/Gallery/Saved/ScreenRecordings/A037_v2_20260616_203154_screen.mkv",155665.859,155715.844,155690.844,"1781613269839","1781613269889","2026-06-16T20:34:29.838+08:00","2026-06-16T20:34:29.888+08:00",221.175980,EXP2,"exp2_table",1,1,"1:1|2:2|3:3|4:4"
"exp2_target_object","实验二当前目标模型_左脸","Exp2_001_exp2_target_object_0384","video_relative_to_recording_start",rectangle,0,317,626,996,,,,"A037","Exp2_001","E1_SPATIAL_PROGRESSIVE",loading,,,,,1,TRUE,9550.000,9600.000,230.725983,230.775986,1920,1046,"ObjectSlot1",1,1,"video_relative_to_screen_recording_start",75.060127,155665.859,155715.844,1,75.060127,"1781613114174","../../../../../../Project/UE5/Gallery/Saved/ScreenRecordings/A037_v2_20260616_203154_screen.mkv",155665.859,155715.844,155690.844,"1781613269839","1781613269889","2026-06-16T20:34:29.838+08:00","2026-06-16T20:34:29.888+08:00",221.175980,EXP2,"exp2_target",1,1,"1:1|2:2|3:3|4:4"
"exp2_table_objects","实验二桌面四模型总体区域","Exp2_001_exp2_table_objects_0385","video_relative_to_recording_start",rectangle,0,317,1919,996,,,,"A037","Exp2_001","E1_SPATIAL_PROGRESSIVE",loading,,,,,1,TRUE,9600.000,9650.000,230.775986,230.825974,1920,1046,"ObjectSlot1-4",1,1,"video_relative_to_screen_recording_start",75.060127,155715.844,155765.844,1,75.060127,"1781613114174","../../../../../../Project/UE5/Gallery/Saved/ScreenRecordings/A037_v2_20260616_203154_screen.mkv",155715.844,155765.844,155740.844,"1781613269889","1781613269939","2026-06-16T20:34:29.888+08:00","2026-06-16T20:34:29.938+08:00",221.175980,EXP2,"exp2_table",1,1,"1:1|2:2|3:3|4:4"
"exp2_target_object","实验二当前目标模型_左脸","Exp2_001_exp2_target_object_0386","video_relative_to_recording_start",rectangle,0,317,626,996,,,,"A037","Exp2_001","E1_SPATIAL_PROGRESSIVE",loading,,,,,1,TRUE,9600.000,9650.000,230.775986,230.825974,1920,1046,"ObjectSlot1",1,1,"video_relative_to_screen_recording_start",75.060127,155715.844,155765.844,1,75.060127,"1781613114174","../../../../../../Project/UE5/Gallery/Saved/ScreenRecordings/A037_v2_20260616_203154_screen.mkv",155715.844,155765.844,155740.844,"1781613269889","1781613269939","2026-06-16T20:34:29.888+08:00","2026-06-16T20:34:29.938+08:00",221.175980,EXP2,"exp2_target",1,1,"1:1|2:2|3:3|4:4"
"exp2_table_objects","实验二桌面四模型总体区域","Exp2_001_exp2_table_objects_0387","video_relative_to_recording_start",rectangle,0,317,1919,996,,,,"A037","Exp2_001","E1_SPATIAL_PROGRESSIVE",loading,,,,,1,TRUE,9650.000,9700.000,230.825974,230.875977,1920,1046,"ObjectSlot1-4",1,1,"video_relative_to_screen_recording_start",75.060127,155765.844,155815.859,1,75.060127,"1781613114174","../../../../../../Project/UE5/Gallery/Saved/ScreenRecordings/A037_v2_20260616_203154_screen.mkv",155765.844,155815.859,155790.844,"1781613269939","1781613269989","2026-06-16T20:34:29.938+08:00","2026-06-16T20:34:29.988+08:00",221.175980,EXP2,"exp2_table",1,1,"1:1|2:2|3:3|4:4"
"exp2_target_object","实验二当前目标模型_左脸","Exp2_001_exp2_target_object_0388","video_relative_to_recording_start",rectangle,0,317,626,996,,,,"A037","Exp2_001","E1_SPATIAL_PROGRESSIVE",loading,,,,,1,TRUE,9650.000,9700.000,230.825974,230.875977,1920,1046,"ObjectSlot1",1,1,"video_relative_to_screen_recording_start",75.060127,155765.844,155815.859,1,75.060127,"1781613114174","../../../../../../Project/UE5/Gallery/Saved/ScreenRecordings/A037_v2_20260616_203154_screen.mkv",155765.844,155815.859,155790.844,"1781613269939","1781613269989","2026-06-16T20:34:29.938+08:00","2026-06-16T20:34:29.988+08:00",221.175980,EXP2,"exp2_target",1,1,"1:1|2:2|3:3|4:4"
"exp2_table_objects","实验二桌面四模型总体区域","Exp2_001_exp2_table_objects_0389","video_relative_to_recording_start",rectangle,0,317,1919,996,,,,"A037","Exp2_001","E1_SPATIAL_PROGRESSIVE",loading,,,,,1,TRUE,9700.000,9750.000,230.875977,230.925980,1920,1046,"ObjectSlot1-4",1,1,"video_relative_to_screen_recording_start",75.060127,155815.859,155865.844,1,75.060127,"1781613114174","../../../../../../Project/UE5/Gallery/Saved/ScreenRecordings/A037_v2_20260616_203154_screen.mkv",155815.859,155865.844,155840.844,"1781613269989","1781613270039","2026-06-16T20:34:29.988+08:00","2026-06-16T20:34:30.038+08:00",221.175980,EXP2,"exp2_table",1,1,"1:1|2:2|3:3|4:4"
"exp2_target_object","实验二当前目标模型_左脸","Exp2_001_exp2_target_object_0390","video_relative_to_recording_start",rectangle,0,317,626,996,,,,"A037","Exp2_001","E1_SPATIAL_PROGRESSIVE",loading,,,,,1,TRUE,9700.000,9750.000,230.875977,230.925980,1920,1046,"ObjectSlot1",1,1,"video_relative_to_screen_recording_start",75.060127,155815.859,155865.844,1,75.060127,"1781613114174","../../../../../../Project/UE5/Gallery/Saved/ScreenRecordings/A037_v2_20260616_203154_screen.mkv",155815.859,155865.844,155840.844,"1781613269989","1781613270039","2026-06-16T20:34:29.988+08:00","2026-06-16T20:34:30.038+08:00",221.175980,EXP2,"exp2_target",1,1,"1:1|2:2|3:3|4:4"
"exp2_table_objects","实验二桌面四模型总体区域","Exp2_001_exp2_table_objects_0391","video_relative_to_recording_start",rectangle,0,317,1919,996,,,,"A037","Exp2_001","E1_SPATIAL_PROGRESSIVE",loading,,,,,1,TRUE,9750.000,9800.000,230.925980,230.975983,1920,1046,"ObjectSlot1-4",1,1,"video_relative_to_screen_recording_start",75.060127,155865.844,155915.859,1,75.060127,"1781613114174","../../../../../../Project/UE5/Gallery/Saved/ScreenRecordings/A037_v2_20260616_203154_screen.mkv",155865.844,155915.859,155890.844,"1781613270039","1781613270089","2026-06-16T20:34:30.038+08:00","2026-06-16T20:34:30.088+08:00",221.175980,EXP2,"exp2_table",1,1,"1:1|2:2|3:3|4:4"
"exp2_target_object","实验二当前目标模型_左脸","Exp2_001_exp2_target_object_0392","video_relative_to_recording_start",rectangle,0,317,626,996,,,,"A037","Exp2_001","E1_SPATIAL_PROGRESSIVE",loading,,,,,1,TRUE,9750.000,9800.000,230.925980,230.975983,1920,1046,"ObjectSlot1",1,1,"video_relative_to_screen_recording_start",75.060127,155865.844,155915.859,1,75.060127,"1781613114174","../../../../../../Project/UE5/Gallery/Saved/ScreenRecordings/A037_v2_20260616_203154_screen.mkv",155865.844,155915.859,155890.844,"1781613270039","1781613270089","2026-06-16T20:34:30.038+08:00","2026-06-16T20:34:30.088+08:00",221.175980,EXP2,"exp2_target",1,1,"1:1|2:2|3:3|4:4"
"exp2_table_objects","实验二桌面四模型总体区域","Exp2_001_exp2_table_objects_0393","video_relative_to_recording_start",rectangle,0,317,1919,996,,,,"A037","Exp2_001","E1_SPATIAL_PROGRESSIVE",loading,,,,,1,TRUE,9800.000,9850.000,230.975983,231.025986,1920,1046,"ObjectSlot1-4",1,1,"video_relative_to_screen_recording_start",75.060127,155915.859,155965.844,1,75.060127,"1781613114174","../../../../../../Project/UE5/Gallery/Saved/ScreenRecordings/A037_v2_20260616_203154_screen.mkv",155915.859,155965.844,155940.844,"1781613270089","1781613270139","2026-06-16T20:34:30.088+08:00","2026-06-16T20:34:30.138+08:00",221.175980,EXP2,"exp2_table",1,1,"1:1|2:2|3:3|4:4"
"exp2_target_object","实验二当前目标模型_左脸","Exp2_001_exp2_target_object_0394","video_relative_to_recording_start",rectangle,0,317,626,996,,,,"A037","Exp2_001","E1_SPATIAL_PROGRESSIVE",loading,,,,,1,TRUE,9800.000,9850.000,230.975983,231.025986,1920,1046,"ObjectSlot1",1,1,"video_relative_to_screen_recording_start",75.060127,155915.859,155965.844,1,75.060127,"1781613114174","../../../../../../Project/UE5/Gallery/Saved/ScreenRecordings/A037_v2_20260616_203154_screen.mkv",155915.859,155965.844,155940.844,"1781613270089","1781613270139","2026-06-16T20:34:30.088+08:00","2026-06-16T20:34:30.138+08:00",221.175980,EXP2,"exp2_target",1,1,"1:1|2:2|3:3|4:4"
"exp2_table_objects","实验二桌面四模型总体区域","Exp2_001_exp2_table_objects_0395","video_relative_to_recording_start",rectangle,0,317,1919,996,,,,"A037","Exp2_001","E1_SPATIAL_PROGRESSIVE",loading,,,,,1,TRUE,9850.000,9900.000,231.025986,231.075974,1920,1046,"ObjectSlot1-4",1,1,"video_relative_to_screen_recording_start",75.060127,155965.844,156015.844,1,75.060127,"1781613114174","../../../../../../Project/UE5/Gallery/Saved/ScreenRecordings/A037_v2_20260616_203154_screen.mkv",155965.844,156015.844,155990.844,"1781613270139","1781613270189","2026-06-16T20:34:30.138+08:00","2026-06-16T20:34:30.188+08:00",221.175980,EXP2,"exp2_table",1,1,"1:1|2:2|3:3|4:4"
"exp2_target_object","实验二当前目标模型_左脸","Exp2_001_exp2_target_object_0396","video_relative_to_recording_start",rectangle,0,317,626,996,,,,"A037","Exp2_001","E1_SPATIAL_PROGRESSIVE",loading,,,,,1,TRUE,9850.000,9900.000,231.025986,231.075974,1920,1046,"ObjectSlot1",1,1,"video_relative_to_screen_recording_start",75.060127,155965.844,156015.844,1,75.060127,"1781613114174","../../../../../../Project/UE5/Gallery/Saved/ScreenRecordings/A037_v2_20260616_203154_screen.mkv",155965.844,156015.844,155990.844,"1781613270139","1781613270189","2026-06-16T20:34:30.138+08:00","2026-06-16T20:34:30.188+08:00",221.175980,EXP2,"exp2_target",1,1,"1:1|2:2|3:3|4:4"
"exp2_table_objects","实验二桌面四模型总体区域","Exp2_001_exp2_table_objects_0397","video_relative_to_recording_start",rectangle,0,317,1919,996,,,,"A037","Exp2_001","E1_SPATIAL_PROGRESSIVE",loading,,,,,1,TRUE,9900.000,9950.000,231.075974,231.125977,1920,1046,"ObjectSlot1-4",1,1,"video_relative_to_screen_recording_start",75.060127,156015.844,156065.859,1,75.060127,"1781613114174","../../../../../../Project/UE5/Gallery/Saved/ScreenRecordings/A037_v2_20260616_203154_screen.mkv",156015.844,156065.859,156040.844,"1781613270189","1781613270239","2026-06-16T20:34:30.188+08:00","2026-06-16T20:34:30.238+08:00",221.175980,EXP2,"exp2_table",1,1,"1:1|2:2|3:3|4:4"
"exp2_target_object","实验二当前目标模型_左脸","Exp2_001_exp2_target_object_0398","video_relative_to_recording_start",rectangle,0,317,626,996,,,,"A037","Exp2_001","E1_SPATIAL_PROGRESSIVE",loading,,,,,1,TRUE,9900.000,9950.000,231.075974,231.125977,1920,1046,"ObjectSlot1",1,1,"video_relative_to_screen_recording_start",75.060127,156015.844,156065.859,1,75.060127,"1781613114174","../../../../../../Project/UE5/Gallery/Saved/ScreenRecordings/A037_v2_20260616_203154_screen.mkv",156015.844,156065.859,156040.844,"1781613270189","1781613270239","2026-06-16T20:34:30.188+08:00","2026-06-16T20:34:30.238+08:00",221.175980,EXP2,"exp2_target",1,1,"1:1|2:2|3:3|4:4"
"exp2_table_objects","实验二桌面四模型总体区域","Exp2_001_exp2_table_objects_0399","video_relative_to_recording_start",rectangle,0,317,1919,996,,,,"A037","Exp2_001","E1_SPATIAL_PROGRESSIVE",loading,,,,,1,TRUE,9950.000,10000.000,231.125977,231.175980,1920,1046,"ObjectSlot1-4",1,1,"video_relative_to_screen_recording_start",75.060127,156065.859,156115.844,1,75.060127,"1781613114174","../../../../../../Project/UE5/Gallery/Saved/ScreenRecordings/A037_v2_20260616_203154_screen.mkv",156065.859,156115.844,156090.844,"1781613270239","1781613270289","2026-06-16T20:34:30.238+08:00","2026-06-16T20:34:30.288+08:00",221.175980,EXP2,"exp2_table",1,1,"1:1|2:2|3:3|4:4"
"exp2_target_object","实验二当前目标模型_左脸","Exp2_001_exp2_target_object_0400","video_relative_to_recording_start",rectangle,0,317,626,996,,,,"A037","Exp2_001","E1_SPATIAL_PROGRESSIVE",loading,,,,,1,TRUE,9950.000,10000.000,231.125977,231.175980,1920,1046,"ObjectSlot1",1,1,"video_relative_to_screen_recording_start",75.060127,156065.859,156115.844,1,75.060127,"1781613114174","../../../../../../Project/UE5/Gallery/Saved/ScreenRecordings/A037_v2_20260616_203154_screen.mkv",156065.859,156115.844,156090.844,"1781613270239","1781613270289","2026-06-16T20:34:30.238+08:00","2026-06-16T20:34:30.288+08:00",221.175980,EXP2,"exp2_target",1,1,"1:1|2:2|3:3|4:4"
"exp2_table_objects","实验二桌面四模型总体区域","Exp2_001_exp2_table_objects_0401","video_relative_to_recording_start",rectangle,0,317,1919,996,,,,"A037","Exp2_001","E1_SPATIAL_PROGRESSIVE",loading,,,,,1,TRUE,10000.000,10050.000,231.175980,231.225983,1920,1046,"ObjectSlot1-4",1,1,"video_relative_to_screen_recording_start",75.060127,156115.844,156165.859,1,75.060127,"1781613114174","../../../../../../Project/UE5/Gallery/Saved/ScreenRecordings/A037_v2_20260616_203154_screen.mkv",156115.844,156165.859,156140.844,"1781613270289","1781613270339","2026-06-16T20:34:30.288+08:00","2026-06-16T20:34:30.338+08:00",221.175980,EXP2,"exp2_table",1,1,"1:1|2:2|3:3|4:4"
"exp2_target_object","实验二当前目标模型_左脸","Exp2_001_exp2_target_object_0402","video_relative_to_recording_start",rectangle,0,317,626,996,,,,"A037","Exp2_001","E1_SPATIAL_PROGRESSIVE",loading,,,,,1,TRUE,10000.000,10050.000,231.175980,231.225983,1920,1046,"ObjectSlot1",1,1,"video_relative_to_screen_recording_start",75.060127,156115.844,156165.859,1,75.060127,"1781613114174","../../../../../../Project/UE5/Gallery/Saved/ScreenRecordings/A037_v2_20260616_203154_screen.mkv",156115.844,156165.859,156140.844,"1781613270289","1781613270339","2026-06-16T20:34:30.288+08:00","2026-06-16T20:34:30.338+08:00",221.175980,EXP2,"exp2_target",1,1,"1:1|2:2|3:3|4:4"
"exp2_table_objects","实验二桌面四模型总体区域","Exp2_001_exp2_table_objects_0403","video_relative_to_recording_start",rectangle,0,317,1919,996,,,,"A037","Exp2_001","E1_SPATIAL_PROGRESSIVE",loading,,,,,1,TRUE,10050.000,10100.000,231.225983,231.275986,1920,1046,"ObjectSlot1-4",1,1,"video_relative_to_screen_recording_start",75.060127,156165.859,156215.844,1,75.060127,"1781613114174","../../../../../../Project/UE5/Gallery/Saved/ScreenRecordings/A037_v2_20260616_203154_screen.mkv",156165.859,156215.844,156190.844,"1781613270339","1781613270389","2026-06-16T20:34:30.338+08:00","2026-06-16T20:34:30.388+08:00",221.175980,EXP2,"exp2_table",1,1,"1:1|2:2|3:3|4:4"
"exp2_target_object","实验二当前目标模型_左脸","Exp2_001_exp2_target_object_0404","video_relative_to_recording_start",rectangle,0,317,626,996,,,,"A037","Exp2_001","E1_SPATIAL_PROGRESSIVE",loading,,,,,1,TRUE,10050.000,10100.000,231.225983,231.275986,1920,1046,"ObjectSlot1",1,1,"video_relative_to_screen_recording_start",75.060127,156165.859,156215.844,1,75.060127,"1781613114174","../../../../../../Project/UE5/Gallery/Saved/ScreenRecordings/A037_v2_20260616_203154_screen.mkv",156165.859,156215.844,156190.844,"1781613270339","1781613270389","2026-06-16T20:34:30.338+08:00","2026-06-16T20:34:30.388+08:00",221.175980,EXP2,"exp2_target",1,1,"1:1|2:2|3:3|4:4"
"exp2_table_objects","实验二桌面四模型总体区域","Exp2_001_exp2_table_objects_0405","video_relative_to_recording_start",rectangle,0,317,1919,996,,,,"A037","Exp2_001","E1_SPATIAL_PROGRESSIVE",loading,,,,,1,TRUE,10100.000,10150.000,231.275986,231.325974,1920,1046,"ObjectSlot1-4",1,1,"video_relative_to_screen_recording_start",75.060127,156215.844,156265.844,1,75.060127,"1781613114174","../../../../../../Project/UE5/Gallery/Saved/ScreenRecordings/A037_v2_20260616_203154_screen.mkv",156215.844,156265.844,156240.844,"1781613270389","1781613270439","2026-06-16T20:34:30.388+08:00","2026-06-16T20:34:30.438+08:00",221.175980,EXP2,"exp2_table",1,1,"1:1|2:2|3:3|4:4"
"exp2_target_object","实验二当前目标模型_左脸","Exp2_001_exp2_target_object_0406","video_relative_to_recording_start",rectangle,0,317,626,996,,,,"A037","Exp2_001","E1_SPATIAL_PROGRESSIVE",loading,,,,,1,TRUE,10100.000,10150.000,231.275986,231.325974,1920,1046,"ObjectSlot1",1,1,"video_relative_to_screen_recording_start",75.060127,156215.844,156265.844,1,75.060127,"1781613114174","../../../../../../Project/UE5/Gallery/Saved/ScreenRecordings/A037_v2_20260616_203154_screen.mkv",156215.844,156265.844,156240.844,"1781613270389","1781613270439","2026-06-16T20:34:30.388+08:00","2026-06-16T20:34:30.438+08:00",221.175980,EXP2,"exp2_target",1,1,"1:1|2:2|3:3|4:4"
"exp2_table_objects","实验二桌面四模型总体区域","Exp2_001_exp2_table_objects_0407","video_relative_to_recording_start",rectangle,0,317,1919,996,,,,"A037","Exp2_001","E1_SPATIAL_PROGRESSIVE",loading,,,,,1,TRUE,10150.000,10200.000,231.325974,231.375977,1920,1046,"ObjectSlot1-4",1,1,"video_relative_to_screen_recording_start",75.060127,156265.844,156315.859,1,75.060127,"1781613114174","../../../../../../Project/UE5/Gallery/Saved/ScreenRecordings/A037_v2_20260616_203154_screen.mkv",156265.844,156315.859,156290.844,"1781613270439","1781613270489","2026-06-16T20:34:30.438+08:00","2026-06-16T20:34:30.488+08:00",221.175980,EXP2,"exp2_table",1,1,"1:1|2:2|3:3|4:4"
"exp2_target_object","实验二当前目标模型_左脸","Exp2_001_exp2_target_object_0408","video_relative_to_recording_start",rectangle,0,317,626,996,,,,"A037","Exp2_001","E1_SPATIAL_PROGRESSIVE",loading,,,,,1,TRUE,10150.000,10200.000,231.325974,231.375977,1920,1046,"ObjectSlot1",1,1,"video_relative_to_screen_recording_start",75.060127,156265.844,156315.859,1,75.060127,"1781613114174","../../../../../../Project/UE5/Gallery/Saved/ScreenRecordings/A037_v2_20260616_203154_screen.mkv",156265.844,156315.859,156290.844,"1781613270439","1781613270489","2026-06-16T20:34:30.438+08:00","2026-06-16T20:34:30.488+08:00",221.175980,EXP2,"exp2_target",1,1,"1:1|2:2|3:3|4:4"
"exp2_table_objects","实验二桌面四模型总体区域","Exp2_001_exp2_table_objects_0409","video_relative_to_recording_start",rectangle,0,317,1919,996,,,,"A037","Exp2_001","E1_SPATIAL_PROGRESSIVE",loading,,,,,1,TRUE,10200.000,10250.000,231.375977,231.425980,1920,1046,"ObjectSlot1-4",1,1,"video_relative_to_screen_recording_start",75.060127,156315.859,156365.844,1,75.060127,"1781613114174","../../../../../../Project/UE5/Gallery/Saved/ScreenRecordings/A037_v2_20260616_203154_screen.mkv",156315.859,156365.844,156340.844,"1781613270489","1781613270539","2026-06-16T20:34:30.488+08:00","2026-06-16T20:34:30.538+08:00",221.175980,EXP2,"exp2_table",1,1,"1:1|2:2|3:3|4:4"
"exp2_target_object","实验二当前目标模型_左脸","Exp2_001_exp2_target_object_0410","video_relative_to_recording_start",rectangle,0,317,626,996,,,,"A037","Exp2_001","E1_SPATIAL_PROGRESSIVE",loading,,,,,1,TRUE,10200.000,10250.000,231.375977,231.425980,1920,1046,"ObjectSlot1",1,1,"video_relative_to_screen_recording_start",75.060127,156315.859,156365.844,1,75.060127,"1781613114174","../../../../../../Project/UE5/Gallery/Saved/ScreenRecordings/A037_v2_20260616_203154_screen.mkv",156315.859,156365.844,156340.844,"1781613270489","1781613270539","2026-06-16T20:34:30.488+08:00","2026-06-16T20:34:30.538+08:00",221.175980,EXP2,"exp2_target",1,1,"1:1|2:2|3:3|4:4"
"exp2_table_objects","实验二桌面四模型总体区域","Exp2_001_exp2_table_objects_0411","video_relative_to_recording_start",rectangle,0,317,1919,996,,,,"A037","Exp2_001","E1_SPATIAL_PROGRESSIVE",loading,,,,,1,TRUE,10250.000,10300.000,231.425980,231.475983,1920,1046,"ObjectSlot1-4",1,1,"video_relative_to_screen_recording_start",75.060127,156365.844,156415.859,1,75.060127,"1781613114174","../../../../../../Project/UE5/Gallery/Saved/ScreenRecordings/A037_v2_20260616_203154_screen.mkv",156365.844,156415.859,156390.844,"1781613270539","1781613270589","2026-06-16T20:34:30.538+08:00","2026-06-16T20:34:30.588+08:00",221.175980,EXP2,"exp2_table",1,1,"1:1|2:2|3:3|4:4"
"exp2_target_object","实验二当前目标模型_左脸","Exp2_001_exp2_target_object_0412","video_relative_to_recording_start",rectangle,0,317,626,996,,,,"A037","Exp2_001","E1_SPATIAL_PROGRESSIVE",loading,,,,,1,TRUE,10250.000,10300.000,231.425980,231.475983,1920,1046,"ObjectSlot1",1,1,"video_relative_to_screen_recording_start",75.060127,156365.844,156415.859,1,75.060127,"1781613114174","../../../../../../Project/UE5/Gallery/Saved/ScreenRecordings/A037_v2_20260616_203154_screen.mkv",156365.844,156415.859,156390.844,"1781613270539","1781613270589","2026-06-16T20:34:30.538+08:00","2026-06-16T20:34:30.588+08:00",221.175980,EXP2,"exp2_target",1,1,"1:1|2:2|3:3|4:4"
"exp2_table_objects","实验二桌面四模型总体区域","Exp2_001_exp2_table_objects_0413","video_relative_to_recording_start",rectangle,0,317,1919,996,,,,"A037","Exp2_001","E1_SPATIAL_PROGRESSIVE",loading,,,,,1,TRUE,10300.000,10350.000,231.475983,231.525986,1920,1046,"ObjectSlot1-4",1,1,"video_relative_to_screen_recording_start",75.060127,156415.859,156465.844,1,75.060127,"1781613114174","../../../../../../Project/UE5/Gallery/Saved/ScreenRecordings/A037_v2_20260616_203154_screen.mkv",156415.859,156465.844,156440.844,"1781613270589","1781613270639","2026-06-16T20:34:30.588+08:00","2026-06-16T20:34:30.638+08:00",221.175980,EXP2,"exp2_table",1,1,"1:1|2:2|3:3|4:4"
"exp2_target_object","实验二当前目标模型_左脸","Exp2_001_exp2_target_object_0414","video_relative_to_recording_start",rectangle,0,317,626,996,,,,"A037","Exp2_001","E1_SPATIAL_PROGRESSIVE",loading,,,,,1,TRUE,10300.000,10350.000,231.475983,231.525986,1920,1046,"ObjectSlot1",1,1,"video_relative_to_screen_recording_start",75.060127,156415.859,156465.844,1,75.060127,"1781613114174","../../../../../../Project/UE5/Gallery/Saved/ScreenRecordings/A037_v2_20260616_203154_screen.mkv",156415.859,156465.844,156440.844,"1781613270589","1781613270639","2026-06-16T20:34:30.588+08:00","2026-06-16T20:34:30.638+08:00",221.175980,EXP2,"exp2_target",1,1,"1:1|2:2|3:3|4:4"
"exp2_table_objects","实验二桌面四模型总体区域","Exp2_001_exp2_table_objects_0415","video_relative_to_recording_start",rectangle,0,317,1919,996,,,,"A037","Exp2_001","E1_SPATIAL_PROGRESSIVE",loading,,,,,1,TRUE,10350.000,10400.000,231.525986,231.575974,1920,1046,"ObjectSlot1-4",1,1,"video_relative_to_screen_recording_start",75.060127,156465.844,156515.844,1,75.060127,"1781613114174","../../../../../../Project/UE5/Gallery/Saved/ScreenRecordings/A037_v2_20260616_203154_screen.mkv",156465.844,156515.844,156490.844,"1781613270639","1781613270689","2026-06-16T20:34:30.638+08:00","2026-06-16T20:34:30.688+08:00",221.175980,EXP2,"exp2_table",1,1,"1:1|2:2|3:3|4:4"
"exp2_target_object","实验二当前目标模型_左脸","Exp2_001_exp2_target_object_0416","video_relative_to_recording_start",rectangle,0,317,626,996,,,,"A037","Exp2_001","E1_SPATIAL_PROGRESSIVE",loading,,,,,1,TRUE,10350.000,10400.000,231.525986,231.575974,1920,1046,"ObjectSlot1",1,1,"video_relative_to_screen_recording_start",75.060127,156465.844,156515.844,1,75.060127,"1781613114174","../../../../../../Project/UE5/Gallery/Saved/ScreenRecordings/A037_v2_20260616_203154_screen.mkv",156465.844,156515.844,156490.844,"1781613270639","1781613270689","2026-06-16T20:34:30.638+08:00","2026-06-16T20:34:30.688+08:00",221.175980,EXP2,"exp2_target",1,1,"1:1|2:2|3:3|4:4"
"exp2_table_objects","实验二桌面四模型总体区域","Exp2_001_exp2_table_objects_0417","video_relative_to_recording_start",rectangle,0,317,1919,996,,,,"A037","Exp2_001","E1_SPATIAL_PROGRESSIVE",loading,,,,,1,TRUE,10400.000,10450.000,231.575974,231.625977,1920,1046,"ObjectSlot1-4",1,1,"video_relative_to_screen_recording_start",75.060127,156515.844,156565.859,1,75.060127,"1781613114174","../../../../../../Project/UE5/Gallery/Saved/ScreenRecordings/A037_v2_20260616_203154_screen.mkv",156515.844,156565.859,156540.844,"1781613270689","1781613270739","2026-06-16T20:34:30.688+08:00","2026-06-16T20:34:30.738+08:00",221.175980,EXP2,"exp2_table",1,1,"1:1|2:2|3:3|4:4"
"exp2_target_object","实验二当前目标模型_左脸","Exp2_001_exp2_target_object_0418","video_relative_to_recording_start",rectangle,0,317,626,996,,,,"A037","Exp2_001","E1_SPATIAL_PROGRESSIVE",loading,,,,,1,TRUE,10400.000,10450.000,231.575974,231.625977,1920,1046,"ObjectSlot1",1,1,"video_relative_to_screen_recording_start",75.060127,156515.844,156565.859,1,75.060127,"1781613114174","../../../../../../Project/UE5/Gallery/Saved/ScreenRecordings/A037_v2_20260616_203154_screen.mkv",156515.844,156565.859,156540.844,"1781613270689","1781613270739","2026-06-16T20:34:30.688+08:00","2026-06-16T20:34:30.738+08:00",221.175980,EXP2,"exp2_target",1,1,"1:1|2:2|3:3|4:4"
"exp2_table_objects","实验二桌面四模型总体区域","Exp2_001_exp2_table_objects_0419","video_relative_to_recording_start",rectangle,0,317,1919,996,,,,"A037","Exp2_001","E1_SPATIAL_PROGRESSIVE",loading,,,,,1,TRUE,10450.000,10500.000,231.625977,231.675980,1920,1046,"ObjectSlot1-4",1,1,"video_relative_to_screen_recording_start",75.060127,156565.859,156615.844,1,75.060127,"1781613114174","../../../../../../Project/UE5/Gallery/Saved/ScreenRecordings/A037_v2_20260616_203154_screen.mkv",156565.859,156615.844,156590.844,"1781613270739","1781613270789","2026-06-16T20:34:30.738+08:00","2026-06-16T20:34:30.788+08:00",221.175980,EXP2,"exp2_table",1,1,"1:1|2:2|3:3|4:4"
"exp2_target_object","实验二当前目标模型_左脸","Exp2_001_exp2_target_object_0420","video_relative_to_recording_start",rectangle,0,317,626,996,,,,"A037","Exp2_001","E1_SPATIAL_PROGRESSIVE",loading,,,,,1,TRUE,10450.000,10500.000,231.625977,231.675980,1920,1046,"ObjectSlot1",1,1,"video_relative_to_screen_recording_start",75.060127,156565.859,156615.844,1,75.060127,"1781613114174","../../../../../../Project/UE5/Gallery/Saved/ScreenRecordings/A037_v2_20260616_203154_screen.mkv",156565.859,156615.844,156590.844,"1781613270739","1781613270789","2026-06-16T20:34:30.738+08:00","2026-06-16T20:34:30.788+08:00",221.175980,EXP2,"exp2_target",1,1,"1:1|2:2|3:3|4:4"
"exp2_table_objects","实验二桌面四模型总体区域","Exp2_001_exp2_table_objects_0421","video_relative_to_recording_start",rectangle,0,317,1919,996,,,,"A037","Exp2_001","E1_SPATIAL_PROGRESSIVE",loading,,,,,1,TRUE,10500.000,10550.000,231.675980,231.725983,1920,1046,"ObjectSlot1-4",1,1,"video_relative_to_screen_recording_start",75.060127,156615.844,156665.859,1,75.060127,"1781613114174","../../../../../../Project/UE5/Gallery/Saved/ScreenRecordings/A037_v2_20260616_203154_screen.mkv",156615.844,156665.859,156640.844,"1781613270789","1781613270839","2026-06-16T20:34:30.788+08:00","2026-06-16T20:34:30.838+08:00",221.175980,EXP2,"exp2_table",1,1,"1:1|2:2|3:3|4:4"
"exp2_target_object","实验二当前目标模型_左脸","Exp2_001_exp2_target_object_0422","video_relative_to_recording_start",rectangle,0,317,626,996,,,,"A037","Exp2_001","E1_SPATIAL_PROGRESSIVE",loading,,,,,1,TRUE,10500.000,10550.000,231.675980,231.725983,1920,1046,"ObjectSlot1",1,1,"video_relative_to_screen_recording_start",75.060127,156615.844,156665.859,1,75.060127,"1781613114174","../../../../../../Project/UE5/Gallery/Saved/ScreenRecordings/A037_v2_20260616_203154_screen.mkv",156615.844,156665.859,156640.844,"1781613270789","1781613270839","2026-06-16T20:34:30.788+08:00","2026-06-16T20:34:30.838+08:00",221.175980,EXP2,"exp2_target",1,1,"1:1|2:2|3:3|4:4"
"exp2_table_objects","实验二桌面四模型总体区域","Exp2_001_exp2_table_objects_0423","video_relative_to_recording_start",rectangle,0,317,1919,996,,,,"A037","Exp2_001","E1_SPATIAL_PROGRESSIVE",loading,,,,,1,TRUE,10550.000,10600.000,231.725983,231.775986,1920,1046,"ObjectSlot1-4",1,1,"video_relative_to_screen_recording_start",75.060127,156665.859,156715.844,1,75.060127,"1781613114174","../../../../../../Project/UE5/Gallery/Saved/ScreenRecordings/A037_v2_20260616_203154_screen.mkv",156665.859,156715.844,156690.844,"1781613270839","1781613270889","2026-06-16T20:34:30.838+08:00","2026-06-16T20:34:30.888+08:00",221.175980,EXP2,"exp2_table",1,1,"1:1|2:2|3:3|4:4"
"exp2_target_object","实验二当前目标模型_左脸","Exp2_001_exp2_target_object_0424","video_relative_to_recording_start",rectangle,0,317,626,996,,,,"A037","Exp2_001","E1_SPATIAL_PROGRESSIVE",loading,,,,,1,TRUE,10550.000,10600.000,231.725983,231.775986,1920,1046,"ObjectSlot1",1,1,"video_relative_to_screen_recording_start",75.060127,156665.859,156715.844,1,75.060127,"1781613114174","../../../../../../Project/UE5/Gallery/Saved/ScreenRecordings/A037_v2_20260616_203154_screen.mkv",156665.859,156715.844,156690.844,"1781613270839","1781613270889","2026-06-16T20:34:30.838+08:00","2026-06-16T20:34:30.888+08:00",221.175980,EXP2,"exp2_target",1,1,"1:1|2:2|3:3|4:4"
"exp2_table_objects","实验二桌面四模型总体区域","Exp2_001_exp2_table_objects_0425","video_relative_to_recording_start",rectangle,0,317,1919,996,,,,"A037","Exp2_001","E1_SPATIAL_PROGRESSIVE",loading,,,,,1,TRUE,10600.000,10650.000,231.775986,231.825974,1920,1046,"ObjectSlot1-4",1,1,"video_relative_to_screen_recording_start",75.060127,156715.844,156765.844,1,75.060127,"1781613114174","../../../../../../Project/UE5/Gallery/Saved/ScreenRecordings/A037_v2_20260616_203154_screen.mkv",156715.844,156765.844,156740.844,"1781613270889","1781613270939","2026-06-16T20:34:30.888+08:00","2026-06-16T20:34:30.938+08:00",221.175980,EXP2,"exp2_table",1,1,"1:1|2:2|3:3|4:4"
"exp2_target_object","实验二当前目标模型_左脸","Exp2_001_exp2_target_object_0426","video_relative_to_recording_start",rectangle,0,317,626,996,,,,"A037","Exp2_001","E1_SPATIAL_PROGRESSIVE",loading,,,,,1,TRUE,10600.000,10650.000,231.775986,231.825974,1920,1046,"ObjectSlot1",1,1,"video_relative_to_screen_recording_start",75.060127,156715.844,156765.844,1,75.060127,"1781613114174","../../../../../../Project/UE5/Gallery/Saved/ScreenRecordings/A037_v2_20260616_203154_screen.mkv",156715.844,156765.844,156740.844,"1781613270889","1781613270939","2026-06-16T20:34:30.888+08:00","2026-06-16T20:34:30.938+08:00",221.175980,EXP2,"exp2_target",1,1,"1:1|2:2|3:3|4:4"
"exp2_table_objects","实验二桌面四模型总体区域","Exp2_001_exp2_table_objects_0427","video_relative_to_recording_start",rectangle,0,317,1919,996,,,,"A037","Exp2_001","E1_SPATIAL_PROGRESSIVE",loading,,,,,1,TRUE,10650.000,10700.000,231.825974,231.875977,1920,1046,"ObjectSlot1-4",1,1,"video_relative_to_screen_recording_start",75.060127,156765.844,156815.859,1,75.060127,"1781613114174","../../../../../../Project/UE5/Gallery/Saved/ScreenRecordings/A037_v2_20260616_203154_screen.mkv",156765.844,156815.859,156790.844,"1781613270939","1781613270989","2026-06-16T20:34:30.938+08:00","2026-06-16T20:34:30.988+08:00",221.175980,EXP2,"exp2_table",1,1,"1:1|2:2|3:3|4:4"
"exp2_target_object","实验二当前目标模型_左脸","Exp2_001_exp2_target_object_0428","video_relative_to_recording_start",rectangle,0,317,626,996,,,,"A037","Exp2_001","E1_SPATIAL_PROGRESSIVE",loading,,,,,1,TRUE,10650.000,10700.000,231.825974,231.875977,1920,1046,"ObjectSlot1",1,1,"video_relative_to_screen_recording_start",75.060127,156765.844,156815.859,1,75.060127,"1781613114174","../../../../../../Project/UE5/Gallery/Saved/ScreenRecordings/A037_v2_20260616_203154_screen.mkv",156765.844,156815.859,156790.844,"1781613270939","1781613270989","2026-06-16T20:34:30.938+08:00","2026-06-16T20:34:30.988+08:00",221.175980,EXP2,"exp2_target",1,1,"1:1|2:2|3:3|4:4"
"exp2_table_objects","实验二桌面四模型总体区域","Exp2_001_exp2_table_objects_0429","video_relative_to_recording_start",rectangle,0,317,1919,996,,,,"A037","Exp2_001","E1_SPATIAL_PROGRESSIVE",loading,,,,,1,TRUE,10700.000,10750.000,231.875977,231.925980,1920,1046,"ObjectSlot1-4",1,1,"video_relative_to_screen_recording_start",75.060127,156815.859,156865.844,1,75.060127,"1781613114174","../../../../../../Project/UE5/Gallery/Saved/ScreenRecordings/A037_v2_20260616_203154_screen.mkv",156815.859,156865.844,156840.844,"1781613270989","1781613271039","2026-06-16T20:34:30.988+08:00","2026-06-16T20:34:31.038+08:00",221.175980,EXP2,"exp2_table",1,1,"1:1|2:2|3:3|4:4"
"exp2_target_object","实验二当前目标模型_左脸","Exp2_001_exp2_target_object_0430","video_relative_to_recording_start",rectangle,0,317,626,996,,,,"A037","Exp2_001","E1_SPATIAL_PROGRESSIVE",loading,,,,,1,TRUE,10700.000,10750.000,231.875977,231.925980,1920,1046,"ObjectSlot1",1,1,"video_relative_to_screen_recording_start",75.060127,156815.859,156865.844,1,75.060127,"1781613114174","../../../../../../Project/UE5/Gallery/Saved/ScreenRecordings/A037_v2_20260616_203154_screen.mkv",156815.859,156865.844,156840.844,"1781613270989","1781613271039","2026-06-16T20:34:30.988+08:00","2026-06-16T20:34:31.038+08:00",221.175980,EXP2,"exp2_target",1,1,"1:1|2:2|3:3|4:4"
"exp2_table_objects","实验二桌面四模型总体区域","Exp2_001_exp2_table_objects_0431","video_relative_to_recording_start",rectangle,0,317,1919,996,,,,"A037","Exp2_001","E1_SPATIAL_PROGRESSIVE",loading,,,,,1,TRUE,10750.000,10800.000,231.925980,231.975983,1920,1046,"ObjectSlot1-4",1,1,"video_relative_to_screen_recording_start",75.060127,156865.844,156915.859,1,75.060127,"1781613114174","../../../../../../Project/UE5/Gallery/Saved/ScreenRecordings/A037_v2_20260616_203154_screen.mkv",156865.844,156915.859,156890.844,"1781613271039","1781613271089","2026-06-16T20:34:31.038+08:00","2026-06-16T20:34:31.088+08:00",221.175980,EXP2,"exp2_table",1,1,"1:1|2:2|3:3|4:4"
"exp2_target_object","实验二当前目标模型_左脸","Exp2_001_exp2_target_object_0432","video_relative_to_recording_start",rectangle,0,317,626,996,,,,"A037","Exp2_001","E1_SPATIAL_PROGRESSIVE",loading,,,,,1,TRUE,10750.000,10800.000,231.925980,231.975983,1920,1046,"ObjectSlot1",1,1,"video_relative_to_screen_recording_start",75.060127,156865.844,156915.859,1,75.060127,"1781613114174","../../../../../../Project/UE5/Gallery/Saved/ScreenRecordings/A037_v2_20260616_203154_screen.mkv",156865.844,156915.859,156890.844,"1781613271039","1781613271089","2026-06-16T20:34:31.038+08:00","2026-06-16T20:34:31.088+08:00",221.175980,EXP2,"exp2_target",1,1,"1:1|2:2|3:3|4:4"
"exp2_table_objects","实验二桌面四模型总体区域","Exp2_001_exp2_table_objects_0433","video_relative_to_recording_start",rectangle,0,317,1919,996,,,,"A037","Exp2_001","E1_SPATIAL_PROGRESSIVE",loading,,,,,1,TRUE,10800.000,10850.000,231.975983,232.025986,1920,1046,"ObjectSlot1-4",1,1,"video_relative_to_screen_recording_start",75.060127,156915.859,156965.844,1,75.060127,"1781613114174","../../../../../../Project/UE5/Gallery/Saved/ScreenRecordings/A037_v2_20260616_203154_screen.mkv",156915.859,156965.844,156940.844,"1781613271089","1781613271139","2026-06-16T20:34:31.088+08:00","2026-06-16T20:34:31.138+08:00",221.175980,EXP2,"exp2_table",1,1,"1:1|2:2|3:3|4:4"
"exp2_target_object","实验二当前目标模型_左脸","Exp2_001_exp2_target_object_0434","video_relative_to_recording_start",rectangle,0,317,626,996,,,,"A037","Exp2_001","E1_SPATIAL_PROGRESSIVE",loading,,,,,1,TRUE,10800.000,10850.000,231.975983,232.025986,1920,1046,"ObjectSlot1",1,1,"video_relative_to_screen_recording_start",75.060127,156915.859,156965.844,1,75.060127,"1781613114174","../../../../../../Project/UE5/Gallery/Saved/ScreenRecordings/A037_v2_20260616_203154_screen.mkv",156915.859,156965.844,156940.844,"1781613271089","1781613271139","2026-06-16T20:34:31.088+08:00","2026-06-16T20:34:31.138+08:00",221.175980,EXP2,"exp2_target",1,1,"1:1|2:2|3:3|4:4"
"exp2_table_objects","实验二桌面四模型总体区域","Exp2_001_exp2_table_objects_0435","video_relative_to_recording_start",rectangle,0,317,1919,996,,,,"A037","Exp2_001","E1_SPATIAL_PROGRESSIVE",loading,,,,,1,TRUE,10850.000,10900.000,232.025986,232.075974,1920,1046,"ObjectSlot1-4",1,1,"video_relative_to_screen_recording_start",75.060127,156965.844,157015.844,1,75.060127,"1781613114174","../../../../../../Project/UE5/Gallery/Saved/ScreenRecordings/A037_v2_20260616_203154_screen.mkv",156965.844,157015.844,156990.844,"1781613271139","1781613271189","2026-06-16T20:34:31.138+08:00","2026-06-16T20:34:31.188+08:00",221.175980,EXP2,"exp2_table",1,1,"1:1|2:2|3:3|4:4"
"exp2_target_object","实验二当前目标模型_左脸","Exp2_001_exp2_target_object_0436","video_relative_to_recording_start",rectangle,0,317,626,996,,,,"A037","Exp2_001","E1_SPATIAL_PROGRESSIVE",loading,,,,,1,TRUE,10850.000,10900.000,232.025986,232.075974,1920,1046,"ObjectSlot1",1,1,"video_relative_to_screen_recording_start",75.060127,156965.844,157015.844,1,75.060127,"1781613114174","../../../../../../Project/UE5/Gallery/Saved/ScreenRecordings/A037_v2_20260616_203154_screen.mkv",156965.844,157015.844,156990.844,"1781613271139","1781613271189","2026-06-16T20:34:31.138+08:00","2026-06-16T20:34:31.188+08:00",221.175980,EXP2,"exp2_target",1,1,"1:1|2:2|3:3|4:4"
"exp2_table_objects","实验二桌面四模型总体区域","Exp2_001_exp2_table_objects_0437","video_relative_to_recording_start",rectangle,0,317,1919,996,,,,"A037","Exp2_001","E1_SPATIAL_PROGRESSIVE",loading,,,,,1,TRUE,10900.000,10950.000,232.075974,232.125977,1920,1046,"ObjectSlot1-4",1,1,"video_relative_to_screen_recording_start",75.060127,157015.844,157065.859,1,75.060127,"1781613114174","../../../../../../Project/UE5/Gallery/Saved/ScreenRecordings/A037_v2_20260616_203154_screen.mkv",157015.844,157065.859,157040.844,"1781613271189","1781613271239","2026-06-16T20:34:31.188+08:00","2026-06-16T20:34:31.238+08:00",221.175980,EXP2,"exp2_table",1,1,"1:1|2:2|3:3|4:4"
"exp2_target_object","实验二当前目标模型_左脸","Exp2_001_exp2_target_object_0438","video_relative_to_recording_start",rectangle,0,317,626,996,,,,"A037","Exp2_001","E1_SPATIAL_PROGRESSIVE",loading,,,,,1,TRUE,10900.000,10950.000,232.075974,232.125977,1920,1046,"ObjectSlot1",1,1,"video_relative_to_screen_recording_start",75.060127,157015.844,157065.859,1,75.060127,"1781613114174","../../../../../../Project/UE5/Gallery/Saved/ScreenRecordings/A037_v2_20260616_203154_screen.mkv",157015.844,157065.859,157040.844,"1781613271189","1781613271239","2026-06-16T20:34:31.188+08:00","2026-06-16T20:34:31.238+08:00",221.175980,EXP2,"exp2_target",1,1,"1:1|2:2|3:3|4:4"
"exp2_table_objects","实验二桌面四模型总体区域","Exp2_001_exp2_table_objects_0439","video_relative_to_recording_start",rectangle,0,317,1919,996,,,,"A037","Exp2_001","E1_SPATIAL_PROGRESSIVE",loading,,,,,1,TRUE,10950.000,11000.000,232.125977,232.175980,1920,1046,"ObjectSlot1-4",1,1,"video_relative_to_screen_recording_start",75.060127,157065.859,157115.844,1,75.060127,"1781613114174","../../../../../../Project/UE5/Gallery/Saved/ScreenRecordings/A037_v2_20260616_203154_screen.mkv",157065.859,157115.844,157090.844,"1781613271239","1781613271289","2026-06-16T20:34:31.238+08:00","2026-06-16T20:34:31.288+08:00",221.175980,EXP2,"exp2_table",1,1,"1:1|2:2|3:3|4:4"
"exp2_target_object","实验二当前目标模型_左脸","Exp2_001_exp2_target_object_0440","video_relative_to_recording_start",rectangle,0,317,626,996,,,,"A037","Exp2_001","E1_SPATIAL_PROGRESSIVE",loading,,,,,1,TRUE,10950.000,11000.000,232.125977,232.175980,1920,1046,"ObjectSlot1",1,1,"video_relative_to_screen_recording_start",75.060127,157065.859,157115.844,1,75.060127,"1781613114174","../../../../../../Project/UE5/Gallery/Saved/ScreenRecordings/A037_v2_20260616_203154_screen.mkv",157065.859,157115.844,157090.844,"1781613271239","1781613271289","2026-06-16T20:34:31.238+08:00","2026-06-16T20:34:31.288+08:00",221.175980,EXP2,"exp2_target",1,1,"1:1|2:2|3:3|4:4"
"exp2_table_objects","实验二桌面四模型总体区域","Exp2_001_exp2_table_objects_0441","video_relative_to_recording_start",rectangle,0,317,1919,996,,,,"A037","Exp2_001","E1_SPATIAL_PROGRESSIVE",loading,,,,,1,TRUE,11000.000,11050.000,232.175980,232.225983,1920,1046,"ObjectSlot1-4",1,1,"video_relative_to_screen_recording_start",75.060127,157115.844,157165.859,1,75.060127,"1781613114174","../../../../../../Project/UE5/Gallery/Saved/ScreenRecordings/A037_v2_20260616_203154_screen.mkv",157115.844,157165.859,157140.844,"1781613271289","1781613271339","2026-06-16T20:34:31.288+08:00","2026-06-16T20:34:31.338+08:00",221.175980,EXP2,"exp2_table",1,1,"1:1|2:2|3:3|4:4"
"exp2_target_object","实验二当前目标模型_左脸","Exp2_001_exp2_target_object_0442","video_relative_to_recording_start",rectangle,0,317,626,996,,,,"A037","Exp2_001","E1_SPATIAL_PROGRESSIVE",loading,,,,,1,TRUE,11000.000,11050.000,232.175980,232.225983,1920,1046,"ObjectSlot1",1,1,"video_relative_to_screen_recording_start",75.060127,157115.844,157165.859,1,75.060127,"1781613114174","../../../../../../Project/UE5/Gallery/Saved/ScreenRecordings/A037_v2_20260616_203154_screen.mkv",157115.844,157165.859,157140.844,"1781613271289","1781613271339","2026-06-16T20:34:31.288+08:00","2026-06-16T20:34:31.338+08:00",221.175980,EXP2,"exp2_target",1,1,"1:1|2:2|3:3|4:4"
"exp2_table_objects","实验二桌面四模型总体区域","Exp2_001_exp2_table_objects_0443","video_relative_to_recording_start",rectangle,0,317,1919,996,,,,"A037","Exp2_001","E1_SPATIAL_PROGRESSIVE",loading,,,,,1,TRUE,11050.000,11100.000,232.225983,232.275986,1920,1046,"ObjectSlot1-4",1,1,"video_relative_to_screen_recording_start",75.060127,157165.859,157215.844,1,75.060127,"1781613114174","../../../../../../Project/UE5/Gallery/Saved/ScreenRecordings/A037_v2_20260616_203154_screen.mkv",157165.859,157215.844,157190.844,"1781613271339","1781613271389","2026-06-16T20:34:31.338+08:00","2026-06-16T20:34:31.388+08:00",221.175980,EXP2,"exp2_table",1,1,"1:1|2:2|3:3|4:4"
"exp2_target_object","实验二当前目标模型_左脸","Exp2_001_exp2_target_object_0444","video_relative_to_recording_start",rectangle,0,317,626,996,,,,"A037","Exp2_001","E1_SPATIAL_PROGRESSIVE",loading,,,,,1,TRUE,11050.000,11100.000,232.225983,232.275986,1920,1046,"ObjectSlot1",1,1,"video_relative_to_screen_recording_start",75.060127,157165.859,157215.844,1,75.060127,"1781613114174","../../../../../../Project/UE5/Gallery/Saved/ScreenRecordings/A037_v2_20260616_203154_screen.mkv",157165.859,157215.844,157190.844,"1781613271339","1781613271389","2026-06-16T20:34:31.338+08:00","2026-06-16T20:34:31.388+08:00",221.175980,EXP2,"exp2_target",1,1,"1:1|2:2|3:3|4:4"
"exp2_table_objects","实验二桌面四模型总体区域","Exp2_001_exp2_table_objects_0445","video_relative_to_recording_start",rectangle,0,317,1919,996,,,,"A037","Exp2_001","E1_SPATIAL_PROGRESSIVE",loading,,,,,1,TRUE,11100.000,11150.000,232.275986,232.325974,1920,1046,"ObjectSlot1-4",1,1,"video_relative_to_screen_recording_start",75.060127,157215.844,157265.844,1,75.060127,"1781613114174","../../../../../../Project/UE5/Gallery/Saved/ScreenRecordings/A037_v2_20260616_203154_screen.mkv",157215.844,157265.844,157240.844,"1781613271389","1781613271439","2026-06-16T20:34:31.388+08:00","2026-06-16T20:34:31.438+08:00",221.175980,EXP2,"exp2_table",1,1,"1:1|2:2|3:3|4:4"
"exp2_target_object","实验二当前目标模型_左脸","Exp2_001_exp2_target_object_0446","video_relative_to_recording_start",rectangle,0,317,626,996,,,,"A037","Exp2_001","E1_SPATIAL_PROGRESSIVE",loading,,,,,1,TRUE,11100.000,11150.000,232.275986,232.325974,1920,1046,"ObjectSlot1",1,1,"video_relative_to_screen_recording_start",75.060127,157215.844,157265.844,1,75.060127,"1781613114174","../../../../../../Project/UE5/Gallery/Saved/ScreenRecordings/A037_v2_20260616_203154_screen.mkv",157215.844,157265.844,157240.844,"1781613271389","1781613271439","2026-06-16T20:34:31.388+08:00","2026-06-16T20:34:31.438+08:00",221.175980,EXP2,"exp2_target",1,1,"1:1|2:2|3:3|4:4"
"exp2_table_objects","实验二桌面四模型总体区域","Exp2_001_exp2_table_objects_0447","video_relative_to_recording_start",rectangle,0,317,1919,996,,,,"A037","Exp2_001","E1_SPATIAL_PROGRESSIVE",loading,,,,,1,TRUE,11150.000,11200.000,232.325974,232.375977,1920,1046,"ObjectSlot1-4",1,1,"video_relative_to_screen_recording_start",75.060127,157265.844,157315.859,1,75.060127,"1781613114174","../../../../../../Project/UE5/Gallery/Saved/ScreenRecordings/A037_v2_20260616_203154_screen.mkv",157265.844,157315.859,157290.844,"1781613271439","1781613271489","2026-06-16T20:34:31.438+08:00","2026-06-16T20:34:31.488+08:00",221.175980,EXP2,"exp2_table",1,1,"1:1|2:2|3:3|4:4"
"exp2_target_object","实验二当前目标模型_左脸","Exp2_001_exp2_target_object_0448","video_relative_to_recording_start",rectangle,0,317,626,996,,,,"A037","Exp2_001","E1_SPATIAL_PROGRESSIVE",loading,,,,,1,TRUE,11150.000,11200.000,232.325974,232.375977,1920,1046,"ObjectSlot1",1,1,"video_relative_to_screen_recording_start",75.060127,157265.844,157315.859,1,75.060127,"1781613114174","../../../../../../Project/UE5/Gallery/Saved/ScreenRecordings/A037_v2_20260616_203154_screen.mkv",157265.844,157315.859,157290.844,"1781613271439","1781613271489","2026-06-16T20:34:31.438+08:00","2026-06-16T20:34:31.488+08:00",221.175980,EXP2,"exp2_target",1,1,"1:1|2:2|3:3|4:4"
"exp2_table_objects","实验二桌面四模型总体区域","Exp2_001_exp2_table_objects_0449","video_relative_to_recording_start",rectangle,0,317,1919,996,,,,"A037","Exp2_001","E1_SPATIAL_PROGRESSIVE",loading,,,,,1,TRUE,11200.000,11250.000,232.375977,232.425980,1920,1046,"ObjectSlot1-4",1,1,"video_relative_to_screen_recording_start",75.060127,157315.859,157365.844,1,75.060127,"1781613114174","../../../../../../Project/UE5/Gallery/Saved/ScreenRecordings/A037_v2_20260616_203154_screen.mkv",157315.859,157365.844,157340.844,"1781613271489","1781613271539","2026-06-16T20:34:31.488+08:00","2026-06-16T20:34:31.538+08:00",221.175980,EXP2,"exp2_table",1,1,"1:1|2:2|3:3|4:4"
"exp2_target_object","实验二当前目标模型_左脸","Exp2_001_exp2_target_object_0450","video_relative_to_recording_start",rectangle,0,317,626,996,,,,"A037","Exp2_001","E1_SPATIAL_PROGRESSIVE",loading,,,,,1,TRUE,11200.000,11250.000,232.375977,232.425980,1920,1046,"ObjectSlot1",1,1,"video_relative_to_screen_recording_start",75.060127,157315.859,157365.844,1,75.060127,"1781613114174","../../../../../../Project/UE5/Gallery/Saved/ScreenRecordings/A037_v2_20260616_203154_screen.mkv",157315.859,157365.844,157340.844,"1781613271489","1781613271539","2026-06-16T20:34:31.488+08:00","2026-06-16T20:34:31.538+08:00",221.175980,EXP2,"exp2_target",1,1,"1:1|2:2|3:3|4:4"
"exp2_table_objects","实验二桌面四模型总体区域","Exp2_001_exp2_table_objects_0451","video_relative_to_recording_start",rectangle,0,317,1919,996,,,,"A037","Exp2_001","E1_SPATIAL_PROGRESSIVE",loading,,,,,1,TRUE,11250.000,11300.000,232.425980,232.475983,1920,1046,"ObjectSlot1-4",1,1,"video_relative_to_screen_recording_start",75.060127,157365.844,157415.859,1,75.060127,"1781613114174","../../../../../../Project/UE5/Gallery/Saved/ScreenRecordings/A037_v2_20260616_203154_screen.mkv",157365.844,157415.859,157390.844,"1781613271539","1781613271589","2026-06-16T20:34:31.538+08:00","2026-06-16T20:34:31.588+08:00",221.175980,EXP2,"exp2_table",1,1,"1:1|2:2|3:3|4:4"
"exp2_target_object","实验二当前目标模型_左脸","Exp2_001_exp2_target_object_0452","video_relative_to_recording_start",rectangle,0,317,626,996,,,,"A037","Exp2_001","E1_SPATIAL_PROGRESSIVE",loading,,,,,1,TRUE,11250.000,11300.000,232.425980,232.475983,1920,1046,"ObjectSlot1",1,1,"video_relative_to_screen_recording_start",75.060127,157365.844,157415.859,1,75.060127,"1781613114174","../../../../../../Project/UE5/Gallery/Saved/ScreenRecordings/A037_v2_20260616_203154_screen.mkv",157365.844,157415.859,157390.844,"1781613271539","1781613271589","2026-06-16T20:34:31.538+08:00","2026-06-16T20:34:31.588+08:00",221.175980,EXP2,"exp2_target",1,1,"1:1|2:2|3:3|4:4"
"exp2_table_objects","实验二桌面四模型总体区域","Exp2_001_exp2_table_objects_0453","video_relative_to_recording_start",rectangle,0,317,1919,996,,,,"A037","Exp2_001","E1_SPATIAL_PROGRESSIVE",loading,,,,,1,TRUE,11300.000,11350.000,232.475983,232.525986,1920,1046,"ObjectSlot1-4",1,1,"video_relative_to_screen_recording_start",75.060127,157415.859,157465.844,1,75.060127,"1781613114174","../../../../../../Project/UE5/Gallery/Saved/ScreenRecordings/A037_v2_20260616_203154_screen.mkv",157415.859,157465.844,157440.844,"1781613271589","1781613271639","2026-06-16T20:34:31.588+08:00","2026-06-16T20:34:31.638+08:00",221.175980,EXP2,"exp2_table",1,1,"1:1|2:2|3:3|4:4"
"exp2_target_object","实验二当前目标模型_左脸","Exp2_001_exp2_target_object_0454","video_relative_to_recording_start",rectangle,0,317,626,996,,,,"A037","Exp2_001","E1_SPATIAL_PROGRESSIVE",loading,,,,,1,TRUE,11300.000,11350.000,232.475983,232.525986,1920,1046,"ObjectSlot1",1,1,"video_relative_to_screen_recording_start",75.060127,157415.859,157465.844,1,75.060127,"1781613114174","../../../../../../Project/UE5/Gallery/Saved/ScreenRecordings/A037_v2_20260616_203154_screen.mkv",157415.859,157465.844,157440.844,"1781613271589","1781613271639","2026-06-16T20:34:31.588+08:00","2026-06-16T20:34:31.638+08:00",221.175980,EXP2,"exp2_target",1,1,"1:1|2:2|3:3|4:4"
"exp2_table_objects","实验二桌面四模型总体区域","Exp2_001_exp2_table_objects_0455","video_relative_to_recording_start",rectangle,0,317,1919,996,,,,"A037","Exp2_001","E1_SPATIAL_PROGRESSIVE",loading,,,,,1,TRUE,11350.000,11400.000,232.525986,232.575974,1920,1046,"ObjectSlot1-4",1,1,"video_relative_to_screen_recording_start",75.060127,157465.844,157515.844,1,75.060127,"1781613114174","../../../../../../Project/UE5/Gallery/Saved/ScreenRecordings/A037_v2_20260616_203154_screen.mkv",157465.844,157515.844,157490.844,"1781613271639","1781613271689","2026-06-16T20:34:31.638+08:00","2026-06-16T20:34:31.688+08:00",221.175980,EXP2,"exp2_table",1,1,"1:1|2:2|3:3|4:4"
"exp2_target_object","实验二当前目标模型_左脸","Exp2_001_exp2_target_object_0456","video_relative_to_recording_start",rectangle,0,317,626,996,,,,"A037","Exp2_001","E1_SPATIAL_PROGRESSIVE",loading,,,,,1,TRUE,11350.000,11400.000,232.525986,232.575974,1920,1046,"ObjectSlot1",1,1,"video_relative_to_screen_recording_start",75.060127,157465.844,157515.844,1,75.060127,"1781613114174","../../../../../../Project/UE5/Gallery/Saved/ScreenRecordings/A037_v2_20260616_203154_screen.mkv",157465.844,157515.844,157490.844,"1781613271639","1781613271689","2026-06-16T20:34:31.638+08:00","2026-06-16T20:34:31.688+08:00",221.175980,EXP2,"exp2_target",1,1,"1:1|2:2|3:3|4:4"
"exp2_table_objects","实验二桌面四模型总体区域","Exp2_001_exp2_table_objects_0457","video_relative_to_recording_start",rectangle,0,317,1919,996,,,,"A037","Exp2_001","E1_SPATIAL_PROGRESSIVE",loading,,,,,1,TRUE,11400.000,11450.000,232.575974,232.625977,1920,1046,"ObjectSlot1-4",1,1,"video_relative_to_screen_recording_start",75.060127,157515.844,157565.859,1,75.060127,"1781613114174","../../../../../../Project/UE5/Gallery/Saved/ScreenRecordings/A037_v2_20260616_203154_screen.mkv",157515.844,157565.859,157540.844,"1781613271689","1781613271739","2026-06-16T20:34:31.688+08:00","2026-06-16T20:34:31.738+08:00",221.175980,EXP2,"exp2_table",1,1,"1:1|2:2|3:3|4:4"
"exp2_target_object","实验二当前目标模型_左脸","Exp2_001_exp2_target_object_0458","video_relative_to_recording_start",rectangle,0,317,626,996,,,,"A037","Exp2_001","E1_SPATIAL_PROGRESSIVE",loading,,,,,1,TRUE,11400.000,11450.000,232.575974,232.625977,1920,1046,"ObjectSlot1",1,1,"video_relative_to_screen_recording_start",75.060127,157515.844,157565.859,1,75.060127,"1781613114174","../../../../../../Project/UE5/Gallery/Saved/ScreenRecordings/A037_v2_20260616_203154_screen.mkv",157515.844,157565.859,157540.844,"1781613271689","1781613271739","2026-06-16T20:34:31.688+08:00","2026-06-16T20:34:31.738+08:00",221.175980,EXP2,"exp2_target",1,1,"1:1|2:2|3:3|4:4"
"exp2_table_objects","实验二桌面四模型总体区域","Exp2_001_exp2_table_objects_0459","video_relative_to_recording_start",rectangle,0,317,1919,996,,,,"A037","Exp2_001","E1_SPATIAL_PROGRESSIVE",loading,,,,,1,TRUE,11450.000,11500.000,232.625977,232.675980,1920,1046,"ObjectSlot1-4",1,1,"video_relative_to_screen_recording_start",75.060127,157565.859,157615.844,1,75.060127,"1781613114174","../../../../../../Project/UE5/Gallery/Saved/ScreenRecordings/A037_v2_20260616_203154_screen.mkv",157565.859,157615.844,157590.844,"1781613271739","1781613271789","2026-06-16T20:34:31.738+08:00","2026-06-16T20:34:31.788+08:00",221.175980,EXP2,"exp2_table",1,1,"1:1|2:2|3:3|4:4"
"exp2_target_object","实验二当前目标模型_左脸","Exp2_001_exp2_target_object_0460","video_relative_to_recording_start",rectangle,0,317,626,996,,,,"A037","Exp2_001","E1_SPATIAL_PROGRESSIVE",loading,,,,,1,TRUE,11450.000,11500.000,232.625977,232.675980,1920,1046,"ObjectSlot1",1,1,"video_relative_to_screen_recording_start",75.060127,157565.859,157615.844,1,75.060127,"1781613114174","../../../../../../Project/UE5/Gallery/Saved/ScreenRecordings/A037_v2_20260616_203154_screen.mkv",157565.859,157615.844,157590.844,"1781613271739","1781613271789","2026-06-16T20:34:31.738+08:00","2026-06-16T20:34:31.788+08:00",221.175980,EXP2,"exp2_target",1,1,"1:1|2:2|3:3|4:4"
"exp2_table_objects","实验二桌面四模型总体区域","Exp2_001_exp2_table_objects_0461","video_relative_to_recording_start",rectangle,0,317,1919,996,,,,"A037","Exp2_001","E1_SPATIAL_PROGRESSIVE",loading,,,,,1,TRUE,11500.000,11550.000,232.675980,232.725983,1920,1046,"ObjectSlot1-4",1,1,"video_relative_to_screen_recording_start",75.060127,157615.844,157665.859,1,75.060127,"1781613114174","../../../../../../Project/UE5/Gallery/Saved/ScreenRecordings/A037_v2_20260616_203154_screen.mkv",157615.844,157665.859,157640.844,"1781613271789","1781613271839","2026-06-16T20:34:31.788+08:00","2026-06-16T20:34:31.838+08:00",221.175980,EXP2,"exp2_table",1,1,"1:1|2:2|3:3|4:4"
"exp2_target_object","实验二当前目标模型_左脸","Exp2_001_exp2_target_object_0462","video_relative_to_recording_start",rectangle,0,317,626,996,,,,"A037","Exp2_001","E1_SPATIAL_PROGRESSIVE",loading,,,,,1,TRUE,11500.000,11550.000,232.675980,232.725983,1920,1046,"ObjectSlot1",1,1,"video_relative_to_screen_recording_start",75.060127,157615.844,157665.859,1,75.060127,"1781613114174","../../../../../../Project/UE5/Gallery/Saved/ScreenRecordings/A037_v2_20260616_203154_screen.mkv",157615.844,157665.859,157640.844,"1781613271789","1781613271839","2026-06-16T20:34:31.788+08:00","2026-06-16T20:34:31.838+08:00",221.175980,EXP2,"exp2_target",1,1,"1:1|2:2|3:3|4:4"
"exp2_table_objects","实验二桌面四模型总体区域","Exp2_001_exp2_table_objects_0463","video_relative_to_recording_start",rectangle,0,317,1919,996,,,,"A037","Exp2_001","E1_SPATIAL_PROGRESSIVE",loading,,,,,1,TRUE,11550.000,11600.000,232.725983,232.775986,1920,1046,"ObjectSlot1-4",1,1,"video_relative_to_screen_recording_start",75.060127,157665.859,157715.844,1,75.060127,"1781613114174","../../../../../../Project/UE5/Gallery/Saved/ScreenRecordings/A037_v2_20260616_203154_screen.mkv",157665.859,157715.844,157690.844,"1781613271839","1781613271889","2026-06-16T20:34:31.838+08:00","2026-06-16T20:34:31.888+08:00",221.175980,EXP2,"exp2_table",1,1,"1:1|2:2|3:3|4:4"
"exp2_target_object","实验二当前目标模型_左脸","Exp2_001_exp2_target_object_0464","video_relative_to_recording_start",rectangle,0,317,626,996,,,,"A037","Exp2_001","E1_SPATIAL_PROGRESSIVE",loading,,,,,1,TRUE,11550.000,11600.000,232.725983,232.775986,1920,1046,"ObjectSlot1",1,1,"video_relative_to_screen_recording_start",75.060127,157665.859,157715.844,1,75.060127,"1781613114174","../../../../../../Project/UE5/Gallery/Saved/ScreenRecordings/A037_v2_20260616_203154_screen.mkv",157665.859,157715.844,157690.844,"1781613271839","1781613271889","2026-06-16T20:34:31.838+08:00","2026-06-16T20:34:31.888+08:00",221.175980,EXP2,"exp2_target",1,1,"1:1|2:2|3:3|4:4"
"exp2_table_objects","实验二桌面四模型总体区域","Exp2_001_exp2_table_objects_0465","video_relative_to_recording_start",rectangle,0,317,1919,996,,,,"A037","Exp2_001","E1_SPATIAL_PROGRESSIVE",loading,,,,,1,TRUE,11600.000,11650.000,232.775986,232.825974,1920,1046,"ObjectSlot1-4",1,1,"video_relative_to_screen_recording_start",75.060127,157715.844,157765.844,1,75.060127,"1781613114174","../../../../../../Project/UE5/Gallery/Saved/ScreenRecordings/A037_v2_20260616_203154_screen.mkv",157715.844,157765.844,157740.844,"1781613271889","1781613271939","2026-06-16T20:34:31.888+08:00","2026-06-16T20:34:31.938+08:00",221.175980,EXP2,"exp2_table",1,1,"1:1|2:2|3:3|4:4"
"exp2_target_object","实验二当前目标模型_左脸","Exp2_001_exp2_target_object_0466","video_relative_to_recording_start",rectangle,0,317,626,996,,,,"A037","Exp2_001","E1_SPATIAL_PROGRESSIVE",loading,,,,,1,TRUE,11600.000,11650.000,232.775986,232.825974,1920,1046,"ObjectSlot1",1,1,"video_relative_to_screen_recording_start",75.060127,157715.844,157765.844,1,75.060127,"1781613114174","../../../../../../Project/UE5/Gallery/Saved/ScreenRecordings/A037_v2_20260616_203154_screen.mkv",157715.844,157765.844,157740.844,"1781613271889","1781613271939","2026-06-16T20:34:31.888+08:00","2026-06-16T20:34:31.938+08:00",221.175980,EXP2,"exp2_target",1,1,"1:1|2:2|3:3|4:4"
"exp2_table_objects","实验二桌面四模型总体区域","Exp2_001_exp2_table_objects_0467","video_relative_to_recording_start",rectangle,0,317,1919,996,,,,"A037","Exp2_001","E1_SPATIAL_PROGRESSIVE",loading,,,,,1,TRUE,11650.000,11700.000,232.825974,232.875977,1920,1046,"ObjectSlot1-4",1,1,"video_relative_to_screen_recording_start",75.060127,157765.844,157815.859,1,75.060127,"1781613114174","../../../../../../Project/UE5/Gallery/Saved/ScreenRecordings/A037_v2_20260616_203154_screen.mkv",157765.844,157815.859,157790.844,"1781613271939","1781613271989","2026-06-16T20:34:31.938+08:00","2026-06-16T20:34:31.988+08:00",221.175980,EXP2,"exp2_table",1,1,"1:1|2:2|3:3|4:4"
"exp2_target_object","实验二当前目标模型_左脸","Exp2_001_exp2_target_object_0468","video_relative_to_recording_start",rectangle,0,317,626,996,,,,"A037","Exp2_001","E1_SPATIAL_PROGRESSIVE",loading,,,,,1,TRUE,11650.000,11700.000,232.825974,232.875977,1920,1046,"ObjectSlot1",1,1,"video_relative_to_screen_recording_start",75.060127,157765.844,157815.859,1,75.060127,"1781613114174","../../../../../../Project/UE5/Gallery/Saved/ScreenRecordings/A037_v2_20260616_203154_screen.mkv",157765.844,157815.859,157790.844,"1781613271939","1781613271989","2026-06-16T20:34:31.938+08:00","2026-06-16T20:34:31.988+08:00",221.175980,EXP2,"exp2_target",1,1,"1:1|2:2|3:3|4:4"
"exp2_table_objects","实验二桌面四模型总体区域","Exp2_001_exp2_table_objects_0469","video_relative_to_recording_start",rectangle,0,317,1919,996,,,,"A037","Exp2_001","E1_SPATIAL_PROGRESSIVE",loading,,,,,1,TRUE,11700.000,11750.000,232.875977,232.925980,1920,1046,"ObjectSlot1-4",1,1,"video_relative_to_screen_recording_start",75.060127,157815.859,157865.844,1,75.060127,"1781613114174","../../../../../../Project/UE5/Gallery/Saved/ScreenRecordings/A037_v2_20260616_203154_screen.mkv",157815.859,157865.844,157840.844,"1781613271989","1781613272039","2026-06-16T20:34:31.988+08:00","2026-06-16T20:34:32.038+08:00",221.175980,EXP2,"exp2_table",1,1,"1:1|2:2|3:3|4:4"
"exp2_target_object","实验二当前目标模型_左脸","Exp2_001_exp2_target_object_0470","video_relative_to_recording_start",rectangle,0,317,626,996,,,,"A037","Exp2_001","E1_SPATIAL_PROGRESSIVE",loading,,,,,1,TRUE,11700.000,11750.000,232.875977,232.925980,1920,1046,"ObjectSlot1",1,1,"video_relative_to_screen_recording_start",75.060127,157815.859,157865.844,1,75.060127,"1781613114174","../../../../../../Project/UE5/Gallery/Saved/ScreenRecordings/A037_v2_20260616_203154_screen.mkv",157815.859,157865.844,157840.844,"1781613271989","1781613272039","2026-06-16T20:34:31.988+08:00","2026-06-16T20:34:32.038+08:00",221.175980,EXP2,"exp2_target",1,1,"1:1|2:2|3:3|4:4"
"exp2_table_objects","实验二桌面四模型总体区域","Exp2_001_exp2_table_objects_0471","video_relative_to_recording_start",rectangle,0,317,1919,996,,,,"A037","Exp2_001","E1_SPATIAL_PROGRESSIVE",loading,,,,,1,TRUE,11750.000,11800.000,232.925980,232.975983,1920,1046,"ObjectSlot1-4",1,1,"video_relative_to_screen_recording_start",75.060127,157865.844,157915.859,1,75.060127,"1781613114174","../../../../../../Project/UE5/Gallery/Saved/ScreenRecordings/A037_v2_20260616_203154_screen.mkv",157865.844,157915.859,157890.844,"1781613272039","1781613272089","2026-06-16T20:34:32.038+08:00","2026-06-16T20:34:32.088+08:00",221.175980,EXP2,"exp2_table",1,1,"1:1|2:2|3:3|4:4"
"exp2_target_object","实验二当前目标模型_左脸","Exp2_001_exp2_target_object_0472","video_relative_to_recording_start",rectangle,0,317,626,996,,,,"A037","Exp2_001","E1_SPATIAL_PROGRESSIVE",loading,,,,,1,TRUE,11750.000,11800.000,232.925980,232.975983,1920,1046,"ObjectSlot1",1,1,"video_relative_to_screen_recording_start",75.060127,157865.844,157915.859,1,75.060127,"1781613114174","../../../../../../Project/UE5/Gallery/Saved/ScreenRecordings/A037_v2_20260616_203154_screen.mkv",157865.844,157915.859,157890.844,"1781613272039","1781613272089","2026-06-16T20:34:32.038+08:00","2026-06-16T20:34:32.088+08:00",221.175980,EXP2,"exp2_target",1,1,"1:1|2:2|3:3|4:4"
"exp2_table_objects","实验二桌面四模型总体区域","Exp2_001_exp2_table_objects_0473","video_relative_to_recording_start",rectangle,0,317,1919,996,,,,"A037","Exp2_001","E1_SPATIAL_PROGRESSIVE",loading,,,,,1,TRUE,11800.000,11850.000,232.975983,233.025986,1920,1046,"ObjectSlot1-4",1,1,"video_relative_to_screen_recording_start",75.060127,157915.859,157965.844,1,75.060127,"1781613114174","../../../../../../Project/UE5/Gallery/Saved/ScreenRecordings/A037_v2_20260616_203154_screen.mkv",157915.859,157965.844,157940.844,"1781613272089","1781613272139","2026-06-16T20:34:32.088+08:00","2026-06-16T20:34:32.138+08:00",221.175980,EXP2,"exp2_table",1,1,"1:1|2:2|3:3|4:4"
"exp2_target_object","实验二当前目标模型_左脸","Exp2_001_exp2_target_object_0474","video_relative_to_recording_start",rectangle,0,317,626,996,,,,"A037","Exp2_001","E1_SPATIAL_PROGRESSIVE",loading,,,,,1,TRUE,11800.000,11850.000,232.975983,233.025986,1920,1046,"ObjectSlot1",1,1,"video_relative_to_screen_recording_start",75.060127,157915.859,157965.844,1,75.060127,"1781613114174","../../../../../../Project/UE5/Gallery/Saved/ScreenRecordings/A037_v2_20260616_203154_screen.mkv",157915.859,157965.844,157940.844,"1781613272089","1781613272139","2026-06-16T20:34:32.088+08:00","2026-06-16T20:34:32.138+08:00",221.175980,EXP2,"exp2_target",1,1,"1:1|2:2|3:3|4:4"
"exp2_table_objects","实验二桌面四模型总体区域","Exp2_001_exp2_table_objects_0475","video_relative_to_recording_start",rectangle,0,317,1919,996,,,,"A037","Exp2_001","E1_SPATIAL_PROGRESSIVE",loading,,,,,1,TRUE,11850.000,11900.000,233.025986,233.075974,1920,1046,"ObjectSlot1-4",1,1,"video_relative_to_screen_recording_start",75.060127,157965.844,158015.844,1,75.060127,"1781613114174","../../../../../../Project/UE5/Gallery/Saved/ScreenRecordings/A037_v2_20260616_203154_screen.mkv",157965.844,158015.844,157990.844,"1781613272139","1781613272189","2026-06-16T20:34:32.138+08:00","2026-06-16T20:34:32.188+08:00",221.175980,EXP2,"exp2_table",1,1,"1:1|2:2|3:3|4:4"
"exp2_target_object","实验二当前目标模型_左脸","Exp2_001_exp2_target_object_0476","video_relative_to_recording_start",rectangle,0,317,626,996,,,,"A037","Exp2_001","E1_SPATIAL_PROGRESSIVE",loading,,,,,1,TRUE,11850.000,11900.000,233.025986,233.075974,1920,1046,"ObjectSlot1",1,1,"video_relative_to_screen_recording_start",75.060127,157965.844,158015.844,1,75.060127,"1781613114174","../../../../../../Project/UE5/Gallery/Saved/ScreenRecordings/A037_v2_20260616_203154_screen.mkv",157965.844,158015.844,157990.844,"1781613272139","1781613272189","2026-06-16T20:34:32.138+08:00","2026-06-16T20:34:32.188+08:00",221.175980,EXP2,"exp2_target",1,1,"1:1|2:2|3:3|4:4"
"exp2_table_objects","实验二桌面四模型总体区域","Exp2_001_exp2_table_objects_0477","video_relative_to_recording_start",rectangle,0,317,1919,996,,,,"A037","Exp2_001","E1_SPATIAL_PROGRESSIVE",loading,,,,,1,TRUE,11900.000,11950.000,233.075974,233.125977,1920,1046,"ObjectSlot1-4",1,1,"video_relative_to_screen_recording_start",75.060127,158015.844,158065.859,1,75.060127,"1781613114174","../../../../../../Project/UE5/Gallery/Saved/ScreenRecordings/A037_v2_20260616_203154_screen.mkv",158015.844,158065.859,158040.844,"1781613272189","1781613272239","2026-06-16T20:34:32.188+08:00","2026-06-16T20:34:32.238+08:00",221.175980,EXP2,"exp2_table",1,1,"1:1|2:2|3:3|4:4"
"exp2_target_object","实验二当前目标模型_左脸","Exp2_001_exp2_target_object_0478","video_relative_to_recording_start",rectangle,0,317,626,996,,,,"A037","Exp2_001","E1_SPATIAL_PROGRESSIVE",loading,,,,,1,TRUE,11900.000,11950.000,233.075974,233.125977,1920,1046,"ObjectSlot1",1,1,"video_relative_to_screen_recording_start",75.060127,158015.844,158065.859,1,75.060127,"1781613114174","../../../../../../Project/UE5/Gallery/Saved/ScreenRecordings/A037_v2_20260616_203154_screen.mkv",158015.844,158065.859,158040.844,"1781613272189","1781613272239","2026-06-16T20:34:32.188+08:00","2026-06-16T20:34:32.238+08:00",221.175980,EXP2,"exp2_target",1,1,"1:1|2:2|3:3|4:4"
"exp2_table_objects","实验二桌面四模型总体区域","Exp2_001_exp2_table_objects_0479","video_relative_to_recording_start",rectangle,0,317,1919,996,,,,"A037","Exp2_001","E1_SPATIAL_PROGRESSIVE",loading,,,,,1,TRUE,11950.000,12000.716,233.125977,233.176697,1920,1046,"ObjectSlot1-4",1,1,"video_relative_to_screen_recording_start",75.060127,158065.859,158116.578,1,75.060127,"1781613114174","../../../../../../Project/UE5/Gallery/Saved/ScreenRecordings/A037_v2_20260616_203154_screen.mkv",158065.859,158116.578,158091.219,"1781613272239","1781613272290","2026-06-16T20:34:32.238+08:00","2026-06-16T20:34:32.289+08:00",221.175980,EXP2,"exp2_table",1,1,"1:1|2:2|3:3|4:4"
"exp2_target_object","实验二当前目标模型_左脸","Exp2_001_exp2_target_object_0480","video_relative_to_recording_start",rectangle,0,317,626,996,,,,"A037","Exp2_001","E1_SPATIAL_PROGRESSIVE",loading,,,,,1,TRUE,11950.000,12000.716,233.125977,233.176697,1920,1046,"ObjectSlot1",1,1,"video_relative_to_screen_recording_start",75.060127,158065.859,158116.578,1,75.060127,"1781613114174","../../../../../../Project/UE5/Gallery/Saved/ScreenRecordings/A037_v2_20260616_203154_screen.mkv",158065.859,158116.578,158091.219,"1781613272239","1781613272290","2026-06-16T20:34:32.238+08:00","2026-06-16T20:34:32.289+08:00",221.175980,EXP2,"exp2_target",1,1,"1:1|2:2|3:3|4:4"
"exp2_table_objects","实验二桌面四模型总体区域","Exp2_002_exp2_table_objects_0001","video_relative_to_recording_start",rectangle,0,318,1919,1022,,,,"A037","Exp2_002","E2_FIXED_PROGRESSIVE",loading,,,,,1,TRUE,0.000,50.000,332.942841,332.992828,1920,1046,"ObjectSlot1-4",1,1,"video_relative_to_screen_recording_start",75.060127,257882.719,257932.703,1,75.060127,"1781613114174","../../../../../../Project/UE5/Gallery/Saved/ScreenRecordings/A037_v2_20260616_203154_screen.mkv",257882.719,257932.703,257907.719,"1781613372056","1781613372106","2026-06-16T20:36:12.055+08:00","2026-06-16T20:36:12.105+08:00",332.942841,EXP2,"exp2_table",2,2,"1:3|2:2|3:4|4:1"
"exp2_target_object","实验二当前目标模型_右脸","Exp2_002_exp2_target_object_0002","video_relative_to_recording_start",rectangle,342,337,887,847,,,,"A037","Exp2_002","E2_FIXED_PROGRESSIVE",loading,,,,,1,TRUE,0.000,50.000,332.942841,332.992828,1920,1046,"ObjectSlot2",1,0,"video_relative_to_screen_recording_start",75.060127,257882.719,257932.703,1,75.060127,"1781613114174","../../../../../../Project/UE5/Gallery/Saved/ScreenRecordings/A037_v2_20260616_203154_screen.mkv",257882.719,257932.703,257907.719,"1781613372056","1781613372106","2026-06-16T20:36:12.055+08:00","2026-06-16T20:36:12.105+08:00",332.942841,EXP2,"exp2_target",2,2,"1:3|2:2|3:4|4:1"
"exp2_table_objects","实验二桌面四模型总体区域","Exp2_002_exp2_table_objects_0003","video_relative_to_recording_start",rectangle,0,318,1919,1022,,,,"A037","Exp2_002","E2_FIXED_PROGRESSIVE",loading,,,,,1,TRUE,50.000,100.000,332.992828,333.042847,1920,1046,"ObjectSlot1-4",1,1,"video_relative_to_screen_recording_start",75.060127,257932.703,257982.734,1,75.060127,"1781613114174","../../../../../../Project/UE5/Gallery/Saved/ScreenRecordings/A037_v2_20260616_203154_screen.mkv",257932.703,257982.734,257957.719,"1781613372106","1781613372156","2026-06-16T20:36:12.105+08:00","2026-06-16T20:36:12.155+08:00",332.942841,EXP2,"exp2_table",2,2,"1:3|2:2|3:4|4:1"
"exp2_target_object","实验二当前目标模型_右脸","Exp2_002_exp2_target_object_0004","video_relative_to_recording_start",rectangle,342,337,887,847,,,,"A037","Exp2_002","E2_FIXED_PROGRESSIVE",loading,,,,,1,TRUE,50.000,100.000,332.992828,333.042847,1920,1046,"ObjectSlot2",1,0,"video_relative_to_screen_recording_start",75.060127,257932.703,257982.734,1,75.060127,"1781613114174","../../../../../../Project/UE5/Gallery/Saved/ScreenRecordings/A037_v2_20260616_203154_screen.mkv",257932.703,257982.734,257957.719,"1781613372106","1781613372156","2026-06-16T20:36:12.105+08:00","2026-06-16T20:36:12.155+08:00",332.942841,EXP2,"exp2_target",2,2,"1:3|2:2|3:4|4:1"
"exp2_table_objects","实验二桌面四模型总体区域","Exp2_002_exp2_table_objects_0005","video_relative_to_recording_start",rectangle,0,318,1919,1022,,,,"A037","Exp2_002","E2_FIXED_PROGRESSIVE",loading,,,,,1,TRUE,100.000,150.000,333.042847,333.092834,1920,1046,"ObjectSlot1-4",1,1,"video_relative_to_screen_recording_start",75.060127,257982.734,258032.719,1,75.060127,"1781613114174","../../../../../../Project/UE5/Gallery/Saved/ScreenRecordings/A037_v2_20260616_203154_screen.mkv",257982.734,258032.719,258007.719,"1781613372156","1781613372206","2026-06-16T20:36:12.155+08:00","2026-06-16T20:36:12.205+08:00",332.942841,EXP2,"exp2_table",2,2,"1:3|2:2|3:4|4:1"
"exp2_target_object","实验二当前目标模型_右脸","Exp2_002_exp2_target_object_0006","video_relative_to_recording_start",rectangle,342,337,887,847,,,,"A037","Exp2_002","E2_FIXED_PROGRESSIVE",loading,,,,,1,TRUE,100.000,150.000,333.042847,333.092834,1920,1046,"ObjectSlot2",1,0,"video_relative_to_screen_recording_start",75.060127,257982.734,258032.719,1,75.060127,"1781613114174","../../../../../../Project/UE5/Gallery/Saved/ScreenRecordings/A037_v2_20260616_203154_screen.mkv",257982.734,258032.719,258007.719,"1781613372156","1781613372206","2026-06-16T20:36:12.155+08:00","2026-06-16T20:36:12.205+08:00",332.942841,EXP2,"exp2_target",2,2,"1:3|2:2|3:4|4:1"
"exp2_table_objects","实验二桌面四模型总体区域","Exp2_002_exp2_table_objects_0007","video_relative_to_recording_start",rectangle,0,318,1919,1022,,,,"A037","Exp2_002","E2_FIXED_PROGRESSIVE",loading,,,,,1,TRUE,150.000,200.000,333.092834,333.142853,1920,1046,"ObjectSlot1-4",1,1,"video_relative_to_screen_recording_start",75.060127,258032.719,258082.734,1,75.060127,"1781613114174","../../../../../../Project/UE5/Gallery/Saved/ScreenRecordings/A037_v2_20260616_203154_screen.mkv",258032.719,258082.734,258057.719,"1781613372206","1781613372256","2026-06-16T20:36:12.205+08:00","2026-06-16T20:36:12.255+08:00",332.942841,EXP2,"exp2_table",2,2,"1:3|2:2|3:4|4:1"
"exp2_target_object","实验二当前目标模型_右脸","Exp2_002_exp2_target_object_0008","video_relative_to_recording_start",rectangle,342,337,887,847,,,,"A037","Exp2_002","E2_FIXED_PROGRESSIVE",loading,,,,,1,TRUE,150.000,200.000,333.092834,333.142853,1920,1046,"ObjectSlot2",1,0,"video_relative_to_screen_recording_start",75.060127,258032.719,258082.734,1,75.060127,"1781613114174","../../../../../../Project/UE5/Gallery/Saved/ScreenRecordings/A037_v2_20260616_203154_screen.mkv",258032.719,258082.734,258057.719,"1781613372206","1781613372256","2026-06-16T20:36:12.205+08:00","2026-06-16T20:36:12.255+08:00",332.942841,EXP2,"exp2_target",2,2,"1:3|2:2|3:4|4:1"
"exp2_table_objects","实验二桌面四模型总体区域","Exp2_002_exp2_table_objects_0009","video_relative_to_recording_start",rectangle,0,318,1919,1022,,,,"A037","Exp2_002","E2_FIXED_PROGRESSIVE",loading,,,,,1,TRUE,200.000,250.000,333.142853,333.192841,1920,1046,"ObjectSlot1-4",1,1,"video_relative_to_screen_recording_start",75.060127,258082.734,258132.719,1,75.060127,"1781613114174","../../../../../../Project/UE5/Gallery/Saved/ScreenRecordings/A037_v2_20260616_203154_screen.mkv",258082.734,258132.719,258107.719,"1781613372256","1781613372306","2026-06-16T20:36:12.255+08:00","2026-06-16T20:36:12.305+08:00",332.942841,EXP2,"exp2_table",2,2,"1:3|2:2|3:4|4:1"
"exp2_target_object","实验二当前目标模型_右脸","Exp2_002_exp2_target_object_0010","video_relative_to_recording_start",rectangle,342,337,887,847,,,,"A037","Exp2_002","E2_FIXED_PROGRESSIVE",loading,,,,,1,TRUE,200.000,250.000,333.142853,333.192841,1920,1046,"ObjectSlot2",1,0,"video_relative_to_screen_recording_start",75.060127,258082.734,258132.719,1,75.060127,"1781613114174","../../../../../../Project/UE5/Gallery/Saved/ScreenRecordings/A037_v2_20260616_203154_screen.mkv",258082.734,258132.719,258107.719,"1781613372256","1781613372306","2026-06-16T20:36:12.255+08:00","2026-06-16T20:36:12.305+08:00",332.942841,EXP2,"exp2_target",2,2,"1:3|2:2|3:4|4:1"
"exp2_table_objects","实验二桌面四模型总体区域","Exp2_002_exp2_table_objects_0011","video_relative_to_recording_start",rectangle,0,318,1919,1022,,,,"A037","Exp2_002","E2_FIXED_PROGRESSIVE",loading,,,,,1,TRUE,250.000,300.000,333.192841,333.242828,1920,1046,"ObjectSlot1-4",1,1,"video_relative_to_screen_recording_start",75.060127,258132.719,258182.703,1,75.060127,"1781613114174","../../../../../../Project/UE5/Gallery/Saved/ScreenRecordings/A037_v2_20260616_203154_screen.mkv",258132.719,258182.703,258157.719,"1781613372306","1781613372356","2026-06-16T20:36:12.305+08:00","2026-06-16T20:36:12.355+08:00",332.942841,EXP2,"exp2_table",2,2,"1:3|2:2|3:4|4:1"
"exp2_target_object","实验二当前目标模型_右脸","Exp2_002_exp2_target_object_0012","video_relative_to_recording_start",rectangle,342,337,887,847,,,,"A037","Exp2_002","E2_FIXED_PROGRESSIVE",loading,,,,,1,TRUE,250.000,300.000,333.192841,333.242828,1920,1046,"ObjectSlot2",1,0,"video_relative_to_screen_recording_start",75.060127,258132.719,258182.703,1,75.060127,"1781613114174","../../../../../../Project/UE5/Gallery/Saved/ScreenRecordings/A037_v2_20260616_203154_screen.mkv",258132.719,258182.703,258157.719,"1781613372306","1781613372356","2026-06-16T20:36:12.305+08:00","2026-06-16T20:36:12.355+08:00",332.942841,EXP2,"exp2_target",2,2,"1:3|2:2|3:4|4:1"
"exp2_table_objects","实验二桌面四模型总体区域","Exp2_002_exp2_table_objects_0013","video_relative_to_recording_start",rectangle,0,318,1919,1022,,,,"A037","Exp2_002","E2_FIXED_PROGRESSIVE",loading,,,,,1,TRUE,300.000,350.000,333.242828,333.292847,1920,1046,"ObjectSlot1-4",1,1,"video_relative_to_screen_recording_start",75.060127,258182.703,258232.734,1,75.060127,"1781613114174","../../../../../../Project/UE5/Gallery/Saved/ScreenRecordings/A037_v2_20260616_203154_screen.mkv",258182.703,258232.734,258207.719,"1781613372356","1781613372406","2026-06-16T20:36:12.355+08:00","2026-06-16T20:36:12.405+08:00",332.942841,EXP2,"exp2_table",2,2,"1:3|2:2|3:4|4:1"
"exp2_target_object","实验二当前目标模型_右脸","Exp2_002_exp2_target_object_0014","video_relative_to_recording_start",rectangle,342,337,887,847,,,,"A037","Exp2_002","E2_FIXED_PROGRESSIVE",loading,,,,,1,TRUE,300.000,350.000,333.242828,333.292847,1920,1046,"ObjectSlot2",1,0,"video_relative_to_screen_recording_start",75.060127,258182.703,258232.734,1,75.060127,"1781613114174","../../../../../../Project/UE5/Gallery/Saved/ScreenRecordings/A037_v2_20260616_203154_screen.mkv",258182.703,258232.734,258207.719,"1781613372356","1781613372406","2026-06-16T20:36:12.355+08:00","2026-06-16T20:36:12.405+08:00",332.942841,EXP2,"exp2_target",2,2,"1:3|2:2|3:4|4:1"
"exp2_table_objects","实验二桌面四模型总体区域","Exp2_002_exp2_table_objects_0015","video_relative_to_recording_start",rectangle,0,318,1919,1022,,,,"A037","Exp2_002","E2_FIXED_PROGRESSIVE",loading,,,,,1,TRUE,350.000,400.000,333.292847,333.342834,1920,1046,"ObjectSlot1-4",1,1,"video_relative_to_screen_recording_start",75.060127,258232.734,258282.719,1,75.060127,"1781613114174","../../../../../../Project/UE5/Gallery/Saved/ScreenRecordings/A037_v2_20260616_203154_screen.mkv",258232.734,258282.719,258257.719,"1781613372406","1781613372456","2026-06-16T20:36:12.405+08:00","2026-06-16T20:36:12.455+08:00",332.942841,EXP2,"exp2_table",2,2,"1:3|2:2|3:4|4:1"
"exp2_target_object","实验二当前目标模型_右脸","Exp2_002_exp2_target_object_0016","video_relative_to_recording_start",rectangle,342,337,887,847,,,,"A037","Exp2_002","E2_FIXED_PROGRESSIVE",loading,,,,,1,TRUE,350.000,400.000,333.292847,333.342834,1920,1046,"ObjectSlot2",1,0,"video_relative_to_screen_recording_start",75.060127,258232.734,258282.719,1,75.060127,"1781613114174","../../../../../../Project/UE5/Gallery/Saved/ScreenRecordings/A037_v2_20260616_203154_screen.mkv",258232.734,258282.719,258257.719,"1781613372406","1781613372456","2026-06-16T20:36:12.405+08:00","2026-06-16T20:36:12.455+08:00",332.942841,EXP2,"exp2_target",2,2,"1:3|2:2|3:4|4:1"
"exp2_table_objects","实验二桌面四模型总体区域","Exp2_002_exp2_table_objects_0017","video_relative_to_recording_start",rectangle,0,318,1919,1022,,,,"A037","Exp2_002","E2_FIXED_PROGRESSIVE",loading,,,,,1,TRUE,400.000,450.000,333.342834,333.392853,1920,1046,"ObjectSlot1-4",1,1,"video_relative_to_screen_recording_start",75.060127,258282.719,258332.734,1,75.060127,"1781613114174","../../../../../../Project/UE5/Gallery/Saved/ScreenRecordings/A037_v2_20260616_203154_screen.mkv",258282.719,258332.734,258307.719,"1781613372456","1781613372506","2026-06-16T20:36:12.455+08:00","2026-06-16T20:36:12.505+08:00",332.942841,EXP2,"exp2_table",2,2,"1:3|2:2|3:4|4:1"
"exp2_target_object","实验二当前目标模型_右脸","Exp2_002_exp2_target_object_0018","video_relative_to_recording_start",rectangle,342,337,887,847,,,,"A037","Exp2_002","E2_FIXED_PROGRESSIVE",loading,,,,,1,TRUE,400.000,450.000,333.342834,333.392853,1920,1046,"ObjectSlot2",1,0,"video_relative_to_screen_recording_start",75.060127,258282.719,258332.734,1,75.060127,"1781613114174","../../../../../../Project/UE5/Gallery/Saved/ScreenRecordings/A037_v2_20260616_203154_screen.mkv",258282.719,258332.734,258307.719,"1781613372456","1781613372506","2026-06-16T20:36:12.455+08:00","2026-06-16T20:36:12.505+08:00",332.942841,EXP2,"exp2_target",2,2,"1:3|2:2|3:4|4:1"
"exp2_table_objects","实验二桌面四模型总体区域","Exp2_002_exp2_table_objects_0019","video_relative_to_recording_start",rectangle,0,318,1919,1022,,,,"A037","Exp2_002","E2_FIXED_PROGRESSIVE",loading,,,,,1,TRUE,450.000,500.000,333.392853,333.442841,1920,1046,"ObjectSlot1-4",1,1,"video_relative_to_screen_recording_start",75.060127,258332.734,258382.719,1,75.060127,"1781613114174","../../../../../../Project/UE5/Gallery/Saved/ScreenRecordings/A037_v2_20260616_203154_screen.mkv",258332.734,258382.719,258357.719,"1781613372506","1781613372556","2026-06-16T20:36:12.505+08:00","2026-06-16T20:36:12.555+08:00",332.942841,EXP2,"exp2_table",2,2,"1:3|2:2|3:4|4:1"
"exp2_target_object","实验二当前目标模型_右脸","Exp2_002_exp2_target_object_0020","video_relative_to_recording_start",rectangle,342,337,887,847,,,,"A037","Exp2_002","E2_FIXED_PROGRESSIVE",loading,,,,,1,TRUE,450.000,500.000,333.392853,333.442841,1920,1046,"ObjectSlot2",1,0,"video_relative_to_screen_recording_start",75.060127,258332.734,258382.719,1,75.060127,"1781613114174","../../../../../../Project/UE5/Gallery/Saved/ScreenRecordings/A037_v2_20260616_203154_screen.mkv",258332.734,258382.719,258357.719,"1781613372506","1781613372556","2026-06-16T20:36:12.505+08:00","2026-06-16T20:36:12.555+08:00",332.942841,EXP2,"exp2_target",2,2,"1:3|2:2|3:4|4:1"
"exp2_table_objects","实验二桌面四模型总体区域","Exp2_002_exp2_table_objects_0021","video_relative_to_recording_start",rectangle,0,318,1919,1022,,,,"A037","Exp2_002","E2_FIXED_PROGRESSIVE",loading,,,,,1,TRUE,500.000,550.000,333.442841,333.492828,1920,1046,"ObjectSlot1-4",1,1,"video_relative_to_screen_recording_start",75.060127,258382.719,258432.703,1,75.060127,"1781613114174","../../../../../../Project/UE5/Gallery/Saved/ScreenRecordings/A037_v2_20260616_203154_screen.mkv",258382.719,258432.703,258407.719,"1781613372556","1781613372606","2026-06-16T20:36:12.555+08:00","2026-06-16T20:36:12.605+08:00",332.942841,EXP2,"exp2_table",2,2,"1:3|2:2|3:4|4:1"
"exp2_target_object","实验二当前目标模型_右脸","Exp2_002_exp2_target_object_0022","video_relative_to_recording_start",rectangle,342,337,887,847,,,,"A037","Exp2_002","E2_FIXED_PROGRESSIVE",loading,,,,,1,TRUE,500.000,550.000,333.442841,333.492828,1920,1046,"ObjectSlot2",1,0,"video_relative_to_screen_recording_start",75.060127,258382.719,258432.703,1,75.060127,"1781613114174","../../../../../../Project/UE5/Gallery/Saved/ScreenRecordings/A037_v2_20260616_203154_screen.mkv",258382.719,258432.703,258407.719,"1781613372556","1781613372606","2026-06-16T20:36:12.555+08:00","2026-06-16T20:36:12.605+08:00",332.942841,EXP2,"exp2_target",2,2,"1:3|2:2|3:4|4:1"
"exp2_table_objects","实验二桌面四模型总体区域","Exp2_002_exp2_table_objects_0023","video_relative_to_recording_start",rectangle,0,318,1919,1022,,,,"A037","Exp2_002","E2_FIXED_PROGRESSIVE",loading,,,,,1,TRUE,550.000,600.000,333.492828,333.542847,1920,1046,"ObjectSlot1-4",1,1,"video_relative_to_screen_recording_start",75.060127,258432.703,258482.734,1,75.060127,"1781613114174","../../../../../../Project/UE5/Gallery/Saved/ScreenRecordings/A037_v2_20260616_203154_screen.mkv",258432.703,258482.734,258457.719,"1781613372606","1781613372656","2026-06-16T20:36:12.605+08:00","2026-06-16T20:36:12.655+08:00",332.942841,EXP2,"exp2_table",2,2,"1:3|2:2|3:4|4:1"
"exp2_target_object","实验二当前目标模型_右脸","Exp2_002_exp2_target_object_0024","video_relative_to_recording_start",rectangle,342,337,887,847,,,,"A037","Exp2_002","E2_FIXED_PROGRESSIVE",loading,,,,,1,TRUE,550.000,600.000,333.492828,333.542847,1920,1046,"ObjectSlot2",1,0,"video_relative_to_screen_recording_start",75.060127,258432.703,258482.734,1,75.060127,"1781613114174","../../../../../../Project/UE5/Gallery/Saved/ScreenRecordings/A037_v2_20260616_203154_screen.mkv",258432.703,258482.734,258457.719,"1781613372606","1781613372656","2026-06-16T20:36:12.605+08:00","2026-06-16T20:36:12.655+08:00",332.942841,EXP2,"exp2_target",2,2,"1:3|2:2|3:4|4:1"
"exp2_table_objects","实验二桌面四模型总体区域","Exp2_002_exp2_table_objects_0025","video_relative_to_recording_start",rectangle,0,318,1919,1022,,,,"A037","Exp2_002","E2_FIXED_PROGRESSIVE",loading,,,,,1,TRUE,600.000,650.000,333.542847,333.592834,1920,1046,"ObjectSlot1-4",1,1,"video_relative_to_screen_recording_start",75.060127,258482.734,258532.719,1,75.060127,"1781613114174","../../../../../../Project/UE5/Gallery/Saved/ScreenRecordings/A037_v2_20260616_203154_screen.mkv",258482.734,258532.719,258507.719,"1781613372656","1781613372706","2026-06-16T20:36:12.655+08:00","2026-06-16T20:36:12.705+08:00",332.942841,EXP2,"exp2_table",2,2,"1:3|2:2|3:4|4:1"
"exp2_target_object","实验二当前目标模型_右脸","Exp2_002_exp2_target_object_0026","video_relative_to_recording_start",rectangle,342,337,887,847,,,,"A037","Exp2_002","E2_FIXED_PROGRESSIVE",loading,,,,,1,TRUE,600.000,650.000,333.542847,333.592834,1920,1046,"ObjectSlot2",1,0,"video_relative_to_screen_recording_start",75.060127,258482.734,258532.719,1,75.060127,"1781613114174","../../../../../../Project/UE5/Gallery/Saved/ScreenRecordings/A037_v2_20260616_203154_screen.mkv",258482.734,258532.719,258507.719,"1781613372656","1781613372706","2026-06-16T20:36:12.655+08:00","2026-06-16T20:36:12.705+08:00",332.942841,EXP2,"exp2_target",2,2,"1:3|2:2|3:4|4:1"
"exp2_table_objects","实验二桌面四模型总体区域","Exp2_002_exp2_table_objects_0027","video_relative_to_recording_start",rectangle,0,318,1919,1022,,,,"A037","Exp2_002","E2_FIXED_PROGRESSIVE",loading,,,,,1,TRUE,650.000,700.000,333.592834,333.642853,1920,1046,"ObjectSlot1-4",1,1,"video_relative_to_screen_recording_start",75.060127,258532.719,258582.734,1,75.060127,"1781613114174","../../../../../../Project/UE5/Gallery/Saved/ScreenRecordings/A037_v2_20260616_203154_screen.mkv",258532.719,258582.734,258557.719,"1781613372706","1781613372756","2026-06-16T20:36:12.705+08:00","2026-06-16T20:36:12.755+08:00",332.942841,EXP2,"exp2_table",2,2,"1:3|2:2|3:4|4:1"
"exp2_target_object","实验二当前目标模型_右脸","Exp2_002_exp2_target_object_0028","video_relative_to_recording_start",rectangle,342,337,887,847,,,,"A037","Exp2_002","E2_FIXED_PROGRESSIVE",loading,,,,,1,TRUE,650.000,700.000,333.592834,333.642853,1920,1046,"ObjectSlot2",1,0,"video_relative_to_screen_recording_start",75.060127,258532.719,258582.734,1,75.060127,"1781613114174","../../../../../../Project/UE5/Gallery/Saved/ScreenRecordings/A037_v2_20260616_203154_screen.mkv",258532.719,258582.734,258557.719,"1781613372706","1781613372756","2026-06-16T20:36:12.705+08:00","2026-06-16T20:36:12.755+08:00",332.942841,EXP2,"exp2_target",2,2,"1:3|2:2|3:4|4:1"
"exp2_table_objects","实验二桌面四模型总体区域","Exp2_002_exp2_table_objects_0029","video_relative_to_recording_start",rectangle,0,318,1919,1022,,,,"A037","Exp2_002","E2_FIXED_PROGRESSIVE",loading,,,,,1,TRUE,700.000,750.000,333.642853,333.692841,1920,1046,"ObjectSlot1-4",1,1,"video_relative_to_screen_recording_start",75.060127,258582.734,258632.719,1,75.060127,"1781613114174","../../../../../../Project/UE5/Gallery/Saved/ScreenRecordings/A037_v2_20260616_203154_screen.mkv",258582.734,258632.719,258607.719,"1781613372756","1781613372806","2026-06-16T20:36:12.755+08:00","2026-06-16T20:36:12.805+08:00",332.942841,EXP2,"exp2_table",2,2,"1:3|2:2|3:4|4:1"
"exp2_target_object","实验二当前目标模型_右脸","Exp2_002_exp2_target_object_0030","video_relative_to_recording_start",rectangle,342,337,887,847,,,,"A037","Exp2_002","E2_FIXED_PROGRESSIVE",loading,,,,,1,TRUE,700.000,750.000,333.642853,333.692841,1920,1046,"ObjectSlot2",1,0,"video_relative_to_screen_recording_start",75.060127,258582.734,258632.719,1,75.060127,"1781613114174","../../../../../../Project/UE5/Gallery/Saved/ScreenRecordings/A037_v2_20260616_203154_screen.mkv",258582.734,258632.719,258607.719,"1781613372756","1781613372806","2026-06-16T20:36:12.755+08:00","2026-06-16T20:36:12.805+08:00",332.942841,EXP2,"exp2_target",2,2,"1:3|2:2|3:4|4:1"
"exp2_table_objects","实验二桌面四模型总体区域","Exp2_002_exp2_table_objects_0031","video_relative_to_recording_start",rectangle,0,318,1919,1022,,,,"A037","Exp2_002","E2_FIXED_PROGRESSIVE",loading,,,,,1,TRUE,750.000,800.000,333.692841,333.742828,1920,1046,"ObjectSlot1-4",1,1,"video_relative_to_screen_recording_start",75.060127,258632.719,258682.703,1,75.060127,"1781613114174","../../../../../../Project/UE5/Gallery/Saved/ScreenRecordings/A037_v2_20260616_203154_screen.mkv",258632.719,258682.703,258657.719,"1781613372806","1781613372856","2026-06-16T20:36:12.805+08:00","2026-06-16T20:36:12.855+08:00",332.942841,EXP2,"exp2_table",2,2,"1:3|2:2|3:4|4:1"
"exp2_target_object","实验二当前目标模型_右脸","Exp2_002_exp2_target_object_0032","video_relative_to_recording_start",rectangle,342,337,887,847,,,,"A037","Exp2_002","E2_FIXED_PROGRESSIVE",loading,,,,,1,TRUE,750.000,800.000,333.692841,333.742828,1920,1046,"ObjectSlot2",1,0,"video_relative_to_screen_recording_start",75.060127,258632.719,258682.703,1,75.060127,"1781613114174","../../../../../../Project/UE5/Gallery/Saved/ScreenRecordings/A037_v2_20260616_203154_screen.mkv",258632.719,258682.703,258657.719,"1781613372806","1781613372856","2026-06-16T20:36:12.805+08:00","2026-06-16T20:36:12.855+08:00",332.942841,EXP2,"exp2_target",2,2,"1:3|2:2|3:4|4:1"
"exp2_table_objects","实验二桌面四模型总体区域","Exp2_002_exp2_table_objects_0033","video_relative_to_recording_start",rectangle,0,318,1919,1022,,,,"A037","Exp2_002","E2_FIXED_PROGRESSIVE",loading,,,,,1,TRUE,800.000,850.000,333.742828,333.792847,1920,1046,"ObjectSlot1-4",1,1,"video_relative_to_screen_recording_start",75.060127,258682.703,258732.734,1,75.060127,"1781613114174","../../../../../../Project/UE5/Gallery/Saved/ScreenRecordings/A037_v2_20260616_203154_screen.mkv",258682.703,258732.734,258707.719,"1781613372856","1781613372906","2026-06-16T20:36:12.855+08:00","2026-06-16T20:36:12.905+08:00",332.942841,EXP2,"exp2_table",2,2,"1:3|2:2|3:4|4:1"
"exp2_target_object","实验二当前目标模型_右脸","Exp2_002_exp2_target_object_0034","video_relative_to_recording_start",rectangle,342,337,887,847,,,,"A037","Exp2_002","E2_FIXED_PROGRESSIVE",loading,,,,,1,TRUE,800.000,850.000,333.742828,333.792847,1920,1046,"ObjectSlot2",1,0,"video_relative_to_screen_recording_start",75.060127,258682.703,258732.734,1,75.060127,"1781613114174","../../../../../../Project/UE5/Gallery/Saved/ScreenRecordings/A037_v2_20260616_203154_screen.mkv",258682.703,258732.734,258707.719,"1781613372856","1781613372906","2026-06-16T20:36:12.855+08:00","2026-06-16T20:36:12.905+08:00",332.942841,EXP2,"exp2_target",2,2,"1:3|2:2|3:4|4:1"
"exp2_table_objects","实验二桌面四模型总体区域","Exp2_002_exp2_table_objects_0035","video_relative_to_recording_start",rectangle,0,318,1919,1022,,,,"A037","Exp2_002","E2_FIXED_PROGRESSIVE",loading,,,,,1,TRUE,850.000,900.000,333.792847,333.842834,1920,1046,"ObjectSlot1-4",1,1,"video_relative_to_screen_recording_start",75.060127,258732.734,258782.719,1,75.060127,"1781613114174","../../../../../../Project/UE5/Gallery/Saved/ScreenRecordings/A037_v2_20260616_203154_screen.mkv",258732.734,258782.719,258757.719,"1781613372906","1781613372956","2026-06-16T20:36:12.905+08:00","2026-06-16T20:36:12.955+08:00",332.942841,EXP2,"exp2_table",2,2,"1:3|2:2|3:4|4:1"
"exp2_target_object","实验二当前目标模型_右脸","Exp2_002_exp2_target_object_0036","video_relative_to_recording_start",rectangle,342,337,887,847,,,,"A037","Exp2_002","E2_FIXED_PROGRESSIVE",loading,,,,,1,TRUE,850.000,900.000,333.792847,333.842834,1920,1046,"ObjectSlot2",1,0,"video_relative_to_screen_recording_start",75.060127,258732.734,258782.719,1,75.060127,"1781613114174","../../../../../../Project/UE5/Gallery/Saved/ScreenRecordings/A037_v2_20260616_203154_screen.mkv",258732.734,258782.719,258757.719,"1781613372906","1781613372956","2026-06-16T20:36:12.905+08:00","2026-06-16T20:36:12.955+08:00",332.942841,EXP2,"exp2_target",2,2,"1:3|2:2|3:4|4:1"
"exp2_table_objects","实验二桌面四模型总体区域","Exp2_002_exp2_table_objects_0037","video_relative_to_recording_start",rectangle,0,318,1919,1022,,,,"A037","Exp2_002","E2_FIXED_PROGRESSIVE",loading,,,,,1,TRUE,900.000,950.000,333.842834,333.892853,1920,1046,"ObjectSlot1-4",1,1,"video_relative_to_screen_recording_start",75.060127,258782.719,258832.734,1,75.060127,"1781613114174","../../../../../../Project/UE5/Gallery/Saved/ScreenRecordings/A037_v2_20260616_203154_screen.mkv",258782.719,258832.734,258807.719,"1781613372956","1781613373006","2026-06-16T20:36:12.955+08:00","2026-06-16T20:36:13.005+08:00",332.942841,EXP2,"exp2_table",2,2,"1:3|2:2|3:4|4:1"
"exp2_target_object","实验二当前目标模型_右脸","Exp2_002_exp2_target_object_0038","video_relative_to_recording_start",rectangle,342,337,887,847,,,,"A037","Exp2_002","E2_FIXED_PROGRESSIVE",loading,,,,,1,TRUE,900.000,950.000,333.842834,333.892853,1920,1046,"ObjectSlot2",1,0,"video_relative_to_screen_recording_start",75.060127,258782.719,258832.734,1,75.060127,"1781613114174","../../../../../../Project/UE5/Gallery/Saved/ScreenRecordings/A037_v2_20260616_203154_screen.mkv",258782.719,258832.734,258807.719,"1781613372956","1781613373006","2026-06-16T20:36:12.955+08:00","2026-06-16T20:36:13.005+08:00",332.942841,EXP2,"exp2_target",2,2,"1:3|2:2|3:4|4:1"
"exp2_table_objects","实验二桌面四模型总体区域","Exp2_002_exp2_table_objects_0039","video_relative_to_recording_start",rectangle,0,318,1919,1022,,,,"A037","Exp2_002","E2_FIXED_PROGRESSIVE",loading,,,,,1,TRUE,950.000,1000.000,333.892853,333.942841,1920,1046,"ObjectSlot1-4",1,1,"video_relative_to_screen_recording_start",75.060127,258832.734,258882.719,1,75.060127,"1781613114174","../../../../../../Project/UE5/Gallery/Saved/ScreenRecordings/A037_v2_20260616_203154_screen.mkv",258832.734,258882.719,258857.719,"1781613373006","1781613373056","2026-06-16T20:36:13.005+08:00","2026-06-16T20:36:13.055+08:00",332.942841,EXP2,"exp2_table",2,2,"1:3|2:2|3:4|4:1"
"exp2_target_object","实验二当前目标模型_右脸","Exp2_002_exp2_target_object_0040","video_relative_to_recording_start",rectangle,342,337,887,847,,,,"A037","Exp2_002","E2_FIXED_PROGRESSIVE",loading,,,,,1,TRUE,950.000,1000.000,333.892853,333.942841,1920,1046,"ObjectSlot2",1,0,"video_relative_to_screen_recording_start",75.060127,258832.734,258882.719,1,75.060127,"1781613114174","../../../../../../Project/UE5/Gallery/Saved/ScreenRecordings/A037_v2_20260616_203154_screen.mkv",258832.734,258882.719,258857.719,"1781613373006","1781613373056","2026-06-16T20:36:13.005+08:00","2026-06-16T20:36:13.055+08:00",332.942841,EXP2,"exp2_target",2,2,"1:3|2:2|3:4|4:1"
"exp2_table_objects","实验二桌面四模型总体区域","Exp2_002_exp2_table_objects_0041","video_relative_to_recording_start",rectangle,0,318,1919,1022,,,,"A037","Exp2_002","E2_FIXED_PROGRESSIVE",loading,,,,,1,TRUE,1000.000,1050.000,333.942841,333.992828,1920,1046,"ObjectSlot1-4",1,1,"video_relative_to_screen_recording_start",75.060127,258882.719,258932.703,1,75.060127,"1781613114174","../../../../../../Project/UE5/Gallery/Saved/ScreenRecordings/A037_v2_20260616_203154_screen.mkv",258882.719,258932.703,258907.719,"1781613373056","1781613373106","2026-06-16T20:36:13.055+08:00","2026-06-16T20:36:13.105+08:00",332.942841,EXP2,"exp2_table",2,2,"1:3|2:2|3:4|4:1"
"exp2_target_object","实验二当前目标模型_右脸","Exp2_002_exp2_target_object_0042","video_relative_to_recording_start",rectangle,342,337,887,847,,,,"A037","Exp2_002","E2_FIXED_PROGRESSIVE",loading,,,,,1,TRUE,1000.000,1050.000,333.942841,333.992828,1920,1046,"ObjectSlot2",1,0,"video_relative_to_screen_recording_start",75.060127,258882.719,258932.703,1,75.060127,"1781613114174","../../../../../../Project/UE5/Gallery/Saved/ScreenRecordings/A037_v2_20260616_203154_screen.mkv",258882.719,258932.703,258907.719,"1781613373056","1781613373106","2026-06-16T20:36:13.055+08:00","2026-06-16T20:36:13.105+08:00",332.942841,EXP2,"exp2_target",2,2,"1:3|2:2|3:4|4:1"
"exp2_table_objects","实验二桌面四模型总体区域","Exp2_002_exp2_table_objects_0043","video_relative_to_recording_start",rectangle,0,318,1919,1022,,,,"A037","Exp2_002","E2_FIXED_PROGRESSIVE",loading,,,,,1,TRUE,1050.000,1100.000,333.992828,334.042847,1920,1046,"ObjectSlot1-4",1,1,"video_relative_to_screen_recording_start",75.060127,258932.703,258982.734,1,75.060127,"1781613114174","../../../../../../Project/UE5/Gallery/Saved/ScreenRecordings/A037_v2_20260616_203154_screen.mkv",258932.703,258982.734,258957.719,"1781613373106","1781613373156","2026-06-16T20:36:13.105+08:00","2026-06-16T20:36:13.155+08:00",332.942841,EXP2,"exp2_table",2,2,"1:3|2:2|3:4|4:1"
"exp2_target_object","实验二当前目标模型_右脸","Exp2_002_exp2_target_object_0044","video_relative_to_recording_start",rectangle,342,337,887,847,,,,"A037","Exp2_002","E2_FIXED_PROGRESSIVE",loading,,,,,1,TRUE,1050.000,1100.000,333.992828,334.042847,1920,1046,"ObjectSlot2",1,0,"video_relative_to_screen_recording_start",75.060127,258932.703,258982.734,1,75.060127,"1781613114174","../../../../../../Project/UE5/Gallery/Saved/ScreenRecordings/A037_v2_20260616_203154_screen.mkv",258932.703,258982.734,258957.719,"1781613373106","1781613373156","2026-06-16T20:36:13.105+08:00","2026-06-16T20:36:13.155+08:00",332.942841,EXP2,"exp2_target",2,2,"1:3|2:2|3:4|4:1"
"exp2_table_objects","实验二桌面四模型总体区域","Exp2_002_exp2_table_objects_0045","video_relative_to_recording_start",rectangle,0,318,1919,1022,,,,"A037","Exp2_002","E2_FIXED_PROGRESSIVE",loading,,,,,1,TRUE,1100.000,1150.000,334.042847,334.092834,1920,1046,"ObjectSlot1-4",1,1,"video_relative_to_screen_recording_start",75.060127,258982.734,259032.719,1,75.060127,"1781613114174","../../../../../../Project/UE5/Gallery/Saved/ScreenRecordings/A037_v2_20260616_203154_screen.mkv",258982.734,259032.719,259007.719,"1781613373156","1781613373206","2026-06-16T20:36:13.155+08:00","2026-06-16T20:36:13.205+08:00",332.942841,EXP2,"exp2_table",2,2,"1:3|2:2|3:4|4:1"
"exp2_target_object","实验二当前目标模型_右脸","Exp2_002_exp2_target_object_0046","video_relative_to_recording_start",rectangle,342,337,887,847,,,,"A037","Exp2_002","E2_FIXED_PROGRESSIVE",loading,,,,,1,TRUE,1100.000,1150.000,334.042847,334.092834,1920,1046,"ObjectSlot2",1,0,"video_relative_to_screen_recording_start",75.060127,258982.734,259032.719,1,75.060127,"1781613114174","../../../../../../Project/UE5/Gallery/Saved/ScreenRecordings/A037_v2_20260616_203154_screen.mkv",258982.734,259032.719,259007.719,"1781613373156","1781613373206","2026-06-16T20:36:13.155+08:00","2026-06-16T20:36:13.205+08:00",332.942841,EXP2,"exp2_target",2,2,"1:3|2:2|3:4|4:1"
"exp2_table_objects","实验二桌面四模型总体区域","Exp2_002_exp2_table_objects_0047","video_relative_to_recording_start",rectangle,0,318,1919,1022,,,,"A037","Exp2_002","E2_FIXED_PROGRESSIVE",loading,,,,,1,TRUE,1150.000,1200.000,334.092834,334.142853,1920,1046,"ObjectSlot1-4",1,1,"video_relative_to_screen_recording_start",75.060127,259032.719,259082.734,1,75.060127,"1781613114174","../../../../../../Project/UE5/Gallery/Saved/ScreenRecordings/A037_v2_20260616_203154_screen.mkv",259032.719,259082.734,259057.719,"1781613373206","1781613373256","2026-06-16T20:36:13.205+08:00","2026-06-16T20:36:13.255+08:00",332.942841,EXP2,"exp2_table",2,2,"1:3|2:2|3:4|4:1"
"exp2_target_object","实验二当前目标模型_右脸","Exp2_002_exp2_target_object_0048","video_relative_to_recording_start",rectangle,342,337,887,847,,,,"A037","Exp2_002","E2_FIXED_PROGRESSIVE",loading,,,,,1,TRUE,1150.000,1200.000,334.092834,334.142853,1920,1046,"ObjectSlot2",1,0,"video_relative_to_screen_recording_start",75.060127,259032.719,259082.734,1,75.060127,"1781613114174","../../../../../../Project/UE5/Gallery/Saved/ScreenRecordings/A037_v2_20260616_203154_screen.mkv",259032.719,259082.734,259057.719,"1781613373206","1781613373256","2026-06-16T20:36:13.205+08:00","2026-06-16T20:36:13.255+08:00",332.942841,EXP2,"exp2_target",2,2,"1:3|2:2|3:4|4:1"
"exp2_table_objects","实验二桌面四模型总体区域","Exp2_002_exp2_table_objects_0049","video_relative_to_recording_start",rectangle,0,318,1919,1022,,,,"A037","Exp2_002","E2_FIXED_PROGRESSIVE",loading,,,,,1,TRUE,1200.000,1250.000,334.142853,334.192841,1920,1046,"ObjectSlot1-4",1,1,"video_relative_to_screen_recording_start",75.060127,259082.734,259132.719,1,75.060127,"1781613114174","../../../../../../Project/UE5/Gallery/Saved/ScreenRecordings/A037_v2_20260616_203154_screen.mkv",259082.734,259132.719,259107.719,"1781613373256","1781613373306","2026-06-16T20:36:13.255+08:00","2026-06-16T20:36:13.305+08:00",332.942841,EXP2,"exp2_table",2,2,"1:3|2:2|3:4|4:1"
"exp2_target_object","实验二当前目标模型_右脸","Exp2_002_exp2_target_object_0050","video_relative_to_recording_start",rectangle,342,337,887,847,,,,"A037","Exp2_002","E2_FIXED_PROGRESSIVE",loading,,,,,1,TRUE,1200.000,1250.000,334.142853,334.192841,1920,1046,"ObjectSlot2",1,0,"video_relative_to_screen_recording_start",75.060127,259082.734,259132.719,1,75.060127,"1781613114174","../../../../../../Project/UE5/Gallery/Saved/ScreenRecordings/A037_v2_20260616_203154_screen.mkv",259082.734,259132.719,259107.719,"1781613373256","1781613373306","2026-06-16T20:36:13.255+08:00","2026-06-16T20:36:13.305+08:00",332.942841,EXP2,"exp2_target",2,2,"1:3|2:2|3:4|4:1"
"exp2_table_objects","实验二桌面四模型总体区域","Exp2_002_exp2_table_objects_0051","video_relative_to_recording_start",rectangle,0,318,1919,1022,,,,"A037","Exp2_002","E2_FIXED_PROGRESSIVE",loading,,,,,1,TRUE,1250.000,1300.000,334.192841,334.242828,1920,1046,"ObjectSlot1-4",1,1,"video_relative_to_screen_recording_start",75.060127,259132.719,259182.703,1,75.060127,"1781613114174","../../../../../../Project/UE5/Gallery/Saved/ScreenRecordings/A037_v2_20260616_203154_screen.mkv",259132.719,259182.703,259157.719,"1781613373306","1781613373356","2026-06-16T20:36:13.305+08:00","2026-06-16T20:36:13.355+08:00",332.942841,EXP2,"exp2_table",2,2,"1:3|2:2|3:4|4:1"
"exp2_target_object","实验二当前目标模型_右脸","Exp2_002_exp2_target_object_0052","video_relative_to_recording_start",rectangle,342,337,887,847,,,,"A037","Exp2_002","E2_FIXED_PROGRESSIVE",loading,,,,,1,TRUE,1250.000,1300.000,334.192841,334.242828,1920,1046,"ObjectSlot2",1,0,"video_relative_to_screen_recording_start",75.060127,259132.719,259182.703,1,75.060127,"1781613114174","../../../../../../Project/UE5/Gallery/Saved/ScreenRecordings/A037_v2_20260616_203154_screen.mkv",259132.719,259182.703,259157.719,"1781613373306","1781613373356","2026-06-16T20:36:13.305+08:00","2026-06-16T20:36:13.355+08:00",332.942841,EXP2,"exp2_target",2,2,"1:3|2:2|3:4|4:1"
"exp2_table_objects","实验二桌面四模型总体区域","Exp2_002_exp2_table_objects_0053","video_relative_to_recording_start",rectangle,0,318,1919,1022,,,,"A037","Exp2_002","E2_FIXED_PROGRESSIVE",loading,,,,,1,TRUE,1300.000,1350.000,334.242828,334.292847,1920,1046,"ObjectSlot1-4",1,1,"video_relative_to_screen_recording_start",75.060127,259182.703,259232.734,1,75.060127,"1781613114174","../../../../../../Project/UE5/Gallery/Saved/ScreenRecordings/A037_v2_20260616_203154_screen.mkv",259182.703,259232.734,259207.719,"1781613373356","1781613373406","2026-06-16T20:36:13.355+08:00","2026-06-16T20:36:13.405+08:00",332.942841,EXP2,"exp2_table",2,2,"1:3|2:2|3:4|4:1"
"exp2_target_object","实验二当前目标模型_右脸","Exp2_002_exp2_target_object_0054","video_relative_to_recording_start",rectangle,342,337,887,847,,,,"A037","Exp2_002","E2_FIXED_PROGRESSIVE",loading,,,,,1,TRUE,1300.000,1350.000,334.242828,334.292847,1920,1046,"ObjectSlot2",1,0,"video_relative_to_screen_recording_start",75.060127,259182.703,259232.734,1,75.060127,"1781613114174","../../../../../../Project/UE5/Gallery/Saved/ScreenRecordings/A037_v2_20260616_203154_screen.mkv",259182.703,259232.734,259207.719,"1781613373356","1781613373406","2026-06-16T20:36:13.355+08:00","2026-06-16T20:36:13.405+08:00",332.942841,EXP2,"exp2_target",2,2,"1:3|2:2|3:4|4:1"
"exp2_table_objects","实验二桌面四模型总体区域","Exp2_002_exp2_table_objects_0055","video_relative_to_recording_start",rectangle,0,318,1919,1022,,,,"A037","Exp2_002","E2_FIXED_PROGRESSIVE",loading,,,,,1,TRUE,1350.000,1400.000,334.292847,334.342834,1920,1046,"ObjectSlot1-4",1,1,"video_relative_to_screen_recording_start",75.060127,259232.734,259282.719,1,75.060127,"1781613114174","../../../../../../Project/UE5/Gallery/Saved/ScreenRecordings/A037_v2_20260616_203154_screen.mkv",259232.734,259282.719,259257.719,"1781613373406","1781613373456","2026-06-16T20:36:13.405+08:00","2026-06-16T20:36:13.455+08:00",332.942841,EXP2,"exp2_table",2,2,"1:3|2:2|3:4|4:1"
"exp2_target_object","实验二当前目标模型_右脸","Exp2_002_exp2_target_object_0056","video_relative_to_recording_start",rectangle,342,337,887,847,,,,"A037","Exp2_002","E2_FIXED_PROGRESSIVE",loading,,,,,1,TRUE,1350.000,1400.000,334.292847,334.342834,1920,1046,"ObjectSlot2",1,0,"video_relative_to_screen_recording_start",75.060127,259232.734,259282.719,1,75.060127,"1781613114174","../../../../../../Project/UE5/Gallery/Saved/ScreenRecordings/A037_v2_20260616_203154_screen.mkv",259232.734,259282.719,259257.719,"1781613373406","1781613373456","2026-06-16T20:36:13.405+08:00","2026-06-16T20:36:13.455+08:00",332.942841,EXP2,"exp2_target",2,2,"1:3|2:2|3:4|4:1"
"exp2_table_objects","实验二桌面四模型总体区域","Exp2_002_exp2_table_objects_0057","video_relative_to_recording_start",rectangle,0,318,1919,1022,,,,"A037","Exp2_002","E2_FIXED_PROGRESSIVE",loading,,,,,1,TRUE,1400.000,1450.000,334.342834,334.392853,1920,1046,"ObjectSlot1-4",1,1,"video_relative_to_screen_recording_start",75.060127,259282.719,259332.734,1,75.060127,"1781613114174","../../../../../../Project/UE5/Gallery/Saved/ScreenRecordings/A037_v2_20260616_203154_screen.mkv",259282.719,259332.734,259307.719,"1781613373456","1781613373506","2026-06-16T20:36:13.455+08:00","2026-06-16T20:36:13.505+08:00",332.942841,EXP2,"exp2_table",2,2,"1:3|2:2|3:4|4:1"
"exp2_target_object","实验二当前目标模型_右脸","Exp2_002_exp2_target_object_0058","video_relative_to_recording_start",rectangle,342,337,887,847,,,,"A037","Exp2_002","E2_FIXED_PROGRESSIVE",loading,,,,,1,TRUE,1400.000,1450.000,334.342834,334.392853,1920,1046,"ObjectSlot2",1,0,"video_relative_to_screen_recording_start",75.060127,259282.719,259332.734,1,75.060127,"1781613114174","../../../../../../Project/UE5/Gallery/Saved/ScreenRecordings/A037_v2_20260616_203154_screen.mkv",259282.719,259332.734,259307.719,"1781613373456","1781613373506","2026-06-16T20:36:13.455+08:00","2026-06-16T20:36:13.505+08:00",332.942841,EXP2,"exp2_target",2,2,"1:3|2:2|3:4|4:1"
"exp2_table_objects","实验二桌面四模型总体区域","Exp2_002_exp2_table_objects_0059","video_relative_to_recording_start",rectangle,0,318,1919,1022,,,,"A037","Exp2_002","E2_FIXED_PROGRESSIVE",loading,,,,,1,TRUE,1450.000,1500.000,334.392853,334.442841,1920,1046,"ObjectSlot1-4",1,1,"video_relative_to_screen_recording_start",75.060127,259332.734,259382.719,1,75.060127,"1781613114174","../../../../../../Project/UE5/Gallery/Saved/ScreenRecordings/A037_v2_20260616_203154_screen.mkv",259332.734,259382.719,259357.719,"1781613373506","1781613373556","2026-06-16T20:36:13.505+08:00","2026-06-16T20:36:13.555+08:00",332.942841,EXP2,"exp2_table",2,2,"1:3|2:2|3:4|4:1"
"exp2_target_object","实验二当前目标模型_右脸","Exp2_002_exp2_target_object_0060","video_relative_to_recording_start",rectangle,342,337,887,847,,,,"A037","Exp2_002","E2_FIXED_PROGRESSIVE",loading,,,,,1,TRUE,1450.000,1500.000,334.392853,334.442841,1920,1046,"ObjectSlot2",1,0,"video_relative_to_screen_recording_start",75.060127,259332.734,259382.719,1,75.060127,"1781613114174","../../../../../../Project/UE5/Gallery/Saved/ScreenRecordings/A037_v2_20260616_203154_screen.mkv",259332.734,259382.719,259357.719,"1781613373506","1781613373556","2026-06-16T20:36:13.505+08:00","2026-06-16T20:36:13.555+08:00",332.942841,EXP2,"exp2_target",2,2,"1:3|2:2|3:4|4:1"
"exp2_table_objects","实验二桌面四模型总体区域","Exp2_002_exp2_table_objects_0061","video_relative_to_recording_start",rectangle,0,318,1919,1022,,,,"A037","Exp2_002","E2_FIXED_PROGRESSIVE",loading,,,,,1,TRUE,1500.000,1550.000,334.442841,334.492828,1920,1046,"ObjectSlot1-4",1,1,"video_relative_to_screen_recording_start",75.060127,259382.719,259432.703,1,75.060127,"1781613114174","../../../../../../Project/UE5/Gallery/Saved/ScreenRecordings/A037_v2_20260616_203154_screen.mkv",259382.719,259432.703,259407.719,"1781613373556","1781613373606","2026-06-16T20:36:13.555+08:00","2026-06-16T20:36:13.605+08:00",332.942841,EXP2,"exp2_table",2,2,"1:3|2:2|3:4|4:1"
"exp2_target_object","实验二当前目标模型_右脸","Exp2_002_exp2_target_object_0062","video_relative_to_recording_start",rectangle,342,337,887,847,,,,"A037","Exp2_002","E2_FIXED_PROGRESSIVE",loading,,,,,1,TRUE,1500.000,1550.000,334.442841,334.492828,1920,1046,"ObjectSlot2",1,0,"video_relative_to_screen_recording_start",75.060127,259382.719,259432.703,1,75.060127,"1781613114174","../../../../../../Project/UE5/Gallery/Saved/ScreenRecordings/A037_v2_20260616_203154_screen.mkv",259382.719,259432.703,259407.719,"1781613373556","1781613373606","2026-06-16T20:36:13.555+08:00","2026-06-16T20:36:13.605+08:00",332.942841,EXP2,"exp2_target",2,2,"1:3|2:2|3:4|4:1"
"exp2_table_objects","实验二桌面四模型总体区域","Exp2_002_exp2_table_objects_0063","video_relative_to_recording_start",rectangle,0,318,1919,1022,,,,"A037","Exp2_002","E2_FIXED_PROGRESSIVE",loading,,,,,1,TRUE,1550.000,1600.000,334.492828,334.542847,1920,1046,"ObjectSlot1-4",1,1,"video_relative_to_screen_recording_start",75.060127,259432.703,259482.734,1,75.060127,"1781613114174","../../../../../../Project/UE5/Gallery/Saved/ScreenRecordings/A037_v2_20260616_203154_screen.mkv",259432.703,259482.734,259457.719,"1781613373606","1781613373656","2026-06-16T20:36:13.605+08:00","2026-06-16T20:36:13.655+08:00",332.942841,EXP2,"exp2_table",2,2,"1:3|2:2|3:4|4:1"
"exp2_target_object","实验二当前目标模型_右脸","Exp2_002_exp2_target_object_0064","video_relative_to_recording_start",rectangle,342,337,887,847,,,,"A037","Exp2_002","E2_FIXED_PROGRESSIVE",loading,,,,,1,TRUE,1550.000,1600.000,334.492828,334.542847,1920,1046,"ObjectSlot2",1,0,"video_relative_to_screen_recording_start",75.060127,259432.703,259482.734,1,75.060127,"1781613114174","../../../../../../Project/UE5/Gallery/Saved/ScreenRecordings/A037_v2_20260616_203154_screen.mkv",259432.703,259482.734,259457.719,"1781613373606","1781613373656","2026-06-16T20:36:13.605+08:00","2026-06-16T20:36:13.655+08:00",332.942841,EXP2,"exp2_target",2,2,"1:3|2:2|3:4|4:1"
"exp2_table_objects","实验二桌面四模型总体区域","Exp2_002_exp2_table_objects_0065","video_relative_to_recording_start",rectangle,0,318,1919,1022,,,,"A037","Exp2_002","E2_FIXED_PROGRESSIVE",loading,,,,,1,TRUE,1600.000,1650.000,334.542847,334.592834,1920,1046,"ObjectSlot1-4",1,1,"video_relative_to_screen_recording_start",75.060127,259482.734,259532.719,1,75.060127,"1781613114174","../../../../../../Project/UE5/Gallery/Saved/ScreenRecordings/A037_v2_20260616_203154_screen.mkv",259482.734,259532.719,259507.719,"1781613373656","1781613373706","2026-06-16T20:36:13.655+08:00","2026-06-16T20:36:13.705+08:00",332.942841,EXP2,"exp2_table",2,2,"1:3|2:2|3:4|4:1"
"exp2_target_object","实验二当前目标模型_右脸","Exp2_002_exp2_target_object_0066","video_relative_to_recording_start",rectangle,342,337,887,847,,,,"A037","Exp2_002","E2_FIXED_PROGRESSIVE",loading,,,,,1,TRUE,1600.000,1650.000,334.542847,334.592834,1920,1046,"ObjectSlot2",1,0,"video_relative_to_screen_recording_start",75.060127,259482.734,259532.719,1,75.060127,"1781613114174","../../../../../../Project/UE5/Gallery/Saved/ScreenRecordings/A037_v2_20260616_203154_screen.mkv",259482.734,259532.719,259507.719,"1781613373656","1781613373706","2026-06-16T20:36:13.655+08:00","2026-06-16T20:36:13.705+08:00",332.942841,EXP2,"exp2_target",2,2,"1:3|2:2|3:4|4:1"
"exp2_table_objects","实验二桌面四模型总体区域","Exp2_002_exp2_table_objects_0067","video_relative_to_recording_start",rectangle,0,318,1919,1022,,,,"A037","Exp2_002","E2_FIXED_PROGRESSIVE",loading,,,,,1,TRUE,1650.000,1700.000,334.592834,334.642853,1920,1046,"ObjectSlot1-4",1,1,"video_relative_to_screen_recording_start",75.060127,259532.719,259582.734,1,75.060127,"1781613114174","../../../../../../Project/UE5/Gallery/Saved/ScreenRecordings/A037_v2_20260616_203154_screen.mkv",259532.719,259582.734,259557.719,"1781613373706","1781613373756","2026-06-16T20:36:13.705+08:00","2026-06-16T20:36:13.755+08:00",332.942841,EXP2,"exp2_table",2,2,"1:3|2:2|3:4|4:1"
"exp2_target_object","实验二当前目标模型_右脸","Exp2_002_exp2_target_object_0068","video_relative_to_recording_start",rectangle,342,337,887,847,,,,"A037","Exp2_002","E2_FIXED_PROGRESSIVE",loading,,,,,1,TRUE,1650.000,1700.000,334.592834,334.642853,1920,1046,"ObjectSlot2",1,0,"video_relative_to_screen_recording_start",75.060127,259532.719,259582.734,1,75.060127,"1781613114174","../../../../../../Project/UE5/Gallery/Saved/ScreenRecordings/A037_v2_20260616_203154_screen.mkv",259532.719,259582.734,259557.719,"1781613373706","1781613373756","2026-06-16T20:36:13.705+08:00","2026-06-16T20:36:13.755+08:00",332.942841,EXP2,"exp2_target",2,2,"1:3|2:2|3:4|4:1"
"exp2_table_objects","实验二桌面四模型总体区域","Exp2_002_exp2_table_objects_0069","video_relative_to_recording_start",rectangle,0,318,1919,1022,,,,"A037","Exp2_002","E2_FIXED_PROGRESSIVE",loading,,,,,1,TRUE,1700.000,1750.000,334.642853,334.692841,1920,1046,"ObjectSlot1-4",1,1,"video_relative_to_screen_recording_start",75.060127,259582.734,259632.719,1,75.060127,"1781613114174","../../../../../../Project/UE5/Gallery/Saved/ScreenRecordings/A037_v2_20260616_203154_screen.mkv",259582.734,259632.719,259607.719,"1781613373756","1781613373806","2026-06-16T20:36:13.755+08:00","2026-06-16T20:36:13.805+08:00",332.942841,EXP2,"exp2_table",2,2,"1:3|2:2|3:4|4:1"
"exp2_target_object","实验二当前目标模型_右脸","Exp2_002_exp2_target_object_0070","video_relative_to_recording_start",rectangle,342,337,887,847,,,,"A037","Exp2_002","E2_FIXED_PROGRESSIVE",loading,,,,,1,TRUE,1700.000,1750.000,334.642853,334.692841,1920,1046,"ObjectSlot2",1,0,"video_relative_to_screen_recording_start",75.060127,259582.734,259632.719,1,75.060127,"1781613114174","../../../../../../Project/UE5/Gallery/Saved/ScreenRecordings/A037_v2_20260616_203154_screen.mkv",259582.734,259632.719,259607.719,"1781613373756","1781613373806","2026-06-16T20:36:13.755+08:00","2026-06-16T20:36:13.805+08:00",332.942841,EXP2,"exp2_target",2,2,"1:3|2:2|3:4|4:1"
"exp2_table_objects","实验二桌面四模型总体区域","Exp2_002_exp2_table_objects_0071","video_relative_to_recording_start",rectangle,0,318,1919,1022,,,,"A037","Exp2_002","E2_FIXED_PROGRESSIVE",loading,,,,,1,TRUE,1750.000,1800.000,334.692841,334.742828,1920,1046,"ObjectSlot1-4",1,1,"video_relative_to_screen_recording_start",75.060127,259632.719,259682.703,1,75.060127,"1781613114174","../../../../../../Project/UE5/Gallery/Saved/ScreenRecordings/A037_v2_20260616_203154_screen.mkv",259632.719,259682.703,259657.719,"1781613373806","1781613373856","2026-06-16T20:36:13.805+08:00","2026-06-16T20:36:13.855+08:00",332.942841,EXP2,"exp2_table",2,2,"1:3|2:2|3:4|4:1"
"exp2_target_object","实验二当前目标模型_右脸","Exp2_002_exp2_target_object_0072","video_relative_to_recording_start",rectangle,342,337,887,847,,,,"A037","Exp2_002","E2_FIXED_PROGRESSIVE",loading,,,,,1,TRUE,1750.000,1800.000,334.692841,334.742828,1920,1046,"ObjectSlot2",1,0,"video_relative_to_screen_recording_start",75.060127,259632.719,259682.703,1,75.060127,"1781613114174","../../../../../../Project/UE5/Gallery/Saved/ScreenRecordings/A037_v2_20260616_203154_screen.mkv",259632.719,259682.703,259657.719,"1781613373806","1781613373856","2026-06-16T20:36:13.805+08:00","2026-06-16T20:36:13.855+08:00",332.942841,EXP2,"exp2_target",2,2,"1:3|2:2|3:4|4:1"
"exp2_table_objects","实验二桌面四模型总体区域","Exp2_002_exp2_table_objects_0073","video_relative_to_recording_start",rectangle,0,318,1919,1022,,,,"A037","Exp2_002","E2_FIXED_PROGRESSIVE",loading,,,,,1,TRUE,1800.000,1850.000,334.742828,334.792847,1920,1046,"ObjectSlot1-4",1,1,"video_relative_to_screen_recording_start",75.060127,259682.703,259732.734,1,75.060127,"1781613114174","../../../../../../Project/UE5/Gallery/Saved/ScreenRecordings/A037_v2_20260616_203154_screen.mkv",259682.703,259732.734,259707.719,"1781613373856","1781613373906","2026-06-16T20:36:13.855+08:00","2026-06-16T20:36:13.905+08:00",332.942841,EXP2,"exp2_table",2,2,"1:3|2:2|3:4|4:1"
"exp2_target_object","实验二当前目标模型_右脸","Exp2_002_exp2_target_object_0074","video_relative_to_recording_start",rectangle,342,337,887,847,,,,"A037","Exp2_002","E2_FIXED_PROGRESSIVE",loading,,,,,1,TRUE,1800.000,1850.000,334.742828,334.792847,1920,1046,"ObjectSlot2",1,0,"video_relative_to_screen_recording_start",75.060127,259682.703,259732.734,1,75.060127,"1781613114174","../../../../../../Project/UE5/Gallery/Saved/ScreenRecordings/A037_v2_20260616_203154_screen.mkv",259682.703,259732.734,259707.719,"1781613373856","1781613373906","2026-06-16T20:36:13.855+08:00","2026-06-16T20:36:13.905+08:00",332.942841,EXP2,"exp2_target",2,2,"1:3|2:2|3:4|4:1"
"exp2_table_objects","实验二桌面四模型总体区域","Exp2_002_exp2_table_objects_0075","video_relative_to_recording_start",rectangle,0,318,1919,1022,,,,"A037","Exp2_002","E2_FIXED_PROGRESSIVE",loading,,,,,1,TRUE,1850.000,1900.000,334.792847,334.842834,1920,1046,"ObjectSlot1-4",1,1,"video_relative_to_screen_recording_start",75.060127,259732.734,259782.719,1,75.060127,"1781613114174","../../../../../../Project/UE5/Gallery/Saved/ScreenRecordings/A037_v2_20260616_203154_screen.mkv",259732.734,259782.719,259757.719,"1781613373906","1781613373956","2026-06-16T20:36:13.905+08:00","2026-06-16T20:36:13.955+08:00",332.942841,EXP2,"exp2_table",2,2,"1:3|2:2|3:4|4:1"
"exp2_target_object","实验二当前目标模型_右脸","Exp2_002_exp2_target_object_0076","video_relative_to_recording_start",rectangle,342,337,887,847,,,,"A037","Exp2_002","E2_FIXED_PROGRESSIVE",loading,,,,,1,TRUE,1850.000,1900.000,334.792847,334.842834,1920,1046,"ObjectSlot2",1,0,"video_relative_to_screen_recording_start",75.060127,259732.734,259782.719,1,75.060127,"1781613114174","../../../../../../Project/UE5/Gallery/Saved/ScreenRecordings/A037_v2_20260616_203154_screen.mkv",259732.734,259782.719,259757.719,"1781613373906","1781613373956","2026-06-16T20:36:13.905+08:00","2026-06-16T20:36:13.955+08:00",332.942841,EXP2,"exp2_target",2,2,"1:3|2:2|3:4|4:1"
"exp2_table_objects","实验二桌面四模型总体区域","Exp2_002_exp2_table_objects_0077","video_relative_to_recording_start",rectangle,0,318,1919,1022,,,,"A037","Exp2_002","E2_FIXED_PROGRESSIVE",loading,,,,,1,TRUE,1900.000,1950.000,334.842834,334.892853,1920,1046,"ObjectSlot1-4",1,1,"video_relative_to_screen_recording_start",75.060127,259782.719,259832.734,1,75.060127,"1781613114174","../../../../../../Project/UE5/Gallery/Saved/ScreenRecordings/A037_v2_20260616_203154_screen.mkv",259782.719,259832.734,259807.719,"1781613373956","1781613374006","2026-06-16T20:36:13.955+08:00","2026-06-16T20:36:14.005+08:00",332.942841,EXP2,"exp2_table",2,2,"1:3|2:2|3:4|4:1"
"exp2_target_object","实验二当前目标模型_右脸","Exp2_002_exp2_target_object_0078","video_relative_to_recording_start",rectangle,342,337,887,847,,,,"A037","Exp2_002","E2_FIXED_PROGRESSIVE",loading,,,,,1,TRUE,1900.000,1950.000,334.842834,334.892853,1920,1046,"ObjectSlot2",1,0,"video_relative_to_screen_recording_start",75.060127,259782.719,259832.734,1,75.060127,"1781613114174","../../../../../../Project/UE5/Gallery/Saved/ScreenRecordings/A037_v2_20260616_203154_screen.mkv",259782.719,259832.734,259807.719,"1781613373956","1781613374006","2026-06-16T20:36:13.955+08:00","2026-06-16T20:36:14.005+08:00",332.942841,EXP2,"exp2_target",2,2,"1:3|2:2|3:4|4:1"
"exp2_table_objects","实验二桌面四模型总体区域","Exp2_002_exp2_table_objects_0079","video_relative_to_recording_start",rectangle,0,318,1919,1022,,,,"A037","Exp2_002","E2_FIXED_PROGRESSIVE",loading,,,,,1,TRUE,1950.000,2000.000,334.892853,334.942841,1920,1046,"ObjectSlot1-4",1,1,"video_relative_to_screen_recording_start",75.060127,259832.734,259882.719,1,75.060127,"1781613114174","../../../../../../Project/UE5/Gallery/Saved/ScreenRecordings/A037_v2_20260616_203154_screen.mkv",259832.734,259882.719,259857.719,"1781613374006","1781613374056","2026-06-16T20:36:14.005+08:00","2026-06-16T20:36:14.055+08:00",332.942841,EXP2,"exp2_table",2,2,"1:3|2:2|3:4|4:1"
"exp2_target_object","实验二当前目标模型_右脸","Exp2_002_exp2_target_object_0080","video_relative_to_recording_start",rectangle,342,337,887,847,,,,"A037","Exp2_002","E2_FIXED_PROGRESSIVE",loading,,,,,1,TRUE,1950.000,2000.000,334.892853,334.942841,1920,1046,"ObjectSlot2",1,0,"video_relative_to_screen_recording_start",75.060127,259832.734,259882.719,1,75.060127,"1781613114174","../../../../../../Project/UE5/Gallery/Saved/ScreenRecordings/A037_v2_20260616_203154_screen.mkv",259832.734,259882.719,259857.719,"1781613374006","1781613374056","2026-06-16T20:36:14.005+08:00","2026-06-16T20:36:14.055+08:00",332.942841,EXP2,"exp2_target",2,2,"1:3|2:2|3:4|4:1"
"exp2_table_objects","实验二桌面四模型总体区域","Exp2_002_exp2_table_objects_0081","video_relative_to_recording_start",rectangle,0,318,1919,1022,,,,"A037","Exp2_002","E2_FIXED_PROGRESSIVE",loading,,,,,1,TRUE,2000.000,2050.000,334.942841,334.992828,1920,1046,"ObjectSlot1-4",1,1,"video_relative_to_screen_recording_start",75.060127,259882.719,259932.703,1,75.060127,"1781613114174","../../../../../../Project/UE5/Gallery/Saved/ScreenRecordings/A037_v2_20260616_203154_screen.mkv",259882.719,259932.703,259907.719,"1781613374056","1781613374106","2026-06-16T20:36:14.055+08:00","2026-06-16T20:36:14.105+08:00",332.942841,EXP2,"exp2_table",2,2,"1:3|2:2|3:4|4:1"
"exp2_target_object","实验二当前目标模型_右脸","Exp2_002_exp2_target_object_0082","video_relative_to_recording_start",rectangle,342,337,887,847,,,,"A037","Exp2_002","E2_FIXED_PROGRESSIVE",loading,,,,,1,TRUE,2000.000,2050.000,334.942841,334.992828,1920,1046,"ObjectSlot2",1,0,"video_relative_to_screen_recording_start",75.060127,259882.719,259932.703,1,75.060127,"1781613114174","../../../../../../Project/UE5/Gallery/Saved/ScreenRecordings/A037_v2_20260616_203154_screen.mkv",259882.719,259932.703,259907.719,"1781613374056","1781613374106","2026-06-16T20:36:14.055+08:00","2026-06-16T20:36:14.105+08:00",332.942841,EXP2,"exp2_target",2,2,"1:3|2:2|3:4|4:1"
"exp2_table_objects","实验二桌面四模型总体区域","Exp2_002_exp2_table_objects_0083","video_relative_to_recording_start",rectangle,0,318,1919,1022,,,,"A037","Exp2_002","E2_FIXED_PROGRESSIVE",loading,,,,,1,TRUE,2050.000,2100.000,334.992828,335.042847,1920,1046,"ObjectSlot1-4",1,1,"video_relative_to_screen_recording_start",75.060127,259932.703,259982.734,1,75.060127,"1781613114174","../../../../../../Project/UE5/Gallery/Saved/ScreenRecordings/A037_v2_20260616_203154_screen.mkv",259932.703,259982.734,259957.719,"1781613374106","1781613374156","2026-06-16T20:36:14.105+08:00","2026-06-16T20:36:14.155+08:00",332.942841,EXP2,"exp2_table",2,2,"1:3|2:2|3:4|4:1"
"exp2_target_object","实验二当前目标模型_右脸","Exp2_002_exp2_target_object_0084","video_relative_to_recording_start",rectangle,342,337,887,847,,,,"A037","Exp2_002","E2_FIXED_PROGRESSIVE",loading,,,,,1,TRUE,2050.000,2100.000,334.992828,335.042847,1920,1046,"ObjectSlot2",1,0,"video_relative_to_screen_recording_start",75.060127,259932.703,259982.734,1,75.060127,"1781613114174","../../../../../../Project/UE5/Gallery/Saved/ScreenRecordings/A037_v2_20260616_203154_screen.mkv",259932.703,259982.734,259957.719,"1781613374106","1781613374156","2026-06-16T20:36:14.105+08:00","2026-06-16T20:36:14.155+08:00",332.942841,EXP2,"exp2_target",2,2,"1:3|2:2|3:4|4:1"
"exp2_table_objects","实验二桌面四模型总体区域","Exp2_002_exp2_table_objects_0085","video_relative_to_recording_start",rectangle,0,318,1919,1022,,,,"A037","Exp2_002","E2_FIXED_PROGRESSIVE",loading,,,,,1,TRUE,2100.000,2150.000,335.042847,335.092834,1920,1046,"ObjectSlot1-4",1,1,"video_relative_to_screen_recording_start",75.060127,259982.734,260032.719,1,75.060127,"1781613114174","../../../../../../Project/UE5/Gallery/Saved/ScreenRecordings/A037_v2_20260616_203154_screen.mkv",259982.734,260032.719,260007.719,"1781613374156","1781613374206","2026-06-16T20:36:14.155+08:00","2026-06-16T20:36:14.205+08:00",332.942841,EXP2,"exp2_table",2,2,"1:3|2:2|3:4|4:1"
"exp2_target_object","实验二当前目标模型_右脸","Exp2_002_exp2_target_object_0086","video_relative_to_recording_start",rectangle,342,337,887,847,,,,"A037","Exp2_002","E2_FIXED_PROGRESSIVE",loading,,,,,1,TRUE,2100.000,2150.000,335.042847,335.092834,1920,1046,"ObjectSlot2",1,0,"video_relative_to_screen_recording_start",75.060127,259982.734,260032.719,1,75.060127,"1781613114174","../../../../../../Project/UE5/Gallery/Saved/ScreenRecordings/A037_v2_20260616_203154_screen.mkv",259982.734,260032.719,260007.719,"1781613374156","1781613374206","2026-06-16T20:36:14.155+08:00","2026-06-16T20:36:14.205+08:00",332.942841,EXP2,"exp2_target",2,2,"1:3|2:2|3:4|4:1"
"exp2_table_objects","实验二桌面四模型总体区域","Exp2_002_exp2_table_objects_0087","video_relative_to_recording_start",rectangle,0,318,1919,1022,,,,"A037","Exp2_002","E2_FIXED_PROGRESSIVE",loading,,,,,1,TRUE,2150.000,2200.000,335.092834,335.142853,1920,1046,"ObjectSlot1-4",1,1,"video_relative_to_screen_recording_start",75.060127,260032.719,260082.734,1,75.060127,"1781613114174","../../../../../../Project/UE5/Gallery/Saved/ScreenRecordings/A037_v2_20260616_203154_screen.mkv",260032.719,260082.734,260057.719,"1781613374206","1781613374256","2026-06-16T20:36:14.205+08:00","2026-06-16T20:36:14.255+08:00",332.942841,EXP2,"exp2_table",2,2,"1:3|2:2|3:4|4:1"
"exp2_target_object","实验二当前目标模型_右脸","Exp2_002_exp2_target_object_0088","video_relative_to_recording_start",rectangle,342,337,887,847,,,,"A037","Exp2_002","E2_FIXED_PROGRESSIVE",loading,,,,,1,TRUE,2150.000,2200.000,335.092834,335.142853,1920,1046,"ObjectSlot2",1,0,"video_relative_to_screen_recording_start",75.060127,260032.719,260082.734,1,75.060127,"1781613114174","../../../../../../Project/UE5/Gallery/Saved/ScreenRecordings/A037_v2_20260616_203154_screen.mkv",260032.719,260082.734,260057.719,"1781613374206","1781613374256","2026-06-16T20:36:14.205+08:00","2026-06-16T20:36:14.255+08:00",332.942841,EXP2,"exp2_target",2,2,"1:3|2:2|3:4|4:1"
"exp2_table_objects","实验二桌面四模型总体区域","Exp2_002_exp2_table_objects_0089","video_relative_to_recording_start",rectangle,0,318,1919,1022,,,,"A037","Exp2_002","E2_FIXED_PROGRESSIVE",loading,,,,,1,TRUE,2200.000,2250.000,335.142853,335.192841,1920,1046,"ObjectSlot1-4",1,1,"video_relative_to_screen_recording_start",75.060127,260082.734,260132.719,1,75.060127,"1781613114174","../../../../../../Project/UE5/Gallery/Saved/ScreenRecordings/A037_v2_20260616_203154_screen.mkv",260082.734,260132.719,260107.719,"1781613374256","1781613374306","2026-06-16T20:36:14.255+08:00","2026-06-16T20:36:14.305+08:00",332.942841,EXP2,"exp2_table",2,2,"1:3|2:2|3:4|4:1"
"exp2_target_object","实验二当前目标模型_右脸","Exp2_002_exp2_target_object_0090","video_relative_to_recording_start",rectangle,342,337,887,847,,,,"A037","Exp2_002","E2_FIXED_PROGRESSIVE",loading,,,,,1,TRUE,2200.000,2250.000,335.142853,335.192841,1920,1046,"ObjectSlot2",1,0,"video_relative_to_screen_recording_start",75.060127,260082.734,260132.719,1,75.060127,"1781613114174","../../../../../../Project/UE5/Gallery/Saved/ScreenRecordings/A037_v2_20260616_203154_screen.mkv",260082.734,260132.719,260107.719,"1781613374256","1781613374306","2026-06-16T20:36:14.255+08:00","2026-06-16T20:36:14.305+08:00",332.942841,EXP2,"exp2_target",2,2,"1:3|2:2|3:4|4:1"
"exp2_table_objects","实验二桌面四模型总体区域","Exp2_002_exp2_table_objects_0091","video_relative_to_recording_start",rectangle,0,318,1919,1022,,,,"A037","Exp2_002","E2_FIXED_PROGRESSIVE",loading,,,,,1,TRUE,2250.000,2300.000,335.192841,335.242828,1920,1046,"ObjectSlot1-4",1,1,"video_relative_to_screen_recording_start",75.060127,260132.719,260182.703,1,75.060127,"1781613114174","../../../../../../Project/UE5/Gallery/Saved/ScreenRecordings/A037_v2_20260616_203154_screen.mkv",260132.719,260182.703,260157.719,"1781613374306","1781613374356","2026-06-16T20:36:14.305+08:00","2026-06-16T20:36:14.355+08:00",332.942841,EXP2,"exp2_table",2,2,"1:3|2:2|3:4|4:1"
"exp2_target_object","实验二当前目标模型_右脸","Exp2_002_exp2_target_object_0092","video_relative_to_recording_start",rectangle,342,337,887,847,,,,"A037","Exp2_002","E2_FIXED_PROGRESSIVE",loading,,,,,1,TRUE,2250.000,2300.000,335.192841,335.242828,1920,1046,"ObjectSlot2",1,0,"video_relative_to_screen_recording_start",75.060127,260132.719,260182.703,1,75.060127,"1781613114174","../../../../../../Project/UE5/Gallery/Saved/ScreenRecordings/A037_v2_20260616_203154_screen.mkv",260132.719,260182.703,260157.719,"1781613374306","1781613374356","2026-06-16T20:36:14.305+08:00","2026-06-16T20:36:14.355+08:00",332.942841,EXP2,"exp2_target",2,2,"1:3|2:2|3:4|4:1"
"exp2_table_objects","实验二桌面四模型总体区域","Exp2_002_exp2_table_objects_0093","video_relative_to_recording_start",rectangle,0,318,1919,1022,,,,"A037","Exp2_002","E2_FIXED_PROGRESSIVE",loading,,,,,1,TRUE,2300.000,2350.000,335.242828,335.292847,1920,1046,"ObjectSlot1-4",1,1,"video_relative_to_screen_recording_start",75.060127,260182.703,260232.734,1,75.060127,"1781613114174","../../../../../../Project/UE5/Gallery/Saved/ScreenRecordings/A037_v2_20260616_203154_screen.mkv",260182.703,260232.734,260207.719,"1781613374356","1781613374406","2026-06-16T20:36:14.355+08:00","2026-06-16T20:36:14.405+08:00",332.942841,EXP2,"exp2_table",2,2,"1:3|2:2|3:4|4:1"
"exp2_target_object","实验二当前目标模型_右脸","Exp2_002_exp2_target_object_0094","video_relative_to_recording_start",rectangle,342,337,887,847,,,,"A037","Exp2_002","E2_FIXED_PROGRESSIVE",loading,,,,,1,TRUE,2300.000,2350.000,335.242828,335.292847,1920,1046,"ObjectSlot2",1,0,"video_relative_to_screen_recording_start",75.060127,260182.703,260232.734,1,75.060127,"1781613114174","../../../../../../Project/UE5/Gallery/Saved/ScreenRecordings/A037_v2_20260616_203154_screen.mkv",260182.703,260232.734,260207.719,"1781613374356","1781613374406","2026-06-16T20:36:14.355+08:00","2026-06-16T20:36:14.405+08:00",332.942841,EXP2,"exp2_target",2,2,"1:3|2:2|3:4|4:1"
"exp2_table_objects","实验二桌面四模型总体区域","Exp2_002_exp2_table_objects_0095","video_relative_to_recording_start",rectangle,0,318,1919,1022,,,,"A037","Exp2_002","E2_FIXED_PROGRESSIVE",loading,,,,,1,TRUE,2350.000,2400.000,335.292847,335.342834,1920,1046,"ObjectSlot1-4",1,1,"video_relative_to_screen_recording_start",75.060127,260232.734,260282.719,1,75.060127,"1781613114174","../../../../../../Project/UE5/Gallery/Saved/ScreenRecordings/A037_v2_20260616_203154_screen.mkv",260232.734,260282.719,260257.719,"1781613374406","1781613374456","2026-06-16T20:36:14.405+08:00","2026-06-16T20:36:14.455+08:00",332.942841,EXP2,"exp2_table",2,2,"1:3|2:2|3:4|4:1"
"exp2_target_object","实验二当前目标模型_右脸","Exp2_002_exp2_target_object_0096","video_relative_to_recording_start",rectangle,342,337,887,847,,,,"A037","Exp2_002","E2_FIXED_PROGRESSIVE",loading,,,,,1,TRUE,2350.000,2400.000,335.292847,335.342834,1920,1046,"ObjectSlot2",1,0,"video_relative_to_screen_recording_start",75.060127,260232.734,260282.719,1,75.060127,"1781613114174","../../../../../../Project/UE5/Gallery/Saved/ScreenRecordings/A037_v2_20260616_203154_screen.mkv",260232.734,260282.719,260257.719,"1781613374406","1781613374456","2026-06-16T20:36:14.405+08:00","2026-06-16T20:36:14.455+08:00",332.942841,EXP2,"exp2_target",2,2,"1:3|2:2|3:4|4:1"
"exp2_table_objects","实验二桌面四模型总体区域","Exp2_002_exp2_table_objects_0097","video_relative_to_recording_start",rectangle,0,318,1919,1022,,,,"A037","Exp2_002","E2_FIXED_PROGRESSIVE",loading,,,,,1,TRUE,2400.000,2450.000,335.342834,335.392853,1920,1046,"ObjectSlot1-4",1,1,"video_relative_to_screen_recording_start",75.060127,260282.719,260332.734,1,75.060127,"1781613114174","../../../../../../Project/UE5/Gallery/Saved/ScreenRecordings/A037_v2_20260616_203154_screen.mkv",260282.719,260332.734,260307.719,"1781613374456","1781613374506","2026-06-16T20:36:14.455+08:00","2026-06-16T20:36:14.505+08:00",332.942841,EXP2,"exp2_table",2,2,"1:3|2:2|3:4|4:1"
"exp2_target_object","实验二当前目标模型_右脸","Exp2_002_exp2_target_object_0098","video_relative_to_recording_start",rectangle,342,337,887,847,,,,"A037","Exp2_002","E2_FIXED_PROGRESSIVE",loading,,,,,1,TRUE,2400.000,2450.000,335.342834,335.392853,1920,1046,"ObjectSlot2",1,0,"video_relative_to_screen_recording_start",75.060127,260282.719,260332.734,1,75.060127,"1781613114174","../../../../../../Project/UE5/Gallery/Saved/ScreenRecordings/A037_v2_20260616_203154_screen.mkv",260282.719,260332.734,260307.719,"1781613374456","1781613374506","2026-06-16T20:36:14.455+08:00","2026-06-16T20:36:14.505+08:00",332.942841,EXP2,"exp2_target",2,2,"1:3|2:2|3:4|4:1"
"exp2_table_objects","实验二桌面四模型总体区域","Exp2_002_exp2_table_objects_0099","video_relative_to_recording_start",rectangle,0,318,1919,1022,,,,"A037","Exp2_002","E2_FIXED_PROGRESSIVE",loading,,,,,1,TRUE,2450.000,2500.000,335.392853,335.442841,1920,1046,"ObjectSlot1-4",1,1,"video_relative_to_screen_recording_start",75.060127,260332.734,260382.719,1,75.060127,"1781613114174","../../../../../../Project/UE5/Gallery/Saved/ScreenRecordings/A037_v2_20260616_203154_screen.mkv",260332.734,260382.719,260357.719,"1781613374506","1781613374556","2026-06-16T20:36:14.505+08:00","2026-06-16T20:36:14.555+08:00",332.942841,EXP2,"exp2_table",2,2,"1:3|2:2|3:4|4:1"
"exp2_target_object","实验二当前目标模型_右脸","Exp2_002_exp2_target_object_0100","video_relative_to_recording_start",rectangle,342,337,887,847,,,,"A037","Exp2_002","E2_FIXED_PROGRESSIVE",loading,,,,,1,TRUE,2450.000,2500.000,335.392853,335.442841,1920,1046,"ObjectSlot2",1,0,"video_relative_to_screen_recording_start",75.060127,260332.734,260382.719,1,75.060127,"1781613114174","../../../../../../Project/UE5/Gallery/Saved/ScreenRecordings/A037_v2_20260616_203154_screen.mkv",260332.734,260382.719,260357.719,"1781613374506","1781613374556","2026-06-16T20:36:14.505+08:00","2026-06-16T20:36:14.555+08:00",332.942841,EXP2,"exp2_target",2,2,"1:3|2:2|3:4|4:1"
"exp2_table_objects","实验二桌面四模型总体区域","Exp2_002_exp2_table_objects_0101","video_relative_to_recording_start",rectangle,0,318,1919,1022,,,,"A037","Exp2_002","E2_FIXED_PROGRESSIVE",loading,,,,,1,TRUE,2500.000,2550.000,335.442841,335.492828,1920,1046,"ObjectSlot1-4",1,1,"video_relative_to_screen_recording_start",75.060127,260382.719,260432.703,1,75.060127,"1781613114174","../../../../../../Project/UE5/Gallery/Saved/ScreenRecordings/A037_v2_20260616_203154_screen.mkv",260382.719,260432.703,260407.719,"1781613374556","1781613374606","2026-06-16T20:36:14.555+08:00","2026-06-16T20:36:14.605+08:00",332.942841,EXP2,"exp2_table",2,2,"1:3|2:2|3:4|4:1"
"exp2_target_object","实验二当前目标模型_右脸","Exp2_002_exp2_target_object_0102","video_relative_to_recording_start",rectangle,342,337,887,847,,,,"A037","Exp2_002","E2_FIXED_PROGRESSIVE",loading,,,,,1,TRUE,2500.000,2550.000,335.442841,335.492828,1920,1046,"ObjectSlot2",1,0,"video_relative_to_screen_recording_start",75.060127,260382.719,260432.703,1,75.060127,"1781613114174","../../../../../../Project/UE5/Gallery/Saved/ScreenRecordings/A037_v2_20260616_203154_screen.mkv",260382.719,260432.703,260407.719,"1781613374556","1781613374606","2026-06-16T20:36:14.555+08:00","2026-06-16T20:36:14.605+08:00",332.942841,EXP2,"exp2_target",2,2,"1:3|2:2|3:4|4:1"
"exp2_table_objects","实验二桌面四模型总体区域","Exp2_002_exp2_table_objects_0103","video_relative_to_recording_start",rectangle,0,318,1919,1022,,,,"A037","Exp2_002","E2_FIXED_PROGRESSIVE",loading,,,,,1,TRUE,2550.000,2600.000,335.492828,335.542847,1920,1046,"ObjectSlot1-4",1,1,"video_relative_to_screen_recording_start",75.060127,260432.703,260482.734,1,75.060127,"1781613114174","../../../../../../Project/UE5/Gallery/Saved/ScreenRecordings/A037_v2_20260616_203154_screen.mkv",260432.703,260482.734,260457.719,"1781613374606","1781613374656","2026-06-16T20:36:14.605+08:00","2026-06-16T20:36:14.655+08:00",332.942841,EXP2,"exp2_table",2,2,"1:3|2:2|3:4|4:1"
"exp2_target_object","实验二当前目标模型_右脸","Exp2_002_exp2_target_object_0104","video_relative_to_recording_start",rectangle,342,337,887,847,,,,"A037","Exp2_002","E2_FIXED_PROGRESSIVE",loading,,,,,1,TRUE,2550.000,2600.000,335.492828,335.542847,1920,1046,"ObjectSlot2",1,0,"video_relative_to_screen_recording_start",75.060127,260432.703,260482.734,1,75.060127,"1781613114174","../../../../../../Project/UE5/Gallery/Saved/ScreenRecordings/A037_v2_20260616_203154_screen.mkv",260432.703,260482.734,260457.719,"1781613374606","1781613374656","2026-06-16T20:36:14.605+08:00","2026-06-16T20:36:14.655+08:00",332.942841,EXP2,"exp2_target",2,2,"1:3|2:2|3:4|4:1"
"exp2_table_objects","实验二桌面四模型总体区域","Exp2_002_exp2_table_objects_0105","video_relative_to_recording_start",rectangle,0,318,1919,1022,,,,"A037","Exp2_002","E2_FIXED_PROGRESSIVE",loading,,,,,1,TRUE,2600.000,2650.000,335.542847,335.592834,1920,1046,"ObjectSlot1-4",1,1,"video_relative_to_screen_recording_start",75.060127,260482.734,260532.719,1,75.060127,"1781613114174","../../../../../../Project/UE5/Gallery/Saved/ScreenRecordings/A037_v2_20260616_203154_screen.mkv",260482.734,260532.719,260507.719,"1781613374656","1781613374706","2026-06-16T20:36:14.655+08:00","2026-06-16T20:36:14.705+08:00",332.942841,EXP2,"exp2_table",2,2,"1:3|2:2|3:4|4:1"
"exp2_target_object","实验二当前目标模型_右脸","Exp2_002_exp2_target_object_0106","video_relative_to_recording_start",rectangle,342,337,887,847,,,,"A037","Exp2_002","E2_FIXED_PROGRESSIVE",loading,,,,,1,TRUE,2600.000,2650.000,335.542847,335.592834,1920,1046,"ObjectSlot2",1,0,"video_relative_to_screen_recording_start",75.060127,260482.734,260532.719,1,75.060127,"1781613114174","../../../../../../Project/UE5/Gallery/Saved/ScreenRecordings/A037_v2_20260616_203154_screen.mkv",260482.734,260532.719,260507.719,"1781613374656","1781613374706","2026-06-16T20:36:14.655+08:00","2026-06-16T20:36:14.705+08:00",332.942841,EXP2,"exp2_target",2,2,"1:3|2:2|3:4|4:1"
"exp2_table_objects","实验二桌面四模型总体区域","Exp2_002_exp2_table_objects_0107","video_relative_to_recording_start",rectangle,0,318,1919,1022,,,,"A037","Exp2_002","E2_FIXED_PROGRESSIVE",loading,,,,,1,TRUE,2650.000,2700.000,335.592834,335.642853,1920,1046,"ObjectSlot1-4",1,1,"video_relative_to_screen_recording_start",75.060127,260532.719,260582.734,1,75.060127,"1781613114174","../../../../../../Project/UE5/Gallery/Saved/ScreenRecordings/A037_v2_20260616_203154_screen.mkv",260532.719,260582.734,260557.719,"1781613374706","1781613374756","2026-06-16T20:36:14.705+08:00","2026-06-16T20:36:14.755+08:00",332.942841,EXP2,"exp2_table",2,2,"1:3|2:2|3:4|4:1"
"exp2_target_object","实验二当前目标模型_右脸","Exp2_002_exp2_target_object_0108","video_relative_to_recording_start",rectangle,342,337,887,847,,,,"A037","Exp2_002","E2_FIXED_PROGRESSIVE",loading,,,,,1,TRUE,2650.000,2700.000,335.592834,335.642853,1920,1046,"ObjectSlot2",1,0,"video_relative_to_screen_recording_start",75.060127,260532.719,260582.734,1,75.060127,"1781613114174","../../../../../../Project/UE5/Gallery/Saved/ScreenRecordings/A037_v2_20260616_203154_screen.mkv",260532.719,260582.734,260557.719,"1781613374706","1781613374756","2026-06-16T20:36:14.705+08:00","2026-06-16T20:36:14.755+08:00",332.942841,EXP2,"exp2_target",2,2,"1:3|2:2|3:4|4:1"
"exp2_table_objects","实验二桌面四模型总体区域","Exp2_002_exp2_table_objects_0109","video_relative_to_recording_start",rectangle,0,318,1919,1022,,,,"A037","Exp2_002","E2_FIXED_PROGRESSIVE",loading,,,,,1,TRUE,2700.000,2750.000,335.642853,335.692841,1920,1046,"ObjectSlot1-4",1,1,"video_relative_to_screen_recording_start",75.060127,260582.734,260632.719,1,75.060127,"1781613114174","../../../../../../Project/UE5/Gallery/Saved/ScreenRecordings/A037_v2_20260616_203154_screen.mkv",260582.734,260632.719,260607.719,"1781613374756","1781613374806","2026-06-16T20:36:14.755+08:00","2026-06-16T20:36:14.805+08:00",332.942841,EXP2,"exp2_table",2,2,"1:3|2:2|3:4|4:1"
"exp2_target_object","实验二当前目标模型_右脸","Exp2_002_exp2_target_object_0110","video_relative_to_recording_start",rectangle,342,337,887,847,,,,"A037","Exp2_002","E2_FIXED_PROGRESSIVE",loading,,,,,1,TRUE,2700.000,2750.000,335.642853,335.692841,1920,1046,"ObjectSlot2",1,0,"video_relative_to_screen_recording_start",75.060127,260582.734,260632.719,1,75.060127,"1781613114174","../../../../../../Project/UE5/Gallery/Saved/ScreenRecordings/A037_v2_20260616_203154_screen.mkv",260582.734,260632.719,260607.719,"1781613374756","1781613374806","2026-06-16T20:36:14.755+08:00","2026-06-16T20:36:14.805+08:00",332.942841,EXP2,"exp2_target",2,2,"1:3|2:2|3:4|4:1"
"exp2_table_objects","实验二桌面四模型总体区域","Exp2_002_exp2_table_objects_0111","video_relative_to_recording_start",rectangle,0,318,1919,1022,,,,"A037","Exp2_002","E2_FIXED_PROGRESSIVE",loading,,,,,1,TRUE,2750.000,2800.000,335.692841,335.742828,1920,1046,"ObjectSlot1-4",1,1,"video_relative_to_screen_recording_start",75.060127,260632.719,260682.703,1,75.060127,"1781613114174","../../../../../../Project/UE5/Gallery/Saved/ScreenRecordings/A037_v2_20260616_203154_screen.mkv",260632.719,260682.703,260657.719,"1781613374806","1781613374856","2026-06-16T20:36:14.805+08:00","2026-06-16T20:36:14.855+08:00",332.942841,EXP2,"exp2_table",2,2,"1:3|2:2|3:4|4:1"
"exp2_target_object","实验二当前目标模型_右脸","Exp2_002_exp2_target_object_0112","video_relative_to_recording_start",rectangle,342,337,887,847,,,,"A037","Exp2_002","E2_FIXED_PROGRESSIVE",loading,,,,,1,TRUE,2750.000,2800.000,335.692841,335.742828,1920,1046,"ObjectSlot2",1,0,"video_relative_to_screen_recording_start",75.060127,260632.719,260682.703,1,75.060127,"1781613114174","../../../../../../Project/UE5/Gallery/Saved/ScreenRecordings/A037_v2_20260616_203154_screen.mkv",260632.719,260682.703,260657.719,"1781613374806","1781613374856","2026-06-16T20:36:14.805+08:00","2026-06-16T20:36:14.855+08:00",332.942841,EXP2,"exp2_target",2,2,"1:3|2:2|3:4|4:1"
"exp2_table_objects","实验二桌面四模型总体区域","Exp2_002_exp2_table_objects_0113","video_relative_to_recording_start",rectangle,0,318,1919,1022,,,,"A037","Exp2_002","E2_FIXED_PROGRESSIVE",loading,,,,,1,TRUE,2800.000,2850.000,335.742828,335.792847,1920,1046,"ObjectSlot1-4",1,1,"video_relative_to_screen_recording_start",75.060127,260682.703,260732.734,1,75.060127,"1781613114174","../../../../../../Project/UE5/Gallery/Saved/ScreenRecordings/A037_v2_20260616_203154_screen.mkv",260682.703,260732.734,260707.719,"1781613374856","1781613374906","2026-06-16T20:36:14.855+08:00","2026-06-16T20:36:14.905+08:00",332.942841,EXP2,"exp2_table",2,2,"1:3|2:2|3:4|4:1"
"exp2_target_object","实验二当前目标模型_右脸","Exp2_002_exp2_target_object_0114","video_relative_to_recording_start",rectangle,342,337,887,847,,,,"A037","Exp2_002","E2_FIXED_PROGRESSIVE",loading,,,,,1,TRUE,2800.000,2850.000,335.742828,335.792847,1920,1046,"ObjectSlot2",1,0,"video_relative_to_screen_recording_start",75.060127,260682.703,260732.734,1,75.060127,"1781613114174","../../../../../../Project/UE5/Gallery/Saved/ScreenRecordings/A037_v2_20260616_203154_screen.mkv",260682.703,260732.734,260707.719,"1781613374856","1781613374906","2026-06-16T20:36:14.855+08:00","2026-06-16T20:36:14.905+08:00",332.942841,EXP2,"exp2_target",2,2,"1:3|2:2|3:4|4:1"
"exp2_table_objects","实验二桌面四模型总体区域","Exp2_002_exp2_table_objects_0115","video_relative_to_recording_start",rectangle,0,318,1919,1022,,,,"A037","Exp2_002","E2_FIXED_PROGRESSIVE",loading,,,,,1,TRUE,2850.000,2900.000,335.792847,335.842834,1920,1046,"ObjectSlot1-4",1,1,"video_relative_to_screen_recording_start",75.060127,260732.734,260782.719,1,75.060127,"1781613114174","../../../../../../Project/UE5/Gallery/Saved/ScreenRecordings/A037_v2_20260616_203154_screen.mkv",260732.734,260782.719,260757.719,"1781613374906","1781613374956","2026-06-16T20:36:14.905+08:00","2026-06-16T20:36:14.955+08:00",332.942841,EXP2,"exp2_table",2,2,"1:3|2:2|3:4|4:1"
"exp2_target_object","实验二当前目标模型_右脸","Exp2_002_exp2_target_object_0116","video_relative_to_recording_start",rectangle,342,337,887,847,,,,"A037","Exp2_002","E2_FIXED_PROGRESSIVE",loading,,,,,1,TRUE,2850.000,2900.000,335.792847,335.842834,1920,1046,"ObjectSlot2",1,0,"video_relative_to_screen_recording_start",75.060127,260732.734,260782.719,1,75.060127,"1781613114174","../../../../../../Project/UE5/Gallery/Saved/ScreenRecordings/A037_v2_20260616_203154_screen.mkv",260732.734,260782.719,260757.719,"1781613374906","1781613374956","2026-06-16T20:36:14.905+08:00","2026-06-16T20:36:14.955+08:00",332.942841,EXP2,"exp2_target",2,2,"1:3|2:2|3:4|4:1"
"exp2_table_objects","实验二桌面四模型总体区域","Exp2_002_exp2_table_objects_0117","video_relative_to_recording_start",rectangle,0,318,1919,1022,,,,"A037","Exp2_002","E2_FIXED_PROGRESSIVE",loading,,,,,1,TRUE,2900.000,2950.000,335.842834,335.892853,1920,1046,"ObjectSlot1-4",1,1,"video_relative_to_screen_recording_start",75.060127,260782.719,260832.734,1,75.060127,"1781613114174","../../../../../../Project/UE5/Gallery/Saved/ScreenRecordings/A037_v2_20260616_203154_screen.mkv",260782.719,260832.734,260807.719,"1781613374956","1781613375006","2026-06-16T20:36:14.955+08:00","2026-06-16T20:36:15.005+08:00",332.942841,EXP2,"exp2_table",2,2,"1:3|2:2|3:4|4:1"
"exp2_target_object","实验二当前目标模型_右脸","Exp2_002_exp2_target_object_0118","video_relative_to_recording_start",rectangle,342,337,887,847,,,,"A037","Exp2_002","E2_FIXED_PROGRESSIVE",loading,,,,,1,TRUE,2900.000,2950.000,335.842834,335.892853,1920,1046,"ObjectSlot2",1,0,"video_relative_to_screen_recording_start",75.060127,260782.719,260832.734,1,75.060127,"1781613114174","../../../../../../Project/UE5/Gallery/Saved/ScreenRecordings/A037_v2_20260616_203154_screen.mkv",260782.719,260832.734,260807.719,"1781613374956","1781613375006","2026-06-16T20:36:14.955+08:00","2026-06-16T20:36:15.005+08:00",332.942841,EXP2,"exp2_target",2,2,"1:3|2:2|3:4|4:1"
"exp2_table_objects","实验二桌面四模型总体区域","Exp2_002_exp2_table_objects_0119","video_relative_to_recording_start",rectangle,0,318,1919,1022,,,,"A037","Exp2_002","E2_FIXED_PROGRESSIVE",loading,,,,,1,TRUE,2950.000,3000.000,335.892853,335.942841,1920,1046,"ObjectSlot1-4",1,1,"video_relative_to_screen_recording_start",75.060127,260832.734,260882.719,1,75.060127,"1781613114174","../../../../../../Project/UE5/Gallery/Saved/ScreenRecordings/A037_v2_20260616_203154_screen.mkv",260832.734,260882.719,260857.719,"1781613375006","1781613375056","2026-06-16T20:36:15.005+08:00","2026-06-16T20:36:15.055+08:00",332.942841,EXP2,"exp2_table",2,2,"1:3|2:2|3:4|4:1"
"exp2_target_object","实验二当前目标模型_右脸","Exp2_002_exp2_target_object_0120","video_relative_to_recording_start",rectangle,342,337,887,847,,,,"A037","Exp2_002","E2_FIXED_PROGRESSIVE",loading,,,,,1,TRUE,2950.000,3000.000,335.892853,335.942841,1920,1046,"ObjectSlot2",1,0,"video_relative_to_screen_recording_start",75.060127,260832.734,260882.719,1,75.060127,"1781613114174","../../../../../../Project/UE5/Gallery/Saved/ScreenRecordings/A037_v2_20260616_203154_screen.mkv",260832.734,260882.719,260857.719,"1781613375006","1781613375056","2026-06-16T20:36:15.005+08:00","2026-06-16T20:36:15.055+08:00",332.942841,EXP2,"exp2_target",2,2,"1:3|2:2|3:4|4:1"
"exp2_table_objects","实验二桌面四模型总体区域","Exp2_002_exp2_table_objects_0121","video_relative_to_recording_start",rectangle,0,318,1919,1022,,,,"A037","Exp2_002","E2_FIXED_PROGRESSIVE",loading,,,,,1,TRUE,3000.000,3050.000,335.942841,335.992828,1920,1046,"ObjectSlot1-4",1,1,"video_relative_to_screen_recording_start",75.060127,260882.719,260932.703,1,75.060127,"1781613114174","../../../../../../Project/UE5/Gallery/Saved/ScreenRecordings/A037_v2_20260616_203154_screen.mkv",260882.719,260932.703,260907.719,"1781613375056","1781613375106","2026-06-16T20:36:15.055+08:00","2026-06-16T20:36:15.105+08:00",332.942841,EXP2,"exp2_table",2,2,"1:3|2:2|3:4|4:1"
"exp2_target_object","实验二当前目标模型_右脸","Exp2_002_exp2_target_object_0122","video_relative_to_recording_start",rectangle,342,337,887,847,,,,"A037","Exp2_002","E2_FIXED_PROGRESSIVE",loading,,,,,1,TRUE,3000.000,3050.000,335.942841,335.992828,1920,1046,"ObjectSlot2",1,0,"video_relative_to_screen_recording_start",75.060127,260882.719,260932.703,1,75.060127,"1781613114174","../../../../../../Project/UE5/Gallery/Saved/ScreenRecordings/A037_v2_20260616_203154_screen.mkv",260882.719,260932.703,260907.719,"1781613375056","1781613375106","2026-06-16T20:36:15.055+08:00","2026-06-16T20:36:15.105+08:00",332.942841,EXP2,"exp2_target",2,2,"1:3|2:2|3:4|4:1"
"exp2_table_objects","实验二桌面四模型总体区域","Exp2_002_exp2_table_objects_0123","video_relative_to_recording_start",rectangle,0,318,1919,1022,,,,"A037","Exp2_002","E2_FIXED_PROGRESSIVE",loading,,,,,1,TRUE,3050.000,3100.000,335.992828,336.042847,1920,1046,"ObjectSlot1-4",1,1,"video_relative_to_screen_recording_start",75.060127,260932.703,260982.734,1,75.060127,"1781613114174","../../../../../../Project/UE5/Gallery/Saved/ScreenRecordings/A037_v2_20260616_203154_screen.mkv",260932.703,260982.734,260957.719,"1781613375106","1781613375156","2026-06-16T20:36:15.105+08:00","2026-06-16T20:36:15.155+08:00",332.942841,EXP2,"exp2_table",2,2,"1:3|2:2|3:4|4:1"
"exp2_target_object","实验二当前目标模型_右脸","Exp2_002_exp2_target_object_0124","video_relative_to_recording_start",rectangle,342,337,887,847,,,,"A037","Exp2_002","E2_FIXED_PROGRESSIVE",loading,,,,,1,TRUE,3050.000,3100.000,335.992828,336.042847,1920,1046,"ObjectSlot2",1,0,"video_relative_to_screen_recording_start",75.060127,260932.703,260982.734,1,75.060127,"1781613114174","../../../../../../Project/UE5/Gallery/Saved/ScreenRecordings/A037_v2_20260616_203154_screen.mkv",260932.703,260982.734,260957.719,"1781613375106","1781613375156","2026-06-16T20:36:15.105+08:00","2026-06-16T20:36:15.155+08:00",332.942841,EXP2,"exp2_target",2,2,"1:3|2:2|3:4|4:1"
"exp2_table_objects","实验二桌面四模型总体区域","Exp2_002_exp2_table_objects_0125","video_relative_to_recording_start",rectangle,0,318,1919,1022,,,,"A037","Exp2_002","E2_FIXED_PROGRESSIVE",loading,,,,,1,TRUE,3100.000,3150.000,336.042847,336.092834,1920,1046,"ObjectSlot1-4",1,1,"video_relative_to_screen_recording_start",75.060127,260982.734,261032.719,1,75.060127,"1781613114174","../../../../../../Project/UE5/Gallery/Saved/ScreenRecordings/A037_v2_20260616_203154_screen.mkv",260982.734,261032.719,261007.719,"1781613375156","1781613375206","2026-06-16T20:36:15.155+08:00","2026-06-16T20:36:15.205+08:00",332.942841,EXP2,"exp2_table",2,2,"1:3|2:2|3:4|4:1"
"exp2_target_object","实验二当前目标模型_右脸","Exp2_002_exp2_target_object_0126","video_relative_to_recording_start",rectangle,342,337,887,847,,,,"A037","Exp2_002","E2_FIXED_PROGRESSIVE",loading,,,,,1,TRUE,3100.000,3150.000,336.042847,336.092834,1920,1046,"ObjectSlot2",1,0,"video_relative_to_screen_recording_start",75.060127,260982.734,261032.719,1,75.060127,"1781613114174","../../../../../../Project/UE5/Gallery/Saved/ScreenRecordings/A037_v2_20260616_203154_screen.mkv",260982.734,261032.719,261007.719,"1781613375156","1781613375206","2026-06-16T20:36:15.155+08:00","2026-06-16T20:36:15.205+08:00",332.942841,EXP2,"exp2_target",2,2,"1:3|2:2|3:4|4:1"
"exp2_table_objects","实验二桌面四模型总体区域","Exp2_002_exp2_table_objects_0127","video_relative_to_recording_start",rectangle,0,318,1919,1022,,,,"A037","Exp2_002","E2_FIXED_PROGRESSIVE",loading,,,,,1,TRUE,3150.000,3200.000,336.092834,336.142853,1920,1046,"ObjectSlot1-4",1,1,"video_relative_to_screen_recording_start",75.060127,261032.719,261082.734,1,75.060127,"1781613114174","../../../../../../Project/UE5/Gallery/Saved/ScreenRecordings/A037_v2_20260616_203154_screen.mkv",261032.719,261082.734,261057.719,"1781613375206","1781613375256","2026-06-16T20:36:15.205+08:00","2026-06-16T20:36:15.255+08:00",332.942841,EXP2,"exp2_table",2,2,"1:3|2:2|3:4|4:1"
"exp2_target_object","实验二当前目标模型_右脸","Exp2_002_exp2_target_object_0128","video_relative_to_recording_start",rectangle,342,337,887,847,,,,"A037","Exp2_002","E2_FIXED_PROGRESSIVE",loading,,,,,1,TRUE,3150.000,3200.000,336.092834,336.142853,1920,1046,"ObjectSlot2",1,0,"video_relative_to_screen_recording_start",75.060127,261032.719,261082.734,1,75.060127,"1781613114174","../../../../../../Project/UE5/Gallery/Saved/ScreenRecordings/A037_v2_20260616_203154_screen.mkv",261032.719,261082.734,261057.719,"1781613375206","1781613375256","2026-06-16T20:36:15.205+08:00","2026-06-16T20:36:15.255+08:00",332.942841,EXP2,"exp2_target",2,2,"1:3|2:2|3:4|4:1"
"exp2_table_objects","实验二桌面四模型总体区域","Exp2_002_exp2_table_objects_0129","video_relative_to_recording_start",rectangle,0,318,1919,1022,,,,"A037","Exp2_002","E2_FIXED_PROGRESSIVE",loading,,,,,1,TRUE,3200.000,3250.000,336.142853,336.192841,1920,1046,"ObjectSlot1-4",1,1,"video_relative_to_screen_recording_start",75.060127,261082.734,261132.719,1,75.060127,"1781613114174","../../../../../../Project/UE5/Gallery/Saved/ScreenRecordings/A037_v2_20260616_203154_screen.mkv",261082.734,261132.719,261107.719,"1781613375256","1781613375306","2026-06-16T20:36:15.255+08:00","2026-06-16T20:36:15.305+08:00",332.942841,EXP2,"exp2_table",2,2,"1:3|2:2|3:4|4:1"
"exp2_target_object","实验二当前目标模型_右脸","Exp2_002_exp2_target_object_0130","video_relative_to_recording_start",rectangle,342,337,887,847,,,,"A037","Exp2_002","E2_FIXED_PROGRESSIVE",loading,,,,,1,TRUE,3200.000,3250.000,336.142853,336.192841,1920,1046,"ObjectSlot2",1,0,"video_relative_to_screen_recording_start",75.060127,261082.734,261132.719,1,75.060127,"1781613114174","../../../../../../Project/UE5/Gallery/Saved/ScreenRecordings/A037_v2_20260616_203154_screen.mkv",261082.734,261132.719,261107.719,"1781613375256","1781613375306","2026-06-16T20:36:15.255+08:00","2026-06-16T20:36:15.305+08:00",332.942841,EXP2,"exp2_target",2,2,"1:3|2:2|3:4|4:1"
"exp2_table_objects","实验二桌面四模型总体区域","Exp2_002_exp2_table_objects_0131","video_relative_to_recording_start",rectangle,0,318,1919,1022,,,,"A037","Exp2_002","E2_FIXED_PROGRESSIVE",loading,,,,,1,TRUE,3250.000,3300.000,336.192841,336.242828,1920,1046,"ObjectSlot1-4",1,1,"video_relative_to_screen_recording_start",75.060127,261132.719,261182.703,1,75.060127,"1781613114174","../../../../../../Project/UE5/Gallery/Saved/ScreenRecordings/A037_v2_20260616_203154_screen.mkv",261132.719,261182.703,261157.719,"1781613375306","1781613375356","2026-06-16T20:36:15.305+08:00","2026-06-16T20:36:15.355+08:00",332.942841,EXP2,"exp2_table",2,2,"1:3|2:2|3:4|4:1"
"exp2_target_object","实验二当前目标模型_右脸","Exp2_002_exp2_target_object_0132","video_relative_to_recording_start",rectangle,342,337,887,847,,,,"A037","Exp2_002","E2_FIXED_PROGRESSIVE",loading,,,,,1,TRUE,3250.000,3300.000,336.192841,336.242828,1920,1046,"ObjectSlot2",1,0,"video_relative_to_screen_recording_start",75.060127,261132.719,261182.703,1,75.060127,"1781613114174","../../../../../../Project/UE5/Gallery/Saved/ScreenRecordings/A037_v2_20260616_203154_screen.mkv",261132.719,261182.703,261157.719,"1781613375306","1781613375356","2026-06-16T20:36:15.305+08:00","2026-06-16T20:36:15.355+08:00",332.942841,EXP2,"exp2_target",2,2,"1:3|2:2|3:4|4:1"
"exp2_table_objects","实验二桌面四模型总体区域","Exp2_002_exp2_table_objects_0133","video_relative_to_recording_start",rectangle,0,318,1919,1022,,,,"A037","Exp2_002","E2_FIXED_PROGRESSIVE",loading,,,,,1,TRUE,3300.000,3350.000,336.242828,336.292847,1920,1046,"ObjectSlot1-4",1,1,"video_relative_to_screen_recording_start",75.060127,261182.703,261232.734,1,75.060127,"1781613114174","../../../../../../Project/UE5/Gallery/Saved/ScreenRecordings/A037_v2_20260616_203154_screen.mkv",261182.703,261232.734,261207.719,"1781613375356","1781613375406","2026-06-16T20:36:15.355+08:00","2026-06-16T20:36:15.405+08:00",332.942841,EXP2,"exp2_table",2,2,"1:3|2:2|3:4|4:1"
"exp2_target_object","实验二当前目标模型_右脸","Exp2_002_exp2_target_object_0134","video_relative_to_recording_start",rectangle,342,337,887,847,,,,"A037","Exp2_002","E2_FIXED_PROGRESSIVE",loading,,,,,1,TRUE,3300.000,3350.000,336.242828,336.292847,1920,1046,"ObjectSlot2",1,0,"video_relative_to_screen_recording_start",75.060127,261182.703,261232.734,1,75.060127,"1781613114174","../../../../../../Project/UE5/Gallery/Saved/ScreenRecordings/A037_v2_20260616_203154_screen.mkv",261182.703,261232.734,261207.719,"1781613375356","1781613375406","2026-06-16T20:36:15.355+08:00","2026-06-16T20:36:15.405+08:00",332.942841,EXP2,"exp2_target",2,2,"1:3|2:2|3:4|4:1"
"exp2_table_objects","实验二桌面四模型总体区域","Exp2_002_exp2_table_objects_0135","video_relative_to_recording_start",rectangle,0,318,1919,1022,,,,"A037","Exp2_002","E2_FIXED_PROGRESSIVE",loading,,,,,1,TRUE,3350.000,3400.000,336.292847,336.342834,1920,1046,"ObjectSlot1-4",1,1,"video_relative_to_screen_recording_start",75.060127,261232.734,261282.719,1,75.060127,"1781613114174","../../../../../../Project/UE5/Gallery/Saved/ScreenRecordings/A037_v2_20260616_203154_screen.mkv",261232.734,261282.719,261257.719,"1781613375406","1781613375456","2026-06-16T20:36:15.405+08:00","2026-06-16T20:36:15.455+08:00",332.942841,EXP2,"exp2_table",2,2,"1:3|2:2|3:4|4:1"
"exp2_target_object","实验二当前目标模型_右脸","Exp2_002_exp2_target_object_0136","video_relative_to_recording_start",rectangle,342,337,887,847,,,,"A037","Exp2_002","E2_FIXED_PROGRESSIVE",loading,,,,,1,TRUE,3350.000,3400.000,336.292847,336.342834,1920,1046,"ObjectSlot2",1,0,"video_relative_to_screen_recording_start",75.060127,261232.734,261282.719,1,75.060127,"1781613114174","../../../../../../Project/UE5/Gallery/Saved/ScreenRecordings/A037_v2_20260616_203154_screen.mkv",261232.734,261282.719,261257.719,"1781613375406","1781613375456","2026-06-16T20:36:15.405+08:00","2026-06-16T20:36:15.455+08:00",332.942841,EXP2,"exp2_target",2,2,"1:3|2:2|3:4|4:1"
"exp2_table_objects","实验二桌面四模型总体区域","Exp2_002_exp2_table_objects_0137","video_relative_to_recording_start",rectangle,0,318,1919,1022,,,,"A037","Exp2_002","E2_FIXED_PROGRESSIVE",loading,,,,,1,TRUE,3400.000,3450.000,336.342834,336.392853,1920,1046,"ObjectSlot1-4",1,1,"video_relative_to_screen_recording_start",75.060127,261282.719,261332.734,1,75.060127,"1781613114174","../../../../../../Project/UE5/Gallery/Saved/ScreenRecordings/A037_v2_20260616_203154_screen.mkv",261282.719,261332.734,261307.719,"1781613375456","1781613375506","2026-06-16T20:36:15.455+08:00","2026-06-16T20:36:15.505+08:00",332.942841,EXP2,"exp2_table",2,2,"1:3|2:2|3:4|4:1"
"exp2_target_object","实验二当前目标模型_右脸","Exp2_002_exp2_target_object_0138","video_relative_to_recording_start",rectangle,342,337,887,847,,,,"A037","Exp2_002","E2_FIXED_PROGRESSIVE",loading,,,,,1,TRUE,3400.000,3450.000,336.342834,336.392853,1920,1046,"ObjectSlot2",1,0,"video_relative_to_screen_recording_start",75.060127,261282.719,261332.734,1,75.060127,"1781613114174","../../../../../../Project/UE5/Gallery/Saved/ScreenRecordings/A037_v2_20260616_203154_screen.mkv",261282.719,261332.734,261307.719,"1781613375456","1781613375506","2026-06-16T20:36:15.455+08:00","2026-06-16T20:36:15.505+08:00",332.942841,EXP2,"exp2_target",2,2,"1:3|2:2|3:4|4:1"
"exp2_table_objects","实验二桌面四模型总体区域","Exp2_002_exp2_table_objects_0139","video_relative_to_recording_start",rectangle,0,318,1919,1022,,,,"A037","Exp2_002","E2_FIXED_PROGRESSIVE",loading,,,,,1,TRUE,3450.000,3500.000,336.392853,336.442841,1920,1046,"ObjectSlot1-4",1,1,"video_relative_to_screen_recording_start",75.060127,261332.734,261382.719,1,75.060127,"1781613114174","../../../../../../Project/UE5/Gallery/Saved/ScreenRecordings/A037_v2_20260616_203154_screen.mkv",261332.734,261382.719,261357.719,"1781613375506","1781613375556","2026-06-16T20:36:15.505+08:00","2026-06-16T20:36:15.555+08:00",332.942841,EXP2,"exp2_table",2,2,"1:3|2:2|3:4|4:1"
"exp2_target_object","实验二当前目标模型_右脸","Exp2_002_exp2_target_object_0140","video_relative_to_recording_start",rectangle,342,337,887,847,,,,"A037","Exp2_002","E2_FIXED_PROGRESSIVE",loading,,,,,1,TRUE,3450.000,3500.000,336.392853,336.442841,1920,1046,"ObjectSlot2",1,0,"video_relative_to_screen_recording_start",75.060127,261332.734,261382.719,1,75.060127,"1781613114174","../../../../../../Project/UE5/Gallery/Saved/ScreenRecordings/A037_v2_20260616_203154_screen.mkv",261332.734,261382.719,261357.719,"1781613375506","1781613375556","2026-06-16T20:36:15.505+08:00","2026-06-16T20:36:15.555+08:00",332.942841,EXP2,"exp2_target",2,2,"1:3|2:2|3:4|4:1"
"exp2_table_objects","实验二桌面四模型总体区域","Exp2_002_exp2_table_objects_0141","video_relative_to_recording_start",rectangle,0,318,1919,1022,,,,"A037","Exp2_002","E2_FIXED_PROGRESSIVE",loading,,,,,1,TRUE,3500.000,3550.000,336.442841,336.492828,1920,1046,"ObjectSlot1-4",1,1,"video_relative_to_screen_recording_start",75.060127,261382.719,261432.703,1,75.060127,"1781613114174","../../../../../../Project/UE5/Gallery/Saved/ScreenRecordings/A037_v2_20260616_203154_screen.mkv",261382.719,261432.703,261407.719,"1781613375556","1781613375606","2026-06-16T20:36:15.555+08:00","2026-06-16T20:36:15.605+08:00",332.942841,EXP2,"exp2_table",2,2,"1:3|2:2|3:4|4:1"
"exp2_target_object","实验二当前目标模型_右脸","Exp2_002_exp2_target_object_0142","video_relative_to_recording_start",rectangle,342,337,887,847,,,,"A037","Exp2_002","E2_FIXED_PROGRESSIVE",loading,,,,,1,TRUE,3500.000,3550.000,336.442841,336.492828,1920,1046,"ObjectSlot2",1,0,"video_relative_to_screen_recording_start",75.060127,261382.719,261432.703,1,75.060127,"1781613114174","../../../../../../Project/UE5/Gallery/Saved/ScreenRecordings/A037_v2_20260616_203154_screen.mkv",261382.719,261432.703,261407.719,"1781613375556","1781613375606","2026-06-16T20:36:15.555+08:00","2026-06-16T20:36:15.605+08:00",332.942841,EXP2,"exp2_target",2,2,"1:3|2:2|3:4|4:1"
"exp2_table_objects","实验二桌面四模型总体区域","Exp2_002_exp2_table_objects_0143","video_relative_to_recording_start",rectangle,0,318,1919,1022,,,,"A037","Exp2_002","E2_FIXED_PROGRESSIVE",loading,,,,,1,TRUE,3550.000,3600.000,336.492828,336.542847,1920,1046,"ObjectSlot1-4",1,1,"video_relative_to_screen_recording_start",75.060127,261432.703,261482.734,1,75.060127,"1781613114174","../../../../../../Project/UE5/Gallery/Saved/ScreenRecordings/A037_v2_20260616_203154_screen.mkv",261432.703,261482.734,261457.719,"1781613375606","1781613375656","2026-06-16T20:36:15.605+08:00","2026-06-16T20:36:15.655+08:00",332.942841,EXP2,"exp2_table",2,2,"1:3|2:2|3:4|4:1"
"exp2_target_object","实验二当前目标模型_右脸","Exp2_002_exp2_target_object_0144","video_relative_to_recording_start",rectangle,342,337,887,847,,,,"A037","Exp2_002","E2_FIXED_PROGRESSIVE",loading,,,,,1,TRUE,3550.000,3600.000,336.492828,336.542847,1920,1046,"ObjectSlot2",1,0,"video_relative_to_screen_recording_start",75.060127,261432.703,261482.734,1,75.060127,"1781613114174","../../../../../../Project/UE5/Gallery/Saved/ScreenRecordings/A037_v2_20260616_203154_screen.mkv",261432.703,261482.734,261457.719,"1781613375606","1781613375656","2026-06-16T20:36:15.605+08:00","2026-06-16T20:36:15.655+08:00",332.942841,EXP2,"exp2_target",2,2,"1:3|2:2|3:4|4:1"
"exp2_table_objects","实验二桌面四模型总体区域","Exp2_002_exp2_table_objects_0145","video_relative_to_recording_start",rectangle,0,318,1919,1022,,,,"A037","Exp2_002","E2_FIXED_PROGRESSIVE",loading,,,,,1,TRUE,3600.000,3650.000,336.542847,336.592834,1920,1046,"ObjectSlot1-4",1,1,"video_relative_to_screen_recording_start",75.060127,261482.734,261532.719,1,75.060127,"1781613114174","../../../../../../Project/UE5/Gallery/Saved/ScreenRecordings/A037_v2_20260616_203154_screen.mkv",261482.734,261532.719,261507.719,"1781613375656","1781613375706","2026-06-16T20:36:15.655+08:00","2026-06-16T20:36:15.705+08:00",332.942841,EXP2,"exp2_table",2,2,"1:3|2:2|3:4|4:1"
"exp2_target_object","实验二当前目标模型_右脸","Exp2_002_exp2_target_object_0146","video_relative_to_recording_start",rectangle,342,337,887,847,,,,"A037","Exp2_002","E2_FIXED_PROGRESSIVE",loading,,,,,1,TRUE,3600.000,3650.000,336.542847,336.592834,1920,1046,"ObjectSlot2",1,0,"video_relative_to_screen_recording_start",75.060127,261482.734,261532.719,1,75.060127,"1781613114174","../../../../../../Project/UE5/Gallery/Saved/ScreenRecordings/A037_v2_20260616_203154_screen.mkv",261482.734,261532.719,261507.719,"1781613375656","1781613375706","2026-06-16T20:36:15.655+08:00","2026-06-16T20:36:15.705+08:00",332.942841,EXP2,"exp2_target",2,2,"1:3|2:2|3:4|4:1"
"exp2_table_objects","实验二桌面四模型总体区域","Exp2_002_exp2_table_objects_0147","video_relative_to_recording_start",rectangle,0,318,1919,1022,,,,"A037","Exp2_002","E2_FIXED_PROGRESSIVE",loading,,,,,1,TRUE,3650.000,3700.000,336.592834,336.642853,1920,1046,"ObjectSlot1-4",1,1,"video_relative_to_screen_recording_start",75.060127,261532.719,261582.734,1,75.060127,"1781613114174","../../../../../../Project/UE5/Gallery/Saved/ScreenRecordings/A037_v2_20260616_203154_screen.mkv",261532.719,261582.734,261557.719,"1781613375706","1781613375756","2026-06-16T20:36:15.705+08:00","2026-06-16T20:36:15.755+08:00",332.942841,EXP2,"exp2_table",2,2,"1:3|2:2|3:4|4:1"
"exp2_target_object","实验二当前目标模型_右脸","Exp2_002_exp2_target_object_0148","video_relative_to_recording_start",rectangle,342,337,887,847,,,,"A037","Exp2_002","E2_FIXED_PROGRESSIVE",loading,,,,,1,TRUE,3650.000,3700.000,336.592834,336.642853,1920,1046,"ObjectSlot2",1,0,"video_relative_to_screen_recording_start",75.060127,261532.719,261582.734,1,75.060127,"1781613114174","../../../../../../Project/UE5/Gallery/Saved/ScreenRecordings/A037_v2_20260616_203154_screen.mkv",261532.719,261582.734,261557.719,"1781613375706","1781613375756","2026-06-16T20:36:15.705+08:00","2026-06-16T20:36:15.755+08:00",332.942841,EXP2,"exp2_target",2,2,"1:3|2:2|3:4|4:1"
"exp2_table_objects","实验二桌面四模型总体区域","Exp2_002_exp2_table_objects_0149","video_relative_to_recording_start",rectangle,0,318,1919,1022,,,,"A037","Exp2_002","E2_FIXED_PROGRESSIVE",loading,,,,,1,TRUE,3700.000,3750.000,336.642853,336.692841,1920,1046,"ObjectSlot1-4",1,1,"video_relative_to_screen_recording_start",75.060127,261582.734,261632.719,1,75.060127,"1781613114174","../../../../../../Project/UE5/Gallery/Saved/ScreenRecordings/A037_v2_20260616_203154_screen.mkv",261582.734,261632.719,261607.719,"1781613375756","1781613375806","2026-06-16T20:36:15.755+08:00","2026-06-16T20:36:15.805+08:00",332.942841,EXP2,"exp2_table",2,2,"1:3|2:2|3:4|4:1"
"exp2_target_object","实验二当前目标模型_右脸","Exp2_002_exp2_target_object_0150","video_relative_to_recording_start",rectangle,342,337,887,847,,,,"A037","Exp2_002","E2_FIXED_PROGRESSIVE",loading,,,,,1,TRUE,3700.000,3750.000,336.642853,336.692841,1920,1046,"ObjectSlot2",1,0,"video_relative_to_screen_recording_start",75.060127,261582.734,261632.719,1,75.060127,"1781613114174","../../../../../../Project/UE5/Gallery/Saved/ScreenRecordings/A037_v2_20260616_203154_screen.mkv",261582.734,261632.719,261607.719,"1781613375756","1781613375806","2026-06-16T20:36:15.755+08:00","2026-06-16T20:36:15.805+08:00",332.942841,EXP2,"exp2_target",2,2,"1:3|2:2|3:4|4:1"
"exp2_table_objects","实验二桌面四模型总体区域","Exp2_002_exp2_table_objects_0151","video_relative_to_recording_start",rectangle,0,318,1919,1022,,,,"A037","Exp2_002","E2_FIXED_PROGRESSIVE",loading,,,,,1,TRUE,3750.000,3800.000,336.692841,336.742828,1920,1046,"ObjectSlot1-4",1,1,"video_relative_to_screen_recording_start",75.060127,261632.719,261682.703,1,75.060127,"1781613114174","../../../../../../Project/UE5/Gallery/Saved/ScreenRecordings/A037_v2_20260616_203154_screen.mkv",261632.719,261682.703,261657.719,"1781613375806","1781613375856","2026-06-16T20:36:15.805+08:00","2026-06-16T20:36:15.855+08:00",332.942841,EXP2,"exp2_table",2,2,"1:3|2:2|3:4|4:1"
"exp2_target_object","实验二当前目标模型_右脸","Exp2_002_exp2_target_object_0152","video_relative_to_recording_start",rectangle,342,337,887,847,,,,"A037","Exp2_002","E2_FIXED_PROGRESSIVE",loading,,,,,1,TRUE,3750.000,3800.000,336.692841,336.742828,1920,1046,"ObjectSlot2",1,0,"video_relative_to_screen_recording_start",75.060127,261632.719,261682.703,1,75.060127,"1781613114174","../../../../../../Project/UE5/Gallery/Saved/ScreenRecordings/A037_v2_20260616_203154_screen.mkv",261632.719,261682.703,261657.719,"1781613375806","1781613375856","2026-06-16T20:36:15.805+08:00","2026-06-16T20:36:15.855+08:00",332.942841,EXP2,"exp2_target",2,2,"1:3|2:2|3:4|4:1"
"exp2_table_objects","实验二桌面四模型总体区域","Exp2_002_exp2_table_objects_0153","video_relative_to_recording_start",rectangle,0,318,1919,1022,,,,"A037","Exp2_002","E2_FIXED_PROGRESSIVE",loading,,,,,1,TRUE,3800.000,3850.000,336.742828,336.792847,1920,1046,"ObjectSlot1-4",1,1,"video_relative_to_screen_recording_start",75.060127,261682.703,261732.734,1,75.060127,"1781613114174","../../../../../../Project/UE5/Gallery/Saved/ScreenRecordings/A037_v2_20260616_203154_screen.mkv",261682.703,261732.734,261707.719,"1781613375856","1781613375906","2026-06-16T20:36:15.855+08:00","2026-06-16T20:36:15.905+08:00",332.942841,EXP2,"exp2_table",2,2,"1:3|2:2|3:4|4:1"
"exp2_target_object","实验二当前目标模型_右脸","Exp2_002_exp2_target_object_0154","video_relative_to_recording_start",rectangle,342,337,887,847,,,,"A037","Exp2_002","E2_FIXED_PROGRESSIVE",loading,,,,,1,TRUE,3800.000,3850.000,336.742828,336.792847,1920,1046,"ObjectSlot2",1,0,"video_relative_to_screen_recording_start",75.060127,261682.703,261732.734,1,75.060127,"1781613114174","../../../../../../Project/UE5/Gallery/Saved/ScreenRecordings/A037_v2_20260616_203154_screen.mkv",261682.703,261732.734,261707.719,"1781613375856","1781613375906","2026-06-16T20:36:15.855+08:00","2026-06-16T20:36:15.905+08:00",332.942841,EXP2,"exp2_target",2,2,"1:3|2:2|3:4|4:1"
"exp2_table_objects","实验二桌面四模型总体区域","Exp2_002_exp2_table_objects_0155","video_relative_to_recording_start",rectangle,0,318,1919,1022,,,,"A037","Exp2_002","E2_FIXED_PROGRESSIVE",loading,,,,,1,TRUE,3850.000,3900.000,336.792847,336.842834,1920,1046,"ObjectSlot1-4",1,1,"video_relative_to_screen_recording_start",75.060127,261732.734,261782.719,1,75.060127,"1781613114174","../../../../../../Project/UE5/Gallery/Saved/ScreenRecordings/A037_v2_20260616_203154_screen.mkv",261732.734,261782.719,261757.719,"1781613375906","1781613375956","2026-06-16T20:36:15.905+08:00","2026-06-16T20:36:15.955+08:00",332.942841,EXP2,"exp2_table",2,2,"1:3|2:2|3:4|4:1"
"exp2_target_object","实验二当前目标模型_右脸","Exp2_002_exp2_target_object_0156","video_relative_to_recording_start",rectangle,342,337,887,847,,,,"A037","Exp2_002","E2_FIXED_PROGRESSIVE",loading,,,,,1,TRUE,3850.000,3900.000,336.792847,336.842834,1920,1046,"ObjectSlot2",1,0,"video_relative_to_screen_recording_start",75.060127,261732.734,261782.719,1,75.060127,"1781613114174","../../../../../../Project/UE5/Gallery/Saved/ScreenRecordings/A037_v2_20260616_203154_screen.mkv",261732.734,261782.719,261757.719,"1781613375906","1781613375956","2026-06-16T20:36:15.905+08:00","2026-06-16T20:36:15.955+08:00",332.942841,EXP2,"exp2_target",2,2,"1:3|2:2|3:4|4:1"
"exp2_table_objects","实验二桌面四模型总体区域","Exp2_002_exp2_table_objects_0157","video_relative_to_recording_start",rectangle,0,318,1919,1022,,,,"A037","Exp2_002","E2_FIXED_PROGRESSIVE",loading,,,,,1,TRUE,3900.000,3950.000,336.842834,336.892853,1920,1046,"ObjectSlot1-4",1,1,"video_relative_to_screen_recording_start",75.060127,261782.719,261832.734,1,75.060127,"1781613114174","../../../../../../Project/UE5/Gallery/Saved/ScreenRecordings/A037_v2_20260616_203154_screen.mkv",261782.719,261832.734,261807.719,"1781613375956","1781613376006","2026-06-16T20:36:15.955+08:00","2026-06-16T20:36:16.005+08:00",332.942841,EXP2,"exp2_table",2,2,"1:3|2:2|3:4|4:1"
"exp2_target_object","实验二当前目标模型_右脸","Exp2_002_exp2_target_object_0158","video_relative_to_recording_start",rectangle,342,337,887,847,,,,"A037","Exp2_002","E2_FIXED_PROGRESSIVE",loading,,,,,1,TRUE,3900.000,3950.000,336.842834,336.892853,1920,1046,"ObjectSlot2",1,0,"video_relative_to_screen_recording_start",75.060127,261782.719,261832.734,1,75.060127,"1781613114174","../../../../../../Project/UE5/Gallery/Saved/ScreenRecordings/A037_v2_20260616_203154_screen.mkv",261782.719,261832.734,261807.719,"1781613375956","1781613376006","2026-06-16T20:36:15.955+08:00","2026-06-16T20:36:16.005+08:00",332.942841,EXP2,"exp2_target",2,2,"1:3|2:2|3:4|4:1"
"exp2_table_objects","实验二桌面四模型总体区域","Exp2_002_exp2_table_objects_0159","video_relative_to_recording_start",rectangle,0,319,1919,1022,,,,"A037","Exp2_002","E2_FIXED_PROGRESSIVE",loading,,,,,1,TRUE,3950.000,4000.000,336.892853,336.942841,1920,1046,"ObjectSlot1-4",1,1,"video_relative_to_screen_recording_start",75.060127,261832.734,261882.719,1,75.060127,"1781613114174","../../../../../../Project/UE5/Gallery/Saved/ScreenRecordings/A037_v2_20260616_203154_screen.mkv",261832.734,261882.719,261857.719,"1781613376006","1781613376056","2026-06-16T20:36:16.005+08:00","2026-06-16T20:36:16.055+08:00",332.942841,EXP2,"exp2_table",2,2,"1:3|2:2|3:4|4:1"
"exp2_target_object","实验二当前目标模型_右脸","Exp2_002_exp2_target_object_0160","video_relative_to_recording_start",rectangle,342,337,886,847,,,,"A037","Exp2_002","E2_FIXED_PROGRESSIVE",loading,,,,,1,TRUE,3950.000,4000.000,336.892853,336.942841,1920,1046,"ObjectSlot2",1,0,"video_relative_to_screen_recording_start",75.060127,261832.734,261882.719,1,75.060127,"1781613114174","../../../../../../Project/UE5/Gallery/Saved/ScreenRecordings/A037_v2_20260616_203154_screen.mkv",261832.734,261882.719,261857.719,"1781613376006","1781613376056","2026-06-16T20:36:16.005+08:00","2026-06-16T20:36:16.055+08:00",332.942841,EXP2,"exp2_target",2,2,"1:3|2:2|3:4|4:1"
"exp2_table_objects","实验二桌面四模型总体区域","Exp2_002_exp2_table_objects_0161","video_relative_to_recording_start",rectangle,0,319,1919,1022,,,,"A037","Exp2_002","E2_FIXED_PROGRESSIVE",loading,,,,,1,TRUE,4000.000,4050.000,336.942841,336.992828,1920,1046,"ObjectSlot1-4",1,1,"video_relative_to_screen_recording_start",75.060127,261882.719,261932.703,1,75.060127,"1781613114174","../../../../../../Project/UE5/Gallery/Saved/ScreenRecordings/A037_v2_20260616_203154_screen.mkv",261882.719,261932.703,261907.719,"1781613376056","1781613376106","2026-06-16T20:36:16.055+08:00","2026-06-16T20:36:16.105+08:00",332.942841,EXP2,"exp2_table",2,2,"1:3|2:2|3:4|4:1"
"exp2_target_object","实验二当前目标模型_右脸","Exp2_002_exp2_target_object_0162","video_relative_to_recording_start",rectangle,342,337,886,847,,,,"A037","Exp2_002","E2_FIXED_PROGRESSIVE",loading,,,,,1,TRUE,4000.000,4050.000,336.942841,336.992828,1920,1046,"ObjectSlot2",1,0,"video_relative_to_screen_recording_start",75.060127,261882.719,261932.703,1,75.060127,"1781613114174","../../../../../../Project/UE5/Gallery/Saved/ScreenRecordings/A037_v2_20260616_203154_screen.mkv",261882.719,261932.703,261907.719,"1781613376056","1781613376106","2026-06-16T20:36:16.055+08:00","2026-06-16T20:36:16.105+08:00",332.942841,EXP2,"exp2_target",2,2,"1:3|2:2|3:4|4:1"
"exp2_table_objects","实验二桌面四模型总体区域","Exp2_002_exp2_table_objects_0163","video_relative_to_recording_start",rectangle,0,319,1919,1022,,,,"A037","Exp2_002","E2_FIXED_PROGRESSIVE",loading,,,,,1,TRUE,4050.000,4100.000,336.992828,337.042847,1920,1046,"ObjectSlot1-4",1,1,"video_relative_to_screen_recording_start",75.060127,261932.703,261982.734,1,75.060127,"1781613114174","../../../../../../Project/UE5/Gallery/Saved/ScreenRecordings/A037_v2_20260616_203154_screen.mkv",261932.703,261982.734,261957.719,"1781613376106","1781613376156","2026-06-16T20:36:16.105+08:00","2026-06-16T20:36:16.155+08:00",332.942841,EXP2,"exp2_table",2,2,"1:3|2:2|3:4|4:1"
"exp2_target_object","实验二当前目标模型_右脸","Exp2_002_exp2_target_object_0164","video_relative_to_recording_start",rectangle,342,337,886,847,,,,"A037","Exp2_002","E2_FIXED_PROGRESSIVE",loading,,,,,1,TRUE,4050.000,4100.000,336.992828,337.042847,1920,1046,"ObjectSlot2",1,0,"video_relative_to_screen_recording_start",75.060127,261932.703,261982.734,1,75.060127,"1781613114174","../../../../../../Project/UE5/Gallery/Saved/ScreenRecordings/A037_v2_20260616_203154_screen.mkv",261932.703,261982.734,261957.719,"1781613376106","1781613376156","2026-06-16T20:36:16.105+08:00","2026-06-16T20:36:16.155+08:00",332.942841,EXP2,"exp2_target",2,2,"1:3|2:2|3:4|4:1"
"exp2_table_objects","实验二桌面四模型总体区域","Exp2_002_exp2_table_objects_0165","video_relative_to_recording_start",rectangle,0,319,1919,1022,,,,"A037","Exp2_002","E2_FIXED_PROGRESSIVE",loading,,,,,1,TRUE,4100.000,4150.000,337.042847,337.092834,1920,1046,"ObjectSlot1-4",1,1,"video_relative_to_screen_recording_start",75.060127,261982.734,262032.719,1,75.060127,"1781613114174","../../../../../../Project/UE5/Gallery/Saved/ScreenRecordings/A037_v2_20260616_203154_screen.mkv",261982.734,262032.719,262007.719,"1781613376156","1781613376206","2026-06-16T20:36:16.155+08:00","2026-06-16T20:36:16.205+08:00",332.942841,EXP2,"exp2_table",2,2,"1:3|2:2|3:4|4:1"
"exp2_target_object","实验二当前目标模型_右脸","Exp2_002_exp2_target_object_0166","video_relative_to_recording_start",rectangle,342,337,886,847,,,,"A037","Exp2_002","E2_FIXED_PROGRESSIVE",loading,,,,,1,TRUE,4100.000,4150.000,337.042847,337.092834,1920,1046,"ObjectSlot2",1,0,"video_relative_to_screen_recording_start",75.060127,261982.734,262032.719,1,75.060127,"1781613114174","../../../../../../Project/UE5/Gallery/Saved/ScreenRecordings/A037_v2_20260616_203154_screen.mkv",261982.734,262032.719,262007.719,"1781613376156","1781613376206","2026-06-16T20:36:16.155+08:00","2026-06-16T20:36:16.205+08:00",332.942841,EXP2,"exp2_target",2,2,"1:3|2:2|3:4|4:1"
"exp2_table_objects","实验二桌面四模型总体区域","Exp2_002_exp2_table_objects_0167","video_relative_to_recording_start",rectangle,0,319,1919,1022,,,,"A037","Exp2_002","E2_FIXED_PROGRESSIVE",loading,,,,,1,TRUE,4150.000,4200.000,337.092834,337.142853,1920,1046,"ObjectSlot1-4",1,1,"video_relative_to_screen_recording_start",75.060127,262032.719,262082.734,1,75.060127,"1781613114174","../../../../../../Project/UE5/Gallery/Saved/ScreenRecordings/A037_v2_20260616_203154_screen.mkv",262032.719,262082.734,262057.719,"1781613376206","1781613376256","2026-06-16T20:36:16.205+08:00","2026-06-16T20:36:16.255+08:00",332.942841,EXP2,"exp2_table",2,2,"1:3|2:2|3:4|4:1"
"exp2_target_object","实验二当前目标模型_右脸","Exp2_002_exp2_target_object_0168","video_relative_to_recording_start",rectangle,342,337,886,847,,,,"A037","Exp2_002","E2_FIXED_PROGRESSIVE",loading,,,,,1,TRUE,4150.000,4200.000,337.092834,337.142853,1920,1046,"ObjectSlot2",1,0,"video_relative_to_screen_recording_start",75.060127,262032.719,262082.734,1,75.060127,"1781613114174","../../../../../../Project/UE5/Gallery/Saved/ScreenRecordings/A037_v2_20260616_203154_screen.mkv",262032.719,262082.734,262057.719,"1781613376206","1781613376256","2026-06-16T20:36:16.205+08:00","2026-06-16T20:36:16.255+08:00",332.942841,EXP2,"exp2_target",2,2,"1:3|2:2|3:4|4:1"
"exp2_table_objects","实验二桌面四模型总体区域","Exp2_002_exp2_table_objects_0169","video_relative_to_recording_start",rectangle,0,319,1919,1022,,,,"A037","Exp2_002","E2_FIXED_PROGRESSIVE",loading,,,,,1,TRUE,4200.000,4250.000,337.142853,337.192841,1920,1046,"ObjectSlot1-4",1,1,"video_relative_to_screen_recording_start",75.060127,262082.734,262132.719,1,75.060127,"1781613114174","../../../../../../Project/UE5/Gallery/Saved/ScreenRecordings/A037_v2_20260616_203154_screen.mkv",262082.734,262132.719,262107.719,"1781613376256","1781613376306","2026-06-16T20:36:16.255+08:00","2026-06-16T20:36:16.305+08:00",332.942841,EXP2,"exp2_table",2,2,"1:3|2:2|3:4|4:1"
"exp2_target_object","实验二当前目标模型_右脸","Exp2_002_exp2_target_object_0170","video_relative_to_recording_start",rectangle,342,337,886,847,,,,"A037","Exp2_002","E2_FIXED_PROGRESSIVE",loading,,,,,1,TRUE,4200.000,4250.000,337.142853,337.192841,1920,1046,"ObjectSlot2",1,0,"video_relative_to_screen_recording_start",75.060127,262082.734,262132.719,1,75.060127,"1781613114174","../../../../../../Project/UE5/Gallery/Saved/ScreenRecordings/A037_v2_20260616_203154_screen.mkv",262082.734,262132.719,262107.719,"1781613376256","1781613376306","2026-06-16T20:36:16.255+08:00","2026-06-16T20:36:16.305+08:00",332.942841,EXP2,"exp2_target",2,2,"1:3|2:2|3:4|4:1"
"exp2_table_objects","实验二桌面四模型总体区域","Exp2_002_exp2_table_objects_0171","video_relative_to_recording_start",rectangle,0,319,1919,1022,,,,"A037","Exp2_002","E2_FIXED_PROGRESSIVE",loading,,,,,1,TRUE,4250.000,4300.000,337.192841,337.242828,1920,1046,"ObjectSlot1-4",1,1,"video_relative_to_screen_recording_start",75.060127,262132.719,262182.719,1,75.060127,"1781613114174","../../../../../../Project/UE5/Gallery/Saved/ScreenRecordings/A037_v2_20260616_203154_screen.mkv",262132.719,262182.719,262157.719,"1781613376306","1781613376356","2026-06-16T20:36:16.305+08:00","2026-06-16T20:36:16.355+08:00",332.942841,EXP2,"exp2_table",2,2,"1:3|2:2|3:4|4:1"
"exp2_target_object","实验二当前目标模型_右脸","Exp2_002_exp2_target_object_0172","video_relative_to_recording_start",rectangle,342,337,886,847,,,,"A037","Exp2_002","E2_FIXED_PROGRESSIVE",loading,,,,,1,TRUE,4250.000,4300.000,337.192841,337.242828,1920,1046,"ObjectSlot2",1,0,"video_relative_to_screen_recording_start",75.060127,262132.719,262182.719,1,75.060127,"1781613114174","../../../../../../Project/UE5/Gallery/Saved/ScreenRecordings/A037_v2_20260616_203154_screen.mkv",262132.719,262182.719,262157.719,"1781613376306","1781613376356","2026-06-16T20:36:16.305+08:00","2026-06-16T20:36:16.355+08:00",332.942841,EXP2,"exp2_target",2,2,"1:3|2:2|3:4|4:1"
"exp2_table_objects","实验二桌面四模型总体区域","Exp2_002_exp2_table_objects_0173","video_relative_to_recording_start",rectangle,0,319,1919,1022,,,,"A037","Exp2_002","E2_FIXED_PROGRESSIVE",loading,,,,,1,TRUE,4300.000,4350.000,337.242828,337.292847,1920,1046,"ObjectSlot1-4",1,1,"video_relative_to_screen_recording_start",75.060127,262182.719,262232.719,1,75.060127,"1781613114174","../../../../../../Project/UE5/Gallery/Saved/ScreenRecordings/A037_v2_20260616_203154_screen.mkv",262182.719,262232.719,262207.719,"1781613376356","1781613376406","2026-06-16T20:36:16.355+08:00","2026-06-16T20:36:16.405+08:00",332.942841,EXP2,"exp2_table",2,2,"1:3|2:2|3:4|4:1"
"exp2_target_object","实验二当前目标模型_右脸","Exp2_002_exp2_target_object_0174","video_relative_to_recording_start",rectangle,342,337,886,847,,,,"A037","Exp2_002","E2_FIXED_PROGRESSIVE",loading,,,,,1,TRUE,4300.000,4350.000,337.242828,337.292847,1920,1046,"ObjectSlot2",1,0,"video_relative_to_screen_recording_start",75.060127,262182.719,262232.719,1,75.060127,"1781613114174","../../../../../../Project/UE5/Gallery/Saved/ScreenRecordings/A037_v2_20260616_203154_screen.mkv",262182.719,262232.719,262207.719,"1781613376356","1781613376406","2026-06-16T20:36:16.355+08:00","2026-06-16T20:36:16.405+08:00",332.942841,EXP2,"exp2_target",2,2,"1:3|2:2|3:4|4:1"
"exp2_table_objects","实验二桌面四模型总体区域","Exp2_002_exp2_table_objects_0175","video_relative_to_recording_start",rectangle,0,319,1919,1022,,,,"A037","Exp2_002","E2_FIXED_PROGRESSIVE",loading,,,,,1,TRUE,4350.000,4400.000,337.292847,337.342834,1920,1046,"ObjectSlot1-4",1,1,"video_relative_to_screen_recording_start",75.060127,262232.719,262282.719,1,75.060127,"1781613114174","../../../../../../Project/UE5/Gallery/Saved/ScreenRecordings/A037_v2_20260616_203154_screen.mkv",262232.719,262282.719,262257.719,"1781613376406","1781613376456","2026-06-16T20:36:16.405+08:00","2026-06-16T20:36:16.455+08:00",332.942841,EXP2,"exp2_table",2,2,"1:3|2:2|3:4|4:1"
"exp2_target_object","实验二当前目标模型_右脸","Exp2_002_exp2_target_object_0176","video_relative_to_recording_start",rectangle,342,337,886,847,,,,"A037","Exp2_002","E2_FIXED_PROGRESSIVE",loading,,,,,1,TRUE,4350.000,4400.000,337.292847,337.342834,1920,1046,"ObjectSlot2",1,0,"video_relative_to_screen_recording_start",75.060127,262232.719,262282.719,1,75.060127,"1781613114174","../../../../../../Project/UE5/Gallery/Saved/ScreenRecordings/A037_v2_20260616_203154_screen.mkv",262232.719,262282.719,262257.719,"1781613376406","1781613376456","2026-06-16T20:36:16.405+08:00","2026-06-16T20:36:16.455+08:00",332.942841,EXP2,"exp2_target",2,2,"1:3|2:2|3:4|4:1"
"exp2_table_objects","实验二桌面四模型总体区域","Exp2_002_exp2_table_objects_0177","video_relative_to_recording_start",rectangle,0,319,1919,1022,,,,"A037","Exp2_002","E2_FIXED_PROGRESSIVE",loading,,,,,1,TRUE,4400.000,4450.000,337.342834,337.392853,1920,1046,"ObjectSlot1-4",1,1,"video_relative_to_screen_recording_start",75.060127,262282.719,262332.719,1,75.060127,"1781613114174","../../../../../../Project/UE5/Gallery/Saved/ScreenRecordings/A037_v2_20260616_203154_screen.mkv",262282.719,262332.719,262307.719,"1781613376456","1781613376506","2026-06-16T20:36:16.455+08:00","2026-06-16T20:36:16.505+08:00",332.942841,EXP2,"exp2_table",2,2,"1:3|2:2|3:4|4:1"
"exp2_target_object","实验二当前目标模型_右脸","Exp2_002_exp2_target_object_0178","video_relative_to_recording_start",rectangle,342,337,886,847,,,,"A037","Exp2_002","E2_FIXED_PROGRESSIVE",loading,,,,,1,TRUE,4400.000,4450.000,337.342834,337.392853,1920,1046,"ObjectSlot2",1,0,"video_relative_to_screen_recording_start",75.060127,262282.719,262332.719,1,75.060127,"1781613114174","../../../../../../Project/UE5/Gallery/Saved/ScreenRecordings/A037_v2_20260616_203154_screen.mkv",262282.719,262332.719,262307.719,"1781613376456","1781613376506","2026-06-16T20:36:16.455+08:00","2026-06-16T20:36:16.505+08:00",332.942841,EXP2,"exp2_target",2,2,"1:3|2:2|3:4|4:1"
"exp2_table_objects","实验二桌面四模型总体区域","Exp2_002_exp2_table_objects_0179","video_relative_to_recording_start",rectangle,0,319,1919,1022,,,,"A037","Exp2_002","E2_FIXED_PROGRESSIVE",loading,,,,,1,TRUE,4450.000,4500.000,337.392853,337.442841,1920,1046,"ObjectSlot1-4",1,1,"video_relative_to_screen_recording_start",75.060127,262332.719,262382.719,1,75.060127,"1781613114174","../../../../../../Project/UE5/Gallery/Saved/ScreenRecordings/A037_v2_20260616_203154_screen.mkv",262332.719,262382.719,262357.719,"1781613376506","1781613376556","2026-06-16T20:36:16.505+08:00","2026-06-16T20:36:16.555+08:00",332.942841,EXP2,"exp2_table",2,2,"1:3|2:2|3:4|4:1"
"exp2_target_object","实验二当前目标模型_右脸","Exp2_002_exp2_target_object_0180","video_relative_to_recording_start",rectangle,342,337,886,847,,,,"A037","Exp2_002","E2_FIXED_PROGRESSIVE",loading,,,,,1,TRUE,4450.000,4500.000,337.392853,337.442841,1920,1046,"ObjectSlot2",1,0,"video_relative_to_screen_recording_start",75.060127,262332.719,262382.719,1,75.060127,"1781613114174","../../../../../../Project/UE5/Gallery/Saved/ScreenRecordings/A037_v2_20260616_203154_screen.mkv",262332.719,262382.719,262357.719,"1781613376506","1781613376556","2026-06-16T20:36:16.505+08:00","2026-06-16T20:36:16.555+08:00",332.942841,EXP2,"exp2_target",2,2,"1:3|2:2|3:4|4:1"
"exp2_table_objects","实验二桌面四模型总体区域","Exp2_002_exp2_table_objects_0181","video_relative_to_recording_start",rectangle,0,319,1919,1022,,,,"A037","Exp2_002","E2_FIXED_PROGRESSIVE",loading,,,,,1,TRUE,4500.000,4550.000,337.442841,337.492828,1920,1046,"ObjectSlot1-4",1,1,"video_relative_to_screen_recording_start",75.060127,262382.719,262432.719,1,75.060127,"1781613114174","../../../../../../Project/UE5/Gallery/Saved/ScreenRecordings/A037_v2_20260616_203154_screen.mkv",262382.719,262432.719,262407.719,"1781613376556","1781613376606","2026-06-16T20:36:16.555+08:00","2026-06-16T20:36:16.605+08:00",332.942841,EXP2,"exp2_table",2,2,"1:3|2:2|3:4|4:1"
"exp2_target_object","实验二当前目标模型_右脸","Exp2_002_exp2_target_object_0182","video_relative_to_recording_start",rectangle,342,337,886,847,,,,"A037","Exp2_002","E2_FIXED_PROGRESSIVE",loading,,,,,1,TRUE,4500.000,4550.000,337.442841,337.492828,1920,1046,"ObjectSlot2",1,0,"video_relative_to_screen_recording_start",75.060127,262382.719,262432.719,1,75.060127,"1781613114174","../../../../../../Project/UE5/Gallery/Saved/ScreenRecordings/A037_v2_20260616_203154_screen.mkv",262382.719,262432.719,262407.719,"1781613376556","1781613376606","2026-06-16T20:36:16.555+08:00","2026-06-16T20:36:16.605+08:00",332.942841,EXP2,"exp2_target",2,2,"1:3|2:2|3:4|4:1"
"exp2_table_objects","实验二桌面四模型总体区域","Exp2_002_exp2_table_objects_0183","video_relative_to_recording_start",rectangle,0,319,1919,1022,,,,"A037","Exp2_002","E2_FIXED_PROGRESSIVE",loading,,,,,1,TRUE,4550.000,4600.000,337.492828,337.542847,1920,1046,"ObjectSlot1-4",1,1,"video_relative_to_screen_recording_start",75.060127,262432.719,262482.719,1,75.060127,"1781613114174","../../../../../../Project/UE5/Gallery/Saved/ScreenRecordings/A037_v2_20260616_203154_screen.mkv",262432.719,262482.719,262457.719,"1781613376606","1781613376656","2026-06-16T20:36:16.605+08:00","2026-06-16T20:36:16.655+08:00",332.942841,EXP2,"exp2_table",2,2,"1:3|2:2|3:4|4:1"
"exp2_target_object","实验二当前目标模型_右脸","Exp2_002_exp2_target_object_0184","video_relative_to_recording_start",rectangle,342,337,886,847,,,,"A037","Exp2_002","E2_FIXED_PROGRESSIVE",loading,,,,,1,TRUE,4550.000,4600.000,337.492828,337.542847,1920,1046,"ObjectSlot2",1,0,"video_relative_to_screen_recording_start",75.060127,262432.719,262482.719,1,75.060127,"1781613114174","../../../../../../Project/UE5/Gallery/Saved/ScreenRecordings/A037_v2_20260616_203154_screen.mkv",262432.719,262482.719,262457.719,"1781613376606","1781613376656","2026-06-16T20:36:16.605+08:00","2026-06-16T20:36:16.655+08:00",332.942841,EXP2,"exp2_target",2,2,"1:3|2:2|3:4|4:1"
"exp2_table_objects","实验二桌面四模型总体区域","Exp2_002_exp2_table_objects_0185","video_relative_to_recording_start",rectangle,0,319,1919,1022,,,,"A037","Exp2_002","E2_FIXED_PROGRESSIVE",loading,,,,,1,TRUE,4600.000,4650.000,337.542847,337.592834,1920,1046,"ObjectSlot1-4",1,1,"video_relative_to_screen_recording_start",75.060127,262482.719,262532.719,1,75.060127,"1781613114174","../../../../../../Project/UE5/Gallery/Saved/ScreenRecordings/A037_v2_20260616_203154_screen.mkv",262482.719,262532.719,262507.719,"1781613376656","1781613376706","2026-06-16T20:36:16.655+08:00","2026-06-16T20:36:16.705+08:00",332.942841,EXP2,"exp2_table",2,2,"1:3|2:2|3:4|4:1"
"exp2_target_object","实验二当前目标模型_右脸","Exp2_002_exp2_target_object_0186","video_relative_to_recording_start",rectangle,342,337,886,847,,,,"A037","Exp2_002","E2_FIXED_PROGRESSIVE",loading,,,,,1,TRUE,4600.000,4650.000,337.542847,337.592834,1920,1046,"ObjectSlot2",1,0,"video_relative_to_screen_recording_start",75.060127,262482.719,262532.719,1,75.060127,"1781613114174","../../../../../../Project/UE5/Gallery/Saved/ScreenRecordings/A037_v2_20260616_203154_screen.mkv",262482.719,262532.719,262507.719,"1781613376656","1781613376706","2026-06-16T20:36:16.655+08:00","2026-06-16T20:36:16.705+08:00",332.942841,EXP2,"exp2_target",2,2,"1:3|2:2|3:4|4:1"
"exp2_table_objects","实验二桌面四模型总体区域","Exp2_002_exp2_table_objects_0187","video_relative_to_recording_start",rectangle,0,319,1919,1022,,,,"A037","Exp2_002","E2_FIXED_PROGRESSIVE",loading,,,,,1,TRUE,4650.000,4700.000,337.592834,337.642853,1920,1046,"ObjectSlot1-4",1,1,"video_relative_to_screen_recording_start",75.060127,262532.719,262582.719,1,75.060127,"1781613114174","../../../../../../Project/UE5/Gallery/Saved/ScreenRecordings/A037_v2_20260616_203154_screen.mkv",262532.719,262582.719,262557.719,"1781613376706","1781613376756","2026-06-16T20:36:16.705+08:00","2026-06-16T20:36:16.755+08:00",332.942841,EXP2,"exp2_table",2,2,"1:3|2:2|3:4|4:1"
"exp2_target_object","实验二当前目标模型_右脸","Exp2_002_exp2_target_object_0188","video_relative_to_recording_start",rectangle,342,337,886,847,,,,"A037","Exp2_002","E2_FIXED_PROGRESSIVE",loading,,,,,1,TRUE,4650.000,4700.000,337.592834,337.642853,1920,1046,"ObjectSlot2",1,0,"video_relative_to_screen_recording_start",75.060127,262532.719,262582.719,1,75.060127,"1781613114174","../../../../../../Project/UE5/Gallery/Saved/ScreenRecordings/A037_v2_20260616_203154_screen.mkv",262532.719,262582.719,262557.719,"1781613376706","1781613376756","2026-06-16T20:36:16.705+08:00","2026-06-16T20:36:16.755+08:00",332.942841,EXP2,"exp2_target",2,2,"1:3|2:2|3:4|4:1"
"exp2_table_objects","实验二桌面四模型总体区域","Exp2_002_exp2_table_objects_0189","video_relative_to_recording_start",rectangle,0,319,1919,1022,,,,"A037","Exp2_002","E2_FIXED_PROGRESSIVE",loading,,,,,1,TRUE,4700.000,4750.000,337.642853,337.692841,1920,1046,"ObjectSlot1-4",1,1,"video_relative_to_screen_recording_start",75.060127,262582.719,262632.719,1,75.060127,"1781613114174","../../../../../../Project/UE5/Gallery/Saved/ScreenRecordings/A037_v2_20260616_203154_screen.mkv",262582.719,262632.719,262607.719,"1781613376756","1781613376806","2026-06-16T20:36:16.755+08:00","2026-06-16T20:36:16.805+08:00",332.942841,EXP2,"exp2_table",2,2,"1:3|2:2|3:4|4:1"
"exp2_target_object","实验二当前目标模型_右脸","Exp2_002_exp2_target_object_0190","video_relative_to_recording_start",rectangle,342,337,886,847,,,,"A037","Exp2_002","E2_FIXED_PROGRESSIVE",loading,,,,,1,TRUE,4700.000,4750.000,337.642853,337.692841,1920,1046,"ObjectSlot2",1,0,"video_relative_to_screen_recording_start",75.060127,262582.719,262632.719,1,75.060127,"1781613114174","../../../../../../Project/UE5/Gallery/Saved/ScreenRecordings/A037_v2_20260616_203154_screen.mkv",262582.719,262632.719,262607.719,"1781613376756","1781613376806","2026-06-16T20:36:16.755+08:00","2026-06-16T20:36:16.805+08:00",332.942841,EXP2,"exp2_target",2,2,"1:3|2:2|3:4|4:1"
"exp2_table_objects","实验二桌面四模型总体区域","Exp2_002_exp2_table_objects_0191","video_relative_to_recording_start",rectangle,0,319,1919,1022,,,,"A037","Exp2_002","E2_FIXED_PROGRESSIVE",loading,,,,,1,TRUE,4750.000,4800.000,337.692841,337.742828,1920,1046,"ObjectSlot1-4",1,1,"video_relative_to_screen_recording_start",75.060127,262632.719,262682.719,1,75.060127,"1781613114174","../../../../../../Project/UE5/Gallery/Saved/ScreenRecordings/A037_v2_20260616_203154_screen.mkv",262632.719,262682.719,262657.719,"1781613376806","1781613376856","2026-06-16T20:36:16.805+08:00","2026-06-16T20:36:16.855+08:00",332.942841,EXP2,"exp2_table",2,2,"1:3|2:2|3:4|4:1"
"exp2_target_object","实验二当前目标模型_右脸","Exp2_002_exp2_target_object_0192","video_relative_to_recording_start",rectangle,342,337,886,847,,,,"A037","Exp2_002","E2_FIXED_PROGRESSIVE",loading,,,,,1,TRUE,4750.000,4800.000,337.692841,337.742828,1920,1046,"ObjectSlot2",1,0,"video_relative_to_screen_recording_start",75.060127,262632.719,262682.719,1,75.060127,"1781613114174","../../../../../../Project/UE5/Gallery/Saved/ScreenRecordings/A037_v2_20260616_203154_screen.mkv",262632.719,262682.719,262657.719,"1781613376806","1781613376856","2026-06-16T20:36:16.805+08:00","2026-06-16T20:36:16.855+08:00",332.942841,EXP2,"exp2_target",2,2,"1:3|2:2|3:4|4:1"
"exp2_table_objects","实验二桌面四模型总体区域","Exp2_002_exp2_table_objects_0193","video_relative_to_recording_start",rectangle,0,319,1919,1022,,,,"A037","Exp2_002","E2_FIXED_PROGRESSIVE",loading,,,,,1,TRUE,4800.000,4850.000,337.742828,337.792847,1920,1046,"ObjectSlot1-4",1,1,"video_relative_to_screen_recording_start",75.060127,262682.719,262732.719,1,75.060127,"1781613114174","../../../../../../Project/UE5/Gallery/Saved/ScreenRecordings/A037_v2_20260616_203154_screen.mkv",262682.719,262732.719,262707.719,"1781613376856","1781613376906","2026-06-16T20:36:16.855+08:00","2026-06-16T20:36:16.905+08:00",332.942841,EXP2,"exp2_table",2,2,"1:3|2:2|3:4|4:1"
"exp2_target_object","实验二当前目标模型_右脸","Exp2_002_exp2_target_object_0194","video_relative_to_recording_start",rectangle,342,337,886,847,,,,"A037","Exp2_002","E2_FIXED_PROGRESSIVE",loading,,,,,1,TRUE,4800.000,4850.000,337.742828,337.792847,1920,1046,"ObjectSlot2",1,0,"video_relative_to_screen_recording_start",75.060127,262682.719,262732.719,1,75.060127,"1781613114174","../../../../../../Project/UE5/Gallery/Saved/ScreenRecordings/A037_v2_20260616_203154_screen.mkv",262682.719,262732.719,262707.719,"1781613376856","1781613376906","2026-06-16T20:36:16.855+08:00","2026-06-16T20:36:16.905+08:00",332.942841,EXP2,"exp2_target",2,2,"1:3|2:2|3:4|4:1"
"exp2_table_objects","实验二桌面四模型总体区域","Exp2_002_exp2_table_objects_0195","video_relative_to_recording_start",rectangle,0,319,1919,1022,,,,"A037","Exp2_002","E2_FIXED_PROGRESSIVE",loading,,,,,1,TRUE,4850.000,4900.000,337.792847,337.842834,1920,1046,"ObjectSlot1-4",1,1,"video_relative_to_screen_recording_start",75.060127,262732.719,262782.719,1,75.060127,"1781613114174","../../../../../../Project/UE5/Gallery/Saved/ScreenRecordings/A037_v2_20260616_203154_screen.mkv",262732.719,262782.719,262757.719,"1781613376906","1781613376956","2026-06-16T20:36:16.905+08:00","2026-06-16T20:36:16.955+08:00",332.942841,EXP2,"exp2_table",2,2,"1:3|2:2|3:4|4:1"
"exp2_target_object","实验二当前目标模型_右脸","Exp2_002_exp2_target_object_0196","video_relative_to_recording_start",rectangle,342,337,886,847,,,,"A037","Exp2_002","E2_FIXED_PROGRESSIVE",loading,,,,,1,TRUE,4850.000,4900.000,337.792847,337.842834,1920,1046,"ObjectSlot2",1,0,"video_relative_to_screen_recording_start",75.060127,262732.719,262782.719,1,75.060127,"1781613114174","../../../../../../Project/UE5/Gallery/Saved/ScreenRecordings/A037_v2_20260616_203154_screen.mkv",262732.719,262782.719,262757.719,"1781613376906","1781613376956","2026-06-16T20:36:16.905+08:00","2026-06-16T20:36:16.955+08:00",332.942841,EXP2,"exp2_target",2,2,"1:3|2:2|3:4|4:1"
"exp2_table_objects","实验二桌面四模型总体区域","Exp2_002_exp2_table_objects_0197","video_relative_to_recording_start",rectangle,0,319,1919,1022,,,,"A037","Exp2_002","E2_FIXED_PROGRESSIVE",loading,,,,,1,TRUE,4900.000,4950.000,337.842834,337.892853,1920,1046,"ObjectSlot1-4",1,1,"video_relative_to_screen_recording_start",75.060127,262782.719,262832.719,1,75.060127,"1781613114174","../../../../../../Project/UE5/Gallery/Saved/ScreenRecordings/A037_v2_20260616_203154_screen.mkv",262782.719,262832.719,262807.719,"1781613376956","1781613377006","2026-06-16T20:36:16.955+08:00","2026-06-16T20:36:17.005+08:00",332.942841,EXP2,"exp2_table",2,2,"1:3|2:2|3:4|4:1"
"exp2_target_object","实验二当前目标模型_右脸","Exp2_002_exp2_target_object_0198","video_relative_to_recording_start",rectangle,342,337,886,847,,,,"A037","Exp2_002","E2_FIXED_PROGRESSIVE",loading,,,,,1,TRUE,4900.000,4950.000,337.842834,337.892853,1920,1046,"ObjectSlot2",1,0,"video_relative_to_screen_recording_start",75.060127,262782.719,262832.719,1,75.060127,"1781613114174","../../../../../../Project/UE5/Gallery/Saved/ScreenRecordings/A037_v2_20260616_203154_screen.mkv",262782.719,262832.719,262807.719,"1781613376956","1781613377006","2026-06-16T20:36:16.955+08:00","2026-06-16T20:36:17.005+08:00",332.942841,EXP2,"exp2_target",2,2,"1:3|2:2|3:4|4:1"
"exp2_table_objects","实验二桌面四模型总体区域","Exp2_002_exp2_table_objects_0199","video_relative_to_recording_start",rectangle,0,319,1919,1022,,,,"A037","Exp2_002","E2_FIXED_PROGRESSIVE",loading,,,,,1,TRUE,4950.000,5000.000,337.892853,337.942841,1920,1046,"ObjectSlot1-4",1,1,"video_relative_to_screen_recording_start",75.060127,262832.719,262882.719,1,75.060127,"1781613114174","../../../../../../Project/UE5/Gallery/Saved/ScreenRecordings/A037_v2_20260616_203154_screen.mkv",262832.719,262882.719,262857.719,"1781613377006","1781613377056","2026-06-16T20:36:17.005+08:00","2026-06-16T20:36:17.055+08:00",332.942841,EXP2,"exp2_table",2,2,"1:3|2:2|3:4|4:1"
"exp2_target_object","实验二当前目标模型_右脸","Exp2_002_exp2_target_object_0200","video_relative_to_recording_start",rectangle,342,337,886,847,,,,"A037","Exp2_002","E2_FIXED_PROGRESSIVE",loading,,,,,1,TRUE,4950.000,5000.000,337.892853,337.942841,1920,1046,"ObjectSlot2",1,0,"video_relative_to_screen_recording_start",75.060127,262832.719,262882.719,1,75.060127,"1781613114174","../../../../../../Project/UE5/Gallery/Saved/ScreenRecordings/A037_v2_20260616_203154_screen.mkv",262832.719,262882.719,262857.719,"1781613377006","1781613377056","2026-06-16T20:36:17.005+08:00","2026-06-16T20:36:17.055+08:00",332.942841,EXP2,"exp2_target",2,2,"1:3|2:2|3:4|4:1"
"exp2_table_objects","实验二桌面四模型总体区域","Exp2_002_exp2_table_objects_0201","video_relative_to_recording_start",rectangle,0,319,1919,1022,,,,"A037","Exp2_002","E2_FIXED_PROGRESSIVE",loading,,,,,1,TRUE,5000.000,5050.000,337.942841,337.992828,1920,1046,"ObjectSlot1-4",1,1,"video_relative_to_screen_recording_start",75.060127,262882.719,262932.719,1,75.060127,"1781613114174","../../../../../../Project/UE5/Gallery/Saved/ScreenRecordings/A037_v2_20260616_203154_screen.mkv",262882.719,262932.719,262907.719,"1781613377056","1781613377106","2026-06-16T20:36:17.055+08:00","2026-06-16T20:36:17.105+08:00",332.942841,EXP2,"exp2_table",2,2,"1:3|2:2|3:4|4:1"
"exp2_target_object","实验二当前目标模型_右脸","Exp2_002_exp2_target_object_0202","video_relative_to_recording_start",rectangle,342,337,886,847,,,,"A037","Exp2_002","E2_FIXED_PROGRESSIVE",loading,,,,,1,TRUE,5000.000,5050.000,337.942841,337.992828,1920,1046,"ObjectSlot2",1,0,"video_relative_to_screen_recording_start",75.060127,262882.719,262932.719,1,75.060127,"1781613114174","../../../../../../Project/UE5/Gallery/Saved/ScreenRecordings/A037_v2_20260616_203154_screen.mkv",262882.719,262932.719,262907.719,"1781613377056","1781613377106","2026-06-16T20:36:17.055+08:00","2026-06-16T20:36:17.105+08:00",332.942841,EXP2,"exp2_target",2,2,"1:3|2:2|3:4|4:1"
"exp2_table_objects","实验二桌面四模型总体区域","Exp2_002_exp2_table_objects_0203","video_relative_to_recording_start",rectangle,0,319,1919,1022,,,,"A037","Exp2_002","E2_FIXED_PROGRESSIVE",loading,,,,,1,TRUE,5050.000,5100.000,337.992828,338.042847,1920,1046,"ObjectSlot1-4",1,1,"video_relative_to_screen_recording_start",75.060127,262932.719,262982.719,1,75.060127,"1781613114174","../../../../../../Project/UE5/Gallery/Saved/ScreenRecordings/A037_v2_20260616_203154_screen.mkv",262932.719,262982.719,262957.719,"1781613377106","1781613377156","2026-06-16T20:36:17.105+08:00","2026-06-16T20:36:17.155+08:00",332.942841,EXP2,"exp2_table",2,2,"1:3|2:2|3:4|4:1"
"exp2_target_object","实验二当前目标模型_右脸","Exp2_002_exp2_target_object_0204","video_relative_to_recording_start",rectangle,342,337,886,847,,,,"A037","Exp2_002","E2_FIXED_PROGRESSIVE",loading,,,,,1,TRUE,5050.000,5100.000,337.992828,338.042847,1920,1046,"ObjectSlot2",1,0,"video_relative_to_screen_recording_start",75.060127,262932.719,262982.719,1,75.060127,"1781613114174","../../../../../../Project/UE5/Gallery/Saved/ScreenRecordings/A037_v2_20260616_203154_screen.mkv",262932.719,262982.719,262957.719,"1781613377106","1781613377156","2026-06-16T20:36:17.105+08:00","2026-06-16T20:36:17.155+08:00",332.942841,EXP2,"exp2_target",2,2,"1:3|2:2|3:4|4:1"
"exp2_table_objects","实验二桌面四模型总体区域","Exp2_002_exp2_table_objects_0205","video_relative_to_recording_start",rectangle,0,319,1919,1022,,,,"A037","Exp2_002","E2_FIXED_PROGRESSIVE",loading,,,,,1,TRUE,5100.000,5150.000,338.042847,338.092834,1920,1046,"ObjectSlot1-4",1,1,"video_relative_to_screen_recording_start",75.060127,262982.719,263032.719,1,75.060127,"1781613114174","../../../../../../Project/UE5/Gallery/Saved/ScreenRecordings/A037_v2_20260616_203154_screen.mkv",262982.719,263032.719,263007.719,"1781613377156","1781613377206","2026-06-16T20:36:17.155+08:00","2026-06-16T20:36:17.205+08:00",332.942841,EXP2,"exp2_table",2,2,"1:3|2:2|3:4|4:1"
"exp2_target_object","实验二当前目标模型_右脸","Exp2_002_exp2_target_object_0206","video_relative_to_recording_start",rectangle,342,337,886,847,,,,"A037","Exp2_002","E2_FIXED_PROGRESSIVE",loading,,,,,1,TRUE,5100.000,5150.000,338.042847,338.092834,1920,1046,"ObjectSlot2",1,0,"video_relative_to_screen_recording_start",75.060127,262982.719,263032.719,1,75.060127,"1781613114174","../../../../../../Project/UE5/Gallery/Saved/ScreenRecordings/A037_v2_20260616_203154_screen.mkv",262982.719,263032.719,263007.719,"1781613377156","1781613377206","2026-06-16T20:36:17.155+08:00","2026-06-16T20:36:17.205+08:00",332.942841,EXP2,"exp2_target",2,2,"1:3|2:2|3:4|4:1"
"exp2_table_objects","实验二桌面四模型总体区域","Exp2_002_exp2_table_objects_0207","video_relative_to_recording_start",rectangle,0,319,1919,1022,,,,"A037","Exp2_002","E2_FIXED_PROGRESSIVE",loading,,,,,1,TRUE,5150.000,5200.000,338.092834,338.142853,1920,1046,"ObjectSlot1-4",1,1,"video_relative_to_screen_recording_start",75.060127,263032.719,263082.719,1,75.060127,"1781613114174","../../../../../../Project/UE5/Gallery/Saved/ScreenRecordings/A037_v2_20260616_203154_screen.mkv",263032.719,263082.719,263057.719,"1781613377206","1781613377256","2026-06-16T20:36:17.205+08:00","2026-06-16T20:36:17.255+08:00",332.942841,EXP2,"exp2_table",2,2,"1:3|2:2|3:4|4:1"
"exp2_target_object","实验二当前目标模型_右脸","Exp2_002_exp2_target_object_0208","video_relative_to_recording_start",rectangle,342,337,886,847,,,,"A037","Exp2_002","E2_FIXED_PROGRESSIVE",loading,,,,,1,TRUE,5150.000,5200.000,338.092834,338.142853,1920,1046,"ObjectSlot2",1,0,"video_relative_to_screen_recording_start",75.060127,263032.719,263082.719,1,75.060127,"1781613114174","../../../../../../Project/UE5/Gallery/Saved/ScreenRecordings/A037_v2_20260616_203154_screen.mkv",263032.719,263082.719,263057.719,"1781613377206","1781613377256","2026-06-16T20:36:17.205+08:00","2026-06-16T20:36:17.255+08:00",332.942841,EXP2,"exp2_target",2,2,"1:3|2:2|3:4|4:1"
"exp2_table_objects","实验二桌面四模型总体区域","Exp2_002_exp2_table_objects_0209","video_relative_to_recording_start",rectangle,0,319,1919,1022,,,,"A037","Exp2_002","E2_FIXED_PROGRESSIVE",loading,,,,,1,TRUE,5200.000,5250.000,338.142853,338.192841,1920,1046,"ObjectSlot1-4",1,1,"video_relative_to_screen_recording_start",75.060127,263082.719,263132.719,1,75.060127,"1781613114174","../../../../../../Project/UE5/Gallery/Saved/ScreenRecordings/A037_v2_20260616_203154_screen.mkv",263082.719,263132.719,263107.719,"1781613377256","1781613377306","2026-06-16T20:36:17.255+08:00","2026-06-16T20:36:17.305+08:00",332.942841,EXP2,"exp2_table",2,2,"1:3|2:2|3:4|4:1"
"exp2_target_object","实验二当前目标模型_右脸","Exp2_002_exp2_target_object_0210","video_relative_to_recording_start",rectangle,342,337,886,847,,,,"A037","Exp2_002","E2_FIXED_PROGRESSIVE",loading,,,,,1,TRUE,5200.000,5250.000,338.142853,338.192841,1920,1046,"ObjectSlot2",1,0,"video_relative_to_screen_recording_start",75.060127,263082.719,263132.719,1,75.060127,"1781613114174","../../../../../../Project/UE5/Gallery/Saved/ScreenRecordings/A037_v2_20260616_203154_screen.mkv",263082.719,263132.719,263107.719,"1781613377256","1781613377306","2026-06-16T20:36:17.255+08:00","2026-06-16T20:36:17.305+08:00",332.942841,EXP2,"exp2_target",2,2,"1:3|2:2|3:4|4:1"
"exp2_table_objects","实验二桌面四模型总体区域","Exp2_002_exp2_table_objects_0211","video_relative_to_recording_start",rectangle,0,319,1919,1022,,,,"A037","Exp2_002","E2_FIXED_PROGRESSIVE",loading,,,,,1,TRUE,5250.000,5300.000,338.192841,338.242828,1920,1046,"ObjectSlot1-4",1,1,"video_relative_to_screen_recording_start",75.060127,263132.719,263182.719,1,75.060127,"1781613114174","../../../../../../Project/UE5/Gallery/Saved/ScreenRecordings/A037_v2_20260616_203154_screen.mkv",263132.719,263182.719,263157.719,"1781613377306","1781613377356","2026-06-16T20:36:17.305+08:00","2026-06-16T20:36:17.355+08:00",332.942841,EXP2,"exp2_table",2,2,"1:3|2:2|3:4|4:1"
"exp2_target_object","实验二当前目标模型_右脸","Exp2_002_exp2_target_object_0212","video_relative_to_recording_start",rectangle,342,337,886,847,,,,"A037","Exp2_002","E2_FIXED_PROGRESSIVE",loading,,,,,1,TRUE,5250.000,5300.000,338.192841,338.242828,1920,1046,"ObjectSlot2",1,0,"video_relative_to_screen_recording_start",75.060127,263132.719,263182.719,1,75.060127,"1781613114174","../../../../../../Project/UE5/Gallery/Saved/ScreenRecordings/A037_v2_20260616_203154_screen.mkv",263132.719,263182.719,263157.719,"1781613377306","1781613377356","2026-06-16T20:36:17.305+08:00","2026-06-16T20:36:17.355+08:00",332.942841,EXP2,"exp2_target",2,2,"1:3|2:2|3:4|4:1"
"exp2_table_objects","实验二桌面四模型总体区域","Exp2_002_exp2_table_objects_0213","video_relative_to_recording_start",rectangle,0,319,1919,1022,,,,"A037","Exp2_002","E2_FIXED_PROGRESSIVE",loading,,,,,1,TRUE,5300.000,5350.000,338.242828,338.292847,1920,1046,"ObjectSlot1-4",1,1,"video_relative_to_screen_recording_start",75.060127,263182.719,263232.719,1,75.060127,"1781613114174","../../../../../../Project/UE5/Gallery/Saved/ScreenRecordings/A037_v2_20260616_203154_screen.mkv",263182.719,263232.719,263207.719,"1781613377356","1781613377406","2026-06-16T20:36:17.355+08:00","2026-06-16T20:36:17.405+08:00",332.942841,EXP2,"exp2_table",2,2,"1:3|2:2|3:4|4:1"
"exp2_target_object","实验二当前目标模型_右脸","Exp2_002_exp2_target_object_0214","video_relative_to_recording_start",rectangle,342,337,886,847,,,,"A037","Exp2_002","E2_FIXED_PROGRESSIVE",loading,,,,,1,TRUE,5300.000,5350.000,338.242828,338.292847,1920,1046,"ObjectSlot2",1,0,"video_relative_to_screen_recording_start",75.060127,263182.719,263232.719,1,75.060127,"1781613114174","../../../../../../Project/UE5/Gallery/Saved/ScreenRecordings/A037_v2_20260616_203154_screen.mkv",263182.719,263232.719,263207.719,"1781613377356","1781613377406","2026-06-16T20:36:17.355+08:00","2026-06-16T20:36:17.405+08:00",332.942841,EXP2,"exp2_target",2,2,"1:3|2:2|3:4|4:1"
"exp2_table_objects","实验二桌面四模型总体区域","Exp2_002_exp2_table_objects_0215","video_relative_to_recording_start",rectangle,0,319,1919,1022,,,,"A037","Exp2_002","E2_FIXED_PROGRESSIVE",loading,,,,,1,TRUE,5350.000,5400.000,338.292847,338.342834,1920,1046,"ObjectSlot1-4",1,1,"video_relative_to_screen_recording_start",75.060127,263232.719,263282.719,1,75.060127,"1781613114174","../../../../../../Project/UE5/Gallery/Saved/ScreenRecordings/A037_v2_20260616_203154_screen.mkv",263232.719,263282.719,263257.719,"1781613377406","1781613377456","2026-06-16T20:36:17.405+08:00","2026-06-16T20:36:17.455+08:00",332.942841,EXP2,"exp2_table",2,2,"1:3|2:2|3:4|4:1"
"exp2_target_object","实验二当前目标模型_右脸","Exp2_002_exp2_target_object_0216","video_relative_to_recording_start",rectangle,342,337,886,847,,,,"A037","Exp2_002","E2_FIXED_PROGRESSIVE",loading,,,,,1,TRUE,5350.000,5400.000,338.292847,338.342834,1920,1046,"ObjectSlot2",1,0,"video_relative_to_screen_recording_start",75.060127,263232.719,263282.719,1,75.060127,"1781613114174","../../../../../../Project/UE5/Gallery/Saved/ScreenRecordings/A037_v2_20260616_203154_screen.mkv",263232.719,263282.719,263257.719,"1781613377406","1781613377456","2026-06-16T20:36:17.405+08:00","2026-06-16T20:36:17.455+08:00",332.942841,EXP2,"exp2_target",2,2,"1:3|2:2|3:4|4:1"
"exp2_table_objects","实验二桌面四模型总体区域","Exp2_002_exp2_table_objects_0217","video_relative_to_recording_start",rectangle,0,319,1919,1022,,,,"A037","Exp2_002","E2_FIXED_PROGRESSIVE",loading,,,,,1,TRUE,5400.000,5450.000,338.342834,338.392853,1920,1046,"ObjectSlot1-4",1,1,"video_relative_to_screen_recording_start",75.060127,263282.719,263332.719,1,75.060127,"1781613114174","../../../../../../Project/UE5/Gallery/Saved/ScreenRecordings/A037_v2_20260616_203154_screen.mkv",263282.719,263332.719,263307.719,"1781613377456","1781613377506","2026-06-16T20:36:17.455+08:00","2026-06-16T20:36:17.505+08:00",332.942841,EXP2,"exp2_table",2,2,"1:3|2:2|3:4|4:1"
"exp2_target_object","实验二当前目标模型_右脸","Exp2_002_exp2_target_object_0218","video_relative_to_recording_start",rectangle,342,337,886,847,,,,"A037","Exp2_002","E2_FIXED_PROGRESSIVE",loading,,,,,1,TRUE,5400.000,5450.000,338.342834,338.392853,1920,1046,"ObjectSlot2",1,0,"video_relative_to_screen_recording_start",75.060127,263282.719,263332.719,1,75.060127,"1781613114174","../../../../../../Project/UE5/Gallery/Saved/ScreenRecordings/A037_v2_20260616_203154_screen.mkv",263282.719,263332.719,263307.719,"1781613377456","1781613377506","2026-06-16T20:36:17.455+08:00","2026-06-16T20:36:17.505+08:00",332.942841,EXP2,"exp2_target",2,2,"1:3|2:2|3:4|4:1"
"exp2_table_objects","实验二桌面四模型总体区域","Exp2_002_exp2_table_objects_0219","video_relative_to_recording_start",rectangle,0,319,1919,1022,,,,"A037","Exp2_002","E2_FIXED_PROGRESSIVE",loading,,,,,1,TRUE,5450.000,5500.000,338.392853,338.442841,1920,1046,"ObjectSlot1-4",1,1,"video_relative_to_screen_recording_start",75.060127,263332.719,263382.719,1,75.060127,"1781613114174","../../../../../../Project/UE5/Gallery/Saved/ScreenRecordings/A037_v2_20260616_203154_screen.mkv",263332.719,263382.719,263357.719,"1781613377506","1781613377556","2026-06-16T20:36:17.505+08:00","2026-06-16T20:36:17.555+08:00",332.942841,EXP2,"exp2_table",2,2,"1:3|2:2|3:4|4:1"
"exp2_target_object","实验二当前目标模型_右脸","Exp2_002_exp2_target_object_0220","video_relative_to_recording_start",rectangle,342,337,886,847,,,,"A037","Exp2_002","E2_FIXED_PROGRESSIVE",loading,,,,,1,TRUE,5450.000,5500.000,338.392853,338.442841,1920,1046,"ObjectSlot2",1,0,"video_relative_to_screen_recording_start",75.060127,263332.719,263382.719,1,75.060127,"1781613114174","../../../../../../Project/UE5/Gallery/Saved/ScreenRecordings/A037_v2_20260616_203154_screen.mkv",263332.719,263382.719,263357.719,"1781613377506","1781613377556","2026-06-16T20:36:17.505+08:00","2026-06-16T20:36:17.555+08:00",332.942841,EXP2,"exp2_target",2,2,"1:3|2:2|3:4|4:1"
"exp2_table_objects","实验二桌面四模型总体区域","Exp2_002_exp2_table_objects_0221","video_relative_to_recording_start",rectangle,0,319,1919,1022,,,,"A037","Exp2_002","E2_FIXED_PROGRESSIVE",loading,,,,,1,TRUE,5500.000,5550.000,338.442841,338.492828,1920,1046,"ObjectSlot1-4",1,1,"video_relative_to_screen_recording_start",75.060127,263382.719,263432.719,1,75.060127,"1781613114174","../../../../../../Project/UE5/Gallery/Saved/ScreenRecordings/A037_v2_20260616_203154_screen.mkv",263382.719,263432.719,263407.719,"1781613377556","1781613377606","2026-06-16T20:36:17.555+08:00","2026-06-16T20:36:17.605+08:00",332.942841,EXP2,"exp2_table",2,2,"1:3|2:2|3:4|4:1"
"exp2_target_object","实验二当前目标模型_右脸","Exp2_002_exp2_target_object_0222","video_relative_to_recording_start",rectangle,342,337,886,847,,,,"A037","Exp2_002","E2_FIXED_PROGRESSIVE",loading,,,,,1,TRUE,5500.000,5550.000,338.442841,338.492828,1920,1046,"ObjectSlot2",1,0,"video_relative_to_screen_recording_start",75.060127,263382.719,263432.719,1,75.060127,"1781613114174","../../../../../../Project/UE5/Gallery/Saved/ScreenRecordings/A037_v2_20260616_203154_screen.mkv",263382.719,263432.719,263407.719,"1781613377556","1781613377606","2026-06-16T20:36:17.555+08:00","2026-06-16T20:36:17.605+08:00",332.942841,EXP2,"exp2_target",2,2,"1:3|2:2|3:4|4:1"
"exp2_table_objects","实验二桌面四模型总体区域","Exp2_002_exp2_table_objects_0223","video_relative_to_recording_start",rectangle,0,319,1919,1022,,,,"A037","Exp2_002","E2_FIXED_PROGRESSIVE",loading,,,,,1,TRUE,5550.000,5600.000,338.492828,338.542847,1920,1046,"ObjectSlot1-4",1,1,"video_relative_to_screen_recording_start",75.060127,263432.719,263482.719,1,75.060127,"1781613114174","../../../../../../Project/UE5/Gallery/Saved/ScreenRecordings/A037_v2_20260616_203154_screen.mkv",263432.719,263482.719,263457.719,"1781613377606","1781613377656","2026-06-16T20:36:17.605+08:00","2026-06-16T20:36:17.655+08:00",332.942841,EXP2,"exp2_table",2,2,"1:3|2:2|3:4|4:1"
"exp2_target_object","实验二当前目标模型_右脸","Exp2_002_exp2_target_object_0224","video_relative_to_recording_start",rectangle,342,337,886,847,,,,"A037","Exp2_002","E2_FIXED_PROGRESSIVE",loading,,,,,1,TRUE,5550.000,5600.000,338.492828,338.542847,1920,1046,"ObjectSlot2",1,0,"video_relative_to_screen_recording_start",75.060127,263432.719,263482.719,1,75.060127,"1781613114174","../../../../../../Project/UE5/Gallery/Saved/ScreenRecordings/A037_v2_20260616_203154_screen.mkv",263432.719,263482.719,263457.719,"1781613377606","1781613377656","2026-06-16T20:36:17.605+08:00","2026-06-16T20:36:17.655+08:00",332.942841,EXP2,"exp2_target",2,2,"1:3|2:2|3:4|4:1"
"exp2_table_objects","实验二桌面四模型总体区域","Exp2_002_exp2_table_objects_0225","video_relative_to_recording_start",rectangle,0,319,1919,1022,,,,"A037","Exp2_002","E2_FIXED_PROGRESSIVE",loading,,,,,1,TRUE,5600.000,5650.000,338.542847,338.592834,1920,1046,"ObjectSlot1-4",1,1,"video_relative_to_screen_recording_start",75.060127,263482.719,263532.719,1,75.060127,"1781613114174","../../../../../../Project/UE5/Gallery/Saved/ScreenRecordings/A037_v2_20260616_203154_screen.mkv",263482.719,263532.719,263507.719,"1781613377656","1781613377706","2026-06-16T20:36:17.655+08:00","2026-06-16T20:36:17.705+08:00",332.942841,EXP2,"exp2_table",2,2,"1:3|2:2|3:4|4:1"
"exp2_target_object","实验二当前目标模型_右脸","Exp2_002_exp2_target_object_0226","video_relative_to_recording_start",rectangle,342,337,886,847,,,,"A037","Exp2_002","E2_FIXED_PROGRESSIVE",loading,,,,,1,TRUE,5600.000,5650.000,338.542847,338.592834,1920,1046,"ObjectSlot2",1,0,"video_relative_to_screen_recording_start",75.060127,263482.719,263532.719,1,75.060127,"1781613114174","../../../../../../Project/UE5/Gallery/Saved/ScreenRecordings/A037_v2_20260616_203154_screen.mkv",263482.719,263532.719,263507.719,"1781613377656","1781613377706","2026-06-16T20:36:17.655+08:00","2026-06-16T20:36:17.705+08:00",332.942841,EXP2,"exp2_target",2,2,"1:3|2:2|3:4|4:1"
"exp2_table_objects","实验二桌面四模型总体区域","Exp2_002_exp2_table_objects_0227","video_relative_to_recording_start",rectangle,0,319,1919,1022,,,,"A037","Exp2_002","E2_FIXED_PROGRESSIVE",loading,,,,,1,TRUE,5650.000,5700.000,338.592834,338.642853,1920,1046,"ObjectSlot1-4",1,1,"video_relative_to_screen_recording_start",75.060127,263532.719,263582.719,1,75.060127,"1781613114174","../../../../../../Project/UE5/Gallery/Saved/ScreenRecordings/A037_v2_20260616_203154_screen.mkv",263532.719,263582.719,263557.719,"1781613377706","1781613377756","2026-06-16T20:36:17.705+08:00","2026-06-16T20:36:17.755+08:00",332.942841,EXP2,"exp2_table",2,2,"1:3|2:2|3:4|4:1"
"exp2_target_object","实验二当前目标模型_右脸","Exp2_002_exp2_target_object_0228","video_relative_to_recording_start",rectangle,342,337,886,847,,,,"A037","Exp2_002","E2_FIXED_PROGRESSIVE",loading,,,,,1,TRUE,5650.000,5700.000,338.592834,338.642853,1920,1046,"ObjectSlot2",1,0,"video_relative_to_screen_recording_start",75.060127,263532.719,263582.719,1,75.060127,"1781613114174","../../../../../../Project/UE5/Gallery/Saved/ScreenRecordings/A037_v2_20260616_203154_screen.mkv",263532.719,263582.719,263557.719,"1781613377706","1781613377756","2026-06-16T20:36:17.705+08:00","2026-06-16T20:36:17.755+08:00",332.942841,EXP2,"exp2_target",2,2,"1:3|2:2|3:4|4:1"
"exp2_table_objects","实验二桌面四模型总体区域","Exp2_002_exp2_table_objects_0229","video_relative_to_recording_start",rectangle,0,319,1919,1022,,,,"A037","Exp2_002","E2_FIXED_PROGRESSIVE",loading,,,,,1,TRUE,5700.000,5750.000,338.642853,338.692841,1920,1046,"ObjectSlot1-4",1,1,"video_relative_to_screen_recording_start",75.060127,263582.719,263632.719,1,75.060127,"1781613114174","../../../../../../Project/UE5/Gallery/Saved/ScreenRecordings/A037_v2_20260616_203154_screen.mkv",263582.719,263632.719,263607.719,"1781613377756","1781613377806","2026-06-16T20:36:17.755+08:00","2026-06-16T20:36:17.805+08:00",332.942841,EXP2,"exp2_table",2,2,"1:3|2:2|3:4|4:1"
"exp2_target_object","实验二当前目标模型_右脸","Exp2_002_exp2_target_object_0230","video_relative_to_recording_start",rectangle,342,337,886,847,,,,"A037","Exp2_002","E2_FIXED_PROGRESSIVE",loading,,,,,1,TRUE,5700.000,5750.000,338.642853,338.692841,1920,1046,"ObjectSlot2",1,0,"video_relative_to_screen_recording_start",75.060127,263582.719,263632.719,1,75.060127,"1781613114174","../../../../../../Project/UE5/Gallery/Saved/ScreenRecordings/A037_v2_20260616_203154_screen.mkv",263582.719,263632.719,263607.719,"1781613377756","1781613377806","2026-06-16T20:36:17.755+08:00","2026-06-16T20:36:17.805+08:00",332.942841,EXP2,"exp2_target",2,2,"1:3|2:2|3:4|4:1"
"exp2_table_objects","实验二桌面四模型总体区域","Exp2_002_exp2_table_objects_0231","video_relative_to_recording_start",rectangle,0,319,1919,1022,,,,"A037","Exp2_002","E2_FIXED_PROGRESSIVE",loading,,,,,1,TRUE,5750.000,5800.000,338.692841,338.742828,1920,1046,"ObjectSlot1-4",1,1,"video_relative_to_screen_recording_start",75.060127,263632.719,263682.719,1,75.060127,"1781613114174","../../../../../../Project/UE5/Gallery/Saved/ScreenRecordings/A037_v2_20260616_203154_screen.mkv",263632.719,263682.719,263657.719,"1781613377806","1781613377856","2026-06-16T20:36:17.805+08:00","2026-06-16T20:36:17.855+08:00",332.942841,EXP2,"exp2_table",2,2,"1:3|2:2|3:4|4:1"
"exp2_target_object","实验二当前目标模型_右脸","Exp2_002_exp2_target_object_0232","video_relative_to_recording_start",rectangle,342,337,886,847,,,,"A037","Exp2_002","E2_FIXED_PROGRESSIVE",loading,,,,,1,TRUE,5750.000,5800.000,338.692841,338.742828,1920,1046,"ObjectSlot2",1,0,"video_relative_to_screen_recording_start",75.060127,263632.719,263682.719,1,75.060127,"1781613114174","../../../../../../Project/UE5/Gallery/Saved/ScreenRecordings/A037_v2_20260616_203154_screen.mkv",263632.719,263682.719,263657.719,"1781613377806","1781613377856","2026-06-16T20:36:17.805+08:00","2026-06-16T20:36:17.855+08:00",332.942841,EXP2,"exp2_target",2,2,"1:3|2:2|3:4|4:1"
"exp2_table_objects","实验二桌面四模型总体区域","Exp2_002_exp2_table_objects_0233","video_relative_to_recording_start",rectangle,0,319,1919,1022,,,,"A037","Exp2_002","E2_FIXED_PROGRESSIVE",loading,,,,,1,TRUE,5800.000,5850.000,338.742828,338.792847,1920,1046,"ObjectSlot1-4",1,1,"video_relative_to_screen_recording_start",75.060127,263682.719,263732.719,1,75.060127,"1781613114174","../../../../../../Project/UE5/Gallery/Saved/ScreenRecordings/A037_v2_20260616_203154_screen.mkv",263682.719,263732.719,263707.719,"1781613377856","1781613377906","2026-06-16T20:36:17.855+08:00","2026-06-16T20:36:17.905+08:00",332.942841,EXP2,"exp2_table",2,2,"1:3|2:2|3:4|4:1"
"exp2_target_object","实验二当前目标模型_右脸","Exp2_002_exp2_target_object_0234","video_relative_to_recording_start",rectangle,342,337,886,847,,,,"A037","Exp2_002","E2_FIXED_PROGRESSIVE",loading,,,,,1,TRUE,5800.000,5850.000,338.742828,338.792847,1920,1046,"ObjectSlot2",1,0,"video_relative_to_screen_recording_start",75.060127,263682.719,263732.719,1,75.060127,"1781613114174","../../../../../../Project/UE5/Gallery/Saved/ScreenRecordings/A037_v2_20260616_203154_screen.mkv",263682.719,263732.719,263707.719,"1781613377856","1781613377906","2026-06-16T20:36:17.855+08:00","2026-06-16T20:36:17.905+08:00",332.942841,EXP2,"exp2_target",2,2,"1:3|2:2|3:4|4:1"
"exp2_table_objects","实验二桌面四模型总体区域","Exp2_002_exp2_table_objects_0235","video_relative_to_recording_start",rectangle,0,319,1919,1022,,,,"A037","Exp2_002","E2_FIXED_PROGRESSIVE",loading,,,,,1,TRUE,5850.000,5900.000,338.792847,338.842834,1920,1046,"ObjectSlot1-4",1,1,"video_relative_to_screen_recording_start",75.060127,263732.719,263782.719,1,75.060127,"1781613114174","../../../../../../Project/UE5/Gallery/Saved/ScreenRecordings/A037_v2_20260616_203154_screen.mkv",263732.719,263782.719,263757.719,"1781613377906","1781613377956","2026-06-16T20:36:17.905+08:00","2026-06-16T20:36:17.955+08:00",332.942841,EXP2,"exp2_table",2,2,"1:3|2:2|3:4|4:1"
"exp2_target_object","实验二当前目标模型_右脸","Exp2_002_exp2_target_object_0236","video_relative_to_recording_start",rectangle,342,337,886,847,,,,"A037","Exp2_002","E2_FIXED_PROGRESSIVE",loading,,,,,1,TRUE,5850.000,5900.000,338.792847,338.842834,1920,1046,"ObjectSlot2",1,0,"video_relative_to_screen_recording_start",75.060127,263732.719,263782.719,1,75.060127,"1781613114174","../../../../../../Project/UE5/Gallery/Saved/ScreenRecordings/A037_v2_20260616_203154_screen.mkv",263732.719,263782.719,263757.719,"1781613377906","1781613377956","2026-06-16T20:36:17.905+08:00","2026-06-16T20:36:17.955+08:00",332.942841,EXP2,"exp2_target",2,2,"1:3|2:2|3:4|4:1"
"exp2_table_objects","实验二桌面四模型总体区域","Exp2_002_exp2_table_objects_0237","video_relative_to_recording_start",rectangle,0,319,1919,1022,,,,"A037","Exp2_002","E2_FIXED_PROGRESSIVE",loading,,,,,1,TRUE,5900.000,5950.000,338.842834,338.892853,1920,1046,"ObjectSlot1-4",1,1,"video_relative_to_screen_recording_start",75.060127,263782.719,263832.719,1,75.060127,"1781613114174","../../../../../../Project/UE5/Gallery/Saved/ScreenRecordings/A037_v2_20260616_203154_screen.mkv",263782.719,263832.719,263807.719,"1781613377956","1781613378006","2026-06-16T20:36:17.955+08:00","2026-06-16T20:36:18.005+08:00",332.942841,EXP2,"exp2_table",2,2,"1:3|2:2|3:4|4:1"
"exp2_target_object","实验二当前目标模型_右脸","Exp2_002_exp2_target_object_0238","video_relative_to_recording_start",rectangle,342,337,886,847,,,,"A037","Exp2_002","E2_FIXED_PROGRESSIVE",loading,,,,,1,TRUE,5900.000,5950.000,338.842834,338.892853,1920,1046,"ObjectSlot2",1,0,"video_relative_to_screen_recording_start",75.060127,263782.719,263832.719,1,75.060127,"1781613114174","../../../../../../Project/UE5/Gallery/Saved/ScreenRecordings/A037_v2_20260616_203154_screen.mkv",263782.719,263832.719,263807.719,"1781613377956","1781613378006","2026-06-16T20:36:17.955+08:00","2026-06-16T20:36:18.005+08:00",332.942841,EXP2,"exp2_target",2,2,"1:3|2:2|3:4|4:1"
"exp2_table_objects","实验二桌面四模型总体区域","Exp2_002_exp2_table_objects_0239","video_relative_to_recording_start",rectangle,0,319,1919,1022,,,,"A037","Exp2_002","E2_FIXED_PROGRESSIVE",loading,,,,,1,TRUE,5950.000,6000.000,338.892853,338.942841,1920,1046,"ObjectSlot1-4",1,1,"video_relative_to_screen_recording_start",75.060127,263832.719,263882.719,1,75.060127,"1781613114174","../../../../../../Project/UE5/Gallery/Saved/ScreenRecordings/A037_v2_20260616_203154_screen.mkv",263832.719,263882.719,263857.719,"1781613378006","1781613378056","2026-06-16T20:36:18.005+08:00","2026-06-16T20:36:18.055+08:00",332.942841,EXP2,"exp2_table",2,2,"1:3|2:2|3:4|4:1"
"exp2_target_object","实验二当前目标模型_右脸","Exp2_002_exp2_target_object_0240","video_relative_to_recording_start",rectangle,343,338,886,847,,,,"A037","Exp2_002","E2_FIXED_PROGRESSIVE",loading,,,,,1,TRUE,5950.000,6000.000,338.892853,338.942841,1920,1046,"ObjectSlot2",1,0,"video_relative_to_screen_recording_start",75.060127,263832.719,263882.719,1,75.060127,"1781613114174","../../../../../../Project/UE5/Gallery/Saved/ScreenRecordings/A037_v2_20260616_203154_screen.mkv",263832.719,263882.719,263857.719,"1781613378006","1781613378056","2026-06-16T20:36:18.005+08:00","2026-06-16T20:36:18.055+08:00",332.942841,EXP2,"exp2_target",2,2,"1:3|2:2|3:4|4:1"
"exp2_table_objects","实验二桌面四模型总体区域","Exp2_002_exp2_table_objects_0241","video_relative_to_recording_start",rectangle,0,319,1919,1022,,,,"A037","Exp2_002","E2_FIXED_PROGRESSIVE",loading,,,,,1,TRUE,6000.000,6050.000,338.942841,338.992828,1920,1046,"ObjectSlot1-4",1,1,"video_relative_to_screen_recording_start",75.060127,263882.719,263932.719,1,75.060127,"1781613114174","../../../../../../Project/UE5/Gallery/Saved/ScreenRecordings/A037_v2_20260616_203154_screen.mkv",263882.719,263932.719,263907.719,"1781613378056","1781613378106","2026-06-16T20:36:18.055+08:00","2026-06-16T20:36:18.105+08:00",332.942841,EXP2,"exp2_table",2,2,"1:3|2:2|3:4|4:1"
"exp2_target_object","实验二当前目标模型_右脸","Exp2_002_exp2_target_object_0242","video_relative_to_recording_start",rectangle,343,338,886,847,,,,"A037","Exp2_002","E2_FIXED_PROGRESSIVE",loading,,,,,1,TRUE,6000.000,6050.000,338.942841,338.992828,1920,1046,"ObjectSlot2",1,0,"video_relative_to_screen_recording_start",75.060127,263882.719,263932.719,1,75.060127,"1781613114174","../../../../../../Project/UE5/Gallery/Saved/ScreenRecordings/A037_v2_20260616_203154_screen.mkv",263882.719,263932.719,263907.719,"1781613378056","1781613378106","2026-06-16T20:36:18.055+08:00","2026-06-16T20:36:18.105+08:00",332.942841,EXP2,"exp2_target",2,2,"1:3|2:2|3:4|4:1"
"exp2_table_objects","实验二桌面四模型总体区域","Exp2_002_exp2_table_objects_0243","video_relative_to_recording_start",rectangle,0,319,1919,1022,,,,"A037","Exp2_002","E2_FIXED_PROGRESSIVE",loading,,,,,1,TRUE,6050.000,6100.000,338.992828,339.042847,1920,1046,"ObjectSlot1-4",1,1,"video_relative_to_screen_recording_start",75.060127,263932.719,263982.719,1,75.060127,"1781613114174","../../../../../../Project/UE5/Gallery/Saved/ScreenRecordings/A037_v2_20260616_203154_screen.mkv",263932.719,263982.719,263957.719,"1781613378106","1781613378156","2026-06-16T20:36:18.105+08:00","2026-06-16T20:36:18.155+08:00",332.942841,EXP2,"exp2_table",2,2,"1:3|2:2|3:4|4:1"
"exp2_target_object","实验二当前目标模型_右脸","Exp2_002_exp2_target_object_0244","video_relative_to_recording_start",rectangle,343,338,886,847,,,,"A037","Exp2_002","E2_FIXED_PROGRESSIVE",loading,,,,,1,TRUE,6050.000,6100.000,338.992828,339.042847,1920,1046,"ObjectSlot2",1,0,"video_relative_to_screen_recording_start",75.060127,263932.719,263982.719,1,75.060127,"1781613114174","../../../../../../Project/UE5/Gallery/Saved/ScreenRecordings/A037_v2_20260616_203154_screen.mkv",263932.719,263982.719,263957.719,"1781613378106","1781613378156","2026-06-16T20:36:18.105+08:00","2026-06-16T20:36:18.155+08:00",332.942841,EXP2,"exp2_target",2,2,"1:3|2:2|3:4|4:1"
"exp2_table_objects","实验二桌面四模型总体区域","Exp2_002_exp2_table_objects_0245","video_relative_to_recording_start",rectangle,0,319,1919,1022,,,,"A037","Exp2_002","E2_FIXED_PROGRESSIVE",loading,,,,,1,TRUE,6100.000,6150.000,339.042847,339.092834,1920,1046,"ObjectSlot1-4",1,1,"video_relative_to_screen_recording_start",75.060127,263982.719,264032.719,1,75.060127,"1781613114174","../../../../../../Project/UE5/Gallery/Saved/ScreenRecordings/A037_v2_20260616_203154_screen.mkv",263982.719,264032.719,264007.719,"1781613378156","1781613378206","2026-06-16T20:36:18.155+08:00","2026-06-16T20:36:18.205+08:00",332.942841,EXP2,"exp2_table",2,2,"1:3|2:2|3:4|4:1"
"exp2_target_object","实验二当前目标模型_右脸","Exp2_002_exp2_target_object_0246","video_relative_to_recording_start",rectangle,343,338,886,847,,,,"A037","Exp2_002","E2_FIXED_PROGRESSIVE",loading,,,,,1,TRUE,6100.000,6150.000,339.042847,339.092834,1920,1046,"ObjectSlot2",1,0,"video_relative_to_screen_recording_start",75.060127,263982.719,264032.719,1,75.060127,"1781613114174","../../../../../../Project/UE5/Gallery/Saved/ScreenRecordings/A037_v2_20260616_203154_screen.mkv",263982.719,264032.719,264007.719,"1781613378156","1781613378206","2026-06-16T20:36:18.155+08:00","2026-06-16T20:36:18.205+08:00",332.942841,EXP2,"exp2_target",2,2,"1:3|2:2|3:4|4:1"
"exp2_table_objects","实验二桌面四模型总体区域","Exp2_002_exp2_table_objects_0247","video_relative_to_recording_start",rectangle,0,319,1919,1022,,,,"A037","Exp2_002","E2_FIXED_PROGRESSIVE",loading,,,,,1,TRUE,6150.000,6200.000,339.092834,339.142853,1920,1046,"ObjectSlot1-4",1,1,"video_relative_to_screen_recording_start",75.060127,264032.719,264082.719,1,75.060127,"1781613114174","../../../../../../Project/UE5/Gallery/Saved/ScreenRecordings/A037_v2_20260616_203154_screen.mkv",264032.719,264082.719,264057.719,"1781613378206","1781613378256","2026-06-16T20:36:18.205+08:00","2026-06-16T20:36:18.255+08:00",332.942841,EXP2,"exp2_table",2,2,"1:3|2:2|3:4|4:1"
"exp2_target_object","实验二当前目标模型_右脸","Exp2_002_exp2_target_object_0248","video_relative_to_recording_start",rectangle,343,338,886,847,,,,"A037","Exp2_002","E2_FIXED_PROGRESSIVE",loading,,,,,1,TRUE,6150.000,6200.000,339.092834,339.142853,1920,1046,"ObjectSlot2",1,0,"video_relative_to_screen_recording_start",75.060127,264032.719,264082.719,1,75.060127,"1781613114174","../../../../../../Project/UE5/Gallery/Saved/ScreenRecordings/A037_v2_20260616_203154_screen.mkv",264032.719,264082.719,264057.719,"1781613378206","1781613378256","2026-06-16T20:36:18.205+08:00","2026-06-16T20:36:18.255+08:00",332.942841,EXP2,"exp2_target",2,2,"1:3|2:2|3:4|4:1"
"exp2_table_objects","实验二桌面四模型总体区域","Exp2_002_exp2_table_objects_0249","video_relative_to_recording_start",rectangle,0,319,1919,1022,,,,"A037","Exp2_002","E2_FIXED_PROGRESSIVE",loading,,,,,1,TRUE,6200.000,6250.000,339.142853,339.192841,1920,1046,"ObjectSlot1-4",1,1,"video_relative_to_screen_recording_start",75.060127,264082.719,264132.719,1,75.060127,"1781613114174","../../../../../../Project/UE5/Gallery/Saved/ScreenRecordings/A037_v2_20260616_203154_screen.mkv",264082.719,264132.719,264107.719,"1781613378256","1781613378306","2026-06-16T20:36:18.255+08:00","2026-06-16T20:36:18.305+08:00",332.942841,EXP2,"exp2_table",2,2,"1:3|2:2|3:4|4:1"
"exp2_target_object","实验二当前目标模型_右脸","Exp2_002_exp2_target_object_0250","video_relative_to_recording_start",rectangle,343,338,886,847,,,,"A037","Exp2_002","E2_FIXED_PROGRESSIVE",loading,,,,,1,TRUE,6200.000,6250.000,339.142853,339.192841,1920,1046,"ObjectSlot2",1,0,"video_relative_to_screen_recording_start",75.060127,264082.719,264132.719,1,75.060127,"1781613114174","../../../../../../Project/UE5/Gallery/Saved/ScreenRecordings/A037_v2_20260616_203154_screen.mkv",264082.719,264132.719,264107.719,"1781613378256","1781613378306","2026-06-16T20:36:18.255+08:00","2026-06-16T20:36:18.305+08:00",332.942841,EXP2,"exp2_target",2,2,"1:3|2:2|3:4|4:1"
"exp2_table_objects","实验二桌面四模型总体区域","Exp2_002_exp2_table_objects_0251","video_relative_to_recording_start",rectangle,0,319,1919,1022,,,,"A037","Exp2_002","E2_FIXED_PROGRESSIVE",loading,,,,,1,TRUE,6250.000,6300.000,339.192841,339.242828,1920,1046,"ObjectSlot1-4",1,1,"video_relative_to_screen_recording_start",75.060127,264132.719,264182.719,1,75.060127,"1781613114174","../../../../../../Project/UE5/Gallery/Saved/ScreenRecordings/A037_v2_20260616_203154_screen.mkv",264132.719,264182.719,264157.719,"1781613378306","1781613378356","2026-06-16T20:36:18.305+08:00","2026-06-16T20:36:18.355+08:00",332.942841,EXP2,"exp2_table",2,2,"1:3|2:2|3:4|4:1"
"exp2_target_object","实验二当前目标模型_右脸","Exp2_002_exp2_target_object_0252","video_relative_to_recording_start",rectangle,343,338,886,847,,,,"A037","Exp2_002","E2_FIXED_PROGRESSIVE",loading,,,,,1,TRUE,6250.000,6300.000,339.192841,339.242828,1920,1046,"ObjectSlot2",1,0,"video_relative_to_screen_recording_start",75.060127,264132.719,264182.719,1,75.060127,"1781613114174","../../../../../../Project/UE5/Gallery/Saved/ScreenRecordings/A037_v2_20260616_203154_screen.mkv",264132.719,264182.719,264157.719,"1781613378306","1781613378356","2026-06-16T20:36:18.305+08:00","2026-06-16T20:36:18.355+08:00",332.942841,EXP2,"exp2_target",2,2,"1:3|2:2|3:4|4:1"
"exp2_table_objects","实验二桌面四模型总体区域","Exp2_002_exp2_table_objects_0253","video_relative_to_recording_start",rectangle,0,319,1919,1022,,,,"A037","Exp2_002","E2_FIXED_PROGRESSIVE",loading,,,,,1,TRUE,6300.000,6350.000,339.242828,339.292847,1920,1046,"ObjectSlot1-4",1,1,"video_relative_to_screen_recording_start",75.060127,264182.719,264232.719,1,75.060127,"1781613114174","../../../../../../Project/UE5/Gallery/Saved/ScreenRecordings/A037_v2_20260616_203154_screen.mkv",264182.719,264232.719,264207.719,"1781613378356","1781613378406","2026-06-16T20:36:18.355+08:00","2026-06-16T20:36:18.405+08:00",332.942841,EXP2,"exp2_table",2,2,"1:3|2:2|3:4|4:1"
"exp2_target_object","实验二当前目标模型_右脸","Exp2_002_exp2_target_object_0254","video_relative_to_recording_start",rectangle,343,338,886,847,,,,"A037","Exp2_002","E2_FIXED_PROGRESSIVE",loading,,,,,1,TRUE,6300.000,6350.000,339.242828,339.292847,1920,1046,"ObjectSlot2",1,0,"video_relative_to_screen_recording_start",75.060127,264182.719,264232.719,1,75.060127,"1781613114174","../../../../../../Project/UE5/Gallery/Saved/ScreenRecordings/A037_v2_20260616_203154_screen.mkv",264182.719,264232.719,264207.719,"1781613378356","1781613378406","2026-06-16T20:36:18.355+08:00","2026-06-16T20:36:18.405+08:00",332.942841,EXP2,"exp2_target",2,2,"1:3|2:2|3:4|4:1"
"exp2_table_objects","实验二桌面四模型总体区域","Exp2_002_exp2_table_objects_0255","video_relative_to_recording_start",rectangle,0,319,1919,1022,,,,"A037","Exp2_002","E2_FIXED_PROGRESSIVE",loading,,,,,1,TRUE,6350.000,6400.000,339.292847,339.342834,1920,1046,"ObjectSlot1-4",1,1,"video_relative_to_screen_recording_start",75.060127,264232.719,264282.719,1,75.060127,"1781613114174","../../../../../../Project/UE5/Gallery/Saved/ScreenRecordings/A037_v2_20260616_203154_screen.mkv",264232.719,264282.719,264257.719,"1781613378406","1781613378456","2026-06-16T20:36:18.405+08:00","2026-06-16T20:36:18.455+08:00",332.942841,EXP2,"exp2_table",2,2,"1:3|2:2|3:4|4:1"
"exp2_target_object","实验二当前目标模型_右脸","Exp2_002_exp2_target_object_0256","video_relative_to_recording_start",rectangle,343,338,886,847,,,,"A037","Exp2_002","E2_FIXED_PROGRESSIVE",loading,,,,,1,TRUE,6350.000,6400.000,339.292847,339.342834,1920,1046,"ObjectSlot2",1,0,"video_relative_to_screen_recording_start",75.060127,264232.719,264282.719,1,75.060127,"1781613114174","../../../../../../Project/UE5/Gallery/Saved/ScreenRecordings/A037_v2_20260616_203154_screen.mkv",264232.719,264282.719,264257.719,"1781613378406","1781613378456","2026-06-16T20:36:18.405+08:00","2026-06-16T20:36:18.455+08:00",332.942841,EXP2,"exp2_target",2,2,"1:3|2:2|3:4|4:1"
"exp2_table_objects","实验二桌面四模型总体区域","Exp2_002_exp2_table_objects_0257","video_relative_to_recording_start",rectangle,0,319,1919,1022,,,,"A037","Exp2_002","E2_FIXED_PROGRESSIVE",loading,,,,,1,TRUE,6400.000,6450.000,339.342834,339.392853,1920,1046,"ObjectSlot1-4",1,1,"video_relative_to_screen_recording_start",75.060127,264282.719,264332.719,1,75.060127,"1781613114174","../../../../../../Project/UE5/Gallery/Saved/ScreenRecordings/A037_v2_20260616_203154_screen.mkv",264282.719,264332.719,264307.719,"1781613378456","1781613378506","2026-06-16T20:36:18.455+08:00","2026-06-16T20:36:18.505+08:00",332.942841,EXP2,"exp2_table",2,2,"1:3|2:2|3:4|4:1"
"exp2_target_object","实验二当前目标模型_右脸","Exp2_002_exp2_target_object_0258","video_relative_to_recording_start",rectangle,343,338,886,847,,,,"A037","Exp2_002","E2_FIXED_PROGRESSIVE",loading,,,,,1,TRUE,6400.000,6450.000,339.342834,339.392853,1920,1046,"ObjectSlot2",1,0,"video_relative_to_screen_recording_start",75.060127,264282.719,264332.719,1,75.060127,"1781613114174","../../../../../../Project/UE5/Gallery/Saved/ScreenRecordings/A037_v2_20260616_203154_screen.mkv",264282.719,264332.719,264307.719,"1781613378456","1781613378506","2026-06-16T20:36:18.455+08:00","2026-06-16T20:36:18.505+08:00",332.942841,EXP2,"exp2_target",2,2,"1:3|2:2|3:4|4:1"
"exp2_table_objects","实验二桌面四模型总体区域","Exp2_002_exp2_table_objects_0259","video_relative_to_recording_start",rectangle,0,319,1919,1022,,,,"A037","Exp2_002","E2_FIXED_PROGRESSIVE",loading,,,,,1,TRUE,6450.000,6500.000,339.392853,339.442841,1920,1046,"ObjectSlot1-4",1,1,"video_relative_to_screen_recording_start",75.060127,264332.719,264382.719,1,75.060127,"1781613114174","../../../../../../Project/UE5/Gallery/Saved/ScreenRecordings/A037_v2_20260616_203154_screen.mkv",264332.719,264382.719,264357.719,"1781613378506","1781613378556","2026-06-16T20:36:18.505+08:00","2026-06-16T20:36:18.555+08:00",332.942841,EXP2,"exp2_table",2,2,"1:3|2:2|3:4|4:1"
"exp2_target_object","实验二当前目标模型_右脸","Exp2_002_exp2_target_object_0260","video_relative_to_recording_start",rectangle,343,338,886,847,,,,"A037","Exp2_002","E2_FIXED_PROGRESSIVE",loading,,,,,1,TRUE,6450.000,6500.000,339.392853,339.442841,1920,1046,"ObjectSlot2",1,0,"video_relative_to_screen_recording_start",75.060127,264332.719,264382.719,1,75.060127,"1781613114174","../../../../../../Project/UE5/Gallery/Saved/ScreenRecordings/A037_v2_20260616_203154_screen.mkv",264332.719,264382.719,264357.719,"1781613378506","1781613378556","2026-06-16T20:36:18.505+08:00","2026-06-16T20:36:18.555+08:00",332.942841,EXP2,"exp2_target",2,2,"1:3|2:2|3:4|4:1"
"exp2_table_objects","实验二桌面四模型总体区域","Exp2_002_exp2_table_objects_0261","video_relative_to_recording_start",rectangle,0,319,1919,1022,,,,"A037","Exp2_002","E2_FIXED_PROGRESSIVE",loading,,,,,1,TRUE,6500.000,6550.000,339.442841,339.492828,1920,1046,"ObjectSlot1-4",1,1,"video_relative_to_screen_recording_start",75.060127,264382.719,264432.719,1,75.060127,"1781613114174","../../../../../../Project/UE5/Gallery/Saved/ScreenRecordings/A037_v2_20260616_203154_screen.mkv",264382.719,264432.719,264407.719,"1781613378556","1781613378606","2026-06-16T20:36:18.555+08:00","2026-06-16T20:36:18.605+08:00",332.942841,EXP2,"exp2_table",2,2,"1:3|2:2|3:4|4:1"
"exp2_target_object","实验二当前目标模型_右脸","Exp2_002_exp2_target_object_0262","video_relative_to_recording_start",rectangle,343,338,886,847,,,,"A037","Exp2_002","E2_FIXED_PROGRESSIVE",loading,,,,,1,TRUE,6500.000,6550.000,339.442841,339.492828,1920,1046,"ObjectSlot2",1,0,"video_relative_to_screen_recording_start",75.060127,264382.719,264432.719,1,75.060127,"1781613114174","../../../../../../Project/UE5/Gallery/Saved/ScreenRecordings/A037_v2_20260616_203154_screen.mkv",264382.719,264432.719,264407.719,"1781613378556","1781613378606","2026-06-16T20:36:18.555+08:00","2026-06-16T20:36:18.605+08:00",332.942841,EXP2,"exp2_target",2,2,"1:3|2:2|3:4|4:1"
"exp2_table_objects","实验二桌面四模型总体区域","Exp2_002_exp2_table_objects_0263","video_relative_to_recording_start",rectangle,0,319,1919,1022,,,,"A037","Exp2_002","E2_FIXED_PROGRESSIVE",loading,,,,,1,TRUE,6550.000,6600.000,339.492828,339.542847,1920,1046,"ObjectSlot1-4",1,1,"video_relative_to_screen_recording_start",75.060127,264432.719,264482.719,1,75.060127,"1781613114174","../../../../../../Project/UE5/Gallery/Saved/ScreenRecordings/A037_v2_20260616_203154_screen.mkv",264432.719,264482.719,264457.719,"1781613378606","1781613378656","2026-06-16T20:36:18.605+08:00","2026-06-16T20:36:18.655+08:00",332.942841,EXP2,"exp2_table",2,2,"1:3|2:2|3:4|4:1"
"exp2_target_object","实验二当前目标模型_右脸","Exp2_002_exp2_target_object_0264","video_relative_to_recording_start",rectangle,343,338,886,847,,,,"A037","Exp2_002","E2_FIXED_PROGRESSIVE",loading,,,,,1,TRUE,6550.000,6600.000,339.492828,339.542847,1920,1046,"ObjectSlot2",1,0,"video_relative_to_screen_recording_start",75.060127,264432.719,264482.719,1,75.060127,"1781613114174","../../../../../../Project/UE5/Gallery/Saved/ScreenRecordings/A037_v2_20260616_203154_screen.mkv",264432.719,264482.719,264457.719,"1781613378606","1781613378656","2026-06-16T20:36:18.605+08:00","2026-06-16T20:36:18.655+08:00",332.942841,EXP2,"exp2_target",2,2,"1:3|2:2|3:4|4:1"
"exp2_table_objects","实验二桌面四模型总体区域","Exp2_002_exp2_table_objects_0265","video_relative_to_recording_start",rectangle,0,319,1919,1022,,,,"A037","Exp2_002","E2_FIXED_PROGRESSIVE",loading,,,,,1,TRUE,6600.000,6650.000,339.542847,339.592834,1920,1046,"ObjectSlot1-4",1,1,"video_relative_to_screen_recording_start",75.060127,264482.719,264532.719,1,75.060127,"1781613114174","../../../../../../Project/UE5/Gallery/Saved/ScreenRecordings/A037_v2_20260616_203154_screen.mkv",264482.719,264532.719,264507.719,"1781613378656","1781613378706","2026-06-16T20:36:18.655+08:00","2026-06-16T20:36:18.705+08:00",332.942841,EXP2,"exp2_table",2,2,"1:3|2:2|3:4|4:1"
"exp2_target_object","实验二当前目标模型_右脸","Exp2_002_exp2_target_object_0266","video_relative_to_recording_start",rectangle,343,338,886,847,,,,"A037","Exp2_002","E2_FIXED_PROGRESSIVE",loading,,,,,1,TRUE,6600.000,6650.000,339.542847,339.592834,1920,1046,"ObjectSlot2",1,0,"video_relative_to_screen_recording_start",75.060127,264482.719,264532.719,1,75.060127,"1781613114174","../../../../../../Project/UE5/Gallery/Saved/ScreenRecordings/A037_v2_20260616_203154_screen.mkv",264482.719,264532.719,264507.719,"1781613378656","1781613378706","2026-06-16T20:36:18.655+08:00","2026-06-16T20:36:18.705+08:00",332.942841,EXP2,"exp2_target",2,2,"1:3|2:2|3:4|4:1"
"exp2_table_objects","实验二桌面四模型总体区域","Exp2_002_exp2_table_objects_0267","video_relative_to_recording_start",rectangle,0,319,1919,1022,,,,"A037","Exp2_002","E2_FIXED_PROGRESSIVE",loading,,,,,1,TRUE,6650.000,6700.000,339.592834,339.642853,1920,1046,"ObjectSlot1-4",1,1,"video_relative_to_screen_recording_start",75.060127,264532.719,264582.719,1,75.060127,"1781613114174","../../../../../../Project/UE5/Gallery/Saved/ScreenRecordings/A037_v2_20260616_203154_screen.mkv",264532.719,264582.719,264557.719,"1781613378706","1781613378756","2026-06-16T20:36:18.705+08:00","2026-06-16T20:36:18.755+08:00",332.942841,EXP2,"exp2_table",2,2,"1:3|2:2|3:4|4:1"
"exp2_target_object","实验二当前目标模型_右脸","Exp2_002_exp2_target_object_0268","video_relative_to_recording_start",rectangle,343,338,886,847,,,,"A037","Exp2_002","E2_FIXED_PROGRESSIVE",loading,,,,,1,TRUE,6650.000,6700.000,339.592834,339.642853,1920,1046,"ObjectSlot2",1,0,"video_relative_to_screen_recording_start",75.060127,264532.719,264582.719,1,75.060127,"1781613114174","../../../../../../Project/UE5/Gallery/Saved/ScreenRecordings/A037_v2_20260616_203154_screen.mkv",264532.719,264582.719,264557.719,"1781613378706","1781613378756","2026-06-16T20:36:18.705+08:00","2026-06-16T20:36:18.755+08:00",332.942841,EXP2,"exp2_target",2,2,"1:3|2:2|3:4|4:1"
"exp2_table_objects","实验二桌面四模型总体区域","Exp2_002_exp2_table_objects_0269","video_relative_to_recording_start",rectangle,0,319,1919,1022,,,,"A037","Exp2_002","E2_FIXED_PROGRESSIVE",loading,,,,,1,TRUE,6700.000,6750.000,339.642853,339.692841,1920,1046,"ObjectSlot1-4",1,1,"video_relative_to_screen_recording_start",75.060127,264582.719,264632.719,1,75.060127,"1781613114174","../../../../../../Project/UE5/Gallery/Saved/ScreenRecordings/A037_v2_20260616_203154_screen.mkv",264582.719,264632.719,264607.719,"1781613378756","1781613378806","2026-06-16T20:36:18.755+08:00","2026-06-16T20:36:18.805+08:00",332.942841,EXP2,"exp2_table",2,2,"1:3|2:2|3:4|4:1"
"exp2_target_object","实验二当前目标模型_右脸","Exp2_002_exp2_target_object_0270","video_relative_to_recording_start",rectangle,343,338,886,847,,,,"A037","Exp2_002","E2_FIXED_PROGRESSIVE",loading,,,,,1,TRUE,6700.000,6750.000,339.642853,339.692841,1920,1046,"ObjectSlot2",1,0,"video_relative_to_screen_recording_start",75.060127,264582.719,264632.719,1,75.060127,"1781613114174","../../../../../../Project/UE5/Gallery/Saved/ScreenRecordings/A037_v2_20260616_203154_screen.mkv",264582.719,264632.719,264607.719,"1781613378756","1781613378806","2026-06-16T20:36:18.755+08:00","2026-06-16T20:36:18.805+08:00",332.942841,EXP2,"exp2_target",2,2,"1:3|2:2|3:4|4:1"
"exp2_table_objects","实验二桌面四模型总体区域","Exp2_002_exp2_table_objects_0271","video_relative_to_recording_start",rectangle,0,319,1919,1022,,,,"A037","Exp2_002","E2_FIXED_PROGRESSIVE",loading,,,,,1,TRUE,6750.000,6800.000,339.692841,339.742828,1920,1046,"ObjectSlot1-4",1,1,"video_relative_to_screen_recording_start",75.060127,264632.719,264682.719,1,75.060127,"1781613114174","../../../../../../Project/UE5/Gallery/Saved/ScreenRecordings/A037_v2_20260616_203154_screen.mkv",264632.719,264682.719,264657.719,"1781613378806","1781613378856","2026-06-16T20:36:18.805+08:00","2026-06-16T20:36:18.855+08:00",332.942841,EXP2,"exp2_table",2,2,"1:3|2:2|3:4|4:1"
"exp2_target_object","实验二当前目标模型_右脸","Exp2_002_exp2_target_object_0272","video_relative_to_recording_start",rectangle,343,338,886,847,,,,"A037","Exp2_002","E2_FIXED_PROGRESSIVE",loading,,,,,1,TRUE,6750.000,6800.000,339.692841,339.742828,1920,1046,"ObjectSlot2",1,0,"video_relative_to_screen_recording_start",75.060127,264632.719,264682.719,1,75.060127,"1781613114174","../../../../../../Project/UE5/Gallery/Saved/ScreenRecordings/A037_v2_20260616_203154_screen.mkv",264632.719,264682.719,264657.719,"1781613378806","1781613378856","2026-06-16T20:36:18.805+08:00","2026-06-16T20:36:18.855+08:00",332.942841,EXP2,"exp2_target",2,2,"1:3|2:2|3:4|4:1"
"exp2_table_objects","实验二桌面四模型总体区域","Exp2_002_exp2_table_objects_0273","video_relative_to_recording_start",rectangle,0,319,1919,1022,,,,"A037","Exp2_002","E2_FIXED_PROGRESSIVE",loading,,,,,1,TRUE,6800.000,6850.000,339.742828,339.792847,1920,1046,"ObjectSlot1-4",1,1,"video_relative_to_screen_recording_start",75.060127,264682.719,264732.719,1,75.060127,"1781613114174","../../../../../../Project/UE5/Gallery/Saved/ScreenRecordings/A037_v2_20260616_203154_screen.mkv",264682.719,264732.719,264707.719,"1781613378856","1781613378906","2026-06-16T20:36:18.855+08:00","2026-06-16T20:36:18.905+08:00",332.942841,EXP2,"exp2_table",2,2,"1:3|2:2|3:4|4:1"
"exp2_target_object","实验二当前目标模型_右脸","Exp2_002_exp2_target_object_0274","video_relative_to_recording_start",rectangle,343,338,886,847,,,,"A037","Exp2_002","E2_FIXED_PROGRESSIVE",loading,,,,,1,TRUE,6800.000,6850.000,339.742828,339.792847,1920,1046,"ObjectSlot2",1,0,"video_relative_to_screen_recording_start",75.060127,264682.719,264732.719,1,75.060127,"1781613114174","../../../../../../Project/UE5/Gallery/Saved/ScreenRecordings/A037_v2_20260616_203154_screen.mkv",264682.719,264732.719,264707.719,"1781613378856","1781613378906","2026-06-16T20:36:18.855+08:00","2026-06-16T20:36:18.905+08:00",332.942841,EXP2,"exp2_target",2,2,"1:3|2:2|3:4|4:1"
"exp2_table_objects","实验二桌面四模型总体区域","Exp2_002_exp2_table_objects_0275","video_relative_to_recording_start",rectangle,0,319,1919,1022,,,,"A037","Exp2_002","E2_FIXED_PROGRESSIVE",loading,,,,,1,TRUE,6850.000,6900.000,339.792847,339.842834,1920,1046,"ObjectSlot1-4",1,1,"video_relative_to_screen_recording_start",75.060127,264732.719,264782.719,1,75.060127,"1781613114174","../../../../../../Project/UE5/Gallery/Saved/ScreenRecordings/A037_v2_20260616_203154_screen.mkv",264732.719,264782.719,264757.719,"1781613378906","1781613378956","2026-06-16T20:36:18.905+08:00","2026-06-16T20:36:18.955+08:00",332.942841,EXP2,"exp2_table",2,2,"1:3|2:2|3:4|4:1"
"exp2_target_object","实验二当前目标模型_右脸","Exp2_002_exp2_target_object_0276","video_relative_to_recording_start",rectangle,343,338,886,847,,,,"A037","Exp2_002","E2_FIXED_PROGRESSIVE",loading,,,,,1,TRUE,6850.000,6900.000,339.792847,339.842834,1920,1046,"ObjectSlot2",1,0,"video_relative_to_screen_recording_start",75.060127,264732.719,264782.719,1,75.060127,"1781613114174","../../../../../../Project/UE5/Gallery/Saved/ScreenRecordings/A037_v2_20260616_203154_screen.mkv",264732.719,264782.719,264757.719,"1781613378906","1781613378956","2026-06-16T20:36:18.905+08:00","2026-06-16T20:36:18.955+08:00",332.942841,EXP2,"exp2_target",2,2,"1:3|2:2|3:4|4:1"
"exp2_table_objects","实验二桌面四模型总体区域","Exp2_002_exp2_table_objects_0277","video_relative_to_recording_start",rectangle,0,319,1919,1022,,,,"A037","Exp2_002","E2_FIXED_PROGRESSIVE",loading,,,,,1,TRUE,6900.000,6950.000,339.842834,339.892853,1920,1046,"ObjectSlot1-4",1,1,"video_relative_to_screen_recording_start",75.060127,264782.719,264832.719,1,75.060127,"1781613114174","../../../../../../Project/UE5/Gallery/Saved/ScreenRecordings/A037_v2_20260616_203154_screen.mkv",264782.719,264832.719,264807.719,"1781613378956","1781613379006","2026-06-16T20:36:18.955+08:00","2026-06-16T20:36:19.005+08:00",332.942841,EXP2,"exp2_table",2,2,"1:3|2:2|3:4|4:1"
"exp2_target_object","实验二当前目标模型_右脸","Exp2_002_exp2_target_object_0278","video_relative_to_recording_start",rectangle,343,338,886,847,,,,"A037","Exp2_002","E2_FIXED_PROGRESSIVE",loading,,,,,1,TRUE,6900.000,6950.000,339.842834,339.892853,1920,1046,"ObjectSlot2",1,0,"video_relative_to_screen_recording_start",75.060127,264782.719,264832.719,1,75.060127,"1781613114174","../../../../../../Project/UE5/Gallery/Saved/ScreenRecordings/A037_v2_20260616_203154_screen.mkv",264782.719,264832.719,264807.719,"1781613378956","1781613379006","2026-06-16T20:36:18.955+08:00","2026-06-16T20:36:19.005+08:00",332.942841,EXP2,"exp2_target",2,2,"1:3|2:2|3:4|4:1"
"exp2_table_objects","实验二桌面四模型总体区域","Exp2_002_exp2_table_objects_0279","video_relative_to_recording_start",rectangle,0,319,1919,1022,,,,"A037","Exp2_002","E2_FIXED_PROGRESSIVE",loading,,,,,1,TRUE,6950.000,7000.000,339.892853,339.942841,1920,1046,"ObjectSlot1-4",1,1,"video_relative_to_screen_recording_start",75.060127,264832.719,264882.719,1,75.060127,"1781613114174","../../../../../../Project/UE5/Gallery/Saved/ScreenRecordings/A037_v2_20260616_203154_screen.mkv",264832.719,264882.719,264857.719,"1781613379006","1781613379056","2026-06-16T20:36:19.005+08:00","2026-06-16T20:36:19.055+08:00",332.942841,EXP2,"exp2_table",2,2,"1:3|2:2|3:4|4:1"
"exp2_target_object","实验二当前目标模型_右脸","Exp2_002_exp2_target_object_0280","video_relative_to_recording_start",rectangle,343,338,886,847,,,,"A037","Exp2_002","E2_FIXED_PROGRESSIVE",loading,,,,,1,TRUE,6950.000,7000.000,339.892853,339.942841,1920,1046,"ObjectSlot2",1,0,"video_relative_to_screen_recording_start",75.060127,264832.719,264882.719,1,75.060127,"1781613114174","../../../../../../Project/UE5/Gallery/Saved/ScreenRecordings/A037_v2_20260616_203154_screen.mkv",264832.719,264882.719,264857.719,"1781613379006","1781613379056","2026-06-16T20:36:19.005+08:00","2026-06-16T20:36:19.055+08:00",332.942841,EXP2,"exp2_target",2,2,"1:3|2:2|3:4|4:1"
"exp2_table_objects","实验二桌面四模型总体区域","Exp2_002_exp2_table_objects_0281","video_relative_to_recording_start",rectangle,0,319,1919,1022,,,,"A037","Exp2_002","E2_FIXED_PROGRESSIVE",loading,,,,,1,TRUE,7000.000,7050.000,339.942841,339.992828,1920,1046,"ObjectSlot1-4",1,1,"video_relative_to_screen_recording_start",75.060127,264882.719,264932.719,1,75.060127,"1781613114174","../../../../../../Project/UE5/Gallery/Saved/ScreenRecordings/A037_v2_20260616_203154_screen.mkv",264882.719,264932.719,264907.719,"1781613379056","1781613379106","2026-06-16T20:36:19.055+08:00","2026-06-16T20:36:19.105+08:00",332.942841,EXP2,"exp2_table",2,2,"1:3|2:2|3:4|4:1"
"exp2_target_object","实验二当前目标模型_右脸","Exp2_002_exp2_target_object_0282","video_relative_to_recording_start",rectangle,343,338,886,847,,,,"A037","Exp2_002","E2_FIXED_PROGRESSIVE",loading,,,,,1,TRUE,7000.000,7050.000,339.942841,339.992828,1920,1046,"ObjectSlot2",1,0,"video_relative_to_screen_recording_start",75.060127,264882.719,264932.719,1,75.060127,"1781613114174","../../../../../../Project/UE5/Gallery/Saved/ScreenRecordings/A037_v2_20260616_203154_screen.mkv",264882.719,264932.719,264907.719,"1781613379056","1781613379106","2026-06-16T20:36:19.055+08:00","2026-06-16T20:36:19.105+08:00",332.942841,EXP2,"exp2_target",2,2,"1:3|2:2|3:4|4:1"
"exp2_table_objects","实验二桌面四模型总体区域","Exp2_002_exp2_table_objects_0283","video_relative_to_recording_start",rectangle,0,319,1919,1022,,,,"A037","Exp2_002","E2_FIXED_PROGRESSIVE",loading,,,,,1,TRUE,7050.000,7100.000,339.992828,340.042847,1920,1046,"ObjectSlot1-4",1,1,"video_relative_to_screen_recording_start",75.060127,264932.719,264982.719,1,75.060127,"1781613114174","../../../../../../Project/UE5/Gallery/Saved/ScreenRecordings/A037_v2_20260616_203154_screen.mkv",264932.719,264982.719,264957.719,"1781613379106","1781613379156","2026-06-16T20:36:19.105+08:00","2026-06-16T20:36:19.155+08:00",332.942841,EXP2,"exp2_table",2,2,"1:3|2:2|3:4|4:1"
"exp2_target_object","实验二当前目标模型_右脸","Exp2_002_exp2_target_object_0284","video_relative_to_recording_start",rectangle,343,338,886,847,,,,"A037","Exp2_002","E2_FIXED_PROGRESSIVE",loading,,,,,1,TRUE,7050.000,7100.000,339.992828,340.042847,1920,1046,"ObjectSlot2",1,0,"video_relative_to_screen_recording_start",75.060127,264932.719,264982.719,1,75.060127,"1781613114174","../../../../../../Project/UE5/Gallery/Saved/ScreenRecordings/A037_v2_20260616_203154_screen.mkv",264932.719,264982.719,264957.719,"1781613379106","1781613379156","2026-06-16T20:36:19.105+08:00","2026-06-16T20:36:19.155+08:00",332.942841,EXP2,"exp2_target",2,2,"1:3|2:2|3:4|4:1"
"exp2_table_objects","实验二桌面四模型总体区域","Exp2_002_exp2_table_objects_0285","video_relative_to_recording_start",rectangle,0,319,1919,1022,,,,"A037","Exp2_002","E2_FIXED_PROGRESSIVE",loading,,,,,1,TRUE,7100.000,7150.000,340.042847,340.092834,1920,1046,"ObjectSlot1-4",1,1,"video_relative_to_screen_recording_start",75.060127,264982.719,265032.719,1,75.060127,"1781613114174","../../../../../../Project/UE5/Gallery/Saved/ScreenRecordings/A037_v2_20260616_203154_screen.mkv",264982.719,265032.719,265007.719,"1781613379156","1781613379206","2026-06-16T20:36:19.155+08:00","2026-06-16T20:36:19.205+08:00",332.942841,EXP2,"exp2_table",2,2,"1:3|2:2|3:4|4:1"
"exp2_target_object","实验二当前目标模型_右脸","Exp2_002_exp2_target_object_0286","video_relative_to_recording_start",rectangle,343,338,886,847,,,,"A037","Exp2_002","E2_FIXED_PROGRESSIVE",loading,,,,,1,TRUE,7100.000,7150.000,340.042847,340.092834,1920,1046,"ObjectSlot2",1,0,"video_relative_to_screen_recording_start",75.060127,264982.719,265032.719,1,75.060127,"1781613114174","../../../../../../Project/UE5/Gallery/Saved/ScreenRecordings/A037_v2_20260616_203154_screen.mkv",264982.719,265032.719,265007.719,"1781613379156","1781613379206","2026-06-16T20:36:19.155+08:00","2026-06-16T20:36:19.205+08:00",332.942841,EXP2,"exp2_target",2,2,"1:3|2:2|3:4|4:1"
"exp2_table_objects","实验二桌面四模型总体区域","Exp2_002_exp2_table_objects_0287","video_relative_to_recording_start",rectangle,0,319,1919,1022,,,,"A037","Exp2_002","E2_FIXED_PROGRESSIVE",loading,,,,,1,TRUE,7150.000,7200.000,340.092834,340.142853,1920,1046,"ObjectSlot1-4",1,1,"video_relative_to_screen_recording_start",75.060127,265032.719,265082.719,1,75.060127,"1781613114174","../../../../../../Project/UE5/Gallery/Saved/ScreenRecordings/A037_v2_20260616_203154_screen.mkv",265032.719,265082.719,265057.719,"1781613379206","1781613379256","2026-06-16T20:36:19.205+08:00","2026-06-16T20:36:19.255+08:00",332.942841,EXP2,"exp2_table",2,2,"1:3|2:2|3:4|4:1"
"exp2_target_object","实验二当前目标模型_右脸","Exp2_002_exp2_target_object_0288","video_relative_to_recording_start",rectangle,343,338,886,847,,,,"A037","Exp2_002","E2_FIXED_PROGRESSIVE",loading,,,,,1,TRUE,7150.000,7200.000,340.092834,340.142853,1920,1046,"ObjectSlot2",1,0,"video_relative_to_screen_recording_start",75.060127,265032.719,265082.719,1,75.060127,"1781613114174","../../../../../../Project/UE5/Gallery/Saved/ScreenRecordings/A037_v2_20260616_203154_screen.mkv",265032.719,265082.719,265057.719,"1781613379206","1781613379256","2026-06-16T20:36:19.205+08:00","2026-06-16T20:36:19.255+08:00",332.942841,EXP2,"exp2_target",2,2,"1:3|2:2|3:4|4:1"
"exp2_table_objects","实验二桌面四模型总体区域","Exp2_002_exp2_table_objects_0289","video_relative_to_recording_start",rectangle,0,319,1919,1022,,,,"A037","Exp2_002","E2_FIXED_PROGRESSIVE",loading,,,,,1,TRUE,7200.000,7250.000,340.142853,340.192841,1920,1046,"ObjectSlot1-4",1,1,"video_relative_to_screen_recording_start",75.060127,265082.719,265132.719,1,75.060127,"1781613114174","../../../../../../Project/UE5/Gallery/Saved/ScreenRecordings/A037_v2_20260616_203154_screen.mkv",265082.719,265132.719,265107.719,"1781613379256","1781613379306","2026-06-16T20:36:19.255+08:00","2026-06-16T20:36:19.305+08:00",332.942841,EXP2,"exp2_table",2,2,"1:3|2:2|3:4|4:1"
"exp2_target_object","实验二当前目标模型_右脸","Exp2_002_exp2_target_object_0290","video_relative_to_recording_start",rectangle,343,338,886,847,,,,"A037","Exp2_002","E2_FIXED_PROGRESSIVE",loading,,,,,1,TRUE,7200.000,7250.000,340.142853,340.192841,1920,1046,"ObjectSlot2",1,0,"video_relative_to_screen_recording_start",75.060127,265082.719,265132.719,1,75.060127,"1781613114174","../../../../../../Project/UE5/Gallery/Saved/ScreenRecordings/A037_v2_20260616_203154_screen.mkv",265082.719,265132.719,265107.719,"1781613379256","1781613379306","2026-06-16T20:36:19.255+08:00","2026-06-16T20:36:19.305+08:00",332.942841,EXP2,"exp2_target",2,2,"1:3|2:2|3:4|4:1"
"exp2_table_objects","实验二桌面四模型总体区域","Exp2_002_exp2_table_objects_0291","video_relative_to_recording_start",rectangle,0,319,1919,1022,,,,"A037","Exp2_002","E2_FIXED_PROGRESSIVE",loading,,,,,1,TRUE,7250.000,7300.000,340.192841,340.242828,1920,1046,"ObjectSlot1-4",1,1,"video_relative_to_screen_recording_start",75.060127,265132.719,265182.719,1,75.060127,"1781613114174","../../../../../../Project/UE5/Gallery/Saved/ScreenRecordings/A037_v2_20260616_203154_screen.mkv",265132.719,265182.719,265157.719,"1781613379306","1781613379356","2026-06-16T20:36:19.305+08:00","2026-06-16T20:36:19.355+08:00",332.942841,EXP2,"exp2_table",2,2,"1:3|2:2|3:4|4:1"
"exp2_target_object","实验二当前目标模型_右脸","Exp2_002_exp2_target_object_0292","video_relative_to_recording_start",rectangle,343,338,886,847,,,,"A037","Exp2_002","E2_FIXED_PROGRESSIVE",loading,,,,,1,TRUE,7250.000,7300.000,340.192841,340.242828,1920,1046,"ObjectSlot2",1,0,"video_relative_to_screen_recording_start",75.060127,265132.719,265182.719,1,75.060127,"1781613114174","../../../../../../Project/UE5/Gallery/Saved/ScreenRecordings/A037_v2_20260616_203154_screen.mkv",265132.719,265182.719,265157.719,"1781613379306","1781613379356","2026-06-16T20:36:19.305+08:00","2026-06-16T20:36:19.355+08:00",332.942841,EXP2,"exp2_target",2,2,"1:3|2:2|3:4|4:1"
"exp2_table_objects","实验二桌面四模型总体区域","Exp2_002_exp2_table_objects_0293","video_relative_to_recording_start",rectangle,0,319,1919,1022,,,,"A037","Exp2_002","E2_FIXED_PROGRESSIVE",loading,,,,,1,TRUE,7300.000,7350.000,340.242828,340.292847,1920,1046,"ObjectSlot1-4",1,1,"video_relative_to_screen_recording_start",75.060127,265182.719,265232.719,1,75.060127,"1781613114174","../../../../../../Project/UE5/Gallery/Saved/ScreenRecordings/A037_v2_20260616_203154_screen.mkv",265182.719,265232.719,265207.719,"1781613379356","1781613379406","2026-06-16T20:36:19.355+08:00","2026-06-16T20:36:19.405+08:00",332.942841,EXP2,"exp2_table",2,2,"1:3|2:2|3:4|4:1"
"exp2_target_object","实验二当前目标模型_右脸","Exp2_002_exp2_target_object_0294","video_relative_to_recording_start",rectangle,343,338,886,847,,,,"A037","Exp2_002","E2_FIXED_PROGRESSIVE",loading,,,,,1,TRUE,7300.000,7350.000,340.242828,340.292847,1920,1046,"ObjectSlot2",1,0,"video_relative_to_screen_recording_start",75.060127,265182.719,265232.719,1,75.060127,"1781613114174","../../../../../../Project/UE5/Gallery/Saved/ScreenRecordings/A037_v2_20260616_203154_screen.mkv",265182.719,265232.719,265207.719,"1781613379356","1781613379406","2026-06-16T20:36:19.355+08:00","2026-06-16T20:36:19.405+08:00",332.942841,EXP2,"exp2_target",2,2,"1:3|2:2|3:4|4:1"
"exp2_table_objects","实验二桌面四模型总体区域","Exp2_002_exp2_table_objects_0295","video_relative_to_recording_start",rectangle,0,319,1919,1022,,,,"A037","Exp2_002","E2_FIXED_PROGRESSIVE",loading,,,,,1,TRUE,7350.000,7400.000,340.292847,340.342834,1920,1046,"ObjectSlot1-4",1,1,"video_relative_to_screen_recording_start",75.060127,265232.719,265282.719,1,75.060127,"1781613114174","../../../../../../Project/UE5/Gallery/Saved/ScreenRecordings/A037_v2_20260616_203154_screen.mkv",265232.719,265282.719,265257.719,"1781613379406","1781613379456","2026-06-16T20:36:19.405+08:00","2026-06-16T20:36:19.455+08:00",332.942841,EXP2,"exp2_table",2,2,"1:3|2:2|3:4|4:1"
"exp2_target_object","实验二当前目标模型_右脸","Exp2_002_exp2_target_object_0296","video_relative_to_recording_start",rectangle,343,338,886,847,,,,"A037","Exp2_002","E2_FIXED_PROGRESSIVE",loading,,,,,1,TRUE,7350.000,7400.000,340.292847,340.342834,1920,1046,"ObjectSlot2",1,0,"video_relative_to_screen_recording_start",75.060127,265232.719,265282.719,1,75.060127,"1781613114174","../../../../../../Project/UE5/Gallery/Saved/ScreenRecordings/A037_v2_20260616_203154_screen.mkv",265232.719,265282.719,265257.719,"1781613379406","1781613379456","2026-06-16T20:36:19.405+08:00","2026-06-16T20:36:19.455+08:00",332.942841,EXP2,"exp2_target",2,2,"1:3|2:2|3:4|4:1"
"exp2_table_objects","实验二桌面四模型总体区域","Exp2_002_exp2_table_objects_0297","video_relative_to_recording_start",rectangle,0,319,1919,1022,,,,"A037","Exp2_002","E2_FIXED_PROGRESSIVE",loading,,,,,1,TRUE,7400.000,7450.000,340.342834,340.392853,1920,1046,"ObjectSlot1-4",1,1,"video_relative_to_screen_recording_start",75.060127,265282.719,265332.719,1,75.060127,"1781613114174","../../../../../../Project/UE5/Gallery/Saved/ScreenRecordings/A037_v2_20260616_203154_screen.mkv",265282.719,265332.719,265307.719,"1781613379456","1781613379506","2026-06-16T20:36:19.455+08:00","2026-06-16T20:36:19.505+08:00",332.942841,EXP2,"exp2_table",2,2,"1:3|2:2|3:4|4:1"
"exp2_target_object","实验二当前目标模型_右脸","Exp2_002_exp2_target_object_0298","video_relative_to_recording_start",rectangle,343,338,886,847,,,,"A037","Exp2_002","E2_FIXED_PROGRESSIVE",loading,,,,,1,TRUE,7400.000,7450.000,340.342834,340.392853,1920,1046,"ObjectSlot2",1,0,"video_relative_to_screen_recording_start",75.060127,265282.719,265332.719,1,75.060127,"1781613114174","../../../../../../Project/UE5/Gallery/Saved/ScreenRecordings/A037_v2_20260616_203154_screen.mkv",265282.719,265332.719,265307.719,"1781613379456","1781613379506","2026-06-16T20:36:19.455+08:00","2026-06-16T20:36:19.505+08:00",332.942841,EXP2,"exp2_target",2,2,"1:3|2:2|3:4|4:1"
"exp2_table_objects","实验二桌面四模型总体区域","Exp2_002_exp2_table_objects_0299","video_relative_to_recording_start",rectangle,0,319,1919,1022,,,,"A037","Exp2_002","E2_FIXED_PROGRESSIVE",loading,,,,,1,TRUE,7450.000,7500.000,340.392853,340.442841,1920,1046,"ObjectSlot1-4",1,1,"video_relative_to_screen_recording_start",75.060127,265332.719,265382.719,1,75.060127,"1781613114174","../../../../../../Project/UE5/Gallery/Saved/ScreenRecordings/A037_v2_20260616_203154_screen.mkv",265332.719,265382.719,265357.719,"1781613379506","1781613379556","2026-06-16T20:36:19.505+08:00","2026-06-16T20:36:19.555+08:00",332.942841,EXP2,"exp2_table",2,2,"1:3|2:2|3:4|4:1"
"exp2_target_object","实验二当前目标模型_右脸","Exp2_002_exp2_target_object_0300","video_relative_to_recording_start",rectangle,343,338,886,847,,,,"A037","Exp2_002","E2_FIXED_PROGRESSIVE",loading,,,,,1,TRUE,7450.000,7500.000,340.392853,340.442841,1920,1046,"ObjectSlot2",1,0,"video_relative_to_screen_recording_start",75.060127,265332.719,265382.719,1,75.060127,"1781613114174","../../../../../../Project/UE5/Gallery/Saved/ScreenRecordings/A037_v2_20260616_203154_screen.mkv",265332.719,265382.719,265357.719,"1781613379506","1781613379556","2026-06-16T20:36:19.505+08:00","2026-06-16T20:36:19.555+08:00",332.942841,EXP2,"exp2_target",2,2,"1:3|2:2|3:4|4:1"
"exp2_table_objects","实验二桌面四模型总体区域","Exp2_002_exp2_table_objects_0301","video_relative_to_recording_start",rectangle,0,319,1919,1022,,,,"A037","Exp2_002","E2_FIXED_PROGRESSIVE",loading,,,,,1,TRUE,7500.000,7550.000,340.442841,340.492828,1920,1046,"ObjectSlot1-4",1,1,"video_relative_to_screen_recording_start",75.060127,265382.719,265432.719,1,75.060127,"1781613114174","../../../../../../Project/UE5/Gallery/Saved/ScreenRecordings/A037_v2_20260616_203154_screen.mkv",265382.719,265432.719,265407.719,"1781613379556","1781613379606","2026-06-16T20:36:19.555+08:00","2026-06-16T20:36:19.605+08:00",332.942841,EXP2,"exp2_table",2,2,"1:3|2:2|3:4|4:1"
"exp2_target_object","实验二当前目标模型_右脸","Exp2_002_exp2_target_object_0302","video_relative_to_recording_start",rectangle,343,338,886,847,,,,"A037","Exp2_002","E2_FIXED_PROGRESSIVE",loading,,,,,1,TRUE,7500.000,7550.000,340.442841,340.492828,1920,1046,"ObjectSlot2",1,0,"video_relative_to_screen_recording_start",75.060127,265382.719,265432.719,1,75.060127,"1781613114174","../../../../../../Project/UE5/Gallery/Saved/ScreenRecordings/A037_v2_20260616_203154_screen.mkv",265382.719,265432.719,265407.719,"1781613379556","1781613379606","2026-06-16T20:36:19.555+08:00","2026-06-16T20:36:19.605+08:00",332.942841,EXP2,"exp2_target",2,2,"1:3|2:2|3:4|4:1"
"exp2_table_objects","实验二桌面四模型总体区域","Exp2_002_exp2_table_objects_0303","video_relative_to_recording_start",rectangle,0,319,1919,1022,,,,"A037","Exp2_002","E2_FIXED_PROGRESSIVE",loading,,,,,1,TRUE,7550.000,7600.000,340.492828,340.542847,1920,1046,"ObjectSlot1-4",1,1,"video_relative_to_screen_recording_start",75.060127,265432.719,265482.719,1,75.060127,"1781613114174","../../../../../../Project/UE5/Gallery/Saved/ScreenRecordings/A037_v2_20260616_203154_screen.mkv",265432.719,265482.719,265457.719,"1781613379606","1781613379656","2026-06-16T20:36:19.605+08:00","2026-06-16T20:36:19.655+08:00",332.942841,EXP2,"exp2_table",2,2,"1:3|2:2|3:4|4:1"
"exp2_target_object","实验二当前目标模型_右脸","Exp2_002_exp2_target_object_0304","video_relative_to_recording_start",rectangle,343,338,886,847,,,,"A037","Exp2_002","E2_FIXED_PROGRESSIVE",loading,,,,,1,TRUE,7550.000,7600.000,340.492828,340.542847,1920,1046,"ObjectSlot2",1,0,"video_relative_to_screen_recording_start",75.060127,265432.719,265482.719,1,75.060127,"1781613114174","../../../../../../Project/UE5/Gallery/Saved/ScreenRecordings/A037_v2_20260616_203154_screen.mkv",265432.719,265482.719,265457.719,"1781613379606","1781613379656","2026-06-16T20:36:19.605+08:00","2026-06-16T20:36:19.655+08:00",332.942841,EXP2,"exp2_target",2,2,"1:3|2:2|3:4|4:1"
"exp2_table_objects","实验二桌面四模型总体区域","Exp2_002_exp2_table_objects_0305","video_relative_to_recording_start",rectangle,0,319,1919,1022,,,,"A037","Exp2_002","E2_FIXED_PROGRESSIVE",loading,,,,,1,TRUE,7600.000,7650.000,340.542847,340.592834,1920,1046,"ObjectSlot1-4",1,1,"video_relative_to_screen_recording_start",75.060127,265482.719,265532.719,1,75.060127,"1781613114174","../../../../../../Project/UE5/Gallery/Saved/ScreenRecordings/A037_v2_20260616_203154_screen.mkv",265482.719,265532.719,265507.719,"1781613379656","1781613379706","2026-06-16T20:36:19.655+08:00","2026-06-16T20:36:19.705+08:00",332.942841,EXP2,"exp2_table",2,2,"1:3|2:2|3:4|4:1"
"exp2_target_object","实验二当前目标模型_右脸","Exp2_002_exp2_target_object_0306","video_relative_to_recording_start",rectangle,343,338,886,847,,,,"A037","Exp2_002","E2_FIXED_PROGRESSIVE",loading,,,,,1,TRUE,7600.000,7650.000,340.542847,340.592834,1920,1046,"ObjectSlot2",1,0,"video_relative_to_screen_recording_start",75.060127,265482.719,265532.719,1,75.060127,"1781613114174","../../../../../../Project/UE5/Gallery/Saved/ScreenRecordings/A037_v2_20260616_203154_screen.mkv",265482.719,265532.719,265507.719,"1781613379656","1781613379706","2026-06-16T20:36:19.655+08:00","2026-06-16T20:36:19.705+08:00",332.942841,EXP2,"exp2_target",2,2,"1:3|2:2|3:4|4:1"
"exp2_table_objects","实验二桌面四模型总体区域","Exp2_002_exp2_table_objects_0307","video_relative_to_recording_start",rectangle,0,319,1919,1022,,,,"A037","Exp2_002","E2_FIXED_PROGRESSIVE",loading,,,,,1,TRUE,7650.000,7700.000,340.592834,340.642853,1920,1046,"ObjectSlot1-4",1,1,"video_relative_to_screen_recording_start",75.060127,265532.719,265582.719,1,75.060127,"1781613114174","../../../../../../Project/UE5/Gallery/Saved/ScreenRecordings/A037_v2_20260616_203154_screen.mkv",265532.719,265582.719,265557.719,"1781613379706","1781613379756","2026-06-16T20:36:19.705+08:00","2026-06-16T20:36:19.755+08:00",332.942841,EXP2,"exp2_table",2,2,"1:3|2:2|3:4|4:1"
"exp2_target_object","实验二当前目标模型_右脸","Exp2_002_exp2_target_object_0308","video_relative_to_recording_start",rectangle,343,338,886,847,,,,"A037","Exp2_002","E2_FIXED_PROGRESSIVE",loading,,,,,1,TRUE,7650.000,7700.000,340.592834,340.642853,1920,1046,"ObjectSlot2",1,0,"video_relative_to_screen_recording_start",75.060127,265532.719,265582.719,1,75.060127,"1781613114174","../../../../../../Project/UE5/Gallery/Saved/ScreenRecordings/A037_v2_20260616_203154_screen.mkv",265532.719,265582.719,265557.719,"1781613379706","1781613379756","2026-06-16T20:36:19.705+08:00","2026-06-16T20:36:19.755+08:00",332.942841,EXP2,"exp2_target",2,2,"1:3|2:2|3:4|4:1"
"exp2_table_objects","实验二桌面四模型总体区域","Exp2_002_exp2_table_objects_0309","video_relative_to_recording_start",rectangle,0,319,1919,1022,,,,"A037","Exp2_002","E2_FIXED_PROGRESSIVE",loading,,,,,1,TRUE,7700.000,7750.000,340.642853,340.692841,1920,1046,"ObjectSlot1-4",1,1,"video_relative_to_screen_recording_start",75.060127,265582.719,265632.719,1,75.060127,"1781613114174","../../../../../../Project/UE5/Gallery/Saved/ScreenRecordings/A037_v2_20260616_203154_screen.mkv",265582.719,265632.719,265607.719,"1781613379756","1781613379806","2026-06-16T20:36:19.755+08:00","2026-06-16T20:36:19.805+08:00",332.942841,EXP2,"exp2_table",2,2,"1:3|2:2|3:4|4:1"
"exp2_target_object","实验二当前目标模型_右脸","Exp2_002_exp2_target_object_0310","video_relative_to_recording_start",rectangle,343,338,886,847,,,,"A037","Exp2_002","E2_FIXED_PROGRESSIVE",loading,,,,,1,TRUE,7700.000,7750.000,340.642853,340.692841,1920,1046,"ObjectSlot2",1,0,"video_relative_to_screen_recording_start",75.060127,265582.719,265632.719,1,75.060127,"1781613114174","../../../../../../Project/UE5/Gallery/Saved/ScreenRecordings/A037_v2_20260616_203154_screen.mkv",265582.719,265632.719,265607.719,"1781613379756","1781613379806","2026-06-16T20:36:19.755+08:00","2026-06-16T20:36:19.805+08:00",332.942841,EXP2,"exp2_target",2,2,"1:3|2:2|3:4|4:1"
"exp2_table_objects","实验二桌面四模型总体区域","Exp2_002_exp2_table_objects_0311","video_relative_to_recording_start",rectangle,0,319,1919,1022,,,,"A037","Exp2_002","E2_FIXED_PROGRESSIVE",loading,,,,,1,TRUE,7750.000,7800.000,340.692841,340.742828,1920,1046,"ObjectSlot1-4",1,1,"video_relative_to_screen_recording_start",75.060127,265632.719,265682.719,1,75.060127,"1781613114174","../../../../../../Project/UE5/Gallery/Saved/ScreenRecordings/A037_v2_20260616_203154_screen.mkv",265632.719,265682.719,265657.719,"1781613379806","1781613379856","2026-06-16T20:36:19.805+08:00","2026-06-16T20:36:19.855+08:00",332.942841,EXP2,"exp2_table",2,2,"1:3|2:2|3:4|4:1"
"exp2_target_object","实验二当前目标模型_右脸","Exp2_002_exp2_target_object_0312","video_relative_to_recording_start",rectangle,343,338,886,847,,,,"A037","Exp2_002","E2_FIXED_PROGRESSIVE",loading,,,,,1,TRUE,7750.000,7800.000,340.692841,340.742828,1920,1046,"ObjectSlot2",1,0,"video_relative_to_screen_recording_start",75.060127,265632.719,265682.719,1,75.060127,"1781613114174","../../../../../../Project/UE5/Gallery/Saved/ScreenRecordings/A037_v2_20260616_203154_screen.mkv",265632.719,265682.719,265657.719,"1781613379806","1781613379856","2026-06-16T20:36:19.805+08:00","2026-06-16T20:36:19.855+08:00",332.942841,EXP2,"exp2_target",2,2,"1:3|2:2|3:4|4:1"
"exp2_table_objects","实验二桌面四模型总体区域","Exp2_002_exp2_table_objects_0313","video_relative_to_recording_start",rectangle,0,319,1919,1022,,,,"A037","Exp2_002","E2_FIXED_PROGRESSIVE",loading,,,,,1,TRUE,7800.000,7850.000,340.742828,340.792847,1920,1046,"ObjectSlot1-4",1,1,"video_relative_to_screen_recording_start",75.060127,265682.719,265732.719,1,75.060127,"1781613114174","../../../../../../Project/UE5/Gallery/Saved/ScreenRecordings/A037_v2_20260616_203154_screen.mkv",265682.719,265732.719,265707.719,"1781613379856","1781613379906","2026-06-16T20:36:19.855+08:00","2026-06-16T20:36:19.905+08:00",332.942841,EXP2,"exp2_table",2,2,"1:3|2:2|3:4|4:1"
"exp2_target_object","实验二当前目标模型_右脸","Exp2_002_exp2_target_object_0314","video_relative_to_recording_start",rectangle,343,338,886,847,,,,"A037","Exp2_002","E2_FIXED_PROGRESSIVE",loading,,,,,1,TRUE,7800.000,7850.000,340.742828,340.792847,1920,1046,"ObjectSlot2",1,0,"video_relative_to_screen_recording_start",75.060127,265682.719,265732.719,1,75.060127,"1781613114174","../../../../../../Project/UE5/Gallery/Saved/ScreenRecordings/A037_v2_20260616_203154_screen.mkv",265682.719,265732.719,265707.719,"1781613379856","1781613379906","2026-06-16T20:36:19.855+08:00","2026-06-16T20:36:19.905+08:00",332.942841,EXP2,"exp2_target",2,2,"1:3|2:2|3:4|4:1"
"exp2_table_objects","实验二桌面四模型总体区域","Exp2_002_exp2_table_objects_0315","video_relative_to_recording_start",rectangle,0,319,1919,1022,,,,"A037","Exp2_002","E2_FIXED_PROGRESSIVE",loading,,,,,1,TRUE,7850.000,7900.000,340.792847,340.842834,1920,1046,"ObjectSlot1-4",1,1,"video_relative_to_screen_recording_start",75.060127,265732.719,265782.719,1,75.060127,"1781613114174","../../../../../../Project/UE5/Gallery/Saved/ScreenRecordings/A037_v2_20260616_203154_screen.mkv",265732.719,265782.719,265757.719,"1781613379906","1781613379956","2026-06-16T20:36:19.905+08:00","2026-06-16T20:36:19.955+08:00",332.942841,EXP2,"exp2_table",2,2,"1:3|2:2|3:4|4:1"
"exp2_target_object","实验二当前目标模型_右脸","Exp2_002_exp2_target_object_0316","video_relative_to_recording_start",rectangle,343,338,886,847,,,,"A037","Exp2_002","E2_FIXED_PROGRESSIVE",loading,,,,,1,TRUE,7850.000,7900.000,340.792847,340.842834,1920,1046,"ObjectSlot2",1,0,"video_relative_to_screen_recording_start",75.060127,265732.719,265782.719,1,75.060127,"1781613114174","../../../../../../Project/UE5/Gallery/Saved/ScreenRecordings/A037_v2_20260616_203154_screen.mkv",265732.719,265782.719,265757.719,"1781613379906","1781613379956","2026-06-16T20:36:19.905+08:00","2026-06-16T20:36:19.955+08:00",332.942841,EXP2,"exp2_target",2,2,"1:3|2:2|3:4|4:1"
"exp2_table_objects","实验二桌面四模型总体区域","Exp2_002_exp2_table_objects_0317","video_relative_to_recording_start",rectangle,0,319,1919,1022,,,,"A037","Exp2_002","E2_FIXED_PROGRESSIVE",loading,,,,,1,TRUE,7900.000,7950.000,340.842834,340.892853,1920,1046,"ObjectSlot1-4",1,1,"video_relative_to_screen_recording_start",75.060127,265782.719,265832.719,1,75.060127,"1781613114174","../../../../../../Project/UE5/Gallery/Saved/ScreenRecordings/A037_v2_20260616_203154_screen.mkv",265782.719,265832.719,265807.719,"1781613379956","1781613380006","2026-06-16T20:36:19.955+08:00","2026-06-16T20:36:20.005+08:00",332.942841,EXP2,"exp2_table",2,2,"1:3|2:2|3:4|4:1"
"exp2_target_object","实验二当前目标模型_右脸","Exp2_002_exp2_target_object_0318","video_relative_to_recording_start",rectangle,343,338,886,847,,,,"A037","Exp2_002","E2_FIXED_PROGRESSIVE",loading,,,,,1,TRUE,7900.000,7950.000,340.842834,340.892853,1920,1046,"ObjectSlot2",1,0,"video_relative_to_screen_recording_start",75.060127,265782.719,265832.719,1,75.060127,"1781613114174","../../../../../../Project/UE5/Gallery/Saved/ScreenRecordings/A037_v2_20260616_203154_screen.mkv",265782.719,265832.719,265807.719,"1781613379956","1781613380006","2026-06-16T20:36:19.955+08:00","2026-06-16T20:36:20.005+08:00",332.942841,EXP2,"exp2_target",2,2,"1:3|2:2|3:4|4:1"
"exp2_table_objects","实验二桌面四模型总体区域","Exp2_002_exp2_table_objects_0319","video_relative_to_recording_start",rectangle,0,319,1919,1022,,,,"A037","Exp2_002","E2_FIXED_PROGRESSIVE",loading,,,,,1,TRUE,7950.000,8000.000,340.892853,340.942841,1920,1046,"ObjectSlot1-4",1,1,"video_relative_to_screen_recording_start",75.060127,265832.719,265882.719,1,75.060127,"1781613114174","../../../../../../Project/UE5/Gallery/Saved/ScreenRecordings/A037_v2_20260616_203154_screen.mkv",265832.719,265882.719,265857.719,"1781613380006","1781613380056","2026-06-16T20:36:20.005+08:00","2026-06-16T20:36:20.055+08:00",332.942841,EXP2,"exp2_table",2,2,"1:3|2:2|3:4|4:1"
"exp2_target_object","实验二当前目标模型_右脸","Exp2_002_exp2_target_object_0320","video_relative_to_recording_start",rectangle,343,338,886,847,,,,"A037","Exp2_002","E2_FIXED_PROGRESSIVE",loading,,,,,1,TRUE,7950.000,8000.000,340.892853,340.942841,1920,1046,"ObjectSlot2",1,0,"video_relative_to_screen_recording_start",75.060127,265832.719,265882.719,1,75.060127,"1781613114174","../../../../../../Project/UE5/Gallery/Saved/ScreenRecordings/A037_v2_20260616_203154_screen.mkv",265832.719,265882.719,265857.719,"1781613380006","1781613380056","2026-06-16T20:36:20.005+08:00","2026-06-16T20:36:20.055+08:00",332.942841,EXP2,"exp2_target",2,2,"1:3|2:2|3:4|4:1"
"exp2_table_objects","实验二桌面四模型总体区域","Exp2_002_exp2_table_objects_0321","video_relative_to_recording_start",rectangle,0,319,1919,1022,,,,"A037","Exp2_002","E2_FIXED_PROGRESSIVE",loading,,,,,1,TRUE,8000.000,8050.000,340.942841,340.992828,1920,1046,"ObjectSlot1-4",1,1,"video_relative_to_screen_recording_start",75.060127,265882.719,265932.719,1,75.060127,"1781613114174","../../../../../../Project/UE5/Gallery/Saved/ScreenRecordings/A037_v2_20260616_203154_screen.mkv",265882.719,265932.719,265907.719,"1781613380056","1781613380106","2026-06-16T20:36:20.055+08:00","2026-06-16T20:36:20.105+08:00",332.942841,EXP2,"exp2_table",2,2,"1:3|2:2|3:4|4:1"
"exp2_target_object","实验二当前目标模型_右脸","Exp2_002_exp2_target_object_0322","video_relative_to_recording_start",rectangle,343,338,886,847,,,,"A037","Exp2_002","E2_FIXED_PROGRESSIVE",loading,,,,,1,TRUE,8000.000,8050.000,340.942841,340.992828,1920,1046,"ObjectSlot2",1,0,"video_relative_to_screen_recording_start",75.060127,265882.719,265932.719,1,75.060127,"1781613114174","../../../../../../Project/UE5/Gallery/Saved/ScreenRecordings/A037_v2_20260616_203154_screen.mkv",265882.719,265932.719,265907.719,"1781613380056","1781613380106","2026-06-16T20:36:20.055+08:00","2026-06-16T20:36:20.105+08:00",332.942841,EXP2,"exp2_target",2,2,"1:3|2:2|3:4|4:1"
"exp2_table_objects","实验二桌面四模型总体区域","Exp2_002_exp2_table_objects_0323","video_relative_to_recording_start",rectangle,0,319,1919,1022,,,,"A037","Exp2_002","E2_FIXED_PROGRESSIVE",loading,,,,,1,TRUE,8050.000,8100.000,340.992828,341.042847,1920,1046,"ObjectSlot1-4",1,1,"video_relative_to_screen_recording_start",75.060127,265932.719,265982.719,1,75.060127,"1781613114174","../../../../../../Project/UE5/Gallery/Saved/ScreenRecordings/A037_v2_20260616_203154_screen.mkv",265932.719,265982.719,265957.719,"1781613380106","1781613380156","2026-06-16T20:36:20.105+08:00","2026-06-16T20:36:20.155+08:00",332.942841,EXP2,"exp2_table",2,2,"1:3|2:2|3:4|4:1"
"exp2_target_object","实验二当前目标模型_右脸","Exp2_002_exp2_target_object_0324","video_relative_to_recording_start",rectangle,343,338,886,847,,,,"A037","Exp2_002","E2_FIXED_PROGRESSIVE",loading,,,,,1,TRUE,8050.000,8100.000,340.992828,341.042847,1920,1046,"ObjectSlot2",1,0,"video_relative_to_screen_recording_start",75.060127,265932.719,265982.719,1,75.060127,"1781613114174","../../../../../../Project/UE5/Gallery/Saved/ScreenRecordings/A037_v2_20260616_203154_screen.mkv",265932.719,265982.719,265957.719,"1781613380106","1781613380156","2026-06-16T20:36:20.105+08:00","2026-06-16T20:36:20.155+08:00",332.942841,EXP2,"exp2_target",2,2,"1:3|2:2|3:4|4:1"
"exp2_table_objects","实验二桌面四模型总体区域","Exp2_002_exp2_table_objects_0325","video_relative_to_recording_start",rectangle,0,319,1919,1022,,,,"A037","Exp2_002","E2_FIXED_PROGRESSIVE",loading,,,,,1,TRUE,8100.000,8150.000,341.042847,341.092834,1920,1046,"ObjectSlot1-4",1,1,"video_relative_to_screen_recording_start",75.060127,265982.719,266032.719,1,75.060127,"1781613114174","../../../../../../Project/UE5/Gallery/Saved/ScreenRecordings/A037_v2_20260616_203154_screen.mkv",265982.719,266032.719,266007.719,"1781613380156","1781613380206","2026-06-16T20:36:20.155+08:00","2026-06-16T20:36:20.205+08:00",332.942841,EXP2,"exp2_table",2,2,"1:3|2:2|3:4|4:1"
"exp2_target_object","实验二当前目标模型_右脸","Exp2_002_exp2_target_object_0326","video_relative_to_recording_start",rectangle,343,338,886,847,,,,"A037","Exp2_002","E2_FIXED_PROGRESSIVE",loading,,,,,1,TRUE,8100.000,8150.000,341.042847,341.092834,1920,1046,"ObjectSlot2",1,0,"video_relative_to_screen_recording_start",75.060127,265982.719,266032.719,1,75.060127,"1781613114174","../../../../../../Project/UE5/Gallery/Saved/ScreenRecordings/A037_v2_20260616_203154_screen.mkv",265982.719,266032.719,266007.719,"1781613380156","1781613380206","2026-06-16T20:36:20.155+08:00","2026-06-16T20:36:20.205+08:00",332.942841,EXP2,"exp2_target",2,2,"1:3|2:2|3:4|4:1"
"exp2_table_objects","实验二桌面四模型总体区域","Exp2_002_exp2_table_objects_0327","video_relative_to_recording_start",rectangle,0,319,1919,1022,,,,"A037","Exp2_002","E2_FIXED_PROGRESSIVE",loading,,,,,1,TRUE,8150.000,8200.000,341.092834,341.142853,1920,1046,"ObjectSlot1-4",1,1,"video_relative_to_screen_recording_start",75.060127,266032.719,266082.719,1,75.060127,"1781613114174","../../../../../../Project/UE5/Gallery/Saved/ScreenRecordings/A037_v2_20260616_203154_screen.mkv",266032.719,266082.719,266057.719,"1781613380206","1781613380256","2026-06-16T20:36:20.205+08:00","2026-06-16T20:36:20.255+08:00",332.942841,EXP2,"exp2_table",2,2,"1:3|2:2|3:4|4:1"
"exp2_target_object","实验二当前目标模型_右脸","Exp2_002_exp2_target_object_0328","video_relative_to_recording_start",rectangle,343,338,886,847,,,,"A037","Exp2_002","E2_FIXED_PROGRESSIVE",loading,,,,,1,TRUE,8150.000,8200.000,341.092834,341.142853,1920,1046,"ObjectSlot2",1,0,"video_relative_to_screen_recording_start",75.060127,266032.719,266082.719,1,75.060127,"1781613114174","../../../../../../Project/UE5/Gallery/Saved/ScreenRecordings/A037_v2_20260616_203154_screen.mkv",266032.719,266082.719,266057.719,"1781613380206","1781613380256","2026-06-16T20:36:20.205+08:00","2026-06-16T20:36:20.255+08:00",332.942841,EXP2,"exp2_target",2,2,"1:3|2:2|3:4|4:1"
"exp2_table_objects","实验二桌面四模型总体区域","Exp2_002_exp2_table_objects_0329","video_relative_to_recording_start",rectangle,0,319,1919,1022,,,,"A037","Exp2_002","E2_FIXED_PROGRESSIVE",loading,,,,,1,TRUE,8200.000,8250.000,341.142853,341.192841,1920,1046,"ObjectSlot1-4",1,1,"video_relative_to_screen_recording_start",75.060127,266082.719,266132.719,1,75.060127,"1781613114174","../../../../../../Project/UE5/Gallery/Saved/ScreenRecordings/A037_v2_20260616_203154_screen.mkv",266082.719,266132.719,266107.719,"1781613380256","1781613380306","2026-06-16T20:36:20.255+08:00","2026-06-16T20:36:20.305+08:00",332.942841,EXP2,"exp2_table",2,2,"1:3|2:2|3:4|4:1"
"exp2_target_object","实验二当前目标模型_右脸","Exp2_002_exp2_target_object_0330","video_relative_to_recording_start",rectangle,343,338,886,847,,,,"A037","Exp2_002","E2_FIXED_PROGRESSIVE",loading,,,,,1,TRUE,8200.000,8250.000,341.142853,341.192841,1920,1046,"ObjectSlot2",1,0,"video_relative_to_screen_recording_start",75.060127,266082.719,266132.719,1,75.060127,"1781613114174","../../../../../../Project/UE5/Gallery/Saved/ScreenRecordings/A037_v2_20260616_203154_screen.mkv",266082.719,266132.719,266107.719,"1781613380256","1781613380306","2026-06-16T20:36:20.255+08:00","2026-06-16T20:36:20.305+08:00",332.942841,EXP2,"exp2_target",2,2,"1:3|2:2|3:4|4:1"
"exp2_table_objects","实验二桌面四模型总体区域","Exp2_002_exp2_table_objects_0331","video_relative_to_recording_start",rectangle,0,319,1919,1022,,,,"A037","Exp2_002","E2_FIXED_PROGRESSIVE",loading,,,,,1,TRUE,8250.000,8300.000,341.192841,341.242828,1920,1046,"ObjectSlot1-4",1,1,"video_relative_to_screen_recording_start",75.060127,266132.719,266182.719,1,75.060127,"1781613114174","../../../../../../Project/UE5/Gallery/Saved/ScreenRecordings/A037_v2_20260616_203154_screen.mkv",266132.719,266182.719,266157.719,"1781613380306","1781613380356","2026-06-16T20:36:20.305+08:00","2026-06-16T20:36:20.355+08:00",332.942841,EXP2,"exp2_table",2,2,"1:3|2:2|3:4|4:1"
"exp2_target_object","实验二当前目标模型_右脸","Exp2_002_exp2_target_object_0332","video_relative_to_recording_start",rectangle,343,338,886,847,,,,"A037","Exp2_002","E2_FIXED_PROGRESSIVE",loading,,,,,1,TRUE,8250.000,8300.000,341.192841,341.242828,1920,1046,"ObjectSlot2",1,0,"video_relative_to_screen_recording_start",75.060127,266132.719,266182.719,1,75.060127,"1781613114174","../../../../../../Project/UE5/Gallery/Saved/ScreenRecordings/A037_v2_20260616_203154_screen.mkv",266132.719,266182.719,266157.719,"1781613380306","1781613380356","2026-06-16T20:36:20.305+08:00","2026-06-16T20:36:20.355+08:00",332.942841,EXP2,"exp2_target",2,2,"1:3|2:2|3:4|4:1"
"exp2_table_objects","实验二桌面四模型总体区域","Exp2_002_exp2_table_objects_0333","video_relative_to_recording_start",rectangle,0,319,1919,1022,,,,"A037","Exp2_002","E2_FIXED_PROGRESSIVE",loading,,,,,1,TRUE,8300.000,8350.000,341.242828,341.292847,1920,1046,"ObjectSlot1-4",1,1,"video_relative_to_screen_recording_start",75.060127,266182.719,266232.719,1,75.060127,"1781613114174","../../../../../../Project/UE5/Gallery/Saved/ScreenRecordings/A037_v2_20260616_203154_screen.mkv",266182.719,266232.719,266207.719,"1781613380356","1781613380406","2026-06-16T20:36:20.355+08:00","2026-06-16T20:36:20.405+08:00",332.942841,EXP2,"exp2_table",2,2,"1:3|2:2|3:4|4:1"
"exp2_target_object","实验二当前目标模型_右脸","Exp2_002_exp2_target_object_0334","video_relative_to_recording_start",rectangle,343,338,886,847,,,,"A037","Exp2_002","E2_FIXED_PROGRESSIVE",loading,,,,,1,TRUE,8300.000,8350.000,341.242828,341.292847,1920,1046,"ObjectSlot2",1,0,"video_relative_to_screen_recording_start",75.060127,266182.719,266232.719,1,75.060127,"1781613114174","../../../../../../Project/UE5/Gallery/Saved/ScreenRecordings/A037_v2_20260616_203154_screen.mkv",266182.719,266232.719,266207.719,"1781613380356","1781613380406","2026-06-16T20:36:20.355+08:00","2026-06-16T20:36:20.405+08:00",332.942841,EXP2,"exp2_target",2,2,"1:3|2:2|3:4|4:1"
"exp2_table_objects","实验二桌面四模型总体区域","Exp2_002_exp2_table_objects_0335","video_relative_to_recording_start",rectangle,0,319,1919,1022,,,,"A037","Exp2_002","E2_FIXED_PROGRESSIVE",loading,,,,,1,TRUE,8350.000,8400.000,341.292847,341.342834,1920,1046,"ObjectSlot1-4",1,1,"video_relative_to_screen_recording_start",75.060127,266232.719,266282.719,1,75.060127,"1781613114174","../../../../../../Project/UE5/Gallery/Saved/ScreenRecordings/A037_v2_20260616_203154_screen.mkv",266232.719,266282.719,266257.719,"1781613380406","1781613380456","2026-06-16T20:36:20.405+08:00","2026-06-16T20:36:20.455+08:00",332.942841,EXP2,"exp2_table",2,2,"1:3|2:2|3:4|4:1"
"exp2_target_object","实验二当前目标模型_右脸","Exp2_002_exp2_target_object_0336","video_relative_to_recording_start",rectangle,343,338,886,847,,,,"A037","Exp2_002","E2_FIXED_PROGRESSIVE",loading,,,,,1,TRUE,8350.000,8400.000,341.292847,341.342834,1920,1046,"ObjectSlot2",1,0,"video_relative_to_screen_recording_start",75.060127,266232.719,266282.719,1,75.060127,"1781613114174","../../../../../../Project/UE5/Gallery/Saved/ScreenRecordings/A037_v2_20260616_203154_screen.mkv",266232.719,266282.719,266257.719,"1781613380406","1781613380456","2026-06-16T20:36:20.405+08:00","2026-06-16T20:36:20.455+08:00",332.942841,EXP2,"exp2_target",2,2,"1:3|2:2|3:4|4:1"
"exp2_table_objects","实验二桌面四模型总体区域","Exp2_002_exp2_table_objects_0337","video_relative_to_recording_start",rectangle,0,319,1919,1022,,,,"A037","Exp2_002","E2_FIXED_PROGRESSIVE",loading,,,,,1,TRUE,8400.000,8450.000,341.342834,341.392853,1920,1046,"ObjectSlot1-4",1,1,"video_relative_to_screen_recording_start",75.060127,266282.719,266332.719,1,75.060127,"1781613114174","../../../../../../Project/UE5/Gallery/Saved/ScreenRecordings/A037_v2_20260616_203154_screen.mkv",266282.719,266332.719,266307.719,"1781613380456","1781613380506","2026-06-16T20:36:20.455+08:00","2026-06-16T20:36:20.505+08:00",332.942841,EXP2,"exp2_table",2,2,"1:3|2:2|3:4|4:1"
"exp2_target_object","实验二当前目标模型_右脸","Exp2_002_exp2_target_object_0338","video_relative_to_recording_start",rectangle,343,338,886,847,,,,"A037","Exp2_002","E2_FIXED_PROGRESSIVE",loading,,,,,1,TRUE,8400.000,8450.000,341.342834,341.392853,1920,1046,"ObjectSlot2",1,0,"video_relative_to_screen_recording_start",75.060127,266282.719,266332.719,1,75.060127,"1781613114174","../../../../../../Project/UE5/Gallery/Saved/ScreenRecordings/A037_v2_20260616_203154_screen.mkv",266282.719,266332.719,266307.719,"1781613380456","1781613380506","2026-06-16T20:36:20.455+08:00","2026-06-16T20:36:20.505+08:00",332.942841,EXP2,"exp2_target",2,2,"1:3|2:2|3:4|4:1"
"exp2_table_objects","实验二桌面四模型总体区域","Exp2_002_exp2_table_objects_0339","video_relative_to_recording_start",rectangle,0,319,1919,1022,,,,"A037","Exp2_002","E2_FIXED_PROGRESSIVE",loading,,,,,1,TRUE,8450.000,8500.000,341.392853,341.442841,1920,1046,"ObjectSlot1-4",1,1,"video_relative_to_screen_recording_start",75.060127,266332.719,266382.719,1,75.060127,"1781613114174","../../../../../../Project/UE5/Gallery/Saved/ScreenRecordings/A037_v2_20260616_203154_screen.mkv",266332.719,266382.719,266357.719,"1781613380506","1781613380556","2026-06-16T20:36:20.505+08:00","2026-06-16T20:36:20.555+08:00",332.942841,EXP2,"exp2_table",2,2,"1:3|2:2|3:4|4:1"
"exp2_target_object","实验二当前目标模型_右脸","Exp2_002_exp2_target_object_0340","video_relative_to_recording_start",rectangle,343,338,886,847,,,,"A037","Exp2_002","E2_FIXED_PROGRESSIVE",loading,,,,,1,TRUE,8450.000,8500.000,341.392853,341.442841,1920,1046,"ObjectSlot2",1,0,"video_relative_to_screen_recording_start",75.060127,266332.719,266382.719,1,75.060127,"1781613114174","../../../../../../Project/UE5/Gallery/Saved/ScreenRecordings/A037_v2_20260616_203154_screen.mkv",266332.719,266382.719,266357.719,"1781613380506","1781613380556","2026-06-16T20:36:20.505+08:00","2026-06-16T20:36:20.555+08:00",332.942841,EXP2,"exp2_target",2,2,"1:3|2:2|3:4|4:1"
"exp2_table_objects","实验二桌面四模型总体区域","Exp2_002_exp2_table_objects_0341","video_relative_to_recording_start",rectangle,0,319,1919,1022,,,,"A037","Exp2_002","E2_FIXED_PROGRESSIVE",loading,,,,,1,TRUE,8500.000,8550.000,341.442841,341.492828,1920,1046,"ObjectSlot1-4",1,1,"video_relative_to_screen_recording_start",75.060127,266382.719,266432.719,1,75.060127,"1781613114174","../../../../../../Project/UE5/Gallery/Saved/ScreenRecordings/A037_v2_20260616_203154_screen.mkv",266382.719,266432.719,266407.719,"1781613380556","1781613380606","2026-06-16T20:36:20.555+08:00","2026-06-16T20:36:20.605+08:00",332.942841,EXP2,"exp2_table",2,2,"1:3|2:2|3:4|4:1"
"exp2_target_object","实验二当前目标模型_右脸","Exp2_002_exp2_target_object_0342","video_relative_to_recording_start",rectangle,343,338,886,847,,,,"A037","Exp2_002","E2_FIXED_PROGRESSIVE",loading,,,,,1,TRUE,8500.000,8550.000,341.442841,341.492828,1920,1046,"ObjectSlot2",1,0,"video_relative_to_screen_recording_start",75.060127,266382.719,266432.719,1,75.060127,"1781613114174","../../../../../../Project/UE5/Gallery/Saved/ScreenRecordings/A037_v2_20260616_203154_screen.mkv",266382.719,266432.719,266407.719,"1781613380556","1781613380606","2026-06-16T20:36:20.555+08:00","2026-06-16T20:36:20.605+08:00",332.942841,EXP2,"exp2_target",2,2,"1:3|2:2|3:4|4:1"
"exp2_table_objects","实验二桌面四模型总体区域","Exp2_002_exp2_table_objects_0343","video_relative_to_recording_start",rectangle,0,319,1919,1022,,,,"A037","Exp2_002","E2_FIXED_PROGRESSIVE",loading,,,,,1,TRUE,8550.000,8600.000,341.492828,341.542847,1920,1046,"ObjectSlot1-4",1,1,"video_relative_to_screen_recording_start",75.060127,266432.719,266482.719,1,75.060127,"1781613114174","../../../../../../Project/UE5/Gallery/Saved/ScreenRecordings/A037_v2_20260616_203154_screen.mkv",266432.719,266482.719,266457.719,"1781613380606","1781613380656","2026-06-16T20:36:20.605+08:00","2026-06-16T20:36:20.655+08:00",332.942841,EXP2,"exp2_table",2,2,"1:3|2:2|3:4|4:1"
"exp2_target_object","实验二当前目标模型_右脸","Exp2_002_exp2_target_object_0344","video_relative_to_recording_start",rectangle,343,338,886,847,,,,"A037","Exp2_002","E2_FIXED_PROGRESSIVE",loading,,,,,1,TRUE,8550.000,8600.000,341.492828,341.542847,1920,1046,"ObjectSlot2",1,0,"video_relative_to_screen_recording_start",75.060127,266432.719,266482.719,1,75.060127,"1781613114174","../../../../../../Project/UE5/Gallery/Saved/ScreenRecordings/A037_v2_20260616_203154_screen.mkv",266432.719,266482.719,266457.719,"1781613380606","1781613380656","2026-06-16T20:36:20.605+08:00","2026-06-16T20:36:20.655+08:00",332.942841,EXP2,"exp2_target",2,2,"1:3|2:2|3:4|4:1"
"exp2_table_objects","实验二桌面四模型总体区域","Exp2_002_exp2_table_objects_0345","video_relative_to_recording_start",rectangle,0,319,1919,1022,,,,"A037","Exp2_002","E2_FIXED_PROGRESSIVE",loading,,,,,1,TRUE,8600.000,8650.000,341.542847,341.592834,1920,1046,"ObjectSlot1-4",1,1,"video_relative_to_screen_recording_start",75.060127,266482.719,266532.719,1,75.060127,"1781613114174","../../../../../../Project/UE5/Gallery/Saved/ScreenRecordings/A037_v2_20260616_203154_screen.mkv",266482.719,266532.719,266507.719,"1781613380656","1781613380706","2026-06-16T20:36:20.655+08:00","2026-06-16T20:36:20.705+08:00",332.942841,EXP2,"exp2_table",2,2,"1:3|2:2|3:4|4:1"
"exp2_target_object","实验二当前目标模型_右脸","Exp2_002_exp2_target_object_0346","video_relative_to_recording_start",rectangle,343,338,886,847,,,,"A037","Exp2_002","E2_FIXED_PROGRESSIVE",loading,,,,,1,TRUE,8600.000,8650.000,341.542847,341.592834,1920,1046,"ObjectSlot2",1,0,"video_relative_to_screen_recording_start",75.060127,266482.719,266532.719,1,75.060127,"1781613114174","../../../../../../Project/UE5/Gallery/Saved/ScreenRecordings/A037_v2_20260616_203154_screen.mkv",266482.719,266532.719,266507.719,"1781613380656","1781613380706","2026-06-16T20:36:20.655+08:00","2026-06-16T20:36:20.705+08:00",332.942841,EXP2,"exp2_target",2,2,"1:3|2:2|3:4|4:1"
"exp2_table_objects","实验二桌面四模型总体区域","Exp2_002_exp2_table_objects_0347","video_relative_to_recording_start",rectangle,0,319,1919,1022,,,,"A037","Exp2_002","E2_FIXED_PROGRESSIVE",loading,,,,,1,TRUE,8650.000,8700.000,341.592834,341.642853,1920,1046,"ObjectSlot1-4",1,1,"video_relative_to_screen_recording_start",75.060127,266532.719,266582.719,1,75.060127,"1781613114174","../../../../../../Project/UE5/Gallery/Saved/ScreenRecordings/A037_v2_20260616_203154_screen.mkv",266532.719,266582.719,266557.719,"1781613380706","1781613380756","2026-06-16T20:36:20.705+08:00","2026-06-16T20:36:20.755+08:00",332.942841,EXP2,"exp2_table",2,2,"1:3|2:2|3:4|4:1"
"exp2_target_object","实验二当前目标模型_右脸","Exp2_002_exp2_target_object_0348","video_relative_to_recording_start",rectangle,343,338,886,847,,,,"A037","Exp2_002","E2_FIXED_PROGRESSIVE",loading,,,,,1,TRUE,8650.000,8700.000,341.592834,341.642853,1920,1046,"ObjectSlot2",1,0,"video_relative_to_screen_recording_start",75.060127,266532.719,266582.719,1,75.060127,"1781613114174","../../../../../../Project/UE5/Gallery/Saved/ScreenRecordings/A037_v2_20260616_203154_screen.mkv",266532.719,266582.719,266557.719,"1781613380706","1781613380756","2026-06-16T20:36:20.705+08:00","2026-06-16T20:36:20.755+08:00",332.942841,EXP2,"exp2_target",2,2,"1:3|2:2|3:4|4:1"
"exp2_table_objects","实验二桌面四模型总体区域","Exp2_002_exp2_table_objects_0349","video_relative_to_recording_start",rectangle,0,319,1919,1022,,,,"A037","Exp2_002","E2_FIXED_PROGRESSIVE",loading,,,,,1,TRUE,8700.000,8750.000,341.642853,341.692841,1920,1046,"ObjectSlot1-4",1,1,"video_relative_to_screen_recording_start",75.060127,266582.719,266632.719,1,75.060127,"1781613114174","../../../../../../Project/UE5/Gallery/Saved/ScreenRecordings/A037_v2_20260616_203154_screen.mkv",266582.719,266632.719,266607.719,"1781613380756","1781613380806","2026-06-16T20:36:20.755+08:00","2026-06-16T20:36:20.805+08:00",332.942841,EXP2,"exp2_table",2,2,"1:3|2:2|3:4|4:1"
"exp2_target_object","实验二当前目标模型_右脸","Exp2_002_exp2_target_object_0350","video_relative_to_recording_start",rectangle,343,338,886,847,,,,"A037","Exp2_002","E2_FIXED_PROGRESSIVE",loading,,,,,1,TRUE,8700.000,8750.000,341.642853,341.692841,1920,1046,"ObjectSlot2",1,0,"video_relative_to_screen_recording_start",75.060127,266582.719,266632.719,1,75.060127,"1781613114174","../../../../../../Project/UE5/Gallery/Saved/ScreenRecordings/A037_v2_20260616_203154_screen.mkv",266582.719,266632.719,266607.719,"1781613380756","1781613380806","2026-06-16T20:36:20.755+08:00","2026-06-16T20:36:20.805+08:00",332.942841,EXP2,"exp2_target",2,2,"1:3|2:2|3:4|4:1"
"exp2_table_objects","实验二桌面四模型总体区域","Exp2_002_exp2_table_objects_0351","video_relative_to_recording_start",rectangle,0,319,1919,1022,,,,"A037","Exp2_002","E2_FIXED_PROGRESSIVE",loading,,,,,1,TRUE,8750.000,8800.000,341.692841,341.742828,1920,1046,"ObjectSlot1-4",1,1,"video_relative_to_screen_recording_start",75.060127,266632.719,266682.719,1,75.060127,"1781613114174","../../../../../../Project/UE5/Gallery/Saved/ScreenRecordings/A037_v2_20260616_203154_screen.mkv",266632.719,266682.719,266657.719,"1781613380806","1781613380856","2026-06-16T20:36:20.805+08:00","2026-06-16T20:36:20.855+08:00",332.942841,EXP2,"exp2_table",2,2,"1:3|2:2|3:4|4:1"
"exp2_target_object","实验二当前目标模型_右脸","Exp2_002_exp2_target_object_0352","video_relative_to_recording_start",rectangle,343,338,886,847,,,,"A037","Exp2_002","E2_FIXED_PROGRESSIVE",loading,,,,,1,TRUE,8750.000,8800.000,341.692841,341.742828,1920,1046,"ObjectSlot2",1,0,"video_relative_to_screen_recording_start",75.060127,266632.719,266682.719,1,75.060127,"1781613114174","../../../../../../Project/UE5/Gallery/Saved/ScreenRecordings/A037_v2_20260616_203154_screen.mkv",266632.719,266682.719,266657.719,"1781613380806","1781613380856","2026-06-16T20:36:20.805+08:00","2026-06-16T20:36:20.855+08:00",332.942841,EXP2,"exp2_target",2,2,"1:3|2:2|3:4|4:1"
"exp2_table_objects","实验二桌面四模型总体区域","Exp2_002_exp2_table_objects_0353","video_relative_to_recording_start",rectangle,0,319,1919,1022,,,,"A037","Exp2_002","E2_FIXED_PROGRESSIVE",loading,,,,,1,TRUE,8800.000,8850.000,341.742828,341.792847,1920,1046,"ObjectSlot1-4",1,1,"video_relative_to_screen_recording_start",75.060127,266682.719,266732.719,1,75.060127,"1781613114174","../../../../../../Project/UE5/Gallery/Saved/ScreenRecordings/A037_v2_20260616_203154_screen.mkv",266682.719,266732.719,266707.719,"1781613380856","1781613380906","2026-06-16T20:36:20.855+08:00","2026-06-16T20:36:20.905+08:00",332.942841,EXP2,"exp2_table",2,2,"1:3|2:2|3:4|4:1"
"exp2_target_object","实验二当前目标模型_右脸","Exp2_002_exp2_target_object_0354","video_relative_to_recording_start",rectangle,343,338,886,847,,,,"A037","Exp2_002","E2_FIXED_PROGRESSIVE",loading,,,,,1,TRUE,8800.000,8850.000,341.742828,341.792847,1920,1046,"ObjectSlot2",1,0,"video_relative_to_screen_recording_start",75.060127,266682.719,266732.719,1,75.060127,"1781613114174","../../../../../../Project/UE5/Gallery/Saved/ScreenRecordings/A037_v2_20260616_203154_screen.mkv",266682.719,266732.719,266707.719,"1781613380856","1781613380906","2026-06-16T20:36:20.855+08:00","2026-06-16T20:36:20.905+08:00",332.942841,EXP2,"exp2_target",2,2,"1:3|2:2|3:4|4:1"
"exp2_table_objects","实验二桌面四模型总体区域","Exp2_002_exp2_table_objects_0355","video_relative_to_recording_start",rectangle,0,319,1919,1022,,,,"A037","Exp2_002","E2_FIXED_PROGRESSIVE",loading,,,,,1,TRUE,8850.000,8900.000,341.792847,341.842834,1920,1046,"ObjectSlot1-4",1,1,"video_relative_to_screen_recording_start",75.060127,266732.719,266782.719,1,75.060127,"1781613114174","../../../../../../Project/UE5/Gallery/Saved/ScreenRecordings/A037_v2_20260616_203154_screen.mkv",266732.719,266782.719,266757.719,"1781613380906","1781613380956","2026-06-16T20:36:20.905+08:00","2026-06-16T20:36:20.955+08:00",332.942841,EXP2,"exp2_table",2,2,"1:3|2:2|3:4|4:1"
"exp2_target_object","实验二当前目标模型_右脸","Exp2_002_exp2_target_object_0356","video_relative_to_recording_start",rectangle,343,338,886,847,,,,"A037","Exp2_002","E2_FIXED_PROGRESSIVE",loading,,,,,1,TRUE,8850.000,8900.000,341.792847,341.842834,1920,1046,"ObjectSlot2",1,0,"video_relative_to_screen_recording_start",75.060127,266732.719,266782.719,1,75.060127,"1781613114174","../../../../../../Project/UE5/Gallery/Saved/ScreenRecordings/A037_v2_20260616_203154_screen.mkv",266732.719,266782.719,266757.719,"1781613380906","1781613380956","2026-06-16T20:36:20.905+08:00","2026-06-16T20:36:20.955+08:00",332.942841,EXP2,"exp2_target",2,2,"1:3|2:2|3:4|4:1"
"exp2_table_objects","实验二桌面四模型总体区域","Exp2_002_exp2_table_objects_0357","video_relative_to_recording_start",rectangle,0,319,1919,1022,,,,"A037","Exp2_002","E2_FIXED_PROGRESSIVE",loading,,,,,1,TRUE,8900.000,8950.000,341.842834,341.892853,1920,1046,"ObjectSlot1-4",1,1,"video_relative_to_screen_recording_start",75.060127,266782.719,266832.719,1,75.060127,"1781613114174","../../../../../../Project/UE5/Gallery/Saved/ScreenRecordings/A037_v2_20260616_203154_screen.mkv",266782.719,266832.719,266807.719,"1781613380956","1781613381006","2026-06-16T20:36:20.955+08:00","2026-06-16T20:36:21.005+08:00",332.942841,EXP2,"exp2_table",2,2,"1:3|2:2|3:4|4:1"
"exp2_target_object","实验二当前目标模型_右脸","Exp2_002_exp2_target_object_0358","video_relative_to_recording_start",rectangle,343,338,886,847,,,,"A037","Exp2_002","E2_FIXED_PROGRESSIVE",loading,,,,,1,TRUE,8900.000,8950.000,341.842834,341.892853,1920,1046,"ObjectSlot2",1,0,"video_relative_to_screen_recording_start",75.060127,266782.719,266832.719,1,75.060127,"1781613114174","../../../../../../Project/UE5/Gallery/Saved/ScreenRecordings/A037_v2_20260616_203154_screen.mkv",266782.719,266832.719,266807.719,"1781613380956","1781613381006","2026-06-16T20:36:20.955+08:00","2026-06-16T20:36:21.005+08:00",332.942841,EXP2,"exp2_target",2,2,"1:3|2:2|3:4|4:1"
"exp2_table_objects","实验二桌面四模型总体区域","Exp2_002_exp2_table_objects_0359","video_relative_to_recording_start",rectangle,0,319,1919,1022,,,,"A037","Exp2_002","E2_FIXED_PROGRESSIVE",loading,,,,,1,TRUE,8950.000,9000.000,341.892853,341.942841,1920,1046,"ObjectSlot1-4",1,1,"video_relative_to_screen_recording_start",75.060127,266832.719,266882.719,1,75.060127,"1781613114174","../../../../../../Project/UE5/Gallery/Saved/ScreenRecordings/A037_v2_20260616_203154_screen.mkv",266832.719,266882.719,266857.719,"1781613381006","1781613381056","2026-06-16T20:36:21.005+08:00","2026-06-16T20:36:21.055+08:00",332.942841,EXP2,"exp2_table",2,2,"1:3|2:2|3:4|4:1"
"exp2_target_object","实验二当前目标模型_右脸","Exp2_002_exp2_target_object_0360","video_relative_to_recording_start",rectangle,343,338,886,847,,,,"A037","Exp2_002","E2_FIXED_PROGRESSIVE",loading,,,,,1,TRUE,8950.000,9000.000,341.892853,341.942841,1920,1046,"ObjectSlot2",1,0,"video_relative_to_screen_recording_start",75.060127,266832.719,266882.719,1,75.060127,"1781613114174","../../../../../../Project/UE5/Gallery/Saved/ScreenRecordings/A037_v2_20260616_203154_screen.mkv",266832.719,266882.719,266857.719,"1781613381006","1781613381056","2026-06-16T20:36:21.005+08:00","2026-06-16T20:36:21.055+08:00",332.942841,EXP2,"exp2_target",2,2,"1:3|2:2|3:4|4:1"
"exp2_table_objects","实验二桌面四模型总体区域","Exp2_002_exp2_table_objects_0361","video_relative_to_recording_start",rectangle,0,319,1919,1022,,,,"A037","Exp2_002","E2_FIXED_PROGRESSIVE",loading,,,,,1,TRUE,9000.000,9050.000,341.942841,341.992828,1920,1046,"ObjectSlot1-4",1,1,"video_relative_to_screen_recording_start",75.060127,266882.719,266932.719,1,75.060127,"1781613114174","../../../../../../Project/UE5/Gallery/Saved/ScreenRecordings/A037_v2_20260616_203154_screen.mkv",266882.719,266932.719,266907.719,"1781613381056","1781613381106","2026-06-16T20:36:21.055+08:00","2026-06-16T20:36:21.105+08:00",332.942841,EXP2,"exp2_table",2,2,"1:3|2:2|3:4|4:1"
"exp2_target_object","实验二当前目标模型_右脸","Exp2_002_exp2_target_object_0362","video_relative_to_recording_start",rectangle,343,338,886,847,,,,"A037","Exp2_002","E2_FIXED_PROGRESSIVE",loading,,,,,1,TRUE,9000.000,9050.000,341.942841,341.992828,1920,1046,"ObjectSlot2",1,0,"video_relative_to_screen_recording_start",75.060127,266882.719,266932.719,1,75.060127,"1781613114174","../../../../../../Project/UE5/Gallery/Saved/ScreenRecordings/A037_v2_20260616_203154_screen.mkv",266882.719,266932.719,266907.719,"1781613381056","1781613381106","2026-06-16T20:36:21.055+08:00","2026-06-16T20:36:21.105+08:00",332.942841,EXP2,"exp2_target",2,2,"1:3|2:2|3:4|4:1"
"exp2_table_objects","实验二桌面四模型总体区域","Exp2_002_exp2_table_objects_0363","video_relative_to_recording_start",rectangle,0,319,1919,1022,,,,"A037","Exp2_002","E2_FIXED_PROGRESSIVE",loading,,,,,1,TRUE,9050.000,9100.000,341.992828,342.042847,1920,1046,"ObjectSlot1-4",1,1,"video_relative_to_screen_recording_start",75.060127,266932.719,266982.719,1,75.060127,"1781613114174","../../../../../../Project/UE5/Gallery/Saved/ScreenRecordings/A037_v2_20260616_203154_screen.mkv",266932.719,266982.719,266957.719,"1781613381106","1781613381156","2026-06-16T20:36:21.105+08:00","2026-06-16T20:36:21.155+08:00",332.942841,EXP2,"exp2_table",2,2,"1:3|2:2|3:4|4:1"
"exp2_target_object","实验二当前目标模型_右脸","Exp2_002_exp2_target_object_0364","video_relative_to_recording_start",rectangle,343,338,886,847,,,,"A037","Exp2_002","E2_FIXED_PROGRESSIVE",loading,,,,,1,TRUE,9050.000,9100.000,341.992828,342.042847,1920,1046,"ObjectSlot2",1,0,"video_relative_to_screen_recording_start",75.060127,266932.719,266982.719,1,75.060127,"1781613114174","../../../../../../Project/UE5/Gallery/Saved/ScreenRecordings/A037_v2_20260616_203154_screen.mkv",266932.719,266982.719,266957.719,"1781613381106","1781613381156","2026-06-16T20:36:21.105+08:00","2026-06-16T20:36:21.155+08:00",332.942841,EXP2,"exp2_target",2,2,"1:3|2:2|3:4|4:1"
"exp2_table_objects","实验二桌面四模型总体区域","Exp2_002_exp2_table_objects_0365","video_relative_to_recording_start",rectangle,0,319,1919,1022,,,,"A037","Exp2_002","E2_FIXED_PROGRESSIVE",loading,,,,,1,TRUE,9100.000,9150.000,342.042847,342.092834,1920,1046,"ObjectSlot1-4",1,1,"video_relative_to_screen_recording_start",75.060127,266982.719,267032.719,1,75.060127,"1781613114174","../../../../../../Project/UE5/Gallery/Saved/ScreenRecordings/A037_v2_20260616_203154_screen.mkv",266982.719,267032.719,267007.719,"1781613381156","1781613381206","2026-06-16T20:36:21.155+08:00","2026-06-16T20:36:21.205+08:00",332.942841,EXP2,"exp2_table",2,2,"1:3|2:2|3:4|4:1"
"exp2_target_object","实验二当前目标模型_右脸","Exp2_002_exp2_target_object_0366","video_relative_to_recording_start",rectangle,343,338,886,847,,,,"A037","Exp2_002","E2_FIXED_PROGRESSIVE",loading,,,,,1,TRUE,9100.000,9150.000,342.042847,342.092834,1920,1046,"ObjectSlot2",1,0,"video_relative_to_screen_recording_start",75.060127,266982.719,267032.719,1,75.060127,"1781613114174","../../../../../../Project/UE5/Gallery/Saved/ScreenRecordings/A037_v2_20260616_203154_screen.mkv",266982.719,267032.719,267007.719,"1781613381156","1781613381206","2026-06-16T20:36:21.155+08:00","2026-06-16T20:36:21.205+08:00",332.942841,EXP2,"exp2_target",2,2,"1:3|2:2|3:4|4:1"
"exp2_table_objects","实验二桌面四模型总体区域","Exp2_002_exp2_table_objects_0367","video_relative_to_recording_start",rectangle,0,319,1919,1022,,,,"A037","Exp2_002","E2_FIXED_PROGRESSIVE",loading,,,,,1,TRUE,9150.000,9200.000,342.092834,342.142853,1920,1046,"ObjectSlot1-4",1,1,"video_relative_to_screen_recording_start",75.060127,267032.719,267082.719,1,75.060127,"1781613114174","../../../../../../Project/UE5/Gallery/Saved/ScreenRecordings/A037_v2_20260616_203154_screen.mkv",267032.719,267082.719,267057.719,"1781613381206","1781613381256","2026-06-16T20:36:21.205+08:00","2026-06-16T20:36:21.255+08:00",332.942841,EXP2,"exp2_table",2,2,"1:3|2:2|3:4|4:1"
"exp2_target_object","实验二当前目标模型_右脸","Exp2_002_exp2_target_object_0368","video_relative_to_recording_start",rectangle,343,338,886,847,,,,"A037","Exp2_002","E2_FIXED_PROGRESSIVE",loading,,,,,1,TRUE,9150.000,9200.000,342.092834,342.142853,1920,1046,"ObjectSlot2",1,0,"video_relative_to_screen_recording_start",75.060127,267032.719,267082.719,1,75.060127,"1781613114174","../../../../../../Project/UE5/Gallery/Saved/ScreenRecordings/A037_v2_20260616_203154_screen.mkv",267032.719,267082.719,267057.719,"1781613381206","1781613381256","2026-06-16T20:36:21.205+08:00","2026-06-16T20:36:21.255+08:00",332.942841,EXP2,"exp2_target",2,2,"1:3|2:2|3:4|4:1"
"exp2_table_objects","实验二桌面四模型总体区域","Exp2_002_exp2_table_objects_0369","video_relative_to_recording_start",rectangle,0,319,1919,1022,,,,"A037","Exp2_002","E2_FIXED_PROGRESSIVE",loading,,,,,1,TRUE,9200.000,9250.000,342.142853,342.192841,1920,1046,"ObjectSlot1-4",1,1,"video_relative_to_screen_recording_start",75.060127,267082.719,267132.719,1,75.060127,"1781613114174","../../../../../../Project/UE5/Gallery/Saved/ScreenRecordings/A037_v2_20260616_203154_screen.mkv",267082.719,267132.719,267107.719,"1781613381256","1781613381306","2026-06-16T20:36:21.255+08:00","2026-06-16T20:36:21.305+08:00",332.942841,EXP2,"exp2_table",2,2,"1:3|2:2|3:4|4:1"
"exp2_target_object","实验二当前目标模型_右脸","Exp2_002_exp2_target_object_0370","video_relative_to_recording_start",rectangle,343,338,886,847,,,,"A037","Exp2_002","E2_FIXED_PROGRESSIVE",loading,,,,,1,TRUE,9200.000,9250.000,342.142853,342.192841,1920,1046,"ObjectSlot2",1,0,"video_relative_to_screen_recording_start",75.060127,267082.719,267132.719,1,75.060127,"1781613114174","../../../../../../Project/UE5/Gallery/Saved/ScreenRecordings/A037_v2_20260616_203154_screen.mkv",267082.719,267132.719,267107.719,"1781613381256","1781613381306","2026-06-16T20:36:21.255+08:00","2026-06-16T20:36:21.305+08:00",332.942841,EXP2,"exp2_target",2,2,"1:3|2:2|3:4|4:1"
"exp2_table_objects","实验二桌面四模型总体区域","Exp2_002_exp2_table_objects_0371","video_relative_to_recording_start",rectangle,0,319,1919,1022,,,,"A037","Exp2_002","E2_FIXED_PROGRESSIVE",loading,,,,,1,TRUE,9250.000,9300.000,342.192841,342.242828,1920,1046,"ObjectSlot1-4",1,1,"video_relative_to_screen_recording_start",75.060127,267132.719,267182.719,1,75.060127,"1781613114174","../../../../../../Project/UE5/Gallery/Saved/ScreenRecordings/A037_v2_20260616_203154_screen.mkv",267132.719,267182.719,267157.719,"1781613381306","1781613381356","2026-06-16T20:36:21.305+08:00","2026-06-16T20:36:21.355+08:00",332.942841,EXP2,"exp2_table",2,2,"1:3|2:2|3:4|4:1"
"exp2_target_object","实验二当前目标模型_右脸","Exp2_002_exp2_target_object_0372","video_relative_to_recording_start",rectangle,343,338,886,847,,,,"A037","Exp2_002","E2_FIXED_PROGRESSIVE",loading,,,,,1,TRUE,9250.000,9300.000,342.192841,342.242828,1920,1046,"ObjectSlot2",1,0,"video_relative_to_screen_recording_start",75.060127,267132.719,267182.719,1,75.060127,"1781613114174","../../../../../../Project/UE5/Gallery/Saved/ScreenRecordings/A037_v2_20260616_203154_screen.mkv",267132.719,267182.719,267157.719,"1781613381306","1781613381356","2026-06-16T20:36:21.305+08:00","2026-06-16T20:36:21.355+08:00",332.942841,EXP2,"exp2_target",2,2,"1:3|2:2|3:4|4:1"
"exp2_table_objects","实验二桌面四模型总体区域","Exp2_002_exp2_table_objects_0373","video_relative_to_recording_start",rectangle,0,319,1919,1022,,,,"A037","Exp2_002","E2_FIXED_PROGRESSIVE",loading,,,,,1,TRUE,9300.000,9350.000,342.242828,342.292847,1920,1046,"ObjectSlot1-4",1,1,"video_relative_to_screen_recording_start",75.060127,267182.719,267232.719,1,75.060127,"1781613114174","../../../../../../Project/UE5/Gallery/Saved/ScreenRecordings/A037_v2_20260616_203154_screen.mkv",267182.719,267232.719,267207.719,"1781613381356","1781613381406","2026-06-16T20:36:21.355+08:00","2026-06-16T20:36:21.405+08:00",332.942841,EXP2,"exp2_table",2,2,"1:3|2:2|3:4|4:1"
"exp2_target_object","实验二当前目标模型_右脸","Exp2_002_exp2_target_object_0374","video_relative_to_recording_start",rectangle,343,338,886,847,,,,"A037","Exp2_002","E2_FIXED_PROGRESSIVE",loading,,,,,1,TRUE,9300.000,9350.000,342.242828,342.292847,1920,1046,"ObjectSlot2",1,0,"video_relative_to_screen_recording_start",75.060127,267182.719,267232.719,1,75.060127,"1781613114174","../../../../../../Project/UE5/Gallery/Saved/ScreenRecordings/A037_v2_20260616_203154_screen.mkv",267182.719,267232.719,267207.719,"1781613381356","1781613381406","2026-06-16T20:36:21.355+08:00","2026-06-16T20:36:21.405+08:00",332.942841,EXP2,"exp2_target",2,2,"1:3|2:2|3:4|4:1"
"exp2_table_objects","实验二桌面四模型总体区域","Exp2_002_exp2_table_objects_0375","video_relative_to_recording_start",rectangle,0,319,1919,1022,,,,"A037","Exp2_002","E2_FIXED_PROGRESSIVE",loading,,,,,1,TRUE,9350.000,9400.000,342.292847,342.342834,1920,1046,"ObjectSlot1-4",1,1,"video_relative_to_screen_recording_start",75.060127,267232.719,267282.719,1,75.060127,"1781613114174","../../../../../../Project/UE5/Gallery/Saved/ScreenRecordings/A037_v2_20260616_203154_screen.mkv",267232.719,267282.719,267257.719,"1781613381406","1781613381456","2026-06-16T20:36:21.405+08:00","2026-06-16T20:36:21.455+08:00",332.942841,EXP2,"exp2_table",2,2,"1:3|2:2|3:4|4:1"
"exp2_target_object","实验二当前目标模型_右脸","Exp2_002_exp2_target_object_0376","video_relative_to_recording_start",rectangle,343,338,886,847,,,,"A037","Exp2_002","E2_FIXED_PROGRESSIVE",loading,,,,,1,TRUE,9350.000,9400.000,342.292847,342.342834,1920,1046,"ObjectSlot2",1,0,"video_relative_to_screen_recording_start",75.060127,267232.719,267282.719,1,75.060127,"1781613114174","../../../../../../Project/UE5/Gallery/Saved/ScreenRecordings/A037_v2_20260616_203154_screen.mkv",267232.719,267282.719,267257.719,"1781613381406","1781613381456","2026-06-16T20:36:21.405+08:00","2026-06-16T20:36:21.455+08:00",332.942841,EXP2,"exp2_target",2,2,"1:3|2:2|3:4|4:1"
"exp2_table_objects","实验二桌面四模型总体区域","Exp2_002_exp2_table_objects_0377","video_relative_to_recording_start",rectangle,0,319,1919,1022,,,,"A037","Exp2_002","E2_FIXED_PROGRESSIVE",loading,,,,,1,TRUE,9400.000,9450.000,342.342834,342.392853,1920,1046,"ObjectSlot1-4",1,1,"video_relative_to_screen_recording_start",75.060127,267282.719,267332.719,1,75.060127,"1781613114174","../../../../../../Project/UE5/Gallery/Saved/ScreenRecordings/A037_v2_20260616_203154_screen.mkv",267282.719,267332.719,267307.719,"1781613381456","1781613381506","2026-06-16T20:36:21.455+08:00","2026-06-16T20:36:21.505+08:00",332.942841,EXP2,"exp2_table",2,2,"1:3|2:2|3:4|4:1"
"exp2_target_object","实验二当前目标模型_右脸","Exp2_002_exp2_target_object_0378","video_relative_to_recording_start",rectangle,343,338,886,847,,,,"A037","Exp2_002","E2_FIXED_PROGRESSIVE",loading,,,,,1,TRUE,9400.000,9450.000,342.342834,342.392853,1920,1046,"ObjectSlot2",1,0,"video_relative_to_screen_recording_start",75.060127,267282.719,267332.719,1,75.060127,"1781613114174","../../../../../../Project/UE5/Gallery/Saved/ScreenRecordings/A037_v2_20260616_203154_screen.mkv",267282.719,267332.719,267307.719,"1781613381456","1781613381506","2026-06-16T20:36:21.455+08:00","2026-06-16T20:36:21.505+08:00",332.942841,EXP2,"exp2_target",2,2,"1:3|2:2|3:4|4:1"
"exp2_table_objects","实验二桌面四模型总体区域","Exp2_002_exp2_table_objects_0379","video_relative_to_recording_start",rectangle,0,319,1919,1022,,,,"A037","Exp2_002","E2_FIXED_PROGRESSIVE",loading,,,,,1,TRUE,9450.000,9500.000,342.392853,342.442841,1920,1046,"ObjectSlot1-4",1,1,"video_relative_to_screen_recording_start",75.060127,267332.719,267382.719,1,75.060127,"1781613114174","../../../../../../Project/UE5/Gallery/Saved/ScreenRecordings/A037_v2_20260616_203154_screen.mkv",267332.719,267382.719,267357.719,"1781613381506","1781613381556","2026-06-16T20:36:21.505+08:00","2026-06-16T20:36:21.555+08:00",332.942841,EXP2,"exp2_table",2,2,"1:3|2:2|3:4|4:1"
"exp2_target_object","实验二当前目标模型_右脸","Exp2_002_exp2_target_object_0380","video_relative_to_recording_start",rectangle,343,338,886,847,,,,"A037","Exp2_002","E2_FIXED_PROGRESSIVE",loading,,,,,1,TRUE,9450.000,9500.000,342.392853,342.442841,1920,1046,"ObjectSlot2",1,0,"video_relative_to_screen_recording_start",75.060127,267332.719,267382.719,1,75.060127,"1781613114174","../../../../../../Project/UE5/Gallery/Saved/ScreenRecordings/A037_v2_20260616_203154_screen.mkv",267332.719,267382.719,267357.719,"1781613381506","1781613381556","2026-06-16T20:36:21.505+08:00","2026-06-16T20:36:21.555+08:00",332.942841,EXP2,"exp2_target",2,2,"1:3|2:2|3:4|4:1"
"exp2_table_objects","实验二桌面四模型总体区域","Exp2_002_exp2_table_objects_0381","video_relative_to_recording_start",rectangle,0,319,1919,1022,,,,"A037","Exp2_002","E2_FIXED_PROGRESSIVE",loading,,,,,1,TRUE,9500.000,9550.000,342.442841,342.492828,1920,1046,"ObjectSlot1-4",1,1,"video_relative_to_screen_recording_start",75.060127,267382.719,267432.719,1,75.060127,"1781613114174","../../../../../../Project/UE5/Gallery/Saved/ScreenRecordings/A037_v2_20260616_203154_screen.mkv",267382.719,267432.719,267407.719,"1781613381556","1781613381606","2026-06-16T20:36:21.555+08:00","2026-06-16T20:36:21.605+08:00",332.942841,EXP2,"exp2_table",2,2,"1:3|2:2|3:4|4:1"
"exp2_target_object","实验二当前目标模型_右脸","Exp2_002_exp2_target_object_0382","video_relative_to_recording_start",rectangle,343,338,886,847,,,,"A037","Exp2_002","E2_FIXED_PROGRESSIVE",loading,,,,,1,TRUE,9500.000,9550.000,342.442841,342.492828,1920,1046,"ObjectSlot2",1,0,"video_relative_to_screen_recording_start",75.060127,267382.719,267432.719,1,75.060127,"1781613114174","../../../../../../Project/UE5/Gallery/Saved/ScreenRecordings/A037_v2_20260616_203154_screen.mkv",267382.719,267432.719,267407.719,"1781613381556","1781613381606","2026-06-16T20:36:21.555+08:00","2026-06-16T20:36:21.605+08:00",332.942841,EXP2,"exp2_target",2,2,"1:3|2:2|3:4|4:1"
"exp2_table_objects","实验二桌面四模型总体区域","Exp2_002_exp2_table_objects_0383","video_relative_to_recording_start",rectangle,0,319,1919,1022,,,,"A037","Exp2_002","E2_FIXED_PROGRESSIVE",loading,,,,,1,TRUE,9550.000,9600.000,342.492828,342.542847,1920,1046,"ObjectSlot1-4",1,1,"video_relative_to_screen_recording_start",75.060127,267432.719,267482.719,1,75.060127,"1781613114174","../../../../../../Project/UE5/Gallery/Saved/ScreenRecordings/A037_v2_20260616_203154_screen.mkv",267432.719,267482.719,267457.719,"1781613381606","1781613381656","2026-06-16T20:36:21.605+08:00","2026-06-16T20:36:21.655+08:00",332.942841,EXP2,"exp2_table",2,2,"1:3|2:2|3:4|4:1"
"exp2_target_object","实验二当前目标模型_右脸","Exp2_002_exp2_target_object_0384","video_relative_to_recording_start",rectangle,343,338,886,847,,,,"A037","Exp2_002","E2_FIXED_PROGRESSIVE",loading,,,,,1,TRUE,9550.000,9600.000,342.492828,342.542847,1920,1046,"ObjectSlot2",1,0,"video_relative_to_screen_recording_start",75.060127,267432.719,267482.719,1,75.060127,"1781613114174","../../../../../../Project/UE5/Gallery/Saved/ScreenRecordings/A037_v2_20260616_203154_screen.mkv",267432.719,267482.719,267457.719,"1781613381606","1781613381656","2026-06-16T20:36:21.605+08:00","2026-06-16T20:36:21.655+08:00",332.942841,EXP2,"exp2_target",2,2,"1:3|2:2|3:4|4:1"
"exp2_table_objects","实验二桌面四模型总体区域","Exp2_002_exp2_table_objects_0385","video_relative_to_recording_start",rectangle,0,319,1919,1022,,,,"A037","Exp2_002","E2_FIXED_PROGRESSIVE",loading,,,,,1,TRUE,9600.000,9650.000,342.542847,342.592834,1920,1046,"ObjectSlot1-4",1,1,"video_relative_to_screen_recording_start",75.060127,267482.719,267532.719,1,75.060127,"1781613114174","../../../../../../Project/UE5/Gallery/Saved/ScreenRecordings/A037_v2_20260616_203154_screen.mkv",267482.719,267532.719,267507.719,"1781613381656","1781613381706","2026-06-16T20:36:21.655+08:00","2026-06-16T20:36:21.705+08:00",332.942841,EXP2,"exp2_table",2,2,"1:3|2:2|3:4|4:1"
"exp2_target_object","实验二当前目标模型_右脸","Exp2_002_exp2_target_object_0386","video_relative_to_recording_start",rectangle,343,338,886,847,,,,"A037","Exp2_002","E2_FIXED_PROGRESSIVE",loading,,,,,1,TRUE,9600.000,9650.000,342.542847,342.592834,1920,1046,"ObjectSlot2",1,0,"video_relative_to_screen_recording_start",75.060127,267482.719,267532.719,1,75.060127,"1781613114174","../../../../../../Project/UE5/Gallery/Saved/ScreenRecordings/A037_v2_20260616_203154_screen.mkv",267482.719,267532.719,267507.719,"1781613381656","1781613381706","2026-06-16T20:36:21.655+08:00","2026-06-16T20:36:21.705+08:00",332.942841,EXP2,"exp2_target",2,2,"1:3|2:2|3:4|4:1"
"exp2_table_objects","实验二桌面四模型总体区域","Exp2_002_exp2_table_objects_0387","video_relative_to_recording_start",rectangle,0,319,1919,1022,,,,"A037","Exp2_002","E2_FIXED_PROGRESSIVE",loading,,,,,1,TRUE,9650.000,9700.000,342.592834,342.642853,1920,1046,"ObjectSlot1-4",1,1,"video_relative_to_screen_recording_start",75.060127,267532.719,267582.719,1,75.060127,"1781613114174","../../../../../../Project/UE5/Gallery/Saved/ScreenRecordings/A037_v2_20260616_203154_screen.mkv",267532.719,267582.719,267557.719,"1781613381706","1781613381756","2026-06-16T20:36:21.705+08:00","2026-06-16T20:36:21.755+08:00",332.942841,EXP2,"exp2_table",2,2,"1:3|2:2|3:4|4:1"
"exp2_target_object","实验二当前目标模型_右脸","Exp2_002_exp2_target_object_0388","video_relative_to_recording_start",rectangle,343,338,886,847,,,,"A037","Exp2_002","E2_FIXED_PROGRESSIVE",loading,,,,,1,TRUE,9650.000,9700.000,342.592834,342.642853,1920,1046,"ObjectSlot2",1,0,"video_relative_to_screen_recording_start",75.060127,267532.719,267582.719,1,75.060127,"1781613114174","../../../../../../Project/UE5/Gallery/Saved/ScreenRecordings/A037_v2_20260616_203154_screen.mkv",267532.719,267582.719,267557.719,"1781613381706","1781613381756","2026-06-16T20:36:21.705+08:00","2026-06-16T20:36:21.755+08:00",332.942841,EXP2,"exp2_target",2,2,"1:3|2:2|3:4|4:1"
"exp2_table_objects","实验二桌面四模型总体区域","Exp2_002_exp2_table_objects_0389","video_relative_to_recording_start",rectangle,0,319,1919,1022,,,,"A037","Exp2_002","E2_FIXED_PROGRESSIVE",loading,,,,,1,TRUE,9700.000,9750.000,342.642853,342.692841,1920,1046,"ObjectSlot1-4",1,1,"video_relative_to_screen_recording_start",75.060127,267582.719,267632.719,1,75.060127,"1781613114174","../../../../../../Project/UE5/Gallery/Saved/ScreenRecordings/A037_v2_20260616_203154_screen.mkv",267582.719,267632.719,267607.719,"1781613381756","1781613381806","2026-06-16T20:36:21.755+08:00","2026-06-16T20:36:21.805+08:00",332.942841,EXP2,"exp2_table",2,2,"1:3|2:2|3:4|4:1"
"exp2_target_object","实验二当前目标模型_右脸","Exp2_002_exp2_target_object_0390","video_relative_to_recording_start",rectangle,343,338,886,847,,,,"A037","Exp2_002","E2_FIXED_PROGRESSIVE",loading,,,,,1,TRUE,9700.000,9750.000,342.642853,342.692841,1920,1046,"ObjectSlot2",1,0,"video_relative_to_screen_recording_start",75.060127,267582.719,267632.719,1,75.060127,"1781613114174","../../../../../../Project/UE5/Gallery/Saved/ScreenRecordings/A037_v2_20260616_203154_screen.mkv",267582.719,267632.719,267607.719,"1781613381756","1781613381806","2026-06-16T20:36:21.755+08:00","2026-06-16T20:36:21.805+08:00",332.942841,EXP2,"exp2_target",2,2,"1:3|2:2|3:4|4:1"
"exp2_table_objects","实验二桌面四模型总体区域","Exp2_002_exp2_table_objects_0391","video_relative_to_recording_start",rectangle,0,319,1919,1022,,,,"A037","Exp2_002","E2_FIXED_PROGRESSIVE",loading,,,,,1,TRUE,9750.000,9800.000,342.692841,342.742828,1920,1046,"ObjectSlot1-4",1,1,"video_relative_to_screen_recording_start",75.060127,267632.719,267682.719,1,75.060127,"1781613114174","../../../../../../Project/UE5/Gallery/Saved/ScreenRecordings/A037_v2_20260616_203154_screen.mkv",267632.719,267682.719,267657.719,"1781613381806","1781613381856","2026-06-16T20:36:21.805+08:00","2026-06-16T20:36:21.855+08:00",332.942841,EXP2,"exp2_table",2,2,"1:3|2:2|3:4|4:1"
"exp2_target_object","实验二当前目标模型_右脸","Exp2_002_exp2_target_object_0392","video_relative_to_recording_start",rectangle,343,338,886,847,,,,"A037","Exp2_002","E2_FIXED_PROGRESSIVE",loading,,,,,1,TRUE,9750.000,9800.000,342.692841,342.742828,1920,1046,"ObjectSlot2",1,0,"video_relative_to_screen_recording_start",75.060127,267632.719,267682.719,1,75.060127,"1781613114174","../../../../../../Project/UE5/Gallery/Saved/ScreenRecordings/A037_v2_20260616_203154_screen.mkv",267632.719,267682.719,267657.719,"1781613381806","1781613381856","2026-06-16T20:36:21.805+08:00","2026-06-16T20:36:21.855+08:00",332.942841,EXP2,"exp2_target",2,2,"1:3|2:2|3:4|4:1"
"exp2_table_objects","实验二桌面四模型总体区域","Exp2_002_exp2_table_objects_0393","video_relative_to_recording_start",rectangle,0,319,1919,1022,,,,"A037","Exp2_002","E2_FIXED_PROGRESSIVE",loading,,,,,1,TRUE,9800.000,9850.000,342.742828,342.792847,1920,1046,"ObjectSlot1-4",1,1,"video_relative_to_screen_recording_start",75.060127,267682.719,267732.719,1,75.060127,"1781613114174","../../../../../../Project/UE5/Gallery/Saved/ScreenRecordings/A037_v2_20260616_203154_screen.mkv",267682.719,267732.719,267707.719,"1781613381856","1781613381906","2026-06-16T20:36:21.855+08:00","2026-06-16T20:36:21.905+08:00",332.942841,EXP2,"exp2_table",2,2,"1:3|2:2|3:4|4:1"
"exp2_target_object","实验二当前目标模型_右脸","Exp2_002_exp2_target_object_0394","video_relative_to_recording_start",rectangle,343,338,886,847,,,,"A037","Exp2_002","E2_FIXED_PROGRESSIVE",loading,,,,,1,TRUE,9800.000,9850.000,342.742828,342.792847,1920,1046,"ObjectSlot2",1,0,"video_relative_to_screen_recording_start",75.060127,267682.719,267732.719,1,75.060127,"1781613114174","../../../../../../Project/UE5/Gallery/Saved/ScreenRecordings/A037_v2_20260616_203154_screen.mkv",267682.719,267732.719,267707.719,"1781613381856","1781613381906","2026-06-16T20:36:21.855+08:00","2026-06-16T20:36:21.905+08:00",332.942841,EXP2,"exp2_target",2,2,"1:3|2:2|3:4|4:1"
"exp2_table_objects","实验二桌面四模型总体区域","Exp2_002_exp2_table_objects_0395","video_relative_to_recording_start",rectangle,0,319,1919,1022,,,,"A037","Exp2_002","E2_FIXED_PROGRESSIVE",loading,,,,,1,TRUE,9850.000,9900.000,342.792847,342.842834,1920,1046,"ObjectSlot1-4",1,1,"video_relative_to_screen_recording_start",75.060127,267732.719,267782.719,1,75.060127,"1781613114174","../../../../../../Project/UE5/Gallery/Saved/ScreenRecordings/A037_v2_20260616_203154_screen.mkv",267732.719,267782.719,267757.719,"1781613381906","1781613381956","2026-06-16T20:36:21.905+08:00","2026-06-16T20:36:21.955+08:00",332.942841,EXP2,"exp2_table",2,2,"1:3|2:2|3:4|4:1"
"exp2_target_object","实验二当前目标模型_右脸","Exp2_002_exp2_target_object_0396","video_relative_to_recording_start",rectangle,343,338,886,847,,,,"A037","Exp2_002","E2_FIXED_PROGRESSIVE",loading,,,,,1,TRUE,9850.000,9900.000,342.792847,342.842834,1920,1046,"ObjectSlot2",1,0,"video_relative_to_screen_recording_start",75.060127,267732.719,267782.719,1,75.060127,"1781613114174","../../../../../../Project/UE5/Gallery/Saved/ScreenRecordings/A037_v2_20260616_203154_screen.mkv",267732.719,267782.719,267757.719,"1781613381906","1781613381956","2026-06-16T20:36:21.905+08:00","2026-06-16T20:36:21.955+08:00",332.942841,EXP2,"exp2_target",2,2,"1:3|2:2|3:4|4:1"
"exp2_table_objects","实验二桌面四模型总体区域","Exp2_002_exp2_table_objects_0397","video_relative_to_recording_start",rectangle,0,319,1919,1022,,,,"A037","Exp2_002","E2_FIXED_PROGRESSIVE",loading,,,,,1,TRUE,9900.000,9950.000,342.842834,342.892853,1920,1046,"ObjectSlot1-4",1,1,"video_relative_to_screen_recording_start",75.060127,267782.719,267832.719,1,75.060127,"1781613114174","../../../../../../Project/UE5/Gallery/Saved/ScreenRecordings/A037_v2_20260616_203154_screen.mkv",267782.719,267832.719,267807.719,"1781613381956","1781613382006","2026-06-16T20:36:21.955+08:00","2026-06-16T20:36:22.005+08:00",332.942841,EXP2,"exp2_table",2,2,"1:3|2:2|3:4|4:1"
"exp2_target_object","实验二当前目标模型_右脸","Exp2_002_exp2_target_object_0398","video_relative_to_recording_start",rectangle,343,338,886,847,,,,"A037","Exp2_002","E2_FIXED_PROGRESSIVE",loading,,,,,1,TRUE,9900.000,9950.000,342.842834,342.892853,1920,1046,"ObjectSlot2",1,0,"video_relative_to_screen_recording_start",75.060127,267782.719,267832.719,1,75.060127,"1781613114174","../../../../../../Project/UE5/Gallery/Saved/ScreenRecordings/A037_v2_20260616_203154_screen.mkv",267782.719,267832.719,267807.719,"1781613381956","1781613382006","2026-06-16T20:36:21.955+08:00","2026-06-16T20:36:22.005+08:00",332.942841,EXP2,"exp2_target",2,2,"1:3|2:2|3:4|4:1"
"exp2_table_objects","实验二桌面四模型总体区域","Exp2_002_exp2_table_objects_0399","video_relative_to_recording_start",rectangle,0,319,1919,1022,,,,"A037","Exp2_002","E2_FIXED_PROGRESSIVE",loading,,,,,1,TRUE,9950.000,10000.000,342.892853,342.942841,1920,1046,"ObjectSlot1-4",1,1,"video_relative_to_screen_recording_start",75.060127,267832.719,267882.719,1,75.060127,"1781613114174","../../../../../../Project/UE5/Gallery/Saved/ScreenRecordings/A037_v2_20260616_203154_screen.mkv",267832.719,267882.719,267857.719,"1781613382006","1781613382056","2026-06-16T20:36:22.005+08:00","2026-06-16T20:36:22.055+08:00",332.942841,EXP2,"exp2_table",2,2,"1:3|2:2|3:4|4:1"
"exp2_target_object","实验二当前目标模型_右脸","Exp2_002_exp2_target_object_0400","video_relative_to_recording_start",rectangle,343,338,886,847,,,,"A037","Exp2_002","E2_FIXED_PROGRESSIVE",loading,,,,,1,TRUE,9950.000,10000.000,342.892853,342.942841,1920,1046,"ObjectSlot2",1,0,"video_relative_to_screen_recording_start",75.060127,267832.719,267882.719,1,75.060127,"1781613114174","../../../../../../Project/UE5/Gallery/Saved/ScreenRecordings/A037_v2_20260616_203154_screen.mkv",267832.719,267882.719,267857.719,"1781613382006","1781613382056","2026-06-16T20:36:22.005+08:00","2026-06-16T20:36:22.055+08:00",332.942841,EXP2,"exp2_target",2,2,"1:3|2:2|3:4|4:1"
"exp2_table_objects","实验二桌面四模型总体区域","Exp2_002_exp2_table_objects_0401","video_relative_to_recording_start",rectangle,0,319,1919,1022,,,,"A037","Exp2_002","E2_FIXED_PROGRESSIVE",loading,,,,,1,TRUE,10000.000,10050.000,342.942841,342.992828,1920,1046,"ObjectSlot1-4",1,1,"video_relative_to_screen_recording_start",75.060127,267882.719,267932.719,1,75.060127,"1781613114174","../../../../../../Project/UE5/Gallery/Saved/ScreenRecordings/A037_v2_20260616_203154_screen.mkv",267882.719,267932.719,267907.719,"1781613382056","1781613382106","2026-06-16T20:36:22.055+08:00","2026-06-16T20:36:22.105+08:00",332.942841,EXP2,"exp2_table",2,2,"1:3|2:2|3:4|4:1"
"exp2_target_object","实验二当前目标模型_右脸","Exp2_002_exp2_target_object_0402","video_relative_to_recording_start",rectangle,343,338,886,847,,,,"A037","Exp2_002","E2_FIXED_PROGRESSIVE",loading,,,,,1,TRUE,10000.000,10050.000,342.942841,342.992828,1920,1046,"ObjectSlot2",1,0,"video_relative_to_screen_recording_start",75.060127,267882.719,267932.719,1,75.060127,"1781613114174","../../../../../../Project/UE5/Gallery/Saved/ScreenRecordings/A037_v2_20260616_203154_screen.mkv",267882.719,267932.719,267907.719,"1781613382056","1781613382106","2026-06-16T20:36:22.055+08:00","2026-06-16T20:36:22.105+08:00",332.942841,EXP2,"exp2_target",2,2,"1:3|2:2|3:4|4:1"
"exp2_table_objects","实验二桌面四模型总体区域","Exp2_002_exp2_table_objects_0403","video_relative_to_recording_start",rectangle,0,319,1919,1022,,,,"A037","Exp2_002","E2_FIXED_PROGRESSIVE",loading,,,,,1,TRUE,10050.000,10100.000,342.992828,343.042847,1920,1046,"ObjectSlot1-4",1,1,"video_relative_to_screen_recording_start",75.060127,267932.719,267982.719,1,75.060127,"1781613114174","../../../../../../Project/UE5/Gallery/Saved/ScreenRecordings/A037_v2_20260616_203154_screen.mkv",267932.719,267982.719,267957.719,"1781613382106","1781613382156","2026-06-16T20:36:22.105+08:00","2026-06-16T20:36:22.155+08:00",332.942841,EXP2,"exp2_table",2,2,"1:3|2:2|3:4|4:1"
"exp2_target_object","实验二当前目标模型_右脸","Exp2_002_exp2_target_object_0404","video_relative_to_recording_start",rectangle,343,338,886,847,,,,"A037","Exp2_002","E2_FIXED_PROGRESSIVE",loading,,,,,1,TRUE,10050.000,10100.000,342.992828,343.042847,1920,1046,"ObjectSlot2",1,0,"video_relative_to_screen_recording_start",75.060127,267932.719,267982.719,1,75.060127,"1781613114174","../../../../../../Project/UE5/Gallery/Saved/ScreenRecordings/A037_v2_20260616_203154_screen.mkv",267932.719,267982.719,267957.719,"1781613382106","1781613382156","2026-06-16T20:36:22.105+08:00","2026-06-16T20:36:22.155+08:00",332.942841,EXP2,"exp2_target",2,2,"1:3|2:2|3:4|4:1"
"exp2_table_objects","实验二桌面四模型总体区域","Exp2_002_exp2_table_objects_0405","video_relative_to_recording_start",rectangle,0,319,1919,1022,,,,"A037","Exp2_002","E2_FIXED_PROGRESSIVE",loading,,,,,1,TRUE,10100.000,10150.000,343.042847,343.092834,1920,1046,"ObjectSlot1-4",1,1,"video_relative_to_screen_recording_start",75.060127,267982.719,268032.719,1,75.060127,"1781613114174","../../../../../../Project/UE5/Gallery/Saved/ScreenRecordings/A037_v2_20260616_203154_screen.mkv",267982.719,268032.719,268007.719,"1781613382156","1781613382206","2026-06-16T20:36:22.155+08:00","2026-06-16T20:36:22.205+08:00",332.942841,EXP2,"exp2_table",2,2,"1:3|2:2|3:4|4:1"
"exp2_target_object","实验二当前目标模型_右脸","Exp2_002_exp2_target_object_0406","video_relative_to_recording_start",rectangle,343,338,886,847,,,,"A037","Exp2_002","E2_FIXED_PROGRESSIVE",loading,,,,,1,TRUE,10100.000,10150.000,343.042847,343.092834,1920,1046,"ObjectSlot2",1,0,"video_relative_to_screen_recording_start",75.060127,267982.719,268032.719,1,75.060127,"1781613114174","../../../../../../Project/UE5/Gallery/Saved/ScreenRecordings/A037_v2_20260616_203154_screen.mkv",267982.719,268032.719,268007.719,"1781613382156","1781613382206","2026-06-16T20:36:22.155+08:00","2026-06-16T20:36:22.205+08:00",332.942841,EXP2,"exp2_target",2,2,"1:3|2:2|3:4|4:1"
"exp2_table_objects","实验二桌面四模型总体区域","Exp2_002_exp2_table_objects_0407","video_relative_to_recording_start",rectangle,0,319,1919,1022,,,,"A037","Exp2_002","E2_FIXED_PROGRESSIVE",loading,,,,,1,TRUE,10150.000,10200.000,343.092834,343.142853,1920,1046,"ObjectSlot1-4",1,1,"video_relative_to_screen_recording_start",75.060127,268032.719,268082.719,1,75.060127,"1781613114174","../../../../../../Project/UE5/Gallery/Saved/ScreenRecordings/A037_v2_20260616_203154_screen.mkv",268032.719,268082.719,268057.719,"1781613382206","1781613382256","2026-06-16T20:36:22.205+08:00","2026-06-16T20:36:22.255+08:00",332.942841,EXP2,"exp2_table",2,2,"1:3|2:2|3:4|4:1"
"exp2_target_object","实验二当前目标模型_右脸","Exp2_002_exp2_target_object_0408","video_relative_to_recording_start",rectangle,343,338,886,847,,,,"A037","Exp2_002","E2_FIXED_PROGRESSIVE",loading,,,,,1,TRUE,10150.000,10200.000,343.092834,343.142853,1920,1046,"ObjectSlot2",1,0,"video_relative_to_screen_recording_start",75.060127,268032.719,268082.719,1,75.060127,"1781613114174","../../../../../../Project/UE5/Gallery/Saved/ScreenRecordings/A037_v2_20260616_203154_screen.mkv",268032.719,268082.719,268057.719,"1781613382206","1781613382256","2026-06-16T20:36:22.205+08:00","2026-06-16T20:36:22.255+08:00",332.942841,EXP2,"exp2_target",2,2,"1:3|2:2|3:4|4:1"
"exp2_table_objects","实验二桌面四模型总体区域","Exp2_002_exp2_table_objects_0409","video_relative_to_recording_start",rectangle,0,319,1919,1022,,,,"A037","Exp2_002","E2_FIXED_PROGRESSIVE",loading,,,,,1,TRUE,10200.000,10250.000,343.142853,343.192841,1920,1046,"ObjectSlot1-4",1,1,"video_relative_to_screen_recording_start",75.060127,268082.719,268132.719,1,75.060127,"1781613114174","../../../../../../Project/UE5/Gallery/Saved/ScreenRecordings/A037_v2_20260616_203154_screen.mkv",268082.719,268132.719,268107.719,"1781613382256","1781613382306","2026-06-16T20:36:22.255+08:00","2026-06-16T20:36:22.305+08:00",332.942841,EXP2,"exp2_table",2,2,"1:3|2:2|3:4|4:1"
"exp2_target_object","实验二当前目标模型_右脸","Exp2_002_exp2_target_object_0410","video_relative_to_recording_start",rectangle,343,338,886,847,,,,"A037","Exp2_002","E2_FIXED_PROGRESSIVE",loading,,,,,1,TRUE,10200.000,10250.000,343.142853,343.192841,1920,1046,"ObjectSlot2",1,0,"video_relative_to_screen_recording_start",75.060127,268082.719,268132.719,1,75.060127,"1781613114174","../../../../../../Project/UE5/Gallery/Saved/ScreenRecordings/A037_v2_20260616_203154_screen.mkv",268082.719,268132.719,268107.719,"1781613382256","1781613382306","2026-06-16T20:36:22.255+08:00","2026-06-16T20:36:22.305+08:00",332.942841,EXP2,"exp2_target",2,2,"1:3|2:2|3:4|4:1"
"exp2_table_objects","实验二桌面四模型总体区域","Exp2_002_exp2_table_objects_0411","video_relative_to_recording_start",rectangle,0,319,1919,1022,,,,"A037","Exp2_002","E2_FIXED_PROGRESSIVE",loading,,,,,1,TRUE,10250.000,10300.000,343.192841,343.242828,1920,1046,"ObjectSlot1-4",1,1,"video_relative_to_screen_recording_start",75.060127,268132.719,268182.719,1,75.060127,"1781613114174","../../../../../../Project/UE5/Gallery/Saved/ScreenRecordings/A037_v2_20260616_203154_screen.mkv",268132.719,268182.719,268157.719,"1781613382306","1781613382356","2026-06-16T20:36:22.305+08:00","2026-06-16T20:36:22.355+08:00",332.942841,EXP2,"exp2_table",2,2,"1:3|2:2|3:4|4:1"
"exp2_target_object","实验二当前目标模型_右脸","Exp2_002_exp2_target_object_0412","video_relative_to_recording_start",rectangle,343,338,886,847,,,,"A037","Exp2_002","E2_FIXED_PROGRESSIVE",loading,,,,,1,TRUE,10250.000,10300.000,343.192841,343.242828,1920,1046,"ObjectSlot2",1,0,"video_relative_to_screen_recording_start",75.060127,268132.719,268182.719,1,75.060127,"1781613114174","../../../../../../Project/UE5/Gallery/Saved/ScreenRecordings/A037_v2_20260616_203154_screen.mkv",268132.719,268182.719,268157.719,"1781613382306","1781613382356","2026-06-16T20:36:22.305+08:00","2026-06-16T20:36:22.355+08:00",332.942841,EXP2,"exp2_target",2,2,"1:3|2:2|3:4|4:1"
"exp2_table_objects","实验二桌面四模型总体区域","Exp2_002_exp2_table_objects_0413","video_relative_to_recording_start",rectangle,0,319,1919,1022,,,,"A037","Exp2_002","E2_FIXED_PROGRESSIVE",loading,,,,,1,TRUE,10300.000,10350.000,343.242828,343.292847,1920,1046,"ObjectSlot1-4",1,1,"video_relative_to_screen_recording_start",75.060127,268182.719,268232.719,1,75.060127,"1781613114174","../../../../../../Project/UE5/Gallery/Saved/ScreenRecordings/A037_v2_20260616_203154_screen.mkv",268182.719,268232.719,268207.719,"1781613382356","1781613382406","2026-06-16T20:36:22.355+08:00","2026-06-16T20:36:22.405+08:00",332.942841,EXP2,"exp2_table",2,2,"1:3|2:2|3:4|4:1"
"exp2_target_object","实验二当前目标模型_右脸","Exp2_002_exp2_target_object_0414","video_relative_to_recording_start",rectangle,343,338,886,847,,,,"A037","Exp2_002","E2_FIXED_PROGRESSIVE",loading,,,,,1,TRUE,10300.000,10350.000,343.242828,343.292847,1920,1046,"ObjectSlot2",1,0,"video_relative_to_screen_recording_start",75.060127,268182.719,268232.719,1,75.060127,"1781613114174","../../../../../../Project/UE5/Gallery/Saved/ScreenRecordings/A037_v2_20260616_203154_screen.mkv",268182.719,268232.719,268207.719,"1781613382356","1781613382406","2026-06-16T20:36:22.355+08:00","2026-06-16T20:36:22.405+08:00",332.942841,EXP2,"exp2_target",2,2,"1:3|2:2|3:4|4:1"
"exp2_table_objects","实验二桌面四模型总体区域","Exp2_002_exp2_table_objects_0415","video_relative_to_recording_start",rectangle,0,319,1919,1022,,,,"A037","Exp2_002","E2_FIXED_PROGRESSIVE",loading,,,,,1,TRUE,10350.000,10400.000,343.292847,343.342834,1920,1046,"ObjectSlot1-4",1,1,"video_relative_to_screen_recording_start",75.060127,268232.719,268282.719,1,75.060127,"1781613114174","../../../../../../Project/UE5/Gallery/Saved/ScreenRecordings/A037_v2_20260616_203154_screen.mkv",268232.719,268282.719,268257.719,"1781613382406","1781613382456","2026-06-16T20:36:22.405+08:00","2026-06-16T20:36:22.455+08:00",332.942841,EXP2,"exp2_table",2,2,"1:3|2:2|3:4|4:1"
"exp2_target_object","实验二当前目标模型_右脸","Exp2_002_exp2_target_object_0416","video_relative_to_recording_start",rectangle,343,338,886,847,,,,"A037","Exp2_002","E2_FIXED_PROGRESSIVE",loading,,,,,1,TRUE,10350.000,10400.000,343.292847,343.342834,1920,1046,"ObjectSlot2",1,0,"video_relative_to_screen_recording_start",75.060127,268232.719,268282.719,1,75.060127,"1781613114174","../../../../../../Project/UE5/Gallery/Saved/ScreenRecordings/A037_v2_20260616_203154_screen.mkv",268232.719,268282.719,268257.719,"1781613382406","1781613382456","2026-06-16T20:36:22.405+08:00","2026-06-16T20:36:22.455+08:00",332.942841,EXP2,"exp2_target",2,2,"1:3|2:2|3:4|4:1"
"exp2_table_objects","实验二桌面四模型总体区域","Exp2_002_exp2_table_objects_0417","video_relative_to_recording_start",rectangle,0,319,1919,1022,,,,"A037","Exp2_002","E2_FIXED_PROGRESSIVE",loading,,,,,1,TRUE,10400.000,10450.000,343.342834,343.392853,1920,1046,"ObjectSlot1-4",1,1,"video_relative_to_screen_recording_start",75.060127,268282.719,268332.719,1,75.060127,"1781613114174","../../../../../../Project/UE5/Gallery/Saved/ScreenRecordings/A037_v2_20260616_203154_screen.mkv",268282.719,268332.719,268307.719,"1781613382456","1781613382506","2026-06-16T20:36:22.455+08:00","2026-06-16T20:36:22.505+08:00",332.942841,EXP2,"exp2_table",2,2,"1:3|2:2|3:4|4:1"
"exp2_target_object","实验二当前目标模型_右脸","Exp2_002_exp2_target_object_0418","video_relative_to_recording_start",rectangle,343,338,886,847,,,,"A037","Exp2_002","E2_FIXED_PROGRESSIVE",loading,,,,,1,TRUE,10400.000,10450.000,343.342834,343.392853,1920,1046,"ObjectSlot2",1,0,"video_relative_to_screen_recording_start",75.060127,268282.719,268332.719,1,75.060127,"1781613114174","../../../../../../Project/UE5/Gallery/Saved/ScreenRecordings/A037_v2_20260616_203154_screen.mkv",268282.719,268332.719,268307.719,"1781613382456","1781613382506","2026-06-16T20:36:22.455+08:00","2026-06-16T20:36:22.505+08:00",332.942841,EXP2,"exp2_target",2,2,"1:3|2:2|3:4|4:1"
"exp2_table_objects","实验二桌面四模型总体区域","Exp2_002_exp2_table_objects_0419","video_relative_to_recording_start",rectangle,0,319,1919,1022,,,,"A037","Exp2_002","E2_FIXED_PROGRESSIVE",loading,,,,,1,TRUE,10450.000,10500.000,343.392853,343.442841,1920,1046,"ObjectSlot1-4",1,1,"video_relative_to_screen_recording_start",75.060127,268332.719,268382.719,1,75.060127,"1781613114174","../../../../../../Project/UE5/Gallery/Saved/ScreenRecordings/A037_v2_20260616_203154_screen.mkv",268332.719,268382.719,268357.719,"1781613382506","1781613382556","2026-06-16T20:36:22.505+08:00","2026-06-16T20:36:22.555+08:00",332.942841,EXP2,"exp2_table",2,2,"1:3|2:2|3:4|4:1"
"exp2_target_object","实验二当前目标模型_右脸","Exp2_002_exp2_target_object_0420","video_relative_to_recording_start",rectangle,343,338,886,847,,,,"A037","Exp2_002","E2_FIXED_PROGRESSIVE",loading,,,,,1,TRUE,10450.000,10500.000,343.392853,343.442841,1920,1046,"ObjectSlot2",1,0,"video_relative_to_screen_recording_start",75.060127,268332.719,268382.719,1,75.060127,"1781613114174","../../../../../../Project/UE5/Gallery/Saved/ScreenRecordings/A037_v2_20260616_203154_screen.mkv",268332.719,268382.719,268357.719,"1781613382506","1781613382556","2026-06-16T20:36:22.505+08:00","2026-06-16T20:36:22.555+08:00",332.942841,EXP2,"exp2_target",2,2,"1:3|2:2|3:4|4:1"
"exp2_table_objects","实验二桌面四模型总体区域","Exp2_002_exp2_table_objects_0421","video_relative_to_recording_start",rectangle,0,319,1919,1022,,,,"A037","Exp2_002","E2_FIXED_PROGRESSIVE",loading,,,,,1,TRUE,10500.000,10550.000,343.442841,343.492828,1920,1046,"ObjectSlot1-4",1,1,"video_relative_to_screen_recording_start",75.060127,268382.719,268432.719,1,75.060127,"1781613114174","../../../../../../Project/UE5/Gallery/Saved/ScreenRecordings/A037_v2_20260616_203154_screen.mkv",268382.719,268432.719,268407.719,"1781613382556","1781613382606","2026-06-16T20:36:22.555+08:00","2026-06-16T20:36:22.605+08:00",332.942841,EXP2,"exp2_table",2,2,"1:3|2:2|3:4|4:1"
"exp2_target_object","实验二当前目标模型_右脸","Exp2_002_exp2_target_object_0422","video_relative_to_recording_start",rectangle,343,338,886,847,,,,"A037","Exp2_002","E2_FIXED_PROGRESSIVE",loading,,,,,1,TRUE,10500.000,10550.000,343.442841,343.492828,1920,1046,"ObjectSlot2",1,0,"video_relative_to_screen_recording_start",75.060127,268382.719,268432.719,1,75.060127,"1781613114174","../../../../../../Project/UE5/Gallery/Saved/ScreenRecordings/A037_v2_20260616_203154_screen.mkv",268382.719,268432.719,268407.719,"1781613382556","1781613382606","2026-06-16T20:36:22.555+08:00","2026-06-16T20:36:22.605+08:00",332.942841,EXP2,"exp2_target",2,2,"1:3|2:2|3:4|4:1"
"exp2_table_objects","实验二桌面四模型总体区域","Exp2_002_exp2_table_objects_0423","video_relative_to_recording_start",rectangle,0,319,1919,1022,,,,"A037","Exp2_002","E2_FIXED_PROGRESSIVE",loading,,,,,1,TRUE,10550.000,10600.000,343.492828,343.542847,1920,1046,"ObjectSlot1-4",1,1,"video_relative_to_screen_recording_start",75.060127,268432.719,268482.719,1,75.060127,"1781613114174","../../../../../../Project/UE5/Gallery/Saved/ScreenRecordings/A037_v2_20260616_203154_screen.mkv",268432.719,268482.719,268457.719,"1781613382606","1781613382656","2026-06-16T20:36:22.605+08:00","2026-06-16T20:36:22.655+08:00",332.942841,EXP2,"exp2_table",2,2,"1:3|2:2|3:4|4:1"
"exp2_target_object","实验二当前目标模型_右脸","Exp2_002_exp2_target_object_0424","video_relative_to_recording_start",rectangle,343,338,886,847,,,,"A037","Exp2_002","E2_FIXED_PROGRESSIVE",loading,,,,,1,TRUE,10550.000,10600.000,343.492828,343.542847,1920,1046,"ObjectSlot2",1,0,"video_relative_to_screen_recording_start",75.060127,268432.719,268482.719,1,75.060127,"1781613114174","../../../../../../Project/UE5/Gallery/Saved/ScreenRecordings/A037_v2_20260616_203154_screen.mkv",268432.719,268482.719,268457.719,"1781613382606","1781613382656","2026-06-16T20:36:22.605+08:00","2026-06-16T20:36:22.655+08:00",332.942841,EXP2,"exp2_target",2,2,"1:3|2:2|3:4|4:1"
"exp2_table_objects","实验二桌面四模型总体区域","Exp2_002_exp2_table_objects_0425","video_relative_to_recording_start",rectangle,0,319,1919,1022,,,,"A037","Exp2_002","E2_FIXED_PROGRESSIVE",loading,,,,,1,TRUE,10600.000,10650.000,343.542847,343.592834,1920,1046,"ObjectSlot1-4",1,1,"video_relative_to_screen_recording_start",75.060127,268482.719,268532.719,1,75.060127,"1781613114174","../../../../../../Project/UE5/Gallery/Saved/ScreenRecordings/A037_v2_20260616_203154_screen.mkv",268482.719,268532.719,268507.719,"1781613382656","1781613382706","2026-06-16T20:36:22.655+08:00","2026-06-16T20:36:22.705+08:00",332.942841,EXP2,"exp2_table",2,2,"1:3|2:2|3:4|4:1"
"exp2_target_object","实验二当前目标模型_右脸","Exp2_002_exp2_target_object_0426","video_relative_to_recording_start",rectangle,343,338,886,847,,,,"A037","Exp2_002","E2_FIXED_PROGRESSIVE",loading,,,,,1,TRUE,10600.000,10650.000,343.542847,343.592834,1920,1046,"ObjectSlot2",1,0,"video_relative_to_screen_recording_start",75.060127,268482.719,268532.719,1,75.060127,"1781613114174","../../../../../../Project/UE5/Gallery/Saved/ScreenRecordings/A037_v2_20260616_203154_screen.mkv",268482.719,268532.719,268507.719,"1781613382656","1781613382706","2026-06-16T20:36:22.655+08:00","2026-06-16T20:36:22.705+08:00",332.942841,EXP2,"exp2_target",2,2,"1:3|2:2|3:4|4:1"
"exp2_table_objects","实验二桌面四模型总体区域","Exp2_002_exp2_table_objects_0427","video_relative_to_recording_start",rectangle,0,319,1919,1022,,,,"A037","Exp2_002","E2_FIXED_PROGRESSIVE",loading,,,,,1,TRUE,10650.000,10700.000,343.592834,343.642853,1920,1046,"ObjectSlot1-4",1,1,"video_relative_to_screen_recording_start",75.060127,268532.719,268582.719,1,75.060127,"1781613114174","../../../../../../Project/UE5/Gallery/Saved/ScreenRecordings/A037_v2_20260616_203154_screen.mkv",268532.719,268582.719,268557.719,"1781613382706","1781613382756","2026-06-16T20:36:22.705+08:00","2026-06-16T20:36:22.755+08:00",332.942841,EXP2,"exp2_table",2,2,"1:3|2:2|3:4|4:1"
"exp2_target_object","实验二当前目标模型_右脸","Exp2_002_exp2_target_object_0428","video_relative_to_recording_start",rectangle,343,338,886,847,,,,"A037","Exp2_002","E2_FIXED_PROGRESSIVE",loading,,,,,1,TRUE,10650.000,10700.000,343.592834,343.642853,1920,1046,"ObjectSlot2",1,0,"video_relative_to_screen_recording_start",75.060127,268532.719,268582.719,1,75.060127,"1781613114174","../../../../../../Project/UE5/Gallery/Saved/ScreenRecordings/A037_v2_20260616_203154_screen.mkv",268532.719,268582.719,268557.719,"1781613382706","1781613382756","2026-06-16T20:36:22.705+08:00","2026-06-16T20:36:22.755+08:00",332.942841,EXP2,"exp2_target",2,2,"1:3|2:2|3:4|4:1"
"exp2_table_objects","实验二桌面四模型总体区域","Exp2_002_exp2_table_objects_0429","video_relative_to_recording_start",rectangle,0,319,1919,1022,,,,"A037","Exp2_002","E2_FIXED_PROGRESSIVE",loading,,,,,1,TRUE,10700.000,10750.000,343.642853,343.692841,1920,1046,"ObjectSlot1-4",1,1,"video_relative_to_screen_recording_start",75.060127,268582.719,268632.719,1,75.060127,"1781613114174","../../../../../../Project/UE5/Gallery/Saved/ScreenRecordings/A037_v2_20260616_203154_screen.mkv",268582.719,268632.719,268607.719,"1781613382756","1781613382806","2026-06-16T20:36:22.755+08:00","2026-06-16T20:36:22.805+08:00",332.942841,EXP2,"exp2_table",2,2,"1:3|2:2|3:4|4:1"
"exp2_target_object","实验二当前目标模型_右脸","Exp2_002_exp2_target_object_0430","video_relative_to_recording_start",rectangle,343,338,886,847,,,,"A037","Exp2_002","E2_FIXED_PROGRESSIVE",loading,,,,,1,TRUE,10700.000,10750.000,343.642853,343.692841,1920,1046,"ObjectSlot2",1,0,"video_relative_to_screen_recording_start",75.060127,268582.719,268632.719,1,75.060127,"1781613114174","../../../../../../Project/UE5/Gallery/Saved/ScreenRecordings/A037_v2_20260616_203154_screen.mkv",268582.719,268632.719,268607.719,"1781613382756","1781613382806","2026-06-16T20:36:22.755+08:00","2026-06-16T20:36:22.805+08:00",332.942841,EXP2,"exp2_target",2,2,"1:3|2:2|3:4|4:1"
"exp2_table_objects","实验二桌面四模型总体区域","Exp2_002_exp2_table_objects_0431","video_relative_to_recording_start",rectangle,0,319,1919,1022,,,,"A037","Exp2_002","E2_FIXED_PROGRESSIVE",loading,,,,,1,TRUE,10750.000,10800.000,343.692841,343.742828,1920,1046,"ObjectSlot1-4",1,1,"video_relative_to_screen_recording_start",75.060127,268632.719,268682.719,1,75.060127,"1781613114174","../../../../../../Project/UE5/Gallery/Saved/ScreenRecordings/A037_v2_20260616_203154_screen.mkv",268632.719,268682.719,268657.719,"1781613382806","1781613382856","2026-06-16T20:36:22.805+08:00","2026-06-16T20:36:22.855+08:00",332.942841,EXP2,"exp2_table",2,2,"1:3|2:2|3:4|4:1"
"exp2_target_object","实验二当前目标模型_右脸","Exp2_002_exp2_target_object_0432","video_relative_to_recording_start",rectangle,343,338,886,847,,,,"A037","Exp2_002","E2_FIXED_PROGRESSIVE",loading,,,,,1,TRUE,10750.000,10800.000,343.692841,343.742828,1920,1046,"ObjectSlot2",1,0,"video_relative_to_screen_recording_start",75.060127,268632.719,268682.719,1,75.060127,"1781613114174","../../../../../../Project/UE5/Gallery/Saved/ScreenRecordings/A037_v2_20260616_203154_screen.mkv",268632.719,268682.719,268657.719,"1781613382806","1781613382856","2026-06-16T20:36:22.805+08:00","2026-06-16T20:36:22.855+08:00",332.942841,EXP2,"exp2_target",2,2,"1:3|2:2|3:4|4:1"
"exp2_table_objects","实验二桌面四模型总体区域","Exp2_002_exp2_table_objects_0433","video_relative_to_recording_start",rectangle,0,319,1919,1022,,,,"A037","Exp2_002","E2_FIXED_PROGRESSIVE",loading,,,,,1,TRUE,10800.000,10850.000,343.742828,343.792847,1920,1046,"ObjectSlot1-4",1,1,"video_relative_to_screen_recording_start",75.060127,268682.719,268732.719,1,75.060127,"1781613114174","../../../../../../Project/UE5/Gallery/Saved/ScreenRecordings/A037_v2_20260616_203154_screen.mkv",268682.719,268732.719,268707.719,"1781613382856","1781613382906","2026-06-16T20:36:22.855+08:00","2026-06-16T20:36:22.905+08:00",332.942841,EXP2,"exp2_table",2,2,"1:3|2:2|3:4|4:1"
"exp2_target_object","实验二当前目标模型_右脸","Exp2_002_exp2_target_object_0434","video_relative_to_recording_start",rectangle,343,338,886,847,,,,"A037","Exp2_002","E2_FIXED_PROGRESSIVE",loading,,,,,1,TRUE,10800.000,10850.000,343.742828,343.792847,1920,1046,"ObjectSlot2",1,0,"video_relative_to_screen_recording_start",75.060127,268682.719,268732.719,1,75.060127,"1781613114174","../../../../../../Project/UE5/Gallery/Saved/ScreenRecordings/A037_v2_20260616_203154_screen.mkv",268682.719,268732.719,268707.719,"1781613382856","1781613382906","2026-06-16T20:36:22.855+08:00","2026-06-16T20:36:22.905+08:00",332.942841,EXP2,"exp2_target",2,2,"1:3|2:2|3:4|4:1"
"exp2_table_objects","实验二桌面四模型总体区域","Exp2_002_exp2_table_objects_0435","video_relative_to_recording_start",rectangle,0,319,1919,1022,,,,"A037","Exp2_002","E2_FIXED_PROGRESSIVE",loading,,,,,1,TRUE,10850.000,10900.000,343.792847,343.842834,1920,1046,"ObjectSlot1-4",1,1,"video_relative_to_screen_recording_start",75.060127,268732.719,268782.719,1,75.060127,"1781613114174","../../../../../../Project/UE5/Gallery/Saved/ScreenRecordings/A037_v2_20260616_203154_screen.mkv",268732.719,268782.719,268757.719,"1781613382906","1781613382956","2026-06-16T20:36:22.905+08:00","2026-06-16T20:36:22.955+08:00",332.942841,EXP2,"exp2_table",2,2,"1:3|2:2|3:4|4:1"
"exp2_target_object","实验二当前目标模型_右脸","Exp2_002_exp2_target_object_0436","video_relative_to_recording_start",rectangle,343,338,886,847,,,,"A037","Exp2_002","E2_FIXED_PROGRESSIVE",loading,,,,,1,TRUE,10850.000,10900.000,343.792847,343.842834,1920,1046,"ObjectSlot2",1,0,"video_relative_to_screen_recording_start",75.060127,268732.719,268782.719,1,75.060127,"1781613114174","../../../../../../Project/UE5/Gallery/Saved/ScreenRecordings/A037_v2_20260616_203154_screen.mkv",268732.719,268782.719,268757.719,"1781613382906","1781613382956","2026-06-16T20:36:22.905+08:00","2026-06-16T20:36:22.955+08:00",332.942841,EXP2,"exp2_target",2,2,"1:3|2:2|3:4|4:1"
"exp2_table_objects","实验二桌面四模型总体区域","Exp2_002_exp2_table_objects_0437","video_relative_to_recording_start",rectangle,0,319,1919,1022,,,,"A037","Exp2_002","E2_FIXED_PROGRESSIVE",loading,,,,,1,TRUE,10900.000,10950.000,343.842834,343.892853,1920,1046,"ObjectSlot1-4",1,1,"video_relative_to_screen_recording_start",75.060127,268782.719,268832.719,1,75.060127,"1781613114174","../../../../../../Project/UE5/Gallery/Saved/ScreenRecordings/A037_v2_20260616_203154_screen.mkv",268782.719,268832.719,268807.719,"1781613382956","1781613383006","2026-06-16T20:36:22.955+08:00","2026-06-16T20:36:23.005+08:00",332.942841,EXP2,"exp2_table",2,2,"1:3|2:2|3:4|4:1"
"exp2_target_object","实验二当前目标模型_右脸","Exp2_002_exp2_target_object_0438","video_relative_to_recording_start",rectangle,343,338,886,847,,,,"A037","Exp2_002","E2_FIXED_PROGRESSIVE",loading,,,,,1,TRUE,10900.000,10950.000,343.842834,343.892853,1920,1046,"ObjectSlot2",1,0,"video_relative_to_screen_recording_start",75.060127,268782.719,268832.719,1,75.060127,"1781613114174","../../../../../../Project/UE5/Gallery/Saved/ScreenRecordings/A037_v2_20260616_203154_screen.mkv",268782.719,268832.719,268807.719,"1781613382956","1781613383006","2026-06-16T20:36:22.955+08:00","2026-06-16T20:36:23.005+08:00",332.942841,EXP2,"exp2_target",2,2,"1:3|2:2|3:4|4:1"
"exp2_table_objects","实验二桌面四模型总体区域","Exp2_002_exp2_table_objects_0439","video_relative_to_recording_start",rectangle,0,319,1919,1022,,,,"A037","Exp2_002","E2_FIXED_PROGRESSIVE",loading,,,,,1,TRUE,10950.000,11000.000,343.892853,343.942841,1920,1046,"ObjectSlot1-4",1,1,"video_relative_to_screen_recording_start",75.060127,268832.719,268882.719,1,75.060127,"1781613114174","../../../../../../Project/UE5/Gallery/Saved/ScreenRecordings/A037_v2_20260616_203154_screen.mkv",268832.719,268882.719,268857.719,"1781613383006","1781613383056","2026-06-16T20:36:23.005+08:00","2026-06-16T20:36:23.055+08:00",332.942841,EXP2,"exp2_table",2,2,"1:3|2:2|3:4|4:1"
"exp2_target_object","实验二当前目标模型_右脸","Exp2_002_exp2_target_object_0440","video_relative_to_recording_start",rectangle,343,338,886,847,,,,"A037","Exp2_002","E2_FIXED_PROGRESSIVE",loading,,,,,1,TRUE,10950.000,11000.000,343.892853,343.942841,1920,1046,"ObjectSlot2",1,0,"video_relative_to_screen_recording_start",75.060127,268832.719,268882.719,1,75.060127,"1781613114174","../../../../../../Project/UE5/Gallery/Saved/ScreenRecordings/A037_v2_20260616_203154_screen.mkv",268832.719,268882.719,268857.719,"1781613383006","1781613383056","2026-06-16T20:36:23.005+08:00","2026-06-16T20:36:23.055+08:00",332.942841,EXP2,"exp2_target",2,2,"1:3|2:2|3:4|4:1"
"exp2_table_objects","实验二桌面四模型总体区域","Exp2_002_exp2_table_objects_0441","video_relative_to_recording_start",rectangle,0,319,1919,1022,,,,"A037","Exp2_002","E2_FIXED_PROGRESSIVE",loading,,,,,1,TRUE,11000.000,11050.000,343.942841,343.992828,1920,1046,"ObjectSlot1-4",1,1,"video_relative_to_screen_recording_start",75.060127,268882.719,268932.719,1,75.060127,"1781613114174","../../../../../../Project/UE5/Gallery/Saved/ScreenRecordings/A037_v2_20260616_203154_screen.mkv",268882.719,268932.719,268907.719,"1781613383056","1781613383106","2026-06-16T20:36:23.055+08:00","2026-06-16T20:36:23.105+08:00",332.942841,EXP2,"exp2_table",2,2,"1:3|2:2|3:4|4:1"
"exp2_target_object","实验二当前目标模型_右脸","Exp2_002_exp2_target_object_0442","video_relative_to_recording_start",rectangle,343,338,886,847,,,,"A037","Exp2_002","E2_FIXED_PROGRESSIVE",loading,,,,,1,TRUE,11000.000,11050.000,343.942841,343.992828,1920,1046,"ObjectSlot2",1,0,"video_relative_to_screen_recording_start",75.060127,268882.719,268932.719,1,75.060127,"1781613114174","../../../../../../Project/UE5/Gallery/Saved/ScreenRecordings/A037_v2_20260616_203154_screen.mkv",268882.719,268932.719,268907.719,"1781613383056","1781613383106","2026-06-16T20:36:23.055+08:00","2026-06-16T20:36:23.105+08:00",332.942841,EXP2,"exp2_target",2,2,"1:3|2:2|3:4|4:1"
"exp2_table_objects","实验二桌面四模型总体区域","Exp2_002_exp2_table_objects_0443","video_relative_to_recording_start",rectangle,0,319,1919,1022,,,,"A037","Exp2_002","E2_FIXED_PROGRESSIVE",loading,,,,,1,TRUE,11050.000,11100.000,343.992828,344.042847,1920,1046,"ObjectSlot1-4",1,1,"video_relative_to_screen_recording_start",75.060127,268932.719,268982.719,1,75.060127,"1781613114174","../../../../../../Project/UE5/Gallery/Saved/ScreenRecordings/A037_v2_20260616_203154_screen.mkv",268932.719,268982.719,268957.719,"1781613383106","1781613383156","2026-06-16T20:36:23.105+08:00","2026-06-16T20:36:23.155+08:00",332.942841,EXP2,"exp2_table",2,2,"1:3|2:2|3:4|4:1"
"exp2_target_object","实验二当前目标模型_右脸","Exp2_002_exp2_target_object_0444","video_relative_to_recording_start",rectangle,343,338,886,847,,,,"A037","Exp2_002","E2_FIXED_PROGRESSIVE",loading,,,,,1,TRUE,11050.000,11100.000,343.992828,344.042847,1920,1046,"ObjectSlot2",1,0,"video_relative_to_screen_recording_start",75.060127,268932.719,268982.719,1,75.060127,"1781613114174","../../../../../../Project/UE5/Gallery/Saved/ScreenRecordings/A037_v2_20260616_203154_screen.mkv",268932.719,268982.719,268957.719,"1781613383106","1781613383156","2026-06-16T20:36:23.105+08:00","2026-06-16T20:36:23.155+08:00",332.942841,EXP2,"exp2_target",2,2,"1:3|2:2|3:4|4:1"
"exp2_table_objects","实验二桌面四模型总体区域","Exp2_002_exp2_table_objects_0445","video_relative_to_recording_start",rectangle,0,319,1919,1022,,,,"A037","Exp2_002","E2_FIXED_PROGRESSIVE",loading,,,,,1,TRUE,11100.000,11150.000,344.042847,344.092834,1920,1046,"ObjectSlot1-4",1,1,"video_relative_to_screen_recording_start",75.060127,268982.719,269032.719,1,75.060127,"1781613114174","../../../../../../Project/UE5/Gallery/Saved/ScreenRecordings/A037_v2_20260616_203154_screen.mkv",268982.719,269032.719,269007.719,"1781613383156","1781613383206","2026-06-16T20:36:23.155+08:00","2026-06-16T20:36:23.205+08:00",332.942841,EXP2,"exp2_table",2,2,"1:3|2:2|3:4|4:1"
"exp2_target_object","实验二当前目标模型_右脸","Exp2_002_exp2_target_object_0446","video_relative_to_recording_start",rectangle,343,338,886,847,,,,"A037","Exp2_002","E2_FIXED_PROGRESSIVE",loading,,,,,1,TRUE,11100.000,11150.000,344.042847,344.092834,1920,1046,"ObjectSlot2",1,0,"video_relative_to_screen_recording_start",75.060127,268982.719,269032.719,1,75.060127,"1781613114174","../../../../../../Project/UE5/Gallery/Saved/ScreenRecordings/A037_v2_20260616_203154_screen.mkv",268982.719,269032.719,269007.719,"1781613383156","1781613383206","2026-06-16T20:36:23.155+08:00","2026-06-16T20:36:23.205+08:00",332.942841,EXP2,"exp2_target",2,2,"1:3|2:2|3:4|4:1"
"exp2_table_objects","实验二桌面四模型总体区域","Exp2_002_exp2_table_objects_0447","video_relative_to_recording_start",rectangle,0,319,1919,1022,,,,"A037","Exp2_002","E2_FIXED_PROGRESSIVE",loading,,,,,1,TRUE,11150.000,11200.000,344.092834,344.142853,1920,1046,"ObjectSlot1-4",1,1,"video_relative_to_screen_recording_start",75.060127,269032.719,269082.719,1,75.060127,"1781613114174","../../../../../../Project/UE5/Gallery/Saved/ScreenRecordings/A037_v2_20260616_203154_screen.mkv",269032.719,269082.719,269057.719,"1781613383206","1781613383256","2026-06-16T20:36:23.205+08:00","2026-06-16T20:36:23.255+08:00",332.942841,EXP2,"exp2_table",2,2,"1:3|2:2|3:4|4:1"
"exp2_target_object","实验二当前目标模型_右脸","Exp2_002_exp2_target_object_0448","video_relative_to_recording_start",rectangle,343,338,886,847,,,,"A037","Exp2_002","E2_FIXED_PROGRESSIVE",loading,,,,,1,TRUE,11150.000,11200.000,344.092834,344.142853,1920,1046,"ObjectSlot2",1,0,"video_relative_to_screen_recording_start",75.060127,269032.719,269082.719,1,75.060127,"1781613114174","../../../../../../Project/UE5/Gallery/Saved/ScreenRecordings/A037_v2_20260616_203154_screen.mkv",269032.719,269082.719,269057.719,"1781613383206","1781613383256","2026-06-16T20:36:23.205+08:00","2026-06-16T20:36:23.255+08:00",332.942841,EXP2,"exp2_target",2,2,"1:3|2:2|3:4|4:1"
"exp2_table_objects","实验二桌面四模型总体区域","Exp2_002_exp2_table_objects_0449","video_relative_to_recording_start",rectangle,0,319,1919,1022,,,,"A037","Exp2_002","E2_FIXED_PROGRESSIVE",loading,,,,,1,TRUE,11200.000,11250.000,344.142853,344.192841,1920,1046,"ObjectSlot1-4",1,1,"video_relative_to_screen_recording_start",75.060127,269082.719,269132.719,1,75.060127,"1781613114174","../../../../../../Project/UE5/Gallery/Saved/ScreenRecordings/A037_v2_20260616_203154_screen.mkv",269082.719,269132.719,269107.719,"1781613383256","1781613383306","2026-06-16T20:36:23.255+08:00","2026-06-16T20:36:23.305+08:00",332.942841,EXP2,"exp2_table",2,2,"1:3|2:2|3:4|4:1"
"exp2_target_object","实验二当前目标模型_右脸","Exp2_002_exp2_target_object_0450","video_relative_to_recording_start",rectangle,343,338,886,847,,,,"A037","Exp2_002","E2_FIXED_PROGRESSIVE",loading,,,,,1,TRUE,11200.000,11250.000,344.142853,344.192841,1920,1046,"ObjectSlot2",1,0,"video_relative_to_screen_recording_start",75.060127,269082.719,269132.719,1,75.060127,"1781613114174","../../../../../../Project/UE5/Gallery/Saved/ScreenRecordings/A037_v2_20260616_203154_screen.mkv",269082.719,269132.719,269107.719,"1781613383256","1781613383306","2026-06-16T20:36:23.255+08:00","2026-06-16T20:36:23.305+08:00",332.942841,EXP2,"exp2_target",2,2,"1:3|2:2|3:4|4:1"
"exp2_table_objects","实验二桌面四模型总体区域","Exp2_002_exp2_table_objects_0451","video_relative_to_recording_start",rectangle,0,319,1919,1022,,,,"A037","Exp2_002","E2_FIXED_PROGRESSIVE",loading,,,,,1,TRUE,11250.000,11300.000,344.192841,344.242828,1920,1046,"ObjectSlot1-4",1,1,"video_relative_to_screen_recording_start",75.060127,269132.719,269182.719,1,75.060127,"1781613114174","../../../../../../Project/UE5/Gallery/Saved/ScreenRecordings/A037_v2_20260616_203154_screen.mkv",269132.719,269182.719,269157.719,"1781613383306","1781613383356","2026-06-16T20:36:23.305+08:00","2026-06-16T20:36:23.355+08:00",332.942841,EXP2,"exp2_table",2,2,"1:3|2:2|3:4|4:1"
"exp2_target_object","实验二当前目标模型_右脸","Exp2_002_exp2_target_object_0452","video_relative_to_recording_start",rectangle,343,338,886,847,,,,"A037","Exp2_002","E2_FIXED_PROGRESSIVE",loading,,,,,1,TRUE,11250.000,11300.000,344.192841,344.242828,1920,1046,"ObjectSlot2",1,0,"video_relative_to_screen_recording_start",75.060127,269132.719,269182.719,1,75.060127,"1781613114174","../../../../../../Project/UE5/Gallery/Saved/ScreenRecordings/A037_v2_20260616_203154_screen.mkv",269132.719,269182.719,269157.719,"1781613383306","1781613383356","2026-06-16T20:36:23.305+08:00","2026-06-16T20:36:23.355+08:00",332.942841,EXP2,"exp2_target",2,2,"1:3|2:2|3:4|4:1"
"exp2_table_objects","实验二桌面四模型总体区域","Exp2_002_exp2_table_objects_0453","video_relative_to_recording_start",rectangle,0,319,1919,1022,,,,"A037","Exp2_002","E2_FIXED_PROGRESSIVE",loading,,,,,1,TRUE,11300.000,11350.000,344.242828,344.292847,1920,1046,"ObjectSlot1-4",1,1,"video_relative_to_screen_recording_start",75.060127,269182.719,269232.719,1,75.060127,"1781613114174","../../../../../../Project/UE5/Gallery/Saved/ScreenRecordings/A037_v2_20260616_203154_screen.mkv",269182.719,269232.719,269207.719,"1781613383356","1781613383406","2026-06-16T20:36:23.355+08:00","2026-06-16T20:36:23.405+08:00",332.942841,EXP2,"exp2_table",2,2,"1:3|2:2|3:4|4:1"
"exp2_target_object","实验二当前目标模型_右脸","Exp2_002_exp2_target_object_0454","video_relative_to_recording_start",rectangle,343,338,886,847,,,,"A037","Exp2_002","E2_FIXED_PROGRESSIVE",loading,,,,,1,TRUE,11300.000,11350.000,344.242828,344.292847,1920,1046,"ObjectSlot2",1,0,"video_relative_to_screen_recording_start",75.060127,269182.719,269232.719,1,75.060127,"1781613114174","../../../../../../Project/UE5/Gallery/Saved/ScreenRecordings/A037_v2_20260616_203154_screen.mkv",269182.719,269232.719,269207.719,"1781613383356","1781613383406","2026-06-16T20:36:23.355+08:00","2026-06-16T20:36:23.405+08:00",332.942841,EXP2,"exp2_target",2,2,"1:3|2:2|3:4|4:1"
"exp2_table_objects","实验二桌面四模型总体区域","Exp2_002_exp2_table_objects_0455","video_relative_to_recording_start",rectangle,0,319,1919,1022,,,,"A037","Exp2_002","E2_FIXED_PROGRESSIVE",loading,,,,,1,TRUE,11350.000,11400.000,344.292847,344.342834,1920,1046,"ObjectSlot1-4",1,1,"video_relative_to_screen_recording_start",75.060127,269232.719,269282.719,1,75.060127,"1781613114174","../../../../../../Project/UE5/Gallery/Saved/ScreenRecordings/A037_v2_20260616_203154_screen.mkv",269232.719,269282.719,269257.719,"1781613383406","1781613383456","2026-06-16T20:36:23.405+08:00","2026-06-16T20:36:23.455+08:00",332.942841,EXP2,"exp2_table",2,2,"1:3|2:2|3:4|4:1"
"exp2_target_object","实验二当前目标模型_右脸","Exp2_002_exp2_target_object_0456","video_relative_to_recording_start",rectangle,343,338,886,847,,,,"A037","Exp2_002","E2_FIXED_PROGRESSIVE",loading,,,,,1,TRUE,11350.000,11400.000,344.292847,344.342834,1920,1046,"ObjectSlot2",1,0,"video_relative_to_screen_recording_start",75.060127,269232.719,269282.719,1,75.060127,"1781613114174","../../../../../../Project/UE5/Gallery/Saved/ScreenRecordings/A037_v2_20260616_203154_screen.mkv",269232.719,269282.719,269257.719,"1781613383406","1781613383456","2026-06-16T20:36:23.405+08:00","2026-06-16T20:36:23.455+08:00",332.942841,EXP2,"exp2_target",2,2,"1:3|2:2|3:4|4:1"
"exp2_table_objects","实验二桌面四模型总体区域","Exp2_002_exp2_table_objects_0457","video_relative_to_recording_start",rectangle,0,319,1919,1022,,,,"A037","Exp2_002","E2_FIXED_PROGRESSIVE",loading,,,,,1,TRUE,11400.000,11450.000,344.342834,344.392853,1920,1046,"ObjectSlot1-4",1,1,"video_relative_to_screen_recording_start",75.060127,269282.719,269332.719,1,75.060127,"1781613114174","../../../../../../Project/UE5/Gallery/Saved/ScreenRecordings/A037_v2_20260616_203154_screen.mkv",269282.719,269332.719,269307.719,"1781613383456","1781613383506","2026-06-16T20:36:23.455+08:00","2026-06-16T20:36:23.505+08:00",332.942841,EXP2,"exp2_table",2,2,"1:3|2:2|3:4|4:1"
"exp2_target_object","实验二当前目标模型_右脸","Exp2_002_exp2_target_object_0458","video_relative_to_recording_start",rectangle,343,338,886,847,,,,"A037","Exp2_002","E2_FIXED_PROGRESSIVE",loading,,,,,1,TRUE,11400.000,11450.000,344.342834,344.392853,1920,1046,"ObjectSlot2",1,0,"video_relative_to_screen_recording_start",75.060127,269282.719,269332.719,1,75.060127,"1781613114174","../../../../../../Project/UE5/Gallery/Saved/ScreenRecordings/A037_v2_20260616_203154_screen.mkv",269282.719,269332.719,269307.719,"1781613383456","1781613383506","2026-06-16T20:36:23.455+08:00","2026-06-16T20:36:23.505+08:00",332.942841,EXP2,"exp2_target",2,2,"1:3|2:2|3:4|4:1"
"exp2_table_objects","实验二桌面四模型总体区域","Exp2_002_exp2_table_objects_0459","video_relative_to_recording_start",rectangle,0,319,1919,1022,,,,"A037","Exp2_002","E2_FIXED_PROGRESSIVE",loading,,,,,1,TRUE,11450.000,11500.000,344.392853,344.442841,1920,1046,"ObjectSlot1-4",1,1,"video_relative_to_screen_recording_start",75.060127,269332.719,269382.719,1,75.060127,"1781613114174","../../../../../../Project/UE5/Gallery/Saved/ScreenRecordings/A037_v2_20260616_203154_screen.mkv",269332.719,269382.719,269357.719,"1781613383506","1781613383556","2026-06-16T20:36:23.505+08:00","2026-06-16T20:36:23.555+08:00",332.942841,EXP2,"exp2_table",2,2,"1:3|2:2|3:4|4:1"
"exp2_target_object","实验二当前目标模型_右脸","Exp2_002_exp2_target_object_0460","video_relative_to_recording_start",rectangle,343,338,886,847,,,,"A037","Exp2_002","E2_FIXED_PROGRESSIVE",loading,,,,,1,TRUE,11450.000,11500.000,344.392853,344.442841,1920,1046,"ObjectSlot2",1,0,"video_relative_to_screen_recording_start",75.060127,269332.719,269382.719,1,75.060127,"1781613114174","../../../../../../Project/UE5/Gallery/Saved/ScreenRecordings/A037_v2_20260616_203154_screen.mkv",269332.719,269382.719,269357.719,"1781613383506","1781613383556","2026-06-16T20:36:23.505+08:00","2026-06-16T20:36:23.555+08:00",332.942841,EXP2,"exp2_target",2,2,"1:3|2:2|3:4|4:1"
"exp2_table_objects","实验二桌面四模型总体区域","Exp2_002_exp2_table_objects_0461","video_relative_to_recording_start",rectangle,0,319,1919,1022,,,,"A037","Exp2_002","E2_FIXED_PROGRESSIVE",loading,,,,,1,TRUE,11500.000,11550.000,344.442841,344.492828,1920,1046,"ObjectSlot1-4",1,1,"video_relative_to_screen_recording_start",75.060127,269382.719,269432.719,1,75.060127,"1781613114174","../../../../../../Project/UE5/Gallery/Saved/ScreenRecordings/A037_v2_20260616_203154_screen.mkv",269382.719,269432.719,269407.719,"1781613383556","1781613383606","2026-06-16T20:36:23.555+08:00","2026-06-16T20:36:23.605+08:00",332.942841,EXP2,"exp2_table",2,2,"1:3|2:2|3:4|4:1"
"exp2_target_object","实验二当前目标模型_右脸","Exp2_002_exp2_target_object_0462","video_relative_to_recording_start",rectangle,343,338,886,847,,,,"A037","Exp2_002","E2_FIXED_PROGRESSIVE",loading,,,,,1,TRUE,11500.000,11550.000,344.442841,344.492828,1920,1046,"ObjectSlot2",1,0,"video_relative_to_screen_recording_start",75.060127,269382.719,269432.719,1,75.060127,"1781613114174","../../../../../../Project/UE5/Gallery/Saved/ScreenRecordings/A037_v2_20260616_203154_screen.mkv",269382.719,269432.719,269407.719,"1781613383556","1781613383606","2026-06-16T20:36:23.555+08:00","2026-06-16T20:36:23.605+08:00",332.942841,EXP2,"exp2_target",2,2,"1:3|2:2|3:4|4:1"
"exp2_table_objects","实验二桌面四模型总体区域","Exp2_002_exp2_table_objects_0463","video_relative_to_recording_start",rectangle,0,319,1919,1022,,,,"A037","Exp2_002","E2_FIXED_PROGRESSIVE",loading,,,,,1,TRUE,11550.000,11600.000,344.492828,344.542847,1920,1046,"ObjectSlot1-4",1,1,"video_relative_to_screen_recording_start",75.060127,269432.719,269482.719,1,75.060127,"1781613114174","../../../../../../Project/UE5/Gallery/Saved/ScreenRecordings/A037_v2_20260616_203154_screen.mkv",269432.719,269482.719,269457.719,"1781613383606","1781613383656","2026-06-16T20:36:23.605+08:00","2026-06-16T20:36:23.655+08:00",332.942841,EXP2,"exp2_table",2,2,"1:3|2:2|3:4|4:1"
"exp2_target_object","实验二当前目标模型_右脸","Exp2_002_exp2_target_object_0464","video_relative_to_recording_start",rectangle,343,338,886,847,,,,"A037","Exp2_002","E2_FIXED_PROGRESSIVE",loading,,,,,1,TRUE,11550.000,11600.000,344.492828,344.542847,1920,1046,"ObjectSlot2",1,0,"video_relative_to_screen_recording_start",75.060127,269432.719,269482.719,1,75.060127,"1781613114174","../../../../../../Project/UE5/Gallery/Saved/ScreenRecordings/A037_v2_20260616_203154_screen.mkv",269432.719,269482.719,269457.719,"1781613383606","1781613383656","2026-06-16T20:36:23.605+08:00","2026-06-16T20:36:23.655+08:00",332.942841,EXP2,"exp2_target",2,2,"1:3|2:2|3:4|4:1"
"exp2_table_objects","实验二桌面四模型总体区域","Exp2_002_exp2_table_objects_0465","video_relative_to_recording_start",rectangle,0,319,1919,1022,,,,"A037","Exp2_002","E2_FIXED_PROGRESSIVE",loading,,,,,1,TRUE,11600.000,11650.000,344.542847,344.592834,1920,1046,"ObjectSlot1-4",1,1,"video_relative_to_screen_recording_start",75.060127,269482.719,269532.719,1,75.060127,"1781613114174","../../../../../../Project/UE5/Gallery/Saved/ScreenRecordings/A037_v2_20260616_203154_screen.mkv",269482.719,269532.719,269507.719,"1781613383656","1781613383706","2026-06-16T20:36:23.655+08:00","2026-06-16T20:36:23.705+08:00",332.942841,EXP2,"exp2_table",2,2,"1:3|2:2|3:4|4:1"
"exp2_target_object","实验二当前目标模型_右脸","Exp2_002_exp2_target_object_0466","video_relative_to_recording_start",rectangle,343,338,886,847,,,,"A037","Exp2_002","E2_FIXED_PROGRESSIVE",loading,,,,,1,TRUE,11600.000,11650.000,344.542847,344.592834,1920,1046,"ObjectSlot2",1,0,"video_relative_to_screen_recording_start",75.060127,269482.719,269532.719,1,75.060127,"1781613114174","../../../../../../Project/UE5/Gallery/Saved/ScreenRecordings/A037_v2_20260616_203154_screen.mkv",269482.719,269532.719,269507.719,"1781613383656","1781613383706","2026-06-16T20:36:23.655+08:00","2026-06-16T20:36:23.705+08:00",332.942841,EXP2,"exp2_target",2,2,"1:3|2:2|3:4|4:1"
"exp2_table_objects","实验二桌面四模型总体区域","Exp2_002_exp2_table_objects_0467","video_relative_to_recording_start",rectangle,0,319,1919,1022,,,,"A037","Exp2_002","E2_FIXED_PROGRESSIVE",loading,,,,,1,TRUE,11650.000,11700.000,344.592834,344.642853,1920,1046,"ObjectSlot1-4",1,1,"video_relative_to_screen_recording_start",75.060127,269532.719,269582.719,1,75.060127,"1781613114174","../../../../../../Project/UE5/Gallery/Saved/ScreenRecordings/A037_v2_20260616_203154_screen.mkv",269532.719,269582.719,269557.719,"1781613383706","1781613383756","2026-06-16T20:36:23.705+08:00","2026-06-16T20:36:23.755+08:00",332.942841,EXP2,"exp2_table",2,2,"1:3|2:2|3:4|4:1"
"exp2_target_object","实验二当前目标模型_右脸","Exp2_002_exp2_target_object_0468","video_relative_to_recording_start",rectangle,343,338,886,847,,,,"A037","Exp2_002","E2_FIXED_PROGRESSIVE",loading,,,,,1,TRUE,11650.000,11700.000,344.592834,344.642853,1920,1046,"ObjectSlot2",1,0,"video_relative_to_screen_recording_start",75.060127,269532.719,269582.719,1,75.060127,"1781613114174","../../../../../../Project/UE5/Gallery/Saved/ScreenRecordings/A037_v2_20260616_203154_screen.mkv",269532.719,269582.719,269557.719,"1781613383706","1781613383756","2026-06-16T20:36:23.705+08:00","2026-06-16T20:36:23.755+08:00",332.942841,EXP2,"exp2_target",2,2,"1:3|2:2|3:4|4:1"
"exp2_table_objects","实验二桌面四模型总体区域","Exp2_002_exp2_table_objects_0469","video_relative_to_recording_start",rectangle,0,319,1919,1022,,,,"A037","Exp2_002","E2_FIXED_PROGRESSIVE",loading,,,,,1,TRUE,11700.000,11750.000,344.642853,344.692841,1920,1046,"ObjectSlot1-4",1,1,"video_relative_to_screen_recording_start",75.060127,269582.719,269632.719,1,75.060127,"1781613114174","../../../../../../Project/UE5/Gallery/Saved/ScreenRecordings/A037_v2_20260616_203154_screen.mkv",269582.719,269632.719,269607.719,"1781613383756","1781613383806","2026-06-16T20:36:23.755+08:00","2026-06-16T20:36:23.805+08:00",332.942841,EXP2,"exp2_table",2,2,"1:3|2:2|3:4|4:1"
"exp2_target_object","实验二当前目标模型_右脸","Exp2_002_exp2_target_object_0470","video_relative_to_recording_start",rectangle,343,338,886,847,,,,"A037","Exp2_002","E2_FIXED_PROGRESSIVE",loading,,,,,1,TRUE,11700.000,11750.000,344.642853,344.692841,1920,1046,"ObjectSlot2",1,0,"video_relative_to_screen_recording_start",75.060127,269582.719,269632.719,1,75.060127,"1781613114174","../../../../../../Project/UE5/Gallery/Saved/ScreenRecordings/A037_v2_20260616_203154_screen.mkv",269582.719,269632.719,269607.719,"1781613383756","1781613383806","2026-06-16T20:36:23.755+08:00","2026-06-16T20:36:23.805+08:00",332.942841,EXP2,"exp2_target",2,2,"1:3|2:2|3:4|4:1"
"exp2_table_objects","实验二桌面四模型总体区域","Exp2_002_exp2_table_objects_0471","video_relative_to_recording_start",rectangle,0,319,1919,1022,,,,"A037","Exp2_002","E2_FIXED_PROGRESSIVE",loading,,,,,1,TRUE,11750.000,11800.000,344.692841,344.742828,1920,1046,"ObjectSlot1-4",1,1,"video_relative_to_screen_recording_start",75.060127,269632.719,269682.719,1,75.060127,"1781613114174","../../../../../../Project/UE5/Gallery/Saved/ScreenRecordings/A037_v2_20260616_203154_screen.mkv",269632.719,269682.719,269657.719,"1781613383806","1781613383856","2026-06-16T20:36:23.805+08:00","2026-06-16T20:36:23.855+08:00",332.942841,EXP2,"exp2_table",2,2,"1:3|2:2|3:4|4:1"
"exp2_target_object","实验二当前目标模型_右脸","Exp2_002_exp2_target_object_0472","video_relative_to_recording_start",rectangle,343,338,886,847,,,,"A037","Exp2_002","E2_FIXED_PROGRESSIVE",loading,,,,,1,TRUE,11750.000,11800.000,344.692841,344.742828,1920,1046,"ObjectSlot2",1,0,"video_relative_to_screen_recording_start",75.060127,269632.719,269682.719,1,75.060127,"1781613114174","../../../../../../Project/UE5/Gallery/Saved/ScreenRecordings/A037_v2_20260616_203154_screen.mkv",269632.719,269682.719,269657.719,"1781613383806","1781613383856","2026-06-16T20:36:23.805+08:00","2026-06-16T20:36:23.855+08:00",332.942841,EXP2,"exp2_target",2,2,"1:3|2:2|3:4|4:1"
"exp2_table_objects","实验二桌面四模型总体区域","Exp2_002_exp2_table_objects_0473","video_relative_to_recording_start",rectangle,0,319,1919,1022,,,,"A037","Exp2_002","E2_FIXED_PROGRESSIVE",loading,,,,,1,TRUE,11800.000,11850.000,344.742828,344.792847,1920,1046,"ObjectSlot1-4",1,1,"video_relative_to_screen_recording_start",75.060127,269682.719,269732.719,1,75.060127,"1781613114174","../../../../../../Project/UE5/Gallery/Saved/ScreenRecordings/A037_v2_20260616_203154_screen.mkv",269682.719,269732.719,269707.719,"1781613383856","1781613383906","2026-06-16T20:36:23.855+08:00","2026-06-16T20:36:23.905+08:00",332.942841,EXP2,"exp2_table",2,2,"1:3|2:2|3:4|4:1"
"exp2_target_object","实验二当前目标模型_右脸","Exp2_002_exp2_target_object_0474","video_relative_to_recording_start",rectangle,343,338,886,847,,,,"A037","Exp2_002","E2_FIXED_PROGRESSIVE",loading,,,,,1,TRUE,11800.000,11850.000,344.742828,344.792847,1920,1046,"ObjectSlot2",1,0,"video_relative_to_screen_recording_start",75.060127,269682.719,269732.719,1,75.060127,"1781613114174","../../../../../../Project/UE5/Gallery/Saved/ScreenRecordings/A037_v2_20260616_203154_screen.mkv",269682.719,269732.719,269707.719,"1781613383856","1781613383906","2026-06-16T20:36:23.855+08:00","2026-06-16T20:36:23.905+08:00",332.942841,EXP2,"exp2_target",2,2,"1:3|2:2|3:4|4:1"
"exp2_table_objects","实验二桌面四模型总体区域","Exp2_002_exp2_table_objects_0475","video_relative_to_recording_start",rectangle,0,319,1919,1022,,,,"A037","Exp2_002","E2_FIXED_PROGRESSIVE",loading,,,,,1,TRUE,11850.000,11900.000,344.792847,344.842834,1920,1046,"ObjectSlot1-4",1,1,"video_relative_to_screen_recording_start",75.060127,269732.719,269782.719,1,75.060127,"1781613114174","../../../../../../Project/UE5/Gallery/Saved/ScreenRecordings/A037_v2_20260616_203154_screen.mkv",269732.719,269782.719,269757.719,"1781613383906","1781613383956","2026-06-16T20:36:23.905+08:00","2026-06-16T20:36:23.955+08:00",332.942841,EXP2,"exp2_table",2,2,"1:3|2:2|3:4|4:1"
"exp2_target_object","实验二当前目标模型_右脸","Exp2_002_exp2_target_object_0476","video_relative_to_recording_start",rectangle,343,338,886,847,,,,"A037","Exp2_002","E2_FIXED_PROGRESSIVE",loading,,,,,1,TRUE,11850.000,11900.000,344.792847,344.842834,1920,1046,"ObjectSlot2",1,0,"video_relative_to_screen_recording_start",75.060127,269732.719,269782.719,1,75.060127,"1781613114174","../../../../../../Project/UE5/Gallery/Saved/ScreenRecordings/A037_v2_20260616_203154_screen.mkv",269732.719,269782.719,269757.719,"1781613383906","1781613383956","2026-06-16T20:36:23.905+08:00","2026-06-16T20:36:23.955+08:00",332.942841,EXP2,"exp2_target",2,2,"1:3|2:2|3:4|4:1"
"exp2_table_objects","实验二桌面四模型总体区域","Exp2_002_exp2_table_objects_0477","video_relative_to_recording_start",rectangle,0,319,1919,1022,,,,"A037","Exp2_002","E2_FIXED_PROGRESSIVE",loading,,,,,1,TRUE,11900.000,11950.000,344.842834,344.892853,1920,1046,"ObjectSlot1-4",1,1,"video_relative_to_screen_recording_start",75.060127,269782.719,269832.719,1,75.060127,"1781613114174","../../../../../../Project/UE5/Gallery/Saved/ScreenRecordings/A037_v2_20260616_203154_screen.mkv",269782.719,269832.719,269807.719,"1781613383956","1781613384006","2026-06-16T20:36:23.955+08:00","2026-06-16T20:36:24.005+08:00",332.942841,EXP2,"exp2_table",2,2,"1:3|2:2|3:4|4:1"
"exp2_target_object","实验二当前目标模型_右脸","Exp2_002_exp2_target_object_0478","video_relative_to_recording_start",rectangle,343,338,886,847,,,,"A037","Exp2_002","E2_FIXED_PROGRESSIVE",loading,,,,,1,TRUE,11900.000,11950.000,344.842834,344.892853,1920,1046,"ObjectSlot2",1,0,"video_relative_to_screen_recording_start",75.060127,269782.719,269832.719,1,75.060127,"1781613114174","../../../../../../Project/UE5/Gallery/Saved/ScreenRecordings/A037_v2_20260616_203154_screen.mkv",269782.719,269832.719,269807.719,"1781613383956","1781613384006","2026-06-16T20:36:23.955+08:00","2026-06-16T20:36:24.005+08:00",332.942841,EXP2,"exp2_target",2,2,"1:3|2:2|3:4|4:1"
"exp2_table_objects","实验二桌面四模型总体区域","Exp2_002_exp2_table_objects_0479","video_relative_to_recording_start",rectangle,0,319,1919,1022,,,,"A037","Exp2_002","E2_FIXED_PROGRESSIVE",loading,,,,,1,TRUE,11950.000,12017.979,344.892853,344.960815,1920,1046,"ObjectSlot1-4",1,1,"video_relative_to_screen_recording_start",75.060127,269832.719,269900.688,1,75.060127,"1781613114174","../../../../../../Project/UE5/Gallery/Saved/ScreenRecordings/A037_v2_20260616_203154_screen.mkv",269832.719,269900.688,269866.688,"1781613384006","1781613384074","2026-06-16T20:36:24.005+08:00","2026-06-16T20:36:24.073+08:00",332.942841,EXP2,"exp2_table",2,2,"1:3|2:2|3:4|4:1"
"exp2_target_object","实验二当前目标模型_右脸","Exp2_002_exp2_target_object_0480","video_relative_to_recording_start",rectangle,343,338,886,847,,,,"A037","Exp2_002","E2_FIXED_PROGRESSIVE",loading,,,,,1,TRUE,11950.000,12017.979,344.892853,344.960815,1920,1046,"ObjectSlot2",1,0,"video_relative_to_screen_recording_start",75.060127,269832.719,269900.688,1,75.060127,"1781613114174","../../../../../../Project/UE5/Gallery/Saved/ScreenRecordings/A037_v2_20260616_203154_screen.mkv",269832.719,269900.688,269866.688,"1781613384006","1781613384074","2026-06-16T20:36:24.005+08:00","2026-06-16T20:36:24.073+08:00",332.942841,EXP2,"exp2_target",2,2,"1:3|2:2|3:4|4:1"
"exp2_table_objects","实验二桌面四模型总体区域","Exp2_004_exp2_table_objects_0001","video_relative_to_recording_start",rectangle,0,280,1919,1045,,,,"A037","Exp2_004","E3_SPATIAL_NONPROGRESSIVE",loading,,,,,1,TRUE,0.000,50.000,526.453430,526.503418,1920,1046,"ObjectSlot1-4",1,1,"video_relative_to_screen_recording_start",75.060127,451393.312,451443.312,1,75.060127,"1781613114174","../../../../../../Project/UE5/Gallery/Saved/ScreenRecordings/A037_v2_20260616_203154_screen.mkv",451393.312,451443.312,451418.312,"1781613565566","1781613565616","2026-06-16T20:39:25.566+08:00","2026-06-16T20:39:25.616+08:00",526.453430,EXP2,"exp2_table",4,4,"1:1|2:2|3:3|4:4"
"exp2_target_object","实验二当前目标模型_头顶","Exp2_004_exp2_target_object_0002","video_relative_to_recording_start",rectangle,1179,292,1919,1045,,,,"A037","Exp2_004","E3_SPATIAL_NONPROGRESSIVE",loading,,,,,1,TRUE,0.000,50.000,526.453430,526.503418,1920,1046,"ObjectSlot4",1,1,"video_relative_to_screen_recording_start",75.060127,451393.312,451443.312,1,75.060127,"1781613114174","../../../../../../Project/UE5/Gallery/Saved/ScreenRecordings/A037_v2_20260616_203154_screen.mkv",451393.312,451443.312,451418.312,"1781613565566","1781613565616","2026-06-16T20:39:25.566+08:00","2026-06-16T20:39:25.616+08:00",526.453430,EXP2,"exp2_target",4,4,"1:1|2:2|3:3|4:4"
"exp2_table_objects","实验二桌面四模型总体区域","Exp2_004_exp2_table_objects_0003","video_relative_to_recording_start",rectangle,0,280,1919,1045,,,,"A037","Exp2_004","E3_SPATIAL_NONPROGRESSIVE",loading,,,,,1,TRUE,50.000,100.000,526.503418,526.553406,1920,1046,"ObjectSlot1-4",1,1,"video_relative_to_screen_recording_start",75.060127,451443.312,451493.281,1,75.060127,"1781613114174","../../../../../../Project/UE5/Gallery/Saved/ScreenRecordings/A037_v2_20260616_203154_screen.mkv",451443.312,451493.281,451468.312,"1781613565616","1781613565666","2026-06-16T20:39:25.616+08:00","2026-06-16T20:39:25.666+08:00",526.453430,EXP2,"exp2_table",4,4,"1:1|2:2|3:3|4:4"
"exp2_target_object","实验二当前目标模型_头顶","Exp2_004_exp2_target_object_0004","video_relative_to_recording_start",rectangle,1179,292,1919,1045,,,,"A037","Exp2_004","E3_SPATIAL_NONPROGRESSIVE",loading,,,,,1,TRUE,50.000,100.000,526.503418,526.553406,1920,1046,"ObjectSlot4",1,1,"video_relative_to_screen_recording_start",75.060127,451443.312,451493.281,1,75.060127,"1781613114174","../../../../../../Project/UE5/Gallery/Saved/ScreenRecordings/A037_v2_20260616_203154_screen.mkv",451443.312,451493.281,451468.312,"1781613565616","1781613565666","2026-06-16T20:39:25.616+08:00","2026-06-16T20:39:25.666+08:00",526.453430,EXP2,"exp2_target",4,4,"1:1|2:2|3:3|4:4"
"exp2_table_objects","实验二桌面四模型总体区域","Exp2_004_exp2_table_objects_0005","video_relative_to_recording_start",rectangle,0,280,1919,1045,,,,"A037","Exp2_004","E3_SPATIAL_NONPROGRESSIVE",loading,,,,,1,TRUE,100.000,150.000,526.553406,526.603455,1920,1046,"ObjectSlot1-4",1,1,"video_relative_to_screen_recording_start",75.060127,451493.281,451543.344,1,75.060127,"1781613114174","../../../../../../Project/UE5/Gallery/Saved/ScreenRecordings/A037_v2_20260616_203154_screen.mkv",451493.281,451543.344,451518.312,"1781613565666","1781613565716","2026-06-16T20:39:25.666+08:00","2026-06-16T20:39:25.716+08:00",526.453430,EXP2,"exp2_table",4,4,"1:1|2:2|3:3|4:4"
"exp2_target_object","实验二当前目标模型_头顶","Exp2_004_exp2_target_object_0006","video_relative_to_recording_start",rectangle,1179,292,1919,1045,,,,"A037","Exp2_004","E3_SPATIAL_NONPROGRESSIVE",loading,,,,,1,TRUE,100.000,150.000,526.553406,526.603455,1920,1046,"ObjectSlot4",1,1,"video_relative_to_screen_recording_start",75.060127,451493.281,451543.344,1,75.060127,"1781613114174","../../../../../../Project/UE5/Gallery/Saved/ScreenRecordings/A037_v2_20260616_203154_screen.mkv",451493.281,451543.344,451518.312,"1781613565666","1781613565716","2026-06-16T20:39:25.666+08:00","2026-06-16T20:39:25.716+08:00",526.453430,EXP2,"exp2_target",4,4,"1:1|2:2|3:3|4:4"
"exp2_table_objects","实验二桌面四模型总体区域","Exp2_004_exp2_table_objects_0007","video_relative_to_recording_start",rectangle,0,280,1919,1045,,,,"A037","Exp2_004","E3_SPATIAL_NONPROGRESSIVE",loading,,,,,1,TRUE,150.000,200.000,526.603455,526.653442,1920,1046,"ObjectSlot1-4",1,1,"video_relative_to_screen_recording_start",75.060127,451543.344,451593.312,1,75.060127,"1781613114174","../../../../../../Project/UE5/Gallery/Saved/ScreenRecordings/A037_v2_20260616_203154_screen.mkv",451543.344,451593.312,451568.312,"1781613565716","1781613565766","2026-06-16T20:39:25.716+08:00","2026-06-16T20:39:25.766+08:00",526.453430,EXP2,"exp2_table",4,4,"1:1|2:2|3:3|4:4"
"exp2_target_object","实验二当前目标模型_头顶","Exp2_004_exp2_target_object_0008","video_relative_to_recording_start",rectangle,1179,292,1919,1045,,,,"A037","Exp2_004","E3_SPATIAL_NONPROGRESSIVE",loading,,,,,1,TRUE,150.000,200.000,526.603455,526.653442,1920,1046,"ObjectSlot4",1,1,"video_relative_to_screen_recording_start",75.060127,451543.344,451593.312,1,75.060127,"1781613114174","../../../../../../Project/UE5/Gallery/Saved/ScreenRecordings/A037_v2_20260616_203154_screen.mkv",451543.344,451593.312,451568.312,"1781613565716","1781613565766","2026-06-16T20:39:25.716+08:00","2026-06-16T20:39:25.766+08:00",526.453430,EXP2,"exp2_target",4,4,"1:1|2:2|3:3|4:4"
"exp2_table_objects","实验二桌面四模型总体区域","Exp2_004_exp2_table_objects_0009","video_relative_to_recording_start",rectangle,0,280,1919,1045,,,,"A037","Exp2_004","E3_SPATIAL_NONPROGRESSIVE",loading,,,,,1,TRUE,200.000,250.000,526.653442,526.703430,1920,1046,"ObjectSlot1-4",1,1,"video_relative_to_screen_recording_start",75.060127,451593.312,451643.312,1,75.060127,"1781613114174","../../../../../../Project/UE5/Gallery/Saved/ScreenRecordings/A037_v2_20260616_203154_screen.mkv",451593.312,451643.312,451618.312,"1781613565766","1781613565816","2026-06-16T20:39:25.766+08:00","2026-06-16T20:39:25.816+08:00",526.453430,EXP2,"exp2_table",4,4,"1:1|2:2|3:3|4:4"
"exp2_target_object","实验二当前目标模型_头顶","Exp2_004_exp2_target_object_0010","video_relative_to_recording_start",rectangle,1179,292,1919,1045,,,,"A037","Exp2_004","E3_SPATIAL_NONPROGRESSIVE",loading,,,,,1,TRUE,200.000,250.000,526.653442,526.703430,1920,1046,"ObjectSlot4",1,1,"video_relative_to_screen_recording_start",75.060127,451593.312,451643.312,1,75.060127,"1781613114174","../../../../../../Project/UE5/Gallery/Saved/ScreenRecordings/A037_v2_20260616_203154_screen.mkv",451593.312,451643.312,451618.312,"1781613565766","1781613565816","2026-06-16T20:39:25.766+08:00","2026-06-16T20:39:25.816+08:00",526.453430,EXP2,"exp2_target",4,4,"1:1|2:2|3:3|4:4"
"exp2_table_objects","实验二桌面四模型总体区域","Exp2_004_exp2_table_objects_0011","video_relative_to_recording_start",rectangle,0,280,1919,1045,,,,"A037","Exp2_004","E3_SPATIAL_NONPROGRESSIVE",loading,,,,,1,TRUE,250.000,300.000,526.703430,526.753418,1920,1046,"ObjectSlot1-4",1,1,"video_relative_to_screen_recording_start",75.060127,451643.312,451693.312,1,75.060127,"1781613114174","../../../../../../Project/UE5/Gallery/Saved/ScreenRecordings/A037_v2_20260616_203154_screen.mkv",451643.312,451693.312,451668.312,"1781613565816","1781613565866","2026-06-16T20:39:25.816+08:00","2026-06-16T20:39:25.866+08:00",526.453430,EXP2,"exp2_table",4,4,"1:1|2:2|3:3|4:4"
"exp2_target_object","实验二当前目标模型_头顶","Exp2_004_exp2_target_object_0012","video_relative_to_recording_start",rectangle,1179,292,1919,1045,,,,"A037","Exp2_004","E3_SPATIAL_NONPROGRESSIVE",loading,,,,,1,TRUE,250.000,300.000,526.703430,526.753418,1920,1046,"ObjectSlot4",1,1,"video_relative_to_screen_recording_start",75.060127,451643.312,451693.312,1,75.060127,"1781613114174","../../../../../../Project/UE5/Gallery/Saved/ScreenRecordings/A037_v2_20260616_203154_screen.mkv",451643.312,451693.312,451668.312,"1781613565816","1781613565866","2026-06-16T20:39:25.816+08:00","2026-06-16T20:39:25.866+08:00",526.453430,EXP2,"exp2_target",4,4,"1:1|2:2|3:3|4:4"
"exp2_table_objects","实验二桌面四模型总体区域","Exp2_004_exp2_table_objects_0013","video_relative_to_recording_start",rectangle,0,280,1919,1045,,,,"A037","Exp2_004","E3_SPATIAL_NONPROGRESSIVE",loading,,,,,1,TRUE,300.000,350.000,526.753418,526.803406,1920,1046,"ObjectSlot1-4",1,1,"video_relative_to_screen_recording_start",75.060127,451693.312,451743.281,1,75.060127,"1781613114174","../../../../../../Project/UE5/Gallery/Saved/ScreenRecordings/A037_v2_20260616_203154_screen.mkv",451693.312,451743.281,451718.312,"1781613565866","1781613565916","2026-06-16T20:39:25.866+08:00","2026-06-16T20:39:25.916+08:00",526.453430,EXP2,"exp2_table",4,4,"1:1|2:2|3:3|4:4"
"exp2_target_object","实验二当前目标模型_头顶","Exp2_004_exp2_target_object_0014","video_relative_to_recording_start",rectangle,1179,292,1919,1045,,,,"A037","Exp2_004","E3_SPATIAL_NONPROGRESSIVE",loading,,,,,1,TRUE,300.000,350.000,526.753418,526.803406,1920,1046,"ObjectSlot4",1,1,"video_relative_to_screen_recording_start",75.060127,451693.312,451743.281,1,75.060127,"1781613114174","../../../../../../Project/UE5/Gallery/Saved/ScreenRecordings/A037_v2_20260616_203154_screen.mkv",451693.312,451743.281,451718.312,"1781613565866","1781613565916","2026-06-16T20:39:25.866+08:00","2026-06-16T20:39:25.916+08:00",526.453430,EXP2,"exp2_target",4,4,"1:1|2:2|3:3|4:4"
"exp2_table_objects","实验二桌面四模型总体区域","Exp2_004_exp2_table_objects_0015","video_relative_to_recording_start",rectangle,0,280,1919,1045,,,,"A037","Exp2_004","E3_SPATIAL_NONPROGRESSIVE",loading,,,,,1,TRUE,350.000,400.000,526.803406,526.853455,1920,1046,"ObjectSlot1-4",1,1,"video_relative_to_screen_recording_start",75.060127,451743.281,451793.344,1,75.060127,"1781613114174","../../../../../../Project/UE5/Gallery/Saved/ScreenRecordings/A037_v2_20260616_203154_screen.mkv",451743.281,451793.344,451768.312,"1781613565916","1781613565966","2026-06-16T20:39:25.916+08:00","2026-06-16T20:39:25.966+08:00",526.453430,EXP2,"exp2_table",4,4,"1:1|2:2|3:3|4:4"
"exp2_target_object","实验二当前目标模型_头顶","Exp2_004_exp2_target_object_0016","video_relative_to_recording_start",rectangle,1179,292,1919,1045,,,,"A037","Exp2_004","E3_SPATIAL_NONPROGRESSIVE",loading,,,,,1,TRUE,350.000,400.000,526.803406,526.853455,1920,1046,"ObjectSlot4",1,1,"video_relative_to_screen_recording_start",75.060127,451743.281,451793.344,1,75.060127,"1781613114174","../../../../../../Project/UE5/Gallery/Saved/ScreenRecordings/A037_v2_20260616_203154_screen.mkv",451743.281,451793.344,451768.312,"1781613565916","1781613565966","2026-06-16T20:39:25.916+08:00","2026-06-16T20:39:25.966+08:00",526.453430,EXP2,"exp2_target",4,4,"1:1|2:2|3:3|4:4"
"exp2_table_objects","实验二桌面四模型总体区域","Exp2_004_exp2_table_objects_0017","video_relative_to_recording_start",rectangle,0,280,1919,1045,,,,"A037","Exp2_004","E3_SPATIAL_NONPROGRESSIVE",loading,,,,,1,TRUE,400.000,450.000,526.853455,526.903442,1920,1046,"ObjectSlot1-4",1,1,"video_relative_to_screen_recording_start",75.060127,451793.344,451843.312,1,75.060127,"1781613114174","../../../../../../Project/UE5/Gallery/Saved/ScreenRecordings/A037_v2_20260616_203154_screen.mkv",451793.344,451843.312,451818.312,"1781613565966","1781613566016","2026-06-16T20:39:25.966+08:00","2026-06-16T20:39:26.016+08:00",526.453430,EXP2,"exp2_table",4,4,"1:1|2:2|3:3|4:4"
"exp2_target_object","实验二当前目标模型_头顶","Exp2_004_exp2_target_object_0018","video_relative_to_recording_start",rectangle,1179,292,1919,1045,,,,"A037","Exp2_004","E3_SPATIAL_NONPROGRESSIVE",loading,,,,,1,TRUE,400.000,450.000,526.853455,526.903442,1920,1046,"ObjectSlot4",1,1,"video_relative_to_screen_recording_start",75.060127,451793.344,451843.312,1,75.060127,"1781613114174","../../../../../../Project/UE5/Gallery/Saved/ScreenRecordings/A037_v2_20260616_203154_screen.mkv",451793.344,451843.312,451818.312,"1781613565966","1781613566016","2026-06-16T20:39:25.966+08:00","2026-06-16T20:39:26.016+08:00",526.453430,EXP2,"exp2_target",4,4,"1:1|2:2|3:3|4:4"
"exp2_table_objects","实验二桌面四模型总体区域","Exp2_004_exp2_table_objects_0019","video_relative_to_recording_start",rectangle,0,280,1919,1045,,,,"A037","Exp2_004","E3_SPATIAL_NONPROGRESSIVE",loading,,,,,1,TRUE,450.000,500.000,526.903442,526.953430,1920,1046,"ObjectSlot1-4",1,1,"video_relative_to_screen_recording_start",75.060127,451843.312,451893.312,1,75.060127,"1781613114174","../../../../../../Project/UE5/Gallery/Saved/ScreenRecordings/A037_v2_20260616_203154_screen.mkv",451843.312,451893.312,451868.312,"1781613566016","1781613566066","2026-06-16T20:39:26.016+08:00","2026-06-16T20:39:26.066+08:00",526.453430,EXP2,"exp2_table",4,4,"1:1|2:2|3:3|4:4"
"exp2_target_object","实验二当前目标模型_头顶","Exp2_004_exp2_target_object_0020","video_relative_to_recording_start",rectangle,1179,292,1919,1045,,,,"A037","Exp2_004","E3_SPATIAL_NONPROGRESSIVE",loading,,,,,1,TRUE,450.000,500.000,526.903442,526.953430,1920,1046,"ObjectSlot4",1,1,"video_relative_to_screen_recording_start",75.060127,451843.312,451893.312,1,75.060127,"1781613114174","../../../../../../Project/UE5/Gallery/Saved/ScreenRecordings/A037_v2_20260616_203154_screen.mkv",451843.312,451893.312,451868.312,"1781613566016","1781613566066","2026-06-16T20:39:26.016+08:00","2026-06-16T20:39:26.066+08:00",526.453430,EXP2,"exp2_target",4,4,"1:1|2:2|3:3|4:4"
"exp2_table_objects","实验二桌面四模型总体区域","Exp2_004_exp2_table_objects_0021","video_relative_to_recording_start",rectangle,0,280,1919,1045,,,,"A037","Exp2_004","E3_SPATIAL_NONPROGRESSIVE",loading,,,,,1,TRUE,500.000,550.000,526.953430,527.003418,1920,1046,"ObjectSlot1-4",1,1,"video_relative_to_screen_recording_start",75.060127,451893.312,451943.312,1,75.060127,"1781613114174","../../../../../../Project/UE5/Gallery/Saved/ScreenRecordings/A037_v2_20260616_203154_screen.mkv",451893.312,451943.312,451918.312,"1781613566066","1781613566116","2026-06-16T20:39:26.066+08:00","2026-06-16T20:39:26.116+08:00",526.453430,EXP2,"exp2_table",4,4,"1:1|2:2|3:3|4:4"
"exp2_target_object","实验二当前目标模型_头顶","Exp2_004_exp2_target_object_0022","video_relative_to_recording_start",rectangle,1179,292,1919,1045,,,,"A037","Exp2_004","E3_SPATIAL_NONPROGRESSIVE",loading,,,,,1,TRUE,500.000,550.000,526.953430,527.003418,1920,1046,"ObjectSlot4",1,1,"video_relative_to_screen_recording_start",75.060127,451893.312,451943.312,1,75.060127,"1781613114174","../../../../../../Project/UE5/Gallery/Saved/ScreenRecordings/A037_v2_20260616_203154_screen.mkv",451893.312,451943.312,451918.312,"1781613566066","1781613566116","2026-06-16T20:39:26.066+08:00","2026-06-16T20:39:26.116+08:00",526.453430,EXP2,"exp2_target",4,4,"1:1|2:2|3:3|4:4"
"exp2_table_objects","实验二桌面四模型总体区域","Exp2_004_exp2_table_objects_0023","video_relative_to_recording_start",rectangle,0,280,1919,1045,,,,"A037","Exp2_004","E3_SPATIAL_NONPROGRESSIVE",loading,,,,,1,TRUE,550.000,600.000,527.003418,527.053406,1920,1046,"ObjectSlot1-4",1,1,"video_relative_to_screen_recording_start",75.060127,451943.312,451993.281,1,75.060127,"1781613114174","../../../../../../Project/UE5/Gallery/Saved/ScreenRecordings/A037_v2_20260616_203154_screen.mkv",451943.312,451993.281,451968.312,"1781613566116","1781613566166","2026-06-16T20:39:26.116+08:00","2026-06-16T20:39:26.166+08:00",526.453430,EXP2,"exp2_table",4,4,"1:1|2:2|3:3|4:4"
"exp2_target_object","实验二当前目标模型_头顶","Exp2_004_exp2_target_object_0024","video_relative_to_recording_start",rectangle,1179,292,1919,1045,,,,"A037","Exp2_004","E3_SPATIAL_NONPROGRESSIVE",loading,,,,,1,TRUE,550.000,600.000,527.003418,527.053406,1920,1046,"ObjectSlot4",1,1,"video_relative_to_screen_recording_start",75.060127,451943.312,451993.281,1,75.060127,"1781613114174","../../../../../../Project/UE5/Gallery/Saved/ScreenRecordings/A037_v2_20260616_203154_screen.mkv",451943.312,451993.281,451968.312,"1781613566116","1781613566166","2026-06-16T20:39:26.116+08:00","2026-06-16T20:39:26.166+08:00",526.453430,EXP2,"exp2_target",4,4,"1:1|2:2|3:3|4:4"
"exp2_table_objects","实验二桌面四模型总体区域","Exp2_004_exp2_table_objects_0025","video_relative_to_recording_start",rectangle,0,280,1919,1045,,,,"A037","Exp2_004","E3_SPATIAL_NONPROGRESSIVE",loading,,,,,1,TRUE,600.000,650.000,527.053406,527.103455,1920,1046,"ObjectSlot1-4",1,1,"video_relative_to_screen_recording_start",75.060127,451993.281,452043.344,1,75.060127,"1781613114174","../../../../../../Project/UE5/Gallery/Saved/ScreenRecordings/A037_v2_20260616_203154_screen.mkv",451993.281,452043.344,452018.312,"1781613566166","1781613566216","2026-06-16T20:39:26.166+08:00","2026-06-16T20:39:26.216+08:00",526.453430,EXP2,"exp2_table",4,4,"1:1|2:2|3:3|4:4"
"exp2_target_object","实验二当前目标模型_头顶","Exp2_004_exp2_target_object_0026","video_relative_to_recording_start",rectangle,1179,292,1919,1045,,,,"A037","Exp2_004","E3_SPATIAL_NONPROGRESSIVE",loading,,,,,1,TRUE,600.000,650.000,527.053406,527.103455,1920,1046,"ObjectSlot4",1,1,"video_relative_to_screen_recording_start",75.060127,451993.281,452043.344,1,75.060127,"1781613114174","../../../../../../Project/UE5/Gallery/Saved/ScreenRecordings/A037_v2_20260616_203154_screen.mkv",451993.281,452043.344,452018.312,"1781613566166","1781613566216","2026-06-16T20:39:26.166+08:00","2026-06-16T20:39:26.216+08:00",526.453430,EXP2,"exp2_target",4,4,"1:1|2:2|3:3|4:4"
"exp2_table_objects","实验二桌面四模型总体区域","Exp2_004_exp2_table_objects_0027","video_relative_to_recording_start",rectangle,0,280,1919,1045,,,,"A037","Exp2_004","E3_SPATIAL_NONPROGRESSIVE",loading,,,,,1,TRUE,650.000,700.000,527.103455,527.153442,1920,1046,"ObjectSlot1-4",1,1,"video_relative_to_screen_recording_start",75.060127,452043.344,452093.312,1,75.060127,"1781613114174","../../../../../../Project/UE5/Gallery/Saved/ScreenRecordings/A037_v2_20260616_203154_screen.mkv",452043.344,452093.312,452068.312,"1781613566216","1781613566266","2026-06-16T20:39:26.216+08:00","2026-06-16T20:39:26.266+08:00",526.453430,EXP2,"exp2_table",4,4,"1:1|2:2|3:3|4:4"
"exp2_target_object","实验二当前目标模型_头顶","Exp2_004_exp2_target_object_0028","video_relative_to_recording_start",rectangle,1179,292,1919,1045,,,,"A037","Exp2_004","E3_SPATIAL_NONPROGRESSIVE",loading,,,,,1,TRUE,650.000,700.000,527.103455,527.153442,1920,1046,"ObjectSlot4",1,1,"video_relative_to_screen_recording_start",75.060127,452043.344,452093.312,1,75.060127,"1781613114174","../../../../../../Project/UE5/Gallery/Saved/ScreenRecordings/A037_v2_20260616_203154_screen.mkv",452043.344,452093.312,452068.312,"1781613566216","1781613566266","2026-06-16T20:39:26.216+08:00","2026-06-16T20:39:26.266+08:00",526.453430,EXP2,"exp2_target",4,4,"1:1|2:2|3:3|4:4"
"exp2_table_objects","实验二桌面四模型总体区域","Exp2_004_exp2_table_objects_0029","video_relative_to_recording_start",rectangle,0,280,1919,1045,,,,"A037","Exp2_004","E3_SPATIAL_NONPROGRESSIVE",loading,,,,,1,TRUE,700.000,750.000,527.153442,527.203430,1920,1046,"ObjectSlot1-4",1,1,"video_relative_to_screen_recording_start",75.060127,452093.312,452143.312,1,75.060127,"1781613114174","../../../../../../Project/UE5/Gallery/Saved/ScreenRecordings/A037_v2_20260616_203154_screen.mkv",452093.312,452143.312,452118.312,"1781613566266","1781613566316","2026-06-16T20:39:26.266+08:00","2026-06-16T20:39:26.316+08:00",526.453430,EXP2,"exp2_table",4,4,"1:1|2:2|3:3|4:4"
"exp2_target_object","实验二当前目标模型_头顶","Exp2_004_exp2_target_object_0030","video_relative_to_recording_start",rectangle,1179,292,1919,1045,,,,"A037","Exp2_004","E3_SPATIAL_NONPROGRESSIVE",loading,,,,,1,TRUE,700.000,750.000,527.153442,527.203430,1920,1046,"ObjectSlot4",1,1,"video_relative_to_screen_recording_start",75.060127,452093.312,452143.312,1,75.060127,"1781613114174","../../../../../../Project/UE5/Gallery/Saved/ScreenRecordings/A037_v2_20260616_203154_screen.mkv",452093.312,452143.312,452118.312,"1781613566266","1781613566316","2026-06-16T20:39:26.266+08:00","2026-06-16T20:39:26.316+08:00",526.453430,EXP2,"exp2_target",4,4,"1:1|2:2|3:3|4:4"
"exp2_table_objects","实验二桌面四模型总体区域","Exp2_004_exp2_table_objects_0031","video_relative_to_recording_start",rectangle,0,280,1919,1045,,,,"A037","Exp2_004","E3_SPATIAL_NONPROGRESSIVE",loading,,,,,1,TRUE,750.000,800.000,527.203430,527.253418,1920,1046,"ObjectSlot1-4",1,1,"video_relative_to_screen_recording_start",75.060127,452143.312,452193.312,1,75.060127,"1781613114174","../../../../../../Project/UE5/Gallery/Saved/ScreenRecordings/A037_v2_20260616_203154_screen.mkv",452143.312,452193.312,452168.312,"1781613566316","1781613566366","2026-06-16T20:39:26.316+08:00","2026-06-16T20:39:26.366+08:00",526.453430,EXP2,"exp2_table",4,4,"1:1|2:2|3:3|4:4"
"exp2_target_object","实验二当前目标模型_头顶","Exp2_004_exp2_target_object_0032","video_relative_to_recording_start",rectangle,1179,292,1919,1045,,,,"A037","Exp2_004","E3_SPATIAL_NONPROGRESSIVE",loading,,,,,1,TRUE,750.000,800.000,527.203430,527.253418,1920,1046,"ObjectSlot4",1,1,"video_relative_to_screen_recording_start",75.060127,452143.312,452193.312,1,75.060127,"1781613114174","../../../../../../Project/UE5/Gallery/Saved/ScreenRecordings/A037_v2_20260616_203154_screen.mkv",452143.312,452193.312,452168.312,"1781613566316","1781613566366","2026-06-16T20:39:26.316+08:00","2026-06-16T20:39:26.366+08:00",526.453430,EXP2,"exp2_target",4,4,"1:1|2:2|3:3|4:4"
"exp2_table_objects","实验二桌面四模型总体区域","Exp2_004_exp2_table_objects_0033","video_relative_to_recording_start",rectangle,0,280,1919,1045,,,,"A037","Exp2_004","E3_SPATIAL_NONPROGRESSIVE",loading,,,,,1,TRUE,800.000,850.000,527.253418,527.303406,1920,1046,"ObjectSlot1-4",1,1,"video_relative_to_screen_recording_start",75.060127,452193.312,452243.281,1,75.060127,"1781613114174","../../../../../../Project/UE5/Gallery/Saved/ScreenRecordings/A037_v2_20260616_203154_screen.mkv",452193.312,452243.281,452218.312,"1781613566366","1781613566416","2026-06-16T20:39:26.366+08:00","2026-06-16T20:39:26.416+08:00",526.453430,EXP2,"exp2_table",4,4,"1:1|2:2|3:3|4:4"
"exp2_target_object","实验二当前目标模型_头顶","Exp2_004_exp2_target_object_0034","video_relative_to_recording_start",rectangle,1179,292,1919,1045,,,,"A037","Exp2_004","E3_SPATIAL_NONPROGRESSIVE",loading,,,,,1,TRUE,800.000,850.000,527.253418,527.303406,1920,1046,"ObjectSlot4",1,1,"video_relative_to_screen_recording_start",75.060127,452193.312,452243.281,1,75.060127,"1781613114174","../../../../../../Project/UE5/Gallery/Saved/ScreenRecordings/A037_v2_20260616_203154_screen.mkv",452193.312,452243.281,452218.312,"1781613566366","1781613566416","2026-06-16T20:39:26.366+08:00","2026-06-16T20:39:26.416+08:00",526.453430,EXP2,"exp2_target",4,4,"1:1|2:2|3:3|4:4"
"exp2_table_objects","实验二桌面四模型总体区域","Exp2_004_exp2_table_objects_0035","video_relative_to_recording_start",rectangle,0,280,1919,1045,,,,"A037","Exp2_004","E3_SPATIAL_NONPROGRESSIVE",loading,,,,,1,TRUE,850.000,900.000,527.303406,527.353455,1920,1046,"ObjectSlot1-4",1,1,"video_relative_to_screen_recording_start",75.060127,452243.281,452293.344,1,75.060127,"1781613114174","../../../../../../Project/UE5/Gallery/Saved/ScreenRecordings/A037_v2_20260616_203154_screen.mkv",452243.281,452293.344,452268.312,"1781613566416","1781613566466","2026-06-16T20:39:26.416+08:00","2026-06-16T20:39:26.466+08:00",526.453430,EXP2,"exp2_table",4,4,"1:1|2:2|3:3|4:4"
"exp2_target_object","实验二当前目标模型_头顶","Exp2_004_exp2_target_object_0036","video_relative_to_recording_start",rectangle,1179,292,1919,1045,,,,"A037","Exp2_004","E3_SPATIAL_NONPROGRESSIVE",loading,,,,,1,TRUE,850.000,900.000,527.303406,527.353455,1920,1046,"ObjectSlot4",1,1,"video_relative_to_screen_recording_start",75.060127,452243.281,452293.344,1,75.060127,"1781613114174","../../../../../../Project/UE5/Gallery/Saved/ScreenRecordings/A037_v2_20260616_203154_screen.mkv",452243.281,452293.344,452268.312,"1781613566416","1781613566466","2026-06-16T20:39:26.416+08:00","2026-06-16T20:39:26.466+08:00",526.453430,EXP2,"exp2_target",4,4,"1:1|2:2|3:3|4:4"
"exp2_table_objects","实验二桌面四模型总体区域","Exp2_004_exp2_table_objects_0037","video_relative_to_recording_start",rectangle,0,280,1919,1045,,,,"A037","Exp2_004","E3_SPATIAL_NONPROGRESSIVE",loading,,,,,1,TRUE,900.000,950.000,527.353455,527.403442,1920,1046,"ObjectSlot1-4",1,1,"video_relative_to_screen_recording_start",75.060127,452293.344,452343.312,1,75.060127,"1781613114174","../../../../../../Project/UE5/Gallery/Saved/ScreenRecordings/A037_v2_20260616_203154_screen.mkv",452293.344,452343.312,452318.312,"1781613566466","1781613566516","2026-06-16T20:39:26.466+08:00","2026-06-16T20:39:26.516+08:00",526.453430,EXP2,"exp2_table",4,4,"1:1|2:2|3:3|4:4"
"exp2_target_object","实验二当前目标模型_头顶","Exp2_004_exp2_target_object_0038","video_relative_to_recording_start",rectangle,1179,292,1919,1045,,,,"A037","Exp2_004","E3_SPATIAL_NONPROGRESSIVE",loading,,,,,1,TRUE,900.000,950.000,527.353455,527.403442,1920,1046,"ObjectSlot4",1,1,"video_relative_to_screen_recording_start",75.060127,452293.344,452343.312,1,75.060127,"1781613114174","../../../../../../Project/UE5/Gallery/Saved/ScreenRecordings/A037_v2_20260616_203154_screen.mkv",452293.344,452343.312,452318.312,"1781613566466","1781613566516","2026-06-16T20:39:26.466+08:00","2026-06-16T20:39:26.516+08:00",526.453430,EXP2,"exp2_target",4,4,"1:1|2:2|3:3|4:4"
"exp2_table_objects","实验二桌面四模型总体区域","Exp2_004_exp2_table_objects_0039","video_relative_to_recording_start",rectangle,0,280,1919,1045,,,,"A037","Exp2_004","E3_SPATIAL_NONPROGRESSIVE",loading,,,,,1,TRUE,950.000,1000.000,527.403442,527.453430,1920,1046,"ObjectSlot1-4",1,1,"video_relative_to_screen_recording_start",75.060127,452343.312,452393.312,1,75.060127,"1781613114174","../../../../../../Project/UE5/Gallery/Saved/ScreenRecordings/A037_v2_20260616_203154_screen.mkv",452343.312,452393.312,452368.312,"1781613566516","1781613566566","2026-06-16T20:39:26.516+08:00","2026-06-16T20:39:26.566+08:00",526.453430,EXP2,"exp2_table",4,4,"1:1|2:2|3:3|4:4"
"exp2_target_object","实验二当前目标模型_头顶","Exp2_004_exp2_target_object_0040","video_relative_to_recording_start",rectangle,1179,292,1919,1045,,,,"A037","Exp2_004","E3_SPATIAL_NONPROGRESSIVE",loading,,,,,1,TRUE,950.000,1000.000,527.403442,527.453430,1920,1046,"ObjectSlot4",1,1,"video_relative_to_screen_recording_start",75.060127,452343.312,452393.312,1,75.060127,"1781613114174","../../../../../../Project/UE5/Gallery/Saved/ScreenRecordings/A037_v2_20260616_203154_screen.mkv",452343.312,452393.312,452368.312,"1781613566516","1781613566566","2026-06-16T20:39:26.516+08:00","2026-06-16T20:39:26.566+08:00",526.453430,EXP2,"exp2_target",4,4,"1:1|2:2|3:3|4:4"
"exp2_table_objects","实验二桌面四模型总体区域","Exp2_004_exp2_table_objects_0041","video_relative_to_recording_start",rectangle,0,280,1919,1045,,,,"A037","Exp2_004","E3_SPATIAL_NONPROGRESSIVE",loading,,,,,1,TRUE,1000.000,1050.000,527.453430,527.503418,1920,1046,"ObjectSlot1-4",1,1,"video_relative_to_screen_recording_start",75.060127,452393.312,452443.312,1,75.060127,"1781613114174","../../../../../../Project/UE5/Gallery/Saved/ScreenRecordings/A037_v2_20260616_203154_screen.mkv",452393.312,452443.312,452418.312,"1781613566566","1781613566616","2026-06-16T20:39:26.566+08:00","2026-06-16T20:39:26.616+08:00",526.453430,EXP2,"exp2_table",4,4,"1:1|2:2|3:3|4:4"
"exp2_target_object","实验二当前目标模型_头顶","Exp2_004_exp2_target_object_0042","video_relative_to_recording_start",rectangle,1179,292,1919,1045,,,,"A037","Exp2_004","E3_SPATIAL_NONPROGRESSIVE",loading,,,,,1,TRUE,1000.000,1050.000,527.453430,527.503418,1920,1046,"ObjectSlot4",1,1,"video_relative_to_screen_recording_start",75.060127,452393.312,452443.312,1,75.060127,"1781613114174","../../../../../../Project/UE5/Gallery/Saved/ScreenRecordings/A037_v2_20260616_203154_screen.mkv",452393.312,452443.312,452418.312,"1781613566566","1781613566616","2026-06-16T20:39:26.566+08:00","2026-06-16T20:39:26.616+08:00",526.453430,EXP2,"exp2_target",4,4,"1:1|2:2|3:3|4:4"
"exp2_table_objects","实验二桌面四模型总体区域","Exp2_004_exp2_table_objects_0043","video_relative_to_recording_start",rectangle,0,280,1919,1045,,,,"A037","Exp2_004","E3_SPATIAL_NONPROGRESSIVE",loading,,,,,1,TRUE,1050.000,1100.000,527.503418,527.553406,1920,1046,"ObjectSlot1-4",1,1,"video_relative_to_screen_recording_start",75.060127,452443.312,452493.281,1,75.060127,"1781613114174","../../../../../../Project/UE5/Gallery/Saved/ScreenRecordings/A037_v2_20260616_203154_screen.mkv",452443.312,452493.281,452468.312,"1781613566616","1781613566666","2026-06-16T20:39:26.616+08:00","2026-06-16T20:39:26.666+08:00",526.453430,EXP2,"exp2_table",4,4,"1:1|2:2|3:3|4:4"
"exp2_target_object","实验二当前目标模型_头顶","Exp2_004_exp2_target_object_0044","video_relative_to_recording_start",rectangle,1179,292,1919,1045,,,,"A037","Exp2_004","E3_SPATIAL_NONPROGRESSIVE",loading,,,,,1,TRUE,1050.000,1100.000,527.503418,527.553406,1920,1046,"ObjectSlot4",1,1,"video_relative_to_screen_recording_start",75.060127,452443.312,452493.281,1,75.060127,"1781613114174","../../../../../../Project/UE5/Gallery/Saved/ScreenRecordings/A037_v2_20260616_203154_screen.mkv",452443.312,452493.281,452468.312,"1781613566616","1781613566666","2026-06-16T20:39:26.616+08:00","2026-06-16T20:39:26.666+08:00",526.453430,EXP2,"exp2_target",4,4,"1:1|2:2|3:3|4:4"
"exp2_table_objects","实验二桌面四模型总体区域","Exp2_004_exp2_table_objects_0045","video_relative_to_recording_start",rectangle,0,280,1919,1045,,,,"A037","Exp2_004","E3_SPATIAL_NONPROGRESSIVE",loading,,,,,1,TRUE,1100.000,1150.000,527.553406,527.603455,1920,1046,"ObjectSlot1-4",1,1,"video_relative_to_screen_recording_start",75.060127,452493.281,452543.344,1,75.060127,"1781613114174","../../../../../../Project/UE5/Gallery/Saved/ScreenRecordings/A037_v2_20260616_203154_screen.mkv",452493.281,452543.344,452518.312,"1781613566666","1781613566716","2026-06-16T20:39:26.666+08:00","2026-06-16T20:39:26.716+08:00",526.453430,EXP2,"exp2_table",4,4,"1:1|2:2|3:3|4:4"
"exp2_target_object","实验二当前目标模型_头顶","Exp2_004_exp2_target_object_0046","video_relative_to_recording_start",rectangle,1179,292,1919,1045,,,,"A037","Exp2_004","E3_SPATIAL_NONPROGRESSIVE",loading,,,,,1,TRUE,1100.000,1150.000,527.553406,527.603455,1920,1046,"ObjectSlot4",1,1,"video_relative_to_screen_recording_start",75.060127,452493.281,452543.344,1,75.060127,"1781613114174","../../../../../../Project/UE5/Gallery/Saved/ScreenRecordings/A037_v2_20260616_203154_screen.mkv",452493.281,452543.344,452518.312,"1781613566666","1781613566716","2026-06-16T20:39:26.666+08:00","2026-06-16T20:39:26.716+08:00",526.453430,EXP2,"exp2_target",4,4,"1:1|2:2|3:3|4:4"
"exp2_table_objects","实验二桌面四模型总体区域","Exp2_004_exp2_table_objects_0047","video_relative_to_recording_start",rectangle,0,280,1919,1045,,,,"A037","Exp2_004","E3_SPATIAL_NONPROGRESSIVE",loading,,,,,1,TRUE,1150.000,1200.000,527.603455,527.653442,1920,1046,"ObjectSlot1-4",1,1,"video_relative_to_screen_recording_start",75.060127,452543.344,452593.312,1,75.060127,"1781613114174","../../../../../../Project/UE5/Gallery/Saved/ScreenRecordings/A037_v2_20260616_203154_screen.mkv",452543.344,452593.312,452568.312,"1781613566716","1781613566766","2026-06-16T20:39:26.716+08:00","2026-06-16T20:39:26.766+08:00",526.453430,EXP2,"exp2_table",4,4,"1:1|2:2|3:3|4:4"
"exp2_target_object","实验二当前目标模型_头顶","Exp2_004_exp2_target_object_0048","video_relative_to_recording_start",rectangle,1179,292,1919,1045,,,,"A037","Exp2_004","E3_SPATIAL_NONPROGRESSIVE",loading,,,,,1,TRUE,1150.000,1200.000,527.603455,527.653442,1920,1046,"ObjectSlot4",1,1,"video_relative_to_screen_recording_start",75.060127,452543.344,452593.312,1,75.060127,"1781613114174","../../../../../../Project/UE5/Gallery/Saved/ScreenRecordings/A037_v2_20260616_203154_screen.mkv",452543.344,452593.312,452568.312,"1781613566716","1781613566766","2026-06-16T20:39:26.716+08:00","2026-06-16T20:39:26.766+08:00",526.453430,EXP2,"exp2_target",4,4,"1:1|2:2|3:3|4:4"
"exp2_table_objects","实验二桌面四模型总体区域","Exp2_004_exp2_table_objects_0049","video_relative_to_recording_start",rectangle,0,280,1919,1045,,,,"A037","Exp2_004","E3_SPATIAL_NONPROGRESSIVE",loading,,,,,1,TRUE,1200.000,1250.000,527.653442,527.703430,1920,1046,"ObjectSlot1-4",1,1,"video_relative_to_screen_recording_start",75.060127,452593.312,452643.312,1,75.060127,"1781613114174","../../../../../../Project/UE5/Gallery/Saved/ScreenRecordings/A037_v2_20260616_203154_screen.mkv",452593.312,452643.312,452618.312,"1781613566766","1781613566816","2026-06-16T20:39:26.766+08:00","2026-06-16T20:39:26.816+08:00",526.453430,EXP2,"exp2_table",4,4,"1:1|2:2|3:3|4:4"
"exp2_target_object","实验二当前目标模型_头顶","Exp2_004_exp2_target_object_0050","video_relative_to_recording_start",rectangle,1179,292,1919,1045,,,,"A037","Exp2_004","E3_SPATIAL_NONPROGRESSIVE",loading,,,,,1,TRUE,1200.000,1250.000,527.653442,527.703430,1920,1046,"ObjectSlot4",1,1,"video_relative_to_screen_recording_start",75.060127,452593.312,452643.312,1,75.060127,"1781613114174","../../../../../../Project/UE5/Gallery/Saved/ScreenRecordings/A037_v2_20260616_203154_screen.mkv",452593.312,452643.312,452618.312,"1781613566766","1781613566816","2026-06-16T20:39:26.766+08:00","2026-06-16T20:39:26.816+08:00",526.453430,EXP2,"exp2_target",4,4,"1:1|2:2|3:3|4:4"
"exp2_table_objects","实验二桌面四模型总体区域","Exp2_004_exp2_table_objects_0051","video_relative_to_recording_start",rectangle,0,280,1919,1045,,,,"A037","Exp2_004","E3_SPATIAL_NONPROGRESSIVE",loading,,,,,1,TRUE,1250.000,1300.000,527.703430,527.753418,1920,1046,"ObjectSlot1-4",1,1,"video_relative_to_screen_recording_start",75.060127,452643.312,452693.312,1,75.060127,"1781613114174","../../../../../../Project/UE5/Gallery/Saved/ScreenRecordings/A037_v2_20260616_203154_screen.mkv",452643.312,452693.312,452668.312,"1781613566816","1781613566866","2026-06-16T20:39:26.816+08:00","2026-06-16T20:39:26.866+08:00",526.453430,EXP2,"exp2_table",4,4,"1:1|2:2|3:3|4:4"
"exp2_target_object","实验二当前目标模型_头顶","Exp2_004_exp2_target_object_0052","video_relative_to_recording_start",rectangle,1179,292,1919,1045,,,,"A037","Exp2_004","E3_SPATIAL_NONPROGRESSIVE",loading,,,,,1,TRUE,1250.000,1300.000,527.703430,527.753418,1920,1046,"ObjectSlot4",1,1,"video_relative_to_screen_recording_start",75.060127,452643.312,452693.312,1,75.060127,"1781613114174","../../../../../../Project/UE5/Gallery/Saved/ScreenRecordings/A037_v2_20260616_203154_screen.mkv",452643.312,452693.312,452668.312,"1781613566816","1781613566866","2026-06-16T20:39:26.816+08:00","2026-06-16T20:39:26.866+08:00",526.453430,EXP2,"exp2_target",4,4,"1:1|2:2|3:3|4:4"
"exp2_table_objects","实验二桌面四模型总体区域","Exp2_004_exp2_table_objects_0053","video_relative_to_recording_start",rectangle,0,280,1919,1045,,,,"A037","Exp2_004","E3_SPATIAL_NONPROGRESSIVE",loading,,,,,1,TRUE,1300.000,1350.000,527.753418,527.803406,1920,1046,"ObjectSlot1-4",1,1,"video_relative_to_screen_recording_start",75.060127,452693.312,452743.281,1,75.060127,"1781613114174","../../../../../../Project/UE5/Gallery/Saved/ScreenRecordings/A037_v2_20260616_203154_screen.mkv",452693.312,452743.281,452718.312,"1781613566866","1781613566916","2026-06-16T20:39:26.866+08:00","2026-06-16T20:39:26.916+08:00",526.453430,EXP2,"exp2_table",4,4,"1:1|2:2|3:3|4:4"
"exp2_target_object","实验二当前目标模型_头顶","Exp2_004_exp2_target_object_0054","video_relative_to_recording_start",rectangle,1179,292,1919,1045,,,,"A037","Exp2_004","E3_SPATIAL_NONPROGRESSIVE",loading,,,,,1,TRUE,1300.000,1350.000,527.753418,527.803406,1920,1046,"ObjectSlot4",1,1,"video_relative_to_screen_recording_start",75.060127,452693.312,452743.281,1,75.060127,"1781613114174","../../../../../../Project/UE5/Gallery/Saved/ScreenRecordings/A037_v2_20260616_203154_screen.mkv",452693.312,452743.281,452718.312,"1781613566866","1781613566916","2026-06-16T20:39:26.866+08:00","2026-06-16T20:39:26.916+08:00",526.453430,EXP2,"exp2_target",4,4,"1:1|2:2|3:3|4:4"
"exp2_table_objects","实验二桌面四模型总体区域","Exp2_004_exp2_table_objects_0055","video_relative_to_recording_start",rectangle,0,280,1919,1045,,,,"A037","Exp2_004","E3_SPATIAL_NONPROGRESSIVE",loading,,,,,1,TRUE,1350.000,1400.000,527.803406,527.853455,1920,1046,"ObjectSlot1-4",1,1,"video_relative_to_screen_recording_start",75.060127,452743.281,452793.344,1,75.060127,"1781613114174","../../../../../../Project/UE5/Gallery/Saved/ScreenRecordings/A037_v2_20260616_203154_screen.mkv",452743.281,452793.344,452768.312,"1781613566916","1781613566966","2026-06-16T20:39:26.916+08:00","2026-06-16T20:39:26.966+08:00",526.453430,EXP2,"exp2_table",4,4,"1:1|2:2|3:3|4:4"
"exp2_target_object","实验二当前目标模型_头顶","Exp2_004_exp2_target_object_0056","video_relative_to_recording_start",rectangle,1179,292,1919,1045,,,,"A037","Exp2_004","E3_SPATIAL_NONPROGRESSIVE",loading,,,,,1,TRUE,1350.000,1400.000,527.803406,527.853455,1920,1046,"ObjectSlot4",1,1,"video_relative_to_screen_recording_start",75.060127,452743.281,452793.344,1,75.060127,"1781613114174","../../../../../../Project/UE5/Gallery/Saved/ScreenRecordings/A037_v2_20260616_203154_screen.mkv",452743.281,452793.344,452768.312,"1781613566916","1781613566966","2026-06-16T20:39:26.916+08:00","2026-06-16T20:39:26.966+08:00",526.453430,EXP2,"exp2_target",4,4,"1:1|2:2|3:3|4:4"
"exp2_table_objects","实验二桌面四模型总体区域","Exp2_004_exp2_table_objects_0057","video_relative_to_recording_start",rectangle,0,280,1919,1045,,,,"A037","Exp2_004","E3_SPATIAL_NONPROGRESSIVE",loading,,,,,1,TRUE,1400.000,1450.000,527.853455,527.903442,1920,1046,"ObjectSlot1-4",1,1,"video_relative_to_screen_recording_start",75.060127,452793.344,452843.312,1,75.060127,"1781613114174","../../../../../../Project/UE5/Gallery/Saved/ScreenRecordings/A037_v2_20260616_203154_screen.mkv",452793.344,452843.312,452818.312,"1781613566966","1781613567016","2026-06-16T20:39:26.966+08:00","2026-06-16T20:39:27.016+08:00",526.453430,EXP2,"exp2_table",4,4,"1:1|2:2|3:3|4:4"
"exp2_target_object","实验二当前目标模型_头顶","Exp2_004_exp2_target_object_0058","video_relative_to_recording_start",rectangle,1179,292,1919,1045,,,,"A037","Exp2_004","E3_SPATIAL_NONPROGRESSIVE",loading,,,,,1,TRUE,1400.000,1450.000,527.853455,527.903442,1920,1046,"ObjectSlot4",1,1,"video_relative_to_screen_recording_start",75.060127,452793.344,452843.312,1,75.060127,"1781613114174","../../../../../../Project/UE5/Gallery/Saved/ScreenRecordings/A037_v2_20260616_203154_screen.mkv",452793.344,452843.312,452818.312,"1781613566966","1781613567016","2026-06-16T20:39:26.966+08:00","2026-06-16T20:39:27.016+08:00",526.453430,EXP2,"exp2_target",4,4,"1:1|2:2|3:3|4:4"
"exp2_table_objects","实验二桌面四模型总体区域","Exp2_004_exp2_table_objects_0059","video_relative_to_recording_start",rectangle,0,280,1919,1045,,,,"A037","Exp2_004","E3_SPATIAL_NONPROGRESSIVE",loading,,,,,1,TRUE,1450.000,1500.000,527.903442,527.953430,1920,1046,"ObjectSlot1-4",1,1,"video_relative_to_screen_recording_start",75.060127,452843.312,452893.312,1,75.060127,"1781613114174","../../../../../../Project/UE5/Gallery/Saved/ScreenRecordings/A037_v2_20260616_203154_screen.mkv",452843.312,452893.312,452868.312,"1781613567016","1781613567066","2026-06-16T20:39:27.016+08:00","2026-06-16T20:39:27.066+08:00",526.453430,EXP2,"exp2_table",4,4,"1:1|2:2|3:3|4:4"
"exp2_target_object","实验二当前目标模型_头顶","Exp2_004_exp2_target_object_0060","video_relative_to_recording_start",rectangle,1179,292,1919,1045,,,,"A037","Exp2_004","E3_SPATIAL_NONPROGRESSIVE",loading,,,,,1,TRUE,1450.000,1500.000,527.903442,527.953430,1920,1046,"ObjectSlot4",1,1,"video_relative_to_screen_recording_start",75.060127,452843.312,452893.312,1,75.060127,"1781613114174","../../../../../../Project/UE5/Gallery/Saved/ScreenRecordings/A037_v2_20260616_203154_screen.mkv",452843.312,452893.312,452868.312,"1781613567016","1781613567066","2026-06-16T20:39:27.016+08:00","2026-06-16T20:39:27.066+08:00",526.453430,EXP2,"exp2_target",4,4,"1:1|2:2|3:3|4:4"
"exp2_table_objects","实验二桌面四模型总体区域","Exp2_004_exp2_table_objects_0061","video_relative_to_recording_start",rectangle,0,280,1919,1045,,,,"A037","Exp2_004","E3_SPATIAL_NONPROGRESSIVE",loading,,,,,1,TRUE,1500.000,1550.000,527.953430,528.003418,1920,1046,"ObjectSlot1-4",1,1,"video_relative_to_screen_recording_start",75.060127,452893.312,452943.312,1,75.060127,"1781613114174","../../../../../../Project/UE5/Gallery/Saved/ScreenRecordings/A037_v2_20260616_203154_screen.mkv",452893.312,452943.312,452918.312,"1781613567066","1781613567116","2026-06-16T20:39:27.066+08:00","2026-06-16T20:39:27.116+08:00",526.453430,EXP2,"exp2_table",4,4,"1:1|2:2|3:3|4:4"
"exp2_target_object","实验二当前目标模型_头顶","Exp2_004_exp2_target_object_0062","video_relative_to_recording_start",rectangle,1179,292,1919,1045,,,,"A037","Exp2_004","E3_SPATIAL_NONPROGRESSIVE",loading,,,,,1,TRUE,1500.000,1550.000,527.953430,528.003418,1920,1046,"ObjectSlot4",1,1,"video_relative_to_screen_recording_start",75.060127,452893.312,452943.312,1,75.060127,"1781613114174","../../../../../../Project/UE5/Gallery/Saved/ScreenRecordings/A037_v2_20260616_203154_screen.mkv",452893.312,452943.312,452918.312,"1781613567066","1781613567116","2026-06-16T20:39:27.066+08:00","2026-06-16T20:39:27.116+08:00",526.453430,EXP2,"exp2_target",4,4,"1:1|2:2|3:3|4:4"
"exp2_table_objects","实验二桌面四模型总体区域","Exp2_004_exp2_table_objects_0063","video_relative_to_recording_start",rectangle,0,280,1919,1045,,,,"A037","Exp2_004","E3_SPATIAL_NONPROGRESSIVE",loading,,,,,1,TRUE,1550.000,1600.000,528.003418,528.053406,1920,1046,"ObjectSlot1-4",1,1,"video_relative_to_screen_recording_start",75.060127,452943.312,452993.281,1,75.060127,"1781613114174","../../../../../../Project/UE5/Gallery/Saved/ScreenRecordings/A037_v2_20260616_203154_screen.mkv",452943.312,452993.281,452968.312,"1781613567116","1781613567166","2026-06-16T20:39:27.116+08:00","2026-06-16T20:39:27.166+08:00",526.453430,EXP2,"exp2_table",4,4,"1:1|2:2|3:3|4:4"
"exp2_target_object","实验二当前目标模型_头顶","Exp2_004_exp2_target_object_0064","video_relative_to_recording_start",rectangle,1179,292,1919,1045,,,,"A037","Exp2_004","E3_SPATIAL_NONPROGRESSIVE",loading,,,,,1,TRUE,1550.000,1600.000,528.003418,528.053406,1920,1046,"ObjectSlot4",1,1,"video_relative_to_screen_recording_start",75.060127,452943.312,452993.281,1,75.060127,"1781613114174","../../../../../../Project/UE5/Gallery/Saved/ScreenRecordings/A037_v2_20260616_203154_screen.mkv",452943.312,452993.281,452968.312,"1781613567116","1781613567166","2026-06-16T20:39:27.116+08:00","2026-06-16T20:39:27.166+08:00",526.453430,EXP2,"exp2_target",4,4,"1:1|2:2|3:3|4:4"
"exp2_table_objects","实验二桌面四模型总体区域","Exp2_004_exp2_table_objects_0065","video_relative_to_recording_start",rectangle,0,280,1919,1045,,,,"A037","Exp2_004","E3_SPATIAL_NONPROGRESSIVE",loading,,,,,1,TRUE,1600.000,1650.000,528.053406,528.103455,1920,1046,"ObjectSlot1-4",1,1,"video_relative_to_screen_recording_start",75.060127,452993.281,453043.344,1,75.060127,"1781613114174","../../../../../../Project/UE5/Gallery/Saved/ScreenRecordings/A037_v2_20260616_203154_screen.mkv",452993.281,453043.344,453018.312,"1781613567166","1781613567216","2026-06-16T20:39:27.166+08:00","2026-06-16T20:39:27.216+08:00",526.453430,EXP2,"exp2_table",4,4,"1:1|2:2|3:3|4:4"
"exp2_target_object","实验二当前目标模型_头顶","Exp2_004_exp2_target_object_0066","video_relative_to_recording_start",rectangle,1179,292,1919,1045,,,,"A037","Exp2_004","E3_SPATIAL_NONPROGRESSIVE",loading,,,,,1,TRUE,1600.000,1650.000,528.053406,528.103455,1920,1046,"ObjectSlot4",1,1,"video_relative_to_screen_recording_start",75.060127,452993.281,453043.344,1,75.060127,"1781613114174","../../../../../../Project/UE5/Gallery/Saved/ScreenRecordings/A037_v2_20260616_203154_screen.mkv",452993.281,453043.344,453018.312,"1781613567166","1781613567216","2026-06-16T20:39:27.166+08:00","2026-06-16T20:39:27.216+08:00",526.453430,EXP2,"exp2_target",4,4,"1:1|2:2|3:3|4:4"
"exp2_table_objects","实验二桌面四模型总体区域","Exp2_004_exp2_table_objects_0067","video_relative_to_recording_start",rectangle,0,280,1919,1045,,,,"A037","Exp2_004","E3_SPATIAL_NONPROGRESSIVE",loading,,,,,1,TRUE,1650.000,1700.000,528.103455,528.153442,1920,1046,"ObjectSlot1-4",1,1,"video_relative_to_screen_recording_start",75.060127,453043.344,453093.312,1,75.060127,"1781613114174","../../../../../../Project/UE5/Gallery/Saved/ScreenRecordings/A037_v2_20260616_203154_screen.mkv",453043.344,453093.312,453068.312,"1781613567216","1781613567266","2026-06-16T20:39:27.216+08:00","2026-06-16T20:39:27.266+08:00",526.453430,EXP2,"exp2_table",4,4,"1:1|2:2|3:3|4:4"
"exp2_target_object","实验二当前目标模型_头顶","Exp2_004_exp2_target_object_0068","video_relative_to_recording_start",rectangle,1179,292,1919,1045,,,,"A037","Exp2_004","E3_SPATIAL_NONPROGRESSIVE",loading,,,,,1,TRUE,1650.000,1700.000,528.103455,528.153442,1920,1046,"ObjectSlot4",1,1,"video_relative_to_screen_recording_start",75.060127,453043.344,453093.312,1,75.060127,"1781613114174","../../../../../../Project/UE5/Gallery/Saved/ScreenRecordings/A037_v2_20260616_203154_screen.mkv",453043.344,453093.312,453068.312,"1781613567216","1781613567266","2026-06-16T20:39:27.216+08:00","2026-06-16T20:39:27.266+08:00",526.453430,EXP2,"exp2_target",4,4,"1:1|2:2|3:3|4:4"
"exp2_table_objects","实验二桌面四模型总体区域","Exp2_004_exp2_table_objects_0069","video_relative_to_recording_start",rectangle,0,280,1919,1045,,,,"A037","Exp2_004","E3_SPATIAL_NONPROGRESSIVE",loading,,,,,1,TRUE,1700.000,1750.000,528.153442,528.203430,1920,1046,"ObjectSlot1-4",1,1,"video_relative_to_screen_recording_start",75.060127,453093.312,453143.312,1,75.060127,"1781613114174","../../../../../../Project/UE5/Gallery/Saved/ScreenRecordings/A037_v2_20260616_203154_screen.mkv",453093.312,453143.312,453118.312,"1781613567266","1781613567316","2026-06-16T20:39:27.266+08:00","2026-06-16T20:39:27.316+08:00",526.453430,EXP2,"exp2_table",4,4,"1:1|2:2|3:3|4:4"
"exp2_target_object","实验二当前目标模型_头顶","Exp2_004_exp2_target_object_0070","video_relative_to_recording_start",rectangle,1179,292,1919,1045,,,,"A037","Exp2_004","E3_SPATIAL_NONPROGRESSIVE",loading,,,,,1,TRUE,1700.000,1750.000,528.153442,528.203430,1920,1046,"ObjectSlot4",1,1,"video_relative_to_screen_recording_start",75.060127,453093.312,453143.312,1,75.060127,"1781613114174","../../../../../../Project/UE5/Gallery/Saved/ScreenRecordings/A037_v2_20260616_203154_screen.mkv",453093.312,453143.312,453118.312,"1781613567266","1781613567316","2026-06-16T20:39:27.266+08:00","2026-06-16T20:39:27.316+08:00",526.453430,EXP2,"exp2_target",4,4,"1:1|2:2|3:3|4:4"
"exp2_table_objects","实验二桌面四模型总体区域","Exp2_004_exp2_table_objects_0071","video_relative_to_recording_start",rectangle,0,280,1919,1045,,,,"A037","Exp2_004","E3_SPATIAL_NONPROGRESSIVE",loading,,,,,1,TRUE,1750.000,1800.000,528.203430,528.253418,1920,1046,"ObjectSlot1-4",1,1,"video_relative_to_screen_recording_start",75.060127,453143.312,453193.312,1,75.060127,"1781613114174","../../../../../../Project/UE5/Gallery/Saved/ScreenRecordings/A037_v2_20260616_203154_screen.mkv",453143.312,453193.312,453168.312,"1781613567316","1781613567366","2026-06-16T20:39:27.316+08:00","2026-06-16T20:39:27.366+08:00",526.453430,EXP2,"exp2_table",4,4,"1:1|2:2|3:3|4:4"
"exp2_target_object","实验二当前目标模型_头顶","Exp2_004_exp2_target_object_0072","video_relative_to_recording_start",rectangle,1179,292,1919,1045,,,,"A037","Exp2_004","E3_SPATIAL_NONPROGRESSIVE",loading,,,,,1,TRUE,1750.000,1800.000,528.203430,528.253418,1920,1046,"ObjectSlot4",1,1,"video_relative_to_screen_recording_start",75.060127,453143.312,453193.312,1,75.060127,"1781613114174","../../../../../../Project/UE5/Gallery/Saved/ScreenRecordings/A037_v2_20260616_203154_screen.mkv",453143.312,453193.312,453168.312,"1781613567316","1781613567366","2026-06-16T20:39:27.316+08:00","2026-06-16T20:39:27.366+08:00",526.453430,EXP2,"exp2_target",4,4,"1:1|2:2|3:3|4:4"
"exp2_table_objects","实验二桌面四模型总体区域","Exp2_004_exp2_table_objects_0073","video_relative_to_recording_start",rectangle,0,280,1919,1045,,,,"A037","Exp2_004","E3_SPATIAL_NONPROGRESSIVE",loading,,,,,1,TRUE,1800.000,1850.000,528.253418,528.303406,1920,1046,"ObjectSlot1-4",1,1,"video_relative_to_screen_recording_start",75.060127,453193.312,453243.281,1,75.060127,"1781613114174","../../../../../../Project/UE5/Gallery/Saved/ScreenRecordings/A037_v2_20260616_203154_screen.mkv",453193.312,453243.281,453218.312,"1781613567366","1781613567416","2026-06-16T20:39:27.366+08:00","2026-06-16T20:39:27.416+08:00",526.453430,EXP2,"exp2_table",4,4,"1:1|2:2|3:3|4:4"
"exp2_target_object","实验二当前目标模型_头顶","Exp2_004_exp2_target_object_0074","video_relative_to_recording_start",rectangle,1179,292,1919,1045,,,,"A037","Exp2_004","E3_SPATIAL_NONPROGRESSIVE",loading,,,,,1,TRUE,1800.000,1850.000,528.253418,528.303406,1920,1046,"ObjectSlot4",1,1,"video_relative_to_screen_recording_start",75.060127,453193.312,453243.281,1,75.060127,"1781613114174","../../../../../../Project/UE5/Gallery/Saved/ScreenRecordings/A037_v2_20260616_203154_screen.mkv",453193.312,453243.281,453218.312,"1781613567366","1781613567416","2026-06-16T20:39:27.366+08:00","2026-06-16T20:39:27.416+08:00",526.453430,EXP2,"exp2_target",4,4,"1:1|2:2|3:3|4:4"
"exp2_table_objects","实验二桌面四模型总体区域","Exp2_004_exp2_table_objects_0075","video_relative_to_recording_start",rectangle,0,280,1919,1045,,,,"A037","Exp2_004","E3_SPATIAL_NONPROGRESSIVE",loading,,,,,1,TRUE,1850.000,1900.000,528.303406,528.353455,1920,1046,"ObjectSlot1-4",1,1,"video_relative_to_screen_recording_start",75.060127,453243.281,453293.344,1,75.060127,"1781613114174","../../../../../../Project/UE5/Gallery/Saved/ScreenRecordings/A037_v2_20260616_203154_screen.mkv",453243.281,453293.344,453268.312,"1781613567416","1781613567466","2026-06-16T20:39:27.416+08:00","2026-06-16T20:39:27.466+08:00",526.453430,EXP2,"exp2_table",4,4,"1:1|2:2|3:3|4:4"
"exp2_target_object","实验二当前目标模型_头顶","Exp2_004_exp2_target_object_0076","video_relative_to_recording_start",rectangle,1179,292,1919,1045,,,,"A037","Exp2_004","E3_SPATIAL_NONPROGRESSIVE",loading,,,,,1,TRUE,1850.000,1900.000,528.303406,528.353455,1920,1046,"ObjectSlot4",1,1,"video_relative_to_screen_recording_start",75.060127,453243.281,453293.344,1,75.060127,"1781613114174","../../../../../../Project/UE5/Gallery/Saved/ScreenRecordings/A037_v2_20260616_203154_screen.mkv",453243.281,453293.344,453268.312,"1781613567416","1781613567466","2026-06-16T20:39:27.416+08:00","2026-06-16T20:39:27.466+08:00",526.453430,EXP2,"exp2_target",4,4,"1:1|2:2|3:3|4:4"
"exp2_table_objects","实验二桌面四模型总体区域","Exp2_004_exp2_table_objects_0077","video_relative_to_recording_start",rectangle,0,280,1919,1045,,,,"A037","Exp2_004","E3_SPATIAL_NONPROGRESSIVE",loading,,,,,1,TRUE,1900.000,1950.000,528.353455,528.403442,1920,1046,"ObjectSlot1-4",1,1,"video_relative_to_screen_recording_start",75.060127,453293.344,453343.312,1,75.060127,"1781613114174","../../../../../../Project/UE5/Gallery/Saved/ScreenRecordings/A037_v2_20260616_203154_screen.mkv",453293.344,453343.312,453318.312,"1781613567466","1781613567516","2026-06-16T20:39:27.466+08:00","2026-06-16T20:39:27.516+08:00",526.453430,EXP2,"exp2_table",4,4,"1:1|2:2|3:3|4:4"
"exp2_target_object","实验二当前目标模型_头顶","Exp2_004_exp2_target_object_0078","video_relative_to_recording_start",rectangle,1179,292,1919,1045,,,,"A037","Exp2_004","E3_SPATIAL_NONPROGRESSIVE",loading,,,,,1,TRUE,1900.000,1950.000,528.353455,528.403442,1920,1046,"ObjectSlot4",1,1,"video_relative_to_screen_recording_start",75.060127,453293.344,453343.312,1,75.060127,"1781613114174","../../../../../../Project/UE5/Gallery/Saved/ScreenRecordings/A037_v2_20260616_203154_screen.mkv",453293.344,453343.312,453318.312,"1781613567466","1781613567516","2026-06-16T20:39:27.466+08:00","2026-06-16T20:39:27.516+08:00",526.453430,EXP2,"exp2_target",4,4,"1:1|2:2|3:3|4:4"
"exp2_table_objects","实验二桌面四模型总体区域","Exp2_004_exp2_table_objects_0079","video_relative_to_recording_start",rectangle,0,280,1919,1045,,,,"A037","Exp2_004","E3_SPATIAL_NONPROGRESSIVE",loading,,,,,1,TRUE,1950.000,2000.000,528.403442,528.453430,1920,1046,"ObjectSlot1-4",1,1,"video_relative_to_screen_recording_start",75.060127,453343.312,453393.312,1,75.060127,"1781613114174","../../../../../../Project/UE5/Gallery/Saved/ScreenRecordings/A037_v2_20260616_203154_screen.mkv",453343.312,453393.312,453368.312,"1781613567516","1781613567566","2026-06-16T20:39:27.516+08:00","2026-06-16T20:39:27.566+08:00",526.453430,EXP2,"exp2_table",4,4,"1:1|2:2|3:3|4:4"
"exp2_target_object","实验二当前目标模型_头顶","Exp2_004_exp2_target_object_0080","video_relative_to_recording_start",rectangle,1179,292,1919,1045,,,,"A037","Exp2_004","E3_SPATIAL_NONPROGRESSIVE",loading,,,,,1,TRUE,1950.000,2000.000,528.403442,528.453430,1920,1046,"ObjectSlot4",1,1,"video_relative_to_screen_recording_start",75.060127,453343.312,453393.312,1,75.060127,"1781613114174","../../../../../../Project/UE5/Gallery/Saved/ScreenRecordings/A037_v2_20260616_203154_screen.mkv",453343.312,453393.312,453368.312,"1781613567516","1781613567566","2026-06-16T20:39:27.516+08:00","2026-06-16T20:39:27.566+08:00",526.453430,EXP2,"exp2_target",4,4,"1:1|2:2|3:3|4:4"
"exp2_table_objects","实验二桌面四模型总体区域","Exp2_004_exp2_table_objects_0081","video_relative_to_recording_start",rectangle,0,280,1919,1045,,,,"A037","Exp2_004","E3_SPATIAL_NONPROGRESSIVE",loading,,,,,1,TRUE,2000.000,2050.000,528.453430,528.503418,1920,1046,"ObjectSlot1-4",1,1,"video_relative_to_screen_recording_start",75.060127,453393.312,453443.312,1,75.060127,"1781613114174","../../../../../../Project/UE5/Gallery/Saved/ScreenRecordings/A037_v2_20260616_203154_screen.mkv",453393.312,453443.312,453418.312,"1781613567566","1781613567616","2026-06-16T20:39:27.566+08:00","2026-06-16T20:39:27.616+08:00",526.453430,EXP2,"exp2_table",4,4,"1:1|2:2|3:3|4:4"
"exp2_target_object","实验二当前目标模型_头顶","Exp2_004_exp2_target_object_0082","video_relative_to_recording_start",rectangle,1179,292,1919,1045,,,,"A037","Exp2_004","E3_SPATIAL_NONPROGRESSIVE",loading,,,,,1,TRUE,2000.000,2050.000,528.453430,528.503418,1920,1046,"ObjectSlot4",1,1,"video_relative_to_screen_recording_start",75.060127,453393.312,453443.312,1,75.060127,"1781613114174","../../../../../../Project/UE5/Gallery/Saved/ScreenRecordings/A037_v2_20260616_203154_screen.mkv",453393.312,453443.312,453418.312,"1781613567566","1781613567616","2026-06-16T20:39:27.566+08:00","2026-06-16T20:39:27.616+08:00",526.453430,EXP2,"exp2_target",4,4,"1:1|2:2|3:3|4:4"
"exp2_table_objects","实验二桌面四模型总体区域","Exp2_004_exp2_table_objects_0083","video_relative_to_recording_start",rectangle,0,280,1919,1045,,,,"A037","Exp2_004","E3_SPATIAL_NONPROGRESSIVE",loading,,,,,1,TRUE,2050.000,2100.000,528.503418,528.553406,1920,1046,"ObjectSlot1-4",1,1,"video_relative_to_screen_recording_start",75.060127,453443.312,453493.281,1,75.060127,"1781613114174","../../../../../../Project/UE5/Gallery/Saved/ScreenRecordings/A037_v2_20260616_203154_screen.mkv",453443.312,453493.281,453468.312,"1781613567616","1781613567666","2026-06-16T20:39:27.616+08:00","2026-06-16T20:39:27.666+08:00",526.453430,EXP2,"exp2_table",4,4,"1:1|2:2|3:3|4:4"
"exp2_target_object","实验二当前目标模型_头顶","Exp2_004_exp2_target_object_0084","video_relative_to_recording_start",rectangle,1179,292,1919,1045,,,,"A037","Exp2_004","E3_SPATIAL_NONPROGRESSIVE",loading,,,,,1,TRUE,2050.000,2100.000,528.503418,528.553406,1920,1046,"ObjectSlot4",1,1,"video_relative_to_screen_recording_start",75.060127,453443.312,453493.281,1,75.060127,"1781613114174","../../../../../../Project/UE5/Gallery/Saved/ScreenRecordings/A037_v2_20260616_203154_screen.mkv",453443.312,453493.281,453468.312,"1781613567616","1781613567666","2026-06-16T20:39:27.616+08:00","2026-06-16T20:39:27.666+08:00",526.453430,EXP2,"exp2_target",4,4,"1:1|2:2|3:3|4:4"
"exp2_table_objects","实验二桌面四模型总体区域","Exp2_004_exp2_table_objects_0085","video_relative_to_recording_start",rectangle,0,317,1919,1045,,,,"A037","Exp2_004","E3_SPATIAL_NONPROGRESSIVE",loading,,,,,1,TRUE,2100.000,2150.000,528.553406,528.603455,1920,1046,"ObjectSlot1-4",1,1,"video_relative_to_screen_recording_start",75.060127,453493.281,453543.344,1,75.060127,"1781613114174","../../../../../../Project/UE5/Gallery/Saved/ScreenRecordings/A037_v2_20260616_203154_screen.mkv",453493.281,453543.344,453518.312,"1781613567666","1781613567716","2026-06-16T20:39:27.666+08:00","2026-06-16T20:39:27.716+08:00",526.453430,EXP2,"exp2_table",4,4,"1:1|2:2|3:3|4:4"
"exp2_target_object","实验二当前目标模型_头顶","Exp2_004_exp2_target_object_0086","video_relative_to_recording_start",rectangle,1145,337,1919,1045,,,,"A037","Exp2_004","E3_SPATIAL_NONPROGRESSIVE",loading,,,,,1,TRUE,2100.000,2150.000,528.553406,528.603455,1920,1046,"ObjectSlot4",1,1,"video_relative_to_screen_recording_start",75.060127,453493.281,453543.344,1,75.060127,"1781613114174","../../../../../../Project/UE5/Gallery/Saved/ScreenRecordings/A037_v2_20260616_203154_screen.mkv",453493.281,453543.344,453518.312,"1781613567666","1781613567716","2026-06-16T20:39:27.666+08:00","2026-06-16T20:39:27.716+08:00",526.453430,EXP2,"exp2_target",4,4,"1:1|2:2|3:3|4:4"
"exp2_table_objects","实验二桌面四模型总体区域","Exp2_004_exp2_table_objects_0087","video_relative_to_recording_start",rectangle,0,317,1919,1045,,,,"A037","Exp2_004","E3_SPATIAL_NONPROGRESSIVE",loading,,,,,1,TRUE,2150.000,2200.000,528.603455,528.653442,1920,1046,"ObjectSlot1-4",1,1,"video_relative_to_screen_recording_start",75.060127,453543.344,453593.312,1,75.060127,"1781613114174","../../../../../../Project/UE5/Gallery/Saved/ScreenRecordings/A037_v2_20260616_203154_screen.mkv",453543.344,453593.312,453568.312,"1781613567716","1781613567766","2026-06-16T20:39:27.716+08:00","2026-06-16T20:39:27.766+08:00",526.453430,EXP2,"exp2_table",4,4,"1:1|2:2|3:3|4:4"
"exp2_target_object","实验二当前目标模型_头顶","Exp2_004_exp2_target_object_0088","video_relative_to_recording_start",rectangle,1145,337,1919,1045,,,,"A037","Exp2_004","E3_SPATIAL_NONPROGRESSIVE",loading,,,,,1,TRUE,2150.000,2200.000,528.603455,528.653442,1920,1046,"ObjectSlot4",1,1,"video_relative_to_screen_recording_start",75.060127,453543.344,453593.312,1,75.060127,"1781613114174","../../../../../../Project/UE5/Gallery/Saved/ScreenRecordings/A037_v2_20260616_203154_screen.mkv",453543.344,453593.312,453568.312,"1781613567716","1781613567766","2026-06-16T20:39:27.716+08:00","2026-06-16T20:39:27.766+08:00",526.453430,EXP2,"exp2_target",4,4,"1:1|2:2|3:3|4:4"
"exp2_table_objects","实验二桌面四模型总体区域","Exp2_004_exp2_table_objects_0089","video_relative_to_recording_start",rectangle,0,372,1919,1045,,,,"A037","Exp2_004","E3_SPATIAL_NONPROGRESSIVE",loading,,,,,1,TRUE,2200.000,2250.000,528.653442,528.703430,1920,1046,"ObjectSlot1-4",1,1,"video_relative_to_screen_recording_start",75.060127,453593.312,453643.312,1,75.060127,"1781613114174","../../../../../../Project/UE5/Gallery/Saved/ScreenRecordings/A037_v2_20260616_203154_screen.mkv",453593.312,453643.312,453618.312,"1781613567766","1781613567816","2026-06-16T20:39:27.766+08:00","2026-06-16T20:39:27.816+08:00",526.453430,EXP2,"exp2_table",4,4,"1:1|2:2|3:3|4:4"
"exp2_target_object","实验二当前目标模型_头顶","Exp2_004_exp2_target_object_0090","video_relative_to_recording_start",rectangle,1085,405,1919,1045,,,,"A037","Exp2_004","E3_SPATIAL_NONPROGRESSIVE",loading,,,,,1,TRUE,2200.000,2250.000,528.653442,528.703430,1920,1046,"ObjectSlot4",1,1,"video_relative_to_screen_recording_start",75.060127,453593.312,453643.312,1,75.060127,"1781613114174","../../../../../../Project/UE5/Gallery/Saved/ScreenRecordings/A037_v2_20260616_203154_screen.mkv",453593.312,453643.312,453618.312,"1781613567766","1781613567816","2026-06-16T20:39:27.766+08:00","2026-06-16T20:39:27.816+08:00",526.453430,EXP2,"exp2_target",4,4,"1:1|2:2|3:3|4:4"
"exp2_table_objects","实验二桌面四模型总体区域","Exp2_004_exp2_table_objects_0091","video_relative_to_recording_start",rectangle,0,401,1919,1045,,,,"A037","Exp2_004","E3_SPATIAL_NONPROGRESSIVE",loading,,,,,1,TRUE,2250.000,2300.000,528.703430,528.753418,1920,1046,"ObjectSlot1-4",1,1,"video_relative_to_screen_recording_start",75.060127,453643.312,453693.312,1,75.060127,"1781613114174","../../../../../../Project/UE5/Gallery/Saved/ScreenRecordings/A037_v2_20260616_203154_screen.mkv",453643.312,453693.312,453668.312,"1781613567816","1781613567866","2026-06-16T20:39:27.816+08:00","2026-06-16T20:39:27.866+08:00",526.453430,EXP2,"exp2_table",4,4,"1:1|2:2|3:3|4:4"
"exp2_target_object","实验二当前目标模型_头顶","Exp2_004_exp2_target_object_0092","video_relative_to_recording_start",rectangle,1063,439,1919,1045,,,,"A037","Exp2_004","E3_SPATIAL_NONPROGRESSIVE",loading,,,,,1,TRUE,2250.000,2300.000,528.703430,528.753418,1920,1046,"ObjectSlot4",1,1,"video_relative_to_screen_recording_start",75.060127,453643.312,453693.312,1,75.060127,"1781613114174","../../../../../../Project/UE5/Gallery/Saved/ScreenRecordings/A037_v2_20260616_203154_screen.mkv",453643.312,453693.312,453668.312,"1781613567816","1781613567866","2026-06-16T20:39:27.816+08:00","2026-06-16T20:39:27.866+08:00",526.453430,EXP2,"exp2_target",4,4,"1:1|2:2|3:3|4:4"
"exp2_table_objects","实验二桌面四模型总体区域","Exp2_004_exp2_table_objects_0093","video_relative_to_recording_start",rectangle,0,394,1882,1045,,,,"A037","Exp2_004","E3_SPATIAL_NONPROGRESSIVE",loading,,,,,1,TRUE,2300.000,2350.000,528.753418,528.803406,1920,1046,"ObjectSlot1-4",1,1,"video_relative_to_screen_recording_start",75.060127,453693.312,453743.281,1,75.060127,"1781613114174","../../../../../../Project/UE5/Gallery/Saved/ScreenRecordings/A037_v2_20260616_203154_screen.mkv",453693.312,453743.281,453718.312,"1781613567866","1781613567916","2026-06-16T20:39:27.866+08:00","2026-06-16T20:39:27.916+08:00",526.453430,EXP2,"exp2_table",4,4,"1:1|2:2|3:3|4:4"
"exp2_target_object","实验二当前目标模型_头顶","Exp2_004_exp2_target_object_0094","video_relative_to_recording_start",rectangle,974,458,1882,1045,,,,"A037","Exp2_004","E3_SPATIAL_NONPROGRESSIVE",loading,,,,,1,TRUE,2300.000,2350.000,528.753418,528.803406,1920,1046,"ObjectSlot4",1,1,"video_relative_to_screen_recording_start",75.060127,453693.312,453743.281,1,75.060127,"1781613114174","../../../../../../Project/UE5/Gallery/Saved/ScreenRecordings/A037_v2_20260616_203154_screen.mkv",453693.312,453743.281,453718.312,"1781613567866","1781613567916","2026-06-16T20:39:27.866+08:00","2026-06-16T20:39:27.916+08:00",526.453430,EXP2,"exp2_target",4,4,"1:1|2:2|3:3|4:4"
"exp2_table_objects","实验二桌面四模型总体区域","Exp2_004_exp2_table_objects_0095","video_relative_to_recording_start",rectangle,0,380,1836,1045,,,,"A037","Exp2_004","E3_SPATIAL_NONPROGRESSIVE",loading,,,,,1,TRUE,2350.000,2400.000,528.803406,528.853455,1920,1046,"ObjectSlot1-4",1,1,"video_relative_to_screen_recording_start",75.060127,453743.281,453793.344,1,75.060127,"1781613114174","../../../../../../Project/UE5/Gallery/Saved/ScreenRecordings/A037_v2_20260616_203154_screen.mkv",453743.281,453793.344,453768.312,"1781613567916","1781613567966","2026-06-16T20:39:27.916+08:00","2026-06-16T20:39:27.966+08:00",526.453430,EXP2,"exp2_table",4,4,"1:1|2:2|3:3|4:4"
"exp2_target_object","实验二当前目标模型_头顶","Exp2_004_exp2_target_object_0096","video_relative_to_recording_start",rectangle,948,455,1836,1045,,,,"A037","Exp2_004","E3_SPATIAL_NONPROGRESSIVE",loading,,,,,1,TRUE,2350.000,2400.000,528.803406,528.853455,1920,1046,"ObjectSlot4",1,1,"video_relative_to_screen_recording_start",75.060127,453743.281,453793.344,1,75.060127,"1781613114174","../../../../../../Project/UE5/Gallery/Saved/ScreenRecordings/A037_v2_20260616_203154_screen.mkv",453743.281,453793.344,453768.312,"1781613567916","1781613567966","2026-06-16T20:39:27.916+08:00","2026-06-16T20:39:27.966+08:00",526.453430,EXP2,"exp2_target",4,4,"1:1|2:2|3:3|4:4"
"exp2_table_objects","实验二桌面四模型总体区域","Exp2_004_exp2_table_objects_0097","video_relative_to_recording_start",rectangle,0,380,1836,1045,,,,"A037","Exp2_004","E3_SPATIAL_NONPROGRESSIVE",loading,,,,,1,TRUE,2400.000,2450.000,528.853455,528.903442,1920,1046,"ObjectSlot1-4",1,1,"video_relative_to_screen_recording_start",75.060127,453793.344,453843.312,1,75.060127,"1781613114174","../../../../../../Project/UE5/Gallery/Saved/ScreenRecordings/A037_v2_20260616_203154_screen.mkv",453793.344,453843.312,453818.312,"1781613567966","1781613568016","2026-06-16T20:39:27.966+08:00","2026-06-16T20:39:28.016+08:00",526.453430,EXP2,"exp2_table",4,4,"1:1|2:2|3:3|4:4"
"exp2_target_object","实验二当前目标模型_头顶","Exp2_004_exp2_target_object_0098","video_relative_to_recording_start",rectangle,948,455,1836,1045,,,,"A037","Exp2_004","E3_SPATIAL_NONPROGRESSIVE",loading,,,,,1,TRUE,2400.000,2450.000,528.853455,528.903442,1920,1046,"ObjectSlot4",1,1,"video_relative_to_screen_recording_start",75.060127,453793.344,453843.312,1,75.060127,"1781613114174","../../../../../../Project/UE5/Gallery/Saved/ScreenRecordings/A037_v2_20260616_203154_screen.mkv",453793.344,453843.312,453818.312,"1781613567966","1781613568016","2026-06-16T20:39:27.966+08:00","2026-06-16T20:39:28.016+08:00",526.453430,EXP2,"exp2_target",4,4,"1:1|2:2|3:3|4:4"
"exp2_table_objects","实验二桌面四模型总体区域","Exp2_004_exp2_table_objects_0099","video_relative_to_recording_start",rectangle,0,379,1833,1045,,,,"A037","Exp2_004","E3_SPATIAL_NONPROGRESSIVE",loading,,,,,1,TRUE,2450.000,2500.000,528.903442,528.953430,1920,1046,"ObjectSlot1-4",1,1,"video_relative_to_screen_recording_start",75.060127,453843.312,453893.312,1,75.060127,"1781613114174","../../../../../../Project/UE5/Gallery/Saved/ScreenRecordings/A037_v2_20260616_203154_screen.mkv",453843.312,453893.312,453868.312,"1781613568016","1781613568066","2026-06-16T20:39:28.016+08:00","2026-06-16T20:39:28.066+08:00",526.453430,EXP2,"exp2_table",4,4,"1:1|2:2|3:3|4:4"
"exp2_target_object","实验二当前目标模型_头顶","Exp2_004_exp2_target_object_0100","video_relative_to_recording_start",rectangle,946,454,1833,1045,,,,"A037","Exp2_004","E3_SPATIAL_NONPROGRESSIVE",loading,,,,,1,TRUE,2450.000,2500.000,528.903442,528.953430,1920,1046,"ObjectSlot4",1,1,"video_relative_to_screen_recording_start",75.060127,453843.312,453893.312,1,75.060127,"1781613114174","../../../../../../Project/UE5/Gallery/Saved/ScreenRecordings/A037_v2_20260616_203154_screen.mkv",453843.312,453893.312,453868.312,"1781613568016","1781613568066","2026-06-16T20:39:28.016+08:00","2026-06-16T20:39:28.066+08:00",526.453430,EXP2,"exp2_target",4,4,"1:1|2:2|3:3|4:4"
"exp2_table_objects","实验二桌面四模型总体区域","Exp2_004_exp2_table_objects_0101","video_relative_to_recording_start",rectangle,0,245,1596,1045,,,,"A037","Exp2_004","E3_SPATIAL_NONPROGRESSIVE",loading,,,,,1,TRUE,2500.000,2550.000,528.953430,529.003418,1920,1046,"ObjectSlot1-4",1,1,"video_relative_to_screen_recording_start",75.060127,453893.312,453943.312,1,75.060127,"1781613114174","../../../../../../Project/UE5/Gallery/Saved/ScreenRecordings/A037_v2_20260616_203154_screen.mkv",453893.312,453943.312,453918.312,"1781613568066","1781613568116","2026-06-16T20:39:28.066+08:00","2026-06-16T20:39:28.116+08:00",526.453430,EXP2,"exp2_table",4,4,"1:1|2:2|3:3|4:4"
"exp2_target_object","实验二当前目标模型_头顶","Exp2_004_exp2_target_object_0102","video_relative_to_recording_start",rectangle,791,411,1596,1045,,,,"A037","Exp2_004","E3_SPATIAL_NONPROGRESSIVE",loading,,,,,1,TRUE,2500.000,2550.000,528.953430,529.003418,1920,1046,"ObjectSlot4",1,1,"video_relative_to_screen_recording_start",75.060127,453893.312,453943.312,1,75.060127,"1781613114174","../../../../../../Project/UE5/Gallery/Saved/ScreenRecordings/A037_v2_20260616_203154_screen.mkv",453893.312,453943.312,453918.312,"1781613568066","1781613568116","2026-06-16T20:39:28.066+08:00","2026-06-16T20:39:28.116+08:00",526.453430,EXP2,"exp2_target",4,4,"1:1|2:2|3:3|4:4"
"exp2_table_objects","实验二桌面四模型总体区域","Exp2_004_exp2_table_objects_0103","video_relative_to_recording_start",rectangle,0,244,1274,1045,,,,"A037","Exp2_004","E3_SPATIAL_NONPROGRESSIVE",loading,,,,,1,TRUE,2550.000,2600.000,529.003418,529.053406,1920,1046,"ObjectSlot1-4",1,1,"video_relative_to_screen_recording_start",75.060127,453943.312,453993.281,1,75.060127,"1781613114174","../../../../../../Project/UE5/Gallery/Saved/ScreenRecordings/A037_v2_20260616_203154_screen.mkv",453943.312,453993.281,453968.312,"1781613568116","1781613568166","2026-06-16T20:39:28.116+08:00","2026-06-16T20:39:28.166+08:00",526.453430,EXP2,"exp2_table",4,4,"1:1|2:2|3:3|4:4"
"exp2_target_object","实验二当前目标模型_头顶","Exp2_004_exp2_target_object_0104","video_relative_to_recording_start",rectangle,492,354,1274,1045,,,,"A037","Exp2_004","E3_SPATIAL_NONPROGRESSIVE",loading,,,,,1,TRUE,2550.000,2600.000,529.003418,529.053406,1920,1046,"ObjectSlot4",1,1,"video_relative_to_screen_recording_start",75.060127,453943.312,453993.281,1,75.060127,"1781613114174","../../../../../../Project/UE5/Gallery/Saved/ScreenRecordings/A037_v2_20260616_203154_screen.mkv",453943.312,453993.281,453968.312,"1781613568116","1781613568166","2026-06-16T20:39:28.116+08:00","2026-06-16T20:39:28.166+08:00",526.453430,EXP2,"exp2_target",4,4,"1:1|2:2|3:3|4:4"
"exp2_table_objects","实验二桌面四模型总体区域","Exp2_004_exp2_table_objects_0105","video_relative_to_recording_start",rectangle,0,244,1274,1045,,,,"A037","Exp2_004","E3_SPATIAL_NONPROGRESSIVE",loading,,,,,1,TRUE,2600.000,2650.000,529.053406,529.103455,1920,1046,"ObjectSlot1-4",1,1,"video_relative_to_screen_recording_start",75.060127,453993.281,454043.344,1,75.060127,"1781613114174","../../../../../../Project/UE5/Gallery/Saved/ScreenRecordings/A037_v2_20260616_203154_screen.mkv",453993.281,454043.344,454018.312,"1781613568166","1781613568216","2026-06-16T20:39:28.166+08:00","2026-06-16T20:39:28.216+08:00",526.453430,EXP2,"exp2_table",4,4,"1:1|2:2|3:3|4:4"
"exp2_target_object","实验二当前目标模型_头顶","Exp2_004_exp2_target_object_0106","video_relative_to_recording_start",rectangle,492,354,1274,1045,,,,"A037","Exp2_004","E3_SPATIAL_NONPROGRESSIVE",loading,,,,,1,TRUE,2600.000,2650.000,529.053406,529.103455,1920,1046,"ObjectSlot4",1,1,"video_relative_to_screen_recording_start",75.060127,453993.281,454043.344,1,75.060127,"1781613114174","../../../../../../Project/UE5/Gallery/Saved/ScreenRecordings/A037_v2_20260616_203154_screen.mkv",453993.281,454043.344,454018.312,"1781613568166","1781613568216","2026-06-16T20:39:28.166+08:00","2026-06-16T20:39:28.216+08:00",526.453430,EXP2,"exp2_target",4,4,"1:1|2:2|3:3|4:4"
"exp2_table_objects","实验二桌面四模型总体区域","Exp2_004_exp2_table_objects_0107","video_relative_to_recording_start",rectangle,0,76,1127,1045,,,,"A037","Exp2_004","E3_SPATIAL_NONPROGRESSIVE",loading,,,,,1,TRUE,2650.000,2700.000,529.103455,529.153442,1920,1046,"ObjectSlot1-4",1,1,"video_relative_to_screen_recording_start",75.060127,454043.344,454093.312,1,75.060127,"1781613114174","../../../../../../Project/UE5/Gallery/Saved/ScreenRecordings/A037_v2_20260616_203154_screen.mkv",454043.344,454093.312,454068.312,"1781613568216","1781613568266","2026-06-16T20:39:28.216+08:00","2026-06-16T20:39:28.266+08:00",526.453430,EXP2,"exp2_table",4,4,"1:1|2:2|3:3|4:4"
"exp2_target_object","实验二当前目标模型_头顶","Exp2_004_exp2_target_object_0108","video_relative_to_recording_start",rectangle,310,310,1127,1045,,,,"A037","Exp2_004","E3_SPATIAL_NONPROGRESSIVE",loading,,,,,1,TRUE,2650.000,2700.000,529.103455,529.153442,1920,1046,"ObjectSlot4",1,1,"video_relative_to_screen_recording_start",75.060127,454043.344,454093.312,1,75.060127,"1781613114174","../../../../../../Project/UE5/Gallery/Saved/ScreenRecordings/A037_v2_20260616_203154_screen.mkv",454043.344,454093.312,454068.312,"1781613568216","1781613568266","2026-06-16T20:39:28.216+08:00","2026-06-16T20:39:28.266+08:00",526.453430,EXP2,"exp2_target",4,4,"1:1|2:2|3:3|4:4"
"exp2_table_objects","实验二桌面四模型总体区域","Exp2_004_exp2_table_objects_0109","video_relative_to_recording_start",rectangle,0,0,1082,1045,,,,"A037","Exp2_004","E3_SPATIAL_NONPROGRESSIVE",loading,,,,,1,TRUE,2700.000,2750.000,529.153442,529.203430,1920,1046,"ObjectSlot1-4",1,1,"video_relative_to_screen_recording_start",75.060127,454093.312,454143.312,1,75.060127,"1781613114174","../../../../../../Project/UE5/Gallery/Saved/ScreenRecordings/A037_v2_20260616_203154_screen.mkv",454093.312,454143.312,454118.312,"1781613568266","1781613568316","2026-06-16T20:39:28.266+08:00","2026-06-16T20:39:28.316+08:00",526.453430,EXP2,"exp2_table",4,4,"1:1|2:2|3:3|4:4"
"exp2_target_object","实验二当前目标模型_头顶","Exp2_004_exp2_target_object_0110","video_relative_to_recording_start",rectangle,248,308,1082,1045,,,,"A037","Exp2_004","E3_SPATIAL_NONPROGRESSIVE",loading,,,,,1,TRUE,2700.000,2750.000,529.153442,529.203430,1920,1046,"ObjectSlot4",1,1,"video_relative_to_screen_recording_start",75.060127,454093.312,454143.312,1,75.060127,"1781613114174","../../../../../../Project/UE5/Gallery/Saved/ScreenRecordings/A037_v2_20260616_203154_screen.mkv",454093.312,454143.312,454118.312,"1781613568266","1781613568316","2026-06-16T20:39:28.266+08:00","2026-06-16T20:39:28.316+08:00",526.453430,EXP2,"exp2_target",4,4,"1:1|2:2|3:3|4:4"
"exp2_table_objects","实验二桌面四模型总体区域","Exp2_004_exp2_table_objects_0111","video_relative_to_recording_start",rectangle,0,0,1072,1045,,,,"A037","Exp2_004","E3_SPATIAL_NONPROGRESSIVE",loading,,,,,1,TRUE,2750.000,2800.000,529.203430,529.253418,1920,1046,"ObjectSlot1-4",1,1,"video_relative_to_screen_recording_start",75.060127,454143.312,454193.312,1,75.060127,"1781613114174","../../../../../../Project/UE5/Gallery/Saved/ScreenRecordings/A037_v2_20260616_203154_screen.mkv",454143.312,454193.312,454168.312,"1781613568316","1781613568366","2026-06-16T20:39:28.316+08:00","2026-06-16T20:39:28.366+08:00",526.453430,EXP2,"exp2_table",4,4,"1:1|2:2|3:3|4:4"
"exp2_target_object","实验二当前目标模型_头顶","Exp2_004_exp2_target_object_0112","video_relative_to_recording_start",rectangle,235,309,1072,1045,,,,"A037","Exp2_004","E3_SPATIAL_NONPROGRESSIVE",loading,,,,,1,TRUE,2750.000,2800.000,529.203430,529.253418,1920,1046,"ObjectSlot4",1,1,"video_relative_to_screen_recording_start",75.060127,454143.312,454193.312,1,75.060127,"1781613114174","../../../../../../Project/UE5/Gallery/Saved/ScreenRecordings/A037_v2_20260616_203154_screen.mkv",454143.312,454193.312,454168.312,"1781613568316","1781613568366","2026-06-16T20:39:28.316+08:00","2026-06-16T20:39:28.366+08:00",526.453430,EXP2,"exp2_target",4,4,"1:1|2:2|3:3|4:4"
"exp2_table_objects","实验二桌面四模型总体区域","Exp2_004_exp2_table_objects_0113","video_relative_to_recording_start",rectangle,0,0,1075,1045,,,,"A037","Exp2_004","E3_SPATIAL_NONPROGRESSIVE",loading,,,,,1,TRUE,2800.000,2850.000,529.253418,529.303406,1920,1046,"ObjectSlot1-4",1,1,"video_relative_to_screen_recording_start",75.060127,454193.312,454243.281,1,75.060127,"1781613114174","../../../../../../Project/UE5/Gallery/Saved/ScreenRecordings/A037_v2_20260616_203154_screen.mkv",454193.312,454243.281,454218.312,"1781613568366","1781613568416","2026-06-16T20:39:28.366+08:00","2026-06-16T20:39:28.416+08:00",526.453430,EXP2,"exp2_table",4,4,"1:1|2:2|3:3|4:4"
"exp2_target_object","实验二当前目标模型_头顶","Exp2_004_exp2_target_object_0114","video_relative_to_recording_start",rectangle,239,309,1075,1045,,,,"A037","Exp2_004","E3_SPATIAL_NONPROGRESSIVE",loading,,,,,1,TRUE,2800.000,2850.000,529.253418,529.303406,1920,1046,"ObjectSlot4",1,1,"video_relative_to_screen_recording_start",75.060127,454193.312,454243.281,1,75.060127,"1781613114174","../../../../../../Project/UE5/Gallery/Saved/ScreenRecordings/A037_v2_20260616_203154_screen.mkv",454193.312,454243.281,454218.312,"1781613568366","1781613568416","2026-06-16T20:39:28.366+08:00","2026-06-16T20:39:28.416+08:00",526.453430,EXP2,"exp2_target",4,4,"1:1|2:2|3:3|4:4"
"exp2_table_objects","实验二桌面四模型总体区域","Exp2_004_exp2_table_objects_0115","video_relative_to_recording_start",rectangle,0,0,1075,1045,,,,"A037","Exp2_004","E3_SPATIAL_NONPROGRESSIVE",loading,,,,,1,TRUE,2850.000,2900.000,529.303406,529.353455,1920,1046,"ObjectSlot1-4",1,1,"video_relative_to_screen_recording_start",75.060127,454243.281,454293.344,1,75.060127,"1781613114174","../../../../../../Project/UE5/Gallery/Saved/ScreenRecordings/A037_v2_20260616_203154_screen.mkv",454243.281,454293.344,454268.312,"1781613568416","1781613568466","2026-06-16T20:39:28.416+08:00","2026-06-16T20:39:28.466+08:00",526.453430,EXP2,"exp2_table",4,4,"1:1|2:2|3:3|4:4"
"exp2_target_object","实验二当前目标模型_头顶","Exp2_004_exp2_target_object_0116","video_relative_to_recording_start",rectangle,239,309,1075,1045,,,,"A037","Exp2_004","E3_SPATIAL_NONPROGRESSIVE",loading,,,,,1,TRUE,2850.000,2900.000,529.303406,529.353455,1920,1046,"ObjectSlot4",1,1,"video_relative_to_screen_recording_start",75.060127,454243.281,454293.344,1,75.060127,"1781613114174","../../../../../../Project/UE5/Gallery/Saved/ScreenRecordings/A037_v2_20260616_203154_screen.mkv",454243.281,454293.344,454268.312,"1781613568416","1781613568466","2026-06-16T20:39:28.416+08:00","2026-06-16T20:39:28.466+08:00",526.453430,EXP2,"exp2_target",4,4,"1:1|2:2|3:3|4:4"
"exp2_table_objects","实验二桌面四模型总体区域","Exp2_004_exp2_table_objects_0117","video_relative_to_recording_start",rectangle,0,8,1101,1045,,,,"A037","Exp2_004","E3_SPATIAL_NONPROGRESSIVE",loading,,,,,1,TRUE,2900.000,2950.000,529.353455,529.403442,1920,1046,"ObjectSlot1-4",1,1,"video_relative_to_screen_recording_start",75.060127,454293.344,454343.312,1,75.060127,"1781613114174","../../../../../../Project/UE5/Gallery/Saved/ScreenRecordings/A037_v2_20260616_203154_screen.mkv",454293.344,454343.312,454318.312,"1781613568466","1781613568516","2026-06-16T20:39:28.466+08:00","2026-06-16T20:39:28.516+08:00",526.453430,EXP2,"exp2_table",4,4,"1:1|2:2|3:3|4:4"
"exp2_target_object","实验二当前目标模型_头顶","Exp2_004_exp2_target_object_0118","video_relative_to_recording_start",rectangle,272,286,1101,1045,,,,"A037","Exp2_004","E3_SPATIAL_NONPROGRESSIVE",loading,,,,,1,TRUE,2900.000,2950.000,529.353455,529.403442,1920,1046,"ObjectSlot4",1,1,"video_relative_to_screen_recording_start",75.060127,454293.344,454343.312,1,75.060127,"1781613114174","../../../../../../Project/UE5/Gallery/Saved/ScreenRecordings/A037_v2_20260616_203154_screen.mkv",454293.344,454343.312,454318.312,"1781613568466","1781613568516","2026-06-16T20:39:28.466+08:00","2026-06-16T20:39:28.516+08:00",526.453430,EXP2,"exp2_target",4,4,"1:1|2:2|3:3|4:4"
"exp2_table_objects","实验二桌面四模型总体区域","Exp2_004_exp2_table_objects_0119","video_relative_to_recording_start",rectangle,0,10,1147,1045,,,,"A037","Exp2_004","E3_SPATIAL_NONPROGRESSIVE",loading,,,,,1,TRUE,2950.000,3000.000,529.403442,529.453430,1920,1046,"ObjectSlot1-4",1,1,"video_relative_to_screen_recording_start",75.060127,454343.312,454393.312,1,75.060127,"1781613114174","../../../../../../Project/UE5/Gallery/Saved/ScreenRecordings/A037_v2_20260616_203154_screen.mkv",454343.312,454393.312,454368.312,"1781613568516","1781613568566","2026-06-16T20:39:28.516+08:00","2026-06-16T20:39:28.566+08:00",526.453430,EXP2,"exp2_table",4,4,"1:1|2:2|3:3|4:4"
"exp2_target_object","实验二当前目标模型_头顶","Exp2_004_exp2_target_object_0120","video_relative_to_recording_start",rectangle,325,231,1147,974,,,,"A037","Exp2_004","E3_SPATIAL_NONPROGRESSIVE",loading,,,,,1,TRUE,2950.000,3000.000,529.403442,529.453430,1920,1046,"ObjectSlot4",1,0,"video_relative_to_screen_recording_start",75.060127,454343.312,454393.312,1,75.060127,"1781613114174","../../../../../../Project/UE5/Gallery/Saved/ScreenRecordings/A037_v2_20260616_203154_screen.mkv",454343.312,454393.312,454368.312,"1781613568516","1781613568566","2026-06-16T20:39:28.516+08:00","2026-06-16T20:39:28.566+08:00",526.453430,EXP2,"exp2_target",4,4,"1:1|2:2|3:3|4:4"
"exp2_table_objects","实验二桌面四模型总体区域","Exp2_004_exp2_table_objects_0121","video_relative_to_recording_start",rectangle,0,10,1147,1045,,,,"A037","Exp2_004","E3_SPATIAL_NONPROGRESSIVE",loading,,,,,1,TRUE,3000.000,3050.000,529.453430,529.503418,1920,1046,"ObjectSlot1-4",1,1,"video_relative_to_screen_recording_start",75.060127,454393.312,454443.312,1,75.060127,"1781613114174","../../../../../../Project/UE5/Gallery/Saved/ScreenRecordings/A037_v2_20260616_203154_screen.mkv",454393.312,454443.312,454418.312,"1781613568566","1781613568616","2026-06-16T20:39:28.566+08:00","2026-06-16T20:39:28.616+08:00",526.453430,EXP2,"exp2_table",4,4,"1:1|2:2|3:3|4:4"
"exp2_target_object","实验二当前目标模型_头顶","Exp2_004_exp2_target_object_0122","video_relative_to_recording_start",rectangle,325,231,1147,974,,,,"A037","Exp2_004","E3_SPATIAL_NONPROGRESSIVE",loading,,,,,1,TRUE,3000.000,3050.000,529.453430,529.503418,1920,1046,"ObjectSlot4",1,0,"video_relative_to_screen_recording_start",75.060127,454393.312,454443.312,1,75.060127,"1781613114174","../../../../../../Project/UE5/Gallery/Saved/ScreenRecordings/A037_v2_20260616_203154_screen.mkv",454393.312,454443.312,454418.312,"1781613568566","1781613568616","2026-06-16T20:39:28.566+08:00","2026-06-16T20:39:28.616+08:00",526.453430,EXP2,"exp2_target",4,4,"1:1|2:2|3:3|4:4"
"exp2_table_objects","实验二桌面四模型总体区域","Exp2_004_exp2_table_objects_0123","video_relative_to_recording_start",rectangle,0,62,1280,1045,,,,"A037","Exp2_004","E3_SPATIAL_NONPROGRESSIVE",loading,,,,,1,TRUE,3050.000,3100.000,529.503418,529.553406,1920,1046,"ObjectSlot1-4",1,1,"video_relative_to_screen_recording_start",75.060127,454443.312,454493.281,1,75.060127,"1781613114174","../../../../../../Project/UE5/Gallery/Saved/ScreenRecordings/A037_v2_20260616_203154_screen.mkv",454443.312,454493.281,454468.312,"1781613568616","1781613568666","2026-06-16T20:39:28.616+08:00","2026-06-16T20:39:28.666+08:00",526.453430,EXP2,"exp2_table",4,4,"1:1|2:2|3:3|4:4"
"exp2_target_object","实验二当前目标模型_头顶","Exp2_004_exp2_target_object_0124","video_relative_to_recording_start",rectangle,475,183,1280,901,,,,"A037","Exp2_004","E3_SPATIAL_NONPROGRESSIVE",loading,,,,,1,TRUE,3050.000,3100.000,529.503418,529.553406,1920,1046,"ObjectSlot4",1,0,"video_relative_to_screen_recording_start",75.060127,454443.312,454493.281,1,75.060127,"1781613114174","../../../../../../Project/UE5/Gallery/Saved/ScreenRecordings/A037_v2_20260616_203154_screen.mkv",454443.312,454493.281,454468.312,"1781613568616","1781613568666","2026-06-16T20:39:28.616+08:00","2026-06-16T20:39:28.666+08:00",526.453430,EXP2,"exp2_target",4,4,"1:1|2:2|3:3|4:4"
"exp2_table_objects","实验二桌面四模型总体区域","Exp2_004_exp2_table_objects_0125","video_relative_to_recording_start",rectangle,0,0,1490,1045,,,,"A037","Exp2_004","E3_SPATIAL_NONPROGRESSIVE",loading,,,,,1,TRUE,3100.000,3150.000,529.553406,529.603455,1920,1046,"ObjectSlot1-4",1,1,"video_relative_to_screen_recording_start",75.060127,454493.281,454543.344,1,75.060127,"1781613114174","../../../../../../Project/UE5/Gallery/Saved/ScreenRecordings/A037_v2_20260616_203154_screen.mkv",454493.281,454543.344,454518.312,"1781613568666","1781613568716","2026-06-16T20:39:28.666+08:00","2026-06-16T20:39:28.716+08:00",526.453430,EXP2,"exp2_table",4,4,"1:1|2:2|3:3|4:4"
"exp2_target_object","实验二当前目标模型_头顶","Exp2_004_exp2_target_object_0126","video_relative_to_recording_start",rectangle,681,185,1490,886,,,,"A037","Exp2_004","E3_SPATIAL_NONPROGRESSIVE",loading,,,,,1,TRUE,3100.000,3150.000,529.553406,529.603455,1920,1046,"ObjectSlot4",1,0,"video_relative_to_screen_recording_start",75.060127,454493.281,454543.344,1,75.060127,"1781613114174","../../../../../../Project/UE5/Gallery/Saved/ScreenRecordings/A037_v2_20260616_203154_screen.mkv",454493.281,454543.344,454518.312,"1781613568666","1781613568716","2026-06-16T20:39:28.666+08:00","2026-06-16T20:39:28.716+08:00",526.453430,EXP2,"exp2_target",4,4,"1:1|2:2|3:3|4:4"
"exp2_table_objects","实验二桌面四模型总体区域","Exp2_004_exp2_table_objects_0127","video_relative_to_recording_start",rectangle,0,72,1702,1045,,,,"A037","Exp2_004","E3_SPATIAL_NONPROGRESSIVE",loading,,,,,1,TRUE,3150.000,3200.000,529.603455,529.653442,1920,1046,"ObjectSlot1-4",1,1,"video_relative_to_screen_recording_start",75.060127,454543.344,454593.312,1,75.060127,"1781613114174","../../../../../../Project/UE5/Gallery/Saved/ScreenRecordings/A037_v2_20260616_203154_screen.mkv",454543.344,454593.312,454568.312,"1781613568716","1781613568766","2026-06-16T20:39:28.716+08:00","2026-06-16T20:39:28.766+08:00",526.453430,EXP2,"exp2_table",4,4,"1:1|2:2|3:3|4:4"
"exp2_target_object","实验二当前目标模型_头顶","Exp2_004_exp2_target_object_0128","video_relative_to_recording_start",rectangle,850,205,1702,906,,,,"A037","Exp2_004","E3_SPATIAL_NONPROGRESSIVE",loading,,,,,1,TRUE,3150.000,3200.000,529.603455,529.653442,1920,1046,"ObjectSlot4",1,0,"video_relative_to_screen_recording_start",75.060127,454543.344,454593.312,1,75.060127,"1781613114174","../../../../../../Project/UE5/Gallery/Saved/ScreenRecordings/A037_v2_20260616_203154_screen.mkv",454543.344,454593.312,454568.312,"1781613568716","1781613568766","2026-06-16T20:39:28.716+08:00","2026-06-16T20:39:28.766+08:00",526.453430,EXP2,"exp2_target",4,4,"1:1|2:2|3:3|4:4"
"exp2_table_objects","实验二桌面四模型总体区域","Exp2_004_exp2_table_objects_0129","video_relative_to_recording_start",rectangle,0,72,1702,1045,,,,"A037","Exp2_004","E3_SPATIAL_NONPROGRESSIVE",loading,,,,,1,TRUE,3200.000,3250.000,529.653442,529.703430,1920,1046,"ObjectSlot1-4",1,1,"video_relative_to_screen_recording_start",75.060127,454593.312,454643.312,1,75.060127,"1781613114174","../../../../../../Project/UE5/Gallery/Saved/ScreenRecordings/A037_v2_20260616_203154_screen.mkv",454593.312,454643.312,454618.312,"1781613568766","1781613568816","2026-06-16T20:39:28.766+08:00","2026-06-16T20:39:28.816+08:00",526.453430,EXP2,"exp2_table",4,4,"1:1|2:2|3:3|4:4"
"exp2_target_object","实验二当前目标模型_头顶","Exp2_004_exp2_target_object_0130","video_relative_to_recording_start",rectangle,850,205,1702,906,,,,"A037","Exp2_004","E3_SPATIAL_NONPROGRESSIVE",loading,,,,,1,TRUE,3200.000,3250.000,529.653442,529.703430,1920,1046,"ObjectSlot4",1,0,"video_relative_to_screen_recording_start",75.060127,454593.312,454643.312,1,75.060127,"1781613114174","../../../../../../Project/UE5/Gallery/Saved/ScreenRecordings/A037_v2_20260616_203154_screen.mkv",454593.312,454643.312,454618.312,"1781613568766","1781613568816","2026-06-16T20:39:28.766+08:00","2026-06-16T20:39:28.816+08:00",526.453430,EXP2,"exp2_target",4,4,"1:1|2:2|3:3|4:4"
"exp2_table_objects","实验二桌面四模型总体区域","Exp2_004_exp2_table_objects_0131","video_relative_to_recording_start",rectangle,0,141,1817,1045,,,,"A037","Exp2_004","E3_SPATIAL_NONPROGRESSIVE",loading,,,,,1,TRUE,3250.000,3300.000,529.703430,529.753418,1920,1046,"ObjectSlot1-4",1,1,"video_relative_to_screen_recording_start",75.060127,454643.312,454693.312,1,75.060127,"1781613114174","../../../../../../Project/UE5/Gallery/Saved/ScreenRecordings/A037_v2_20260616_203154_screen.mkv",454643.312,454693.312,454668.312,"1781613568816","1781613568866","2026-06-16T20:39:28.816+08:00","2026-06-16T20:39:28.866+08:00",526.453430,EXP2,"exp2_table",4,4,"1:1|2:2|3:3|4:4"
"exp2_target_object","实验二当前目标模型_头顶","Exp2_004_exp2_target_object_0132","video_relative_to_recording_start",rectangle,930,229,1817,936,,,,"A037","Exp2_004","E3_SPATIAL_NONPROGRESSIVE",loading,,,,,1,TRUE,3250.000,3300.000,529.703430,529.753418,1920,1046,"ObjectSlot4",1,0,"video_relative_to_screen_recording_start",75.060127,454643.312,454693.312,1,75.060127,"1781613114174","../../../../../../Project/UE5/Gallery/Saved/ScreenRecordings/A037_v2_20260616_203154_screen.mkv",454643.312,454693.312,454668.312,"1781613568816","1781613568866","2026-06-16T20:39:28.816+08:00","2026-06-16T20:39:28.866+08:00",526.453430,EXP2,"exp2_target",4,4,"1:1|2:2|3:3|4:4"
"exp2_table_objects","实验二桌面四模型总体区域","Exp2_004_exp2_table_objects_0133","video_relative_to_recording_start",rectangle,0,203,1919,1045,,,,"A037","Exp2_004","E3_SPATIAL_NONPROGRESSIVE",loading,,,,,1,TRUE,3300.000,3350.000,529.753418,529.803406,1920,1046,"ObjectSlot1-4",1,1,"video_relative_to_screen_recording_start",75.060127,454693.312,454743.281,1,75.060127,"1781613114174","../../../../../../Project/UE5/Gallery/Saved/ScreenRecordings/A037_v2_20260616_203154_screen.mkv",454693.312,454743.281,454718.312,"1781613568866","1781613568916","2026-06-16T20:39:28.866+08:00","2026-06-16T20:39:28.916+08:00",526.453430,EXP2,"exp2_table",4,4,"1:1|2:2|3:3|4:4"
"exp2_target_object","实验二当前目标模型_头顶","Exp2_004_exp2_target_object_0134","video_relative_to_recording_start",rectangle,1037,250,1919,971,,,,"A037","Exp2_004","E3_SPATIAL_NONPROGRESSIVE",loading,,,,,1,TRUE,3300.000,3350.000,529.753418,529.803406,1920,1046,"ObjectSlot4",1,1,"video_relative_to_screen_recording_start",75.060127,454693.312,454743.281,1,75.060127,"1781613114174","../../../../../../Project/UE5/Gallery/Saved/ScreenRecordings/A037_v2_20260616_203154_screen.mkv",454693.312,454743.281,454718.312,"1781613568866","1781613568916","2026-06-16T20:39:28.866+08:00","2026-06-16T20:39:28.916+08:00",526.453430,EXP2,"exp2_target",4,4,"1:1|2:2|3:3|4:4"
"exp2_table_objects","实验二桌面四模型总体区域","Exp2_004_exp2_table_objects_0135","video_relative_to_recording_start",rectangle,0,247,1919,1035,,,,"A037","Exp2_004","E3_SPATIAL_NONPROGRESSIVE",loading,,,,,1,TRUE,3350.000,3400.000,529.803406,529.853455,1920,1046,"ObjectSlot1-4",1,1,"video_relative_to_screen_recording_start",75.060127,454743.281,454793.344,1,75.060127,"1781613114174","../../../../../../Project/UE5/Gallery/Saved/ScreenRecordings/A037_v2_20260616_203154_screen.mkv",454743.281,454793.344,454768.312,"1781613568916","1781613568966","2026-06-16T20:39:28.916+08:00","2026-06-16T20:39:28.966+08:00",526.453430,EXP2,"exp2_table",4,4,"1:1|2:2|3:3|4:4"
"exp2_target_object","实验二当前目标模型_头顶","Exp2_004_exp2_target_object_0136","video_relative_to_recording_start",rectangle,1155,264,1919,1010,,,,"A037","Exp2_004","E3_SPATIAL_NONPROGRESSIVE",loading,,,,,1,TRUE,3350.000,3400.000,529.803406,529.853455,1920,1046,"ObjectSlot4",1,1,"video_relative_to_screen_recording_start",75.060127,454743.281,454793.344,1,75.060127,"1781613114174","../../../../../../Project/UE5/Gallery/Saved/ScreenRecordings/A037_v2_20260616_203154_screen.mkv",454743.281,454793.344,454768.312,"1781613568916","1781613568966","2026-06-16T20:39:28.916+08:00","2026-06-16T20:39:28.966+08:00",526.453430,EXP2,"exp2_target",4,4,"1:1|2:2|3:3|4:4"
"exp2_table_objects","实验二桌面四模型总体区域","Exp2_004_exp2_table_objects_0137","video_relative_to_recording_start",rectangle,0,267,1919,1045,,,,"A037","Exp2_004","E3_SPATIAL_NONPROGRESSIVE",loading,,,,,1,TRUE,3400.000,3450.000,529.853455,529.903442,1920,1046,"ObjectSlot1-4",1,1,"video_relative_to_screen_recording_start",75.060127,454793.344,454843.312,1,75.060127,"1781613114174","../../../../../../Project/UE5/Gallery/Saved/ScreenRecordings/A037_v2_20260616_203154_screen.mkv",454793.344,454843.312,454818.312,"1781613568966","1781613569016","2026-06-16T20:39:28.966+08:00","2026-06-16T20:39:29.016+08:00",526.453430,EXP2,"exp2_table",4,4,"1:1|2:2|3:3|4:4"
"exp2_target_object","实验二当前目标模型_头顶","Exp2_004_exp2_target_object_0138","video_relative_to_recording_start",rectangle,1236,269,1919,1045,,,,"A037","Exp2_004","E3_SPATIAL_NONPROGRESSIVE",loading,,,,,1,TRUE,3400.000,3450.000,529.853455,529.903442,1920,1046,"ObjectSlot4",1,1,"video_relative_to_screen_recording_start",75.060127,454793.344,454843.312,1,75.060127,"1781613114174","../../../../../../Project/UE5/Gallery/Saved/ScreenRecordings/A037_v2_20260616_203154_screen.mkv",454793.344,454843.312,454818.312,"1781613568966","1781613569016","2026-06-16T20:39:28.966+08:00","2026-06-16T20:39:29.016+08:00",526.453430,EXP2,"exp2_target",4,4,"1:1|2:2|3:3|4:4"
"exp2_table_objects","实验二桌面四模型总体区域","Exp2_004_exp2_table_objects_0139","video_relative_to_recording_start",rectangle,0,263,1919,1045,,,,"A037","Exp2_004","E3_SPATIAL_NONPROGRESSIVE",loading,,,,,1,TRUE,3450.000,3500.000,529.903442,529.953430,1920,1046,"ObjectSlot1-4",1,1,"video_relative_to_screen_recording_start",75.060127,454843.312,454893.312,1,75.060127,"1781613114174","../../../../../../Project/UE5/Gallery/Saved/ScreenRecordings/A037_v2_20260616_203154_screen.mkv",454843.312,454893.312,454868.312,"1781613569016","1781613569066","2026-06-16T20:39:29.016+08:00","2026-06-16T20:39:29.066+08:00",526.453430,EXP2,"exp2_table",4,4,"1:1|2:2|3:3|4:4"
"exp2_target_object","实验二当前目标模型_头顶","Exp2_004_exp2_target_object_0140","video_relative_to_recording_start",rectangle,1304,263,1919,1045,,,,"A037","Exp2_004","E3_SPATIAL_NONPROGRESSIVE",loading,,,,,1,TRUE,3450.000,3500.000,529.903442,529.953430,1920,1046,"ObjectSlot4",1,1,"video_relative_to_screen_recording_start",75.060127,454843.312,454893.312,1,75.060127,"1781613114174","../../../../../../Project/UE5/Gallery/Saved/ScreenRecordings/A037_v2_20260616_203154_screen.mkv",454843.312,454893.312,454868.312,"1781613569016","1781613569066","2026-06-16T20:39:29.016+08:00","2026-06-16T20:39:29.066+08:00",526.453430,EXP2,"exp2_target",4,4,"1:1|2:2|3:3|4:4"
"exp2_table_objects","实验二桌面四模型总体区域","Exp2_004_exp2_table_objects_0141","video_relative_to_recording_start",rectangle,0,263,1919,1045,,,,"A037","Exp2_004","E3_SPATIAL_NONPROGRESSIVE",loading,,,,,1,TRUE,3500.000,3550.000,529.953430,530.003418,1920,1046,"ObjectSlot1-4",1,1,"video_relative_to_screen_recording_start",75.060127,454893.312,454943.312,1,75.060127,"1781613114174","../../../../../../Project/UE5/Gallery/Saved/ScreenRecordings/A037_v2_20260616_203154_screen.mkv",454893.312,454943.312,454918.312,"1781613569066","1781613569116","2026-06-16T20:39:29.066+08:00","2026-06-16T20:39:29.116+08:00",526.453430,EXP2,"exp2_table",4,4,"1:1|2:2|3:3|4:4"
"exp2_target_object","实验二当前目标模型_头顶","Exp2_004_exp2_target_object_0142","video_relative_to_recording_start",rectangle,1304,263,1919,1045,,,,"A037","Exp2_004","E3_SPATIAL_NONPROGRESSIVE",loading,,,,,1,TRUE,3500.000,3550.000,529.953430,530.003418,1920,1046,"ObjectSlot4",1,1,"video_relative_to_screen_recording_start",75.060127,454893.312,454943.312,1,75.060127,"1781613114174","../../../../../../Project/UE5/Gallery/Saved/ScreenRecordings/A037_v2_20260616_203154_screen.mkv",454893.312,454943.312,454918.312,"1781613569066","1781613569116","2026-06-16T20:39:29.066+08:00","2026-06-16T20:39:29.116+08:00",526.453430,EXP2,"exp2_target",4,4,"1:1|2:2|3:3|4:4"
"exp2_table_objects","实验二桌面四模型总体区域","Exp2_004_exp2_table_objects_0143","video_relative_to_recording_start",rectangle,0,247,1919,1045,,,,"A037","Exp2_004","E3_SPATIAL_NONPROGRESSIVE",loading,,,,,1,TRUE,3550.000,3600.000,530.003418,530.053406,1920,1046,"ObjectSlot1-4",1,1,"video_relative_to_screen_recording_start",75.060127,454943.312,454993.281,1,75.060127,"1781613114174","../../../../../../Project/UE5/Gallery/Saved/ScreenRecordings/A037_v2_20260616_203154_screen.mkv",454943.312,454993.281,454968.312,"1781613569116","1781613569166","2026-06-16T20:39:29.116+08:00","2026-06-16T20:39:29.166+08:00",526.453430,EXP2,"exp2_table",4,4,"1:1|2:2|3:3|4:4"
"exp2_target_object","实验二当前目标模型_头顶","Exp2_004_exp2_target_object_0144","video_relative_to_recording_start",rectangle,1385,247,1919,1045,,,,"A037","Exp2_004","E3_SPATIAL_NONPROGRESSIVE",loading,,,,,1,TRUE,3550.000,3600.000,530.003418,530.053406,1920,1046,"ObjectSlot4",1,1,"video_relative_to_screen_recording_start",75.060127,454943.312,454993.281,1,75.060127,"1781613114174","../../../../../../Project/UE5/Gallery/Saved/ScreenRecordings/A037_v2_20260616_203154_screen.mkv",454943.312,454993.281,454968.312,"1781613569116","1781613569166","2026-06-16T20:39:29.116+08:00","2026-06-16T20:39:29.166+08:00",526.453430,EXP2,"exp2_target",4,4,"1:1|2:2|3:3|4:4"
"exp2_table_objects","实验二桌面四模型总体区域","Exp2_004_exp2_table_objects_0145","video_relative_to_recording_start",rectangle,88,203,1919,1045,,,,"A037","Exp2_004","E3_SPATIAL_NONPROGRESSIVE",loading,,,,,1,TRUE,3600.000,3650.000,530.053406,530.103455,1920,1046,"ObjectSlot1-4",1,1,"video_relative_to_screen_recording_start",75.060127,454993.281,455043.344,1,75.060127,"1781613114174","../../../../../../Project/UE5/Gallery/Saved/ScreenRecordings/A037_v2_20260616_203154_screen.mkv",454993.281,455043.344,455018.312,"1781613569166","1781613569216","2026-06-16T20:39:29.166+08:00","2026-06-16T20:39:29.216+08:00",526.453430,EXP2,"exp2_table",4,4,"1:1|2:2|3:3|4:4"
"exp2_target_object","实验二当前目标模型_头顶","Exp2_004_exp2_target_object_0146","video_relative_to_recording_start",rectangle,1510,203,1919,1045,,,,"A037","Exp2_004","E3_SPATIAL_NONPROGRESSIVE",loading,,,,,1,TRUE,3600.000,3650.000,530.053406,530.103455,1920,1046,"ObjectSlot4",1,1,"video_relative_to_screen_recording_start",75.060127,454993.281,455043.344,1,75.060127,"1781613114174","../../../../../../Project/UE5/Gallery/Saved/ScreenRecordings/A037_v2_20260616_203154_screen.mkv",454993.281,455043.344,455018.312,"1781613569166","1781613569216","2026-06-16T20:39:29.166+08:00","2026-06-16T20:39:29.216+08:00",526.453430,EXP2,"exp2_target",4,4,"1:1|2:2|3:3|4:4"
"exp2_table_objects","实验二桌面四模型总体区域","Exp2_004_exp2_table_objects_0147","video_relative_to_recording_start",rectangle,197,175,1919,1045,,,,"A037","Exp2_004","E3_SPATIAL_NONPROGRESSIVE",loading,,,,,1,TRUE,3650.000,3700.000,530.103455,530.153442,1920,1046,"ObjectSlot1-4",1,1,"video_relative_to_screen_recording_start",75.060127,455043.344,455093.312,1,75.060127,"1781613114174","../../../../../../Project/UE5/Gallery/Saved/ScreenRecordings/A037_v2_20260616_203154_screen.mkv",455043.344,455093.312,455068.312,"1781613569216","1781613569266","2026-06-16T20:39:29.216+08:00","2026-06-16T20:39:29.266+08:00",526.453430,EXP2,"exp2_table",4,4,"1:1|2:2|3:3|4:4"
"exp2_target_object","实验二当前目标模型_头顶","Exp2_004_exp2_target_object_0148","video_relative_to_recording_start",rectangle,1597,175,1919,1045,,,,"A037","Exp2_004","E3_SPATIAL_NONPROGRESSIVE",loading,,,,,1,TRUE,3650.000,3700.000,530.103455,530.153442,1920,1046,"ObjectSlot4",1,1,"video_relative_to_screen_recording_start",75.060127,455043.344,455093.312,1,75.060127,"1781613114174","../../../../../../Project/UE5/Gallery/Saved/ScreenRecordings/A037_v2_20260616_203154_screen.mkv",455043.344,455093.312,455068.312,"1781613569216","1781613569266","2026-06-16T20:39:29.216+08:00","2026-06-16T20:39:29.266+08:00",526.453430,EXP2,"exp2_target",4,4,"1:1|2:2|3:3|4:4"
"exp2_table_objects","实验二桌面四模型总体区域","Exp2_004_exp2_table_objects_0149","video_relative_to_recording_start",rectangle,197,175,1919,1045,,,,"A037","Exp2_004","E3_SPATIAL_NONPROGRESSIVE",loading,,,,,1,TRUE,3700.000,3750.000,530.153442,530.203430,1920,1046,"ObjectSlot1-4",1,1,"video_relative_to_screen_recording_start",75.060127,455093.312,455143.312,1,75.060127,"1781613114174","../../../../../../Project/UE5/Gallery/Saved/ScreenRecordings/A037_v2_20260616_203154_screen.mkv",455093.312,455143.312,455118.312,"1781613569266","1781613569316","2026-06-16T20:39:29.266+08:00","2026-06-16T20:39:29.316+08:00",526.453430,EXP2,"exp2_table",4,4,"1:1|2:2|3:3|4:4"
"exp2_target_object","实验二当前目标模型_头顶","Exp2_004_exp2_target_object_0150","video_relative_to_recording_start",rectangle,1597,175,1919,1045,,,,"A037","Exp2_004","E3_SPATIAL_NONPROGRESSIVE",loading,,,,,1,TRUE,3700.000,3750.000,530.153442,530.203430,1920,1046,"ObjectSlot4",1,1,"video_relative_to_screen_recording_start",75.060127,455093.312,455143.312,1,75.060127,"1781613114174","../../../../../../Project/UE5/Gallery/Saved/ScreenRecordings/A037_v2_20260616_203154_screen.mkv",455093.312,455143.312,455118.312,"1781613569266","1781613569316","2026-06-16T20:39:29.266+08:00","2026-06-16T20:39:29.316+08:00",526.453430,EXP2,"exp2_target",4,4,"1:1|2:2|3:3|4:4"
"exp2_table_objects","实验二桌面四模型总体区域","Exp2_004_exp2_table_objects_0151","video_relative_to_recording_start",rectangle,337,105,1919,1045,,,,"A037","Exp2_004","E3_SPATIAL_NONPROGRESSIVE",loading,,,,,1,TRUE,3750.000,3800.000,530.203430,530.253418,1920,1046,"ObjectSlot1-4",1,1,"video_relative_to_screen_recording_start",75.060127,455143.312,455193.312,1,75.060127,"1781613114174","../../../../../../Project/UE5/Gallery/Saved/ScreenRecordings/A037_v2_20260616_203154_screen.mkv",455143.312,455193.312,455168.312,"1781613569316","1781613569366","2026-06-16T20:39:29.316+08:00","2026-06-16T20:39:29.366+08:00",526.453430,EXP2,"exp2_table",4,4,"1:1|2:2|3:3|4:4"
"exp2_target_object","实验二当前目标模型_头顶","Exp2_004_exp2_target_object_0152","video_relative_to_recording_start",rectangle,1735,105,1919,1045,,,,"A037","Exp2_004","E3_SPATIAL_NONPROGRESSIVE",loading,,,,,1,TRUE,3750.000,3800.000,530.203430,530.253418,1920,1046,"ObjectSlot4",1,1,"video_relative_to_screen_recording_start",75.060127,455143.312,455193.312,1,75.060127,"1781613114174","../../../../../../Project/UE5/Gallery/Saved/ScreenRecordings/A037_v2_20260616_203154_screen.mkv",455143.312,455193.312,455168.312,"1781613569316","1781613569366","2026-06-16T20:39:29.316+08:00","2026-06-16T20:39:29.366+08:00",526.453430,EXP2,"exp2_target",4,4,"1:1|2:2|3:3|4:4"
"exp2_table_objects","实验二桌面四模型总体区域","Exp2_004_exp2_table_objects_0153","video_relative_to_recording_start",rectangle,448,0,1919,1045,,,,"A037","Exp2_004","E3_SPATIAL_NONPROGRESSIVE",loading,,,,,1,TRUE,3800.000,3850.000,530.253418,530.303406,1920,1046,"ObjectSlot1-4",1,1,"video_relative_to_screen_recording_start",75.060127,455193.312,455243.281,1,75.060127,"1781613114174","../../../../../../Project/UE5/Gallery/Saved/ScreenRecordings/A037_v2_20260616_203154_screen.mkv",455193.312,455243.281,455218.312,"1781613569366","1781613569416","2026-06-16T20:39:29.366+08:00","2026-06-16T20:39:29.416+08:00",526.453430,EXP2,"exp2_table",4,4,"1:1|2:2|3:3|4:4"
"exp2_target_object","实验二当前目标模型_头顶","Exp2_004_exp2_target_object_0154","video_relative_to_recording_start",rectangle,1869,0,1919,1045,,,,"A037","Exp2_004","E3_SPATIAL_NONPROGRESSIVE",loading,,,,,1,TRUE,3800.000,3850.000,530.253418,530.303406,1920,1046,"ObjectSlot4",1,1,"video_relative_to_screen_recording_start",75.060127,455193.312,455243.281,1,75.060127,"1781613114174","../../../../../../Project/UE5/Gallery/Saved/ScreenRecordings/A037_v2_20260616_203154_screen.mkv",455193.312,455243.281,455218.312,"1781613569366","1781613569416","2026-06-16T20:39:29.366+08:00","2026-06-16T20:39:29.416+08:00",526.453430,EXP2,"exp2_target",4,4,"1:1|2:2|3:3|4:4"
"exp2_table_objects","实验二桌面四模型总体区域","Exp2_004_exp2_table_objects_0155","video_relative_to_recording_start",rectangle,483,0,1919,1045,,,,"A037","Exp2_004","E3_SPATIAL_NONPROGRESSIVE",loading,,,,,1,TRUE,3850.000,3900.000,530.303406,530.353455,1920,1046,"ObjectSlot1-4",1,1,"video_relative_to_screen_recording_start",75.060127,455243.281,455293.344,1,75.060127,"1781613114174","../../../../../../Project/UE5/Gallery/Saved/ScreenRecordings/A037_v2_20260616_203154_screen.mkv",455243.281,455293.344,455268.312,"1781613569416","1781613569466","2026-06-16T20:39:29.416+08:00","2026-06-16T20:39:29.466+08:00",526.453430,EXP2,"exp2_table",4,4,"1:1|2:2|3:3|4:4"
"exp2_target_object","实验二当前目标模型_头顶","Exp2_004_exp2_target_object_0156","video_relative_to_recording_start",rectangle,1917,0,1919,1045,,,,"A037","Exp2_004","E3_SPATIAL_NONPROGRESSIVE",loading,,,,,1,TRUE,3850.000,3900.000,530.303406,530.353455,1920,1046,"ObjectSlot4",1,1,"video_relative_to_screen_recording_start",75.060127,455243.281,455293.344,1,75.060127,"1781613114174","../../../../../../Project/UE5/Gallery/Saved/ScreenRecordings/A037_v2_20260616_203154_screen.mkv",455243.281,455293.344,455268.312,"1781613569416","1781613569466","2026-06-16T20:39:29.416+08:00","2026-06-16T20:39:29.466+08:00",526.453430,EXP2,"exp2_target",4,4,"1:1|2:2|3:3|4:4"
"exp2_table_objects","实验二桌面四模型总体区域","Exp2_004_exp2_table_objects_0157","video_relative_to_recording_start",rectangle,483,0,1919,1045,,,,"A037","Exp2_004","E3_SPATIAL_NONPROGRESSIVE",loading,,,,,1,TRUE,3900.000,3950.000,530.353455,530.403442,1920,1046,"ObjectSlot1-4",1,1,"video_relative_to_screen_recording_start",75.060127,455293.344,455343.312,1,75.060127,"1781613114174","../../../../../../Project/UE5/Gallery/Saved/ScreenRecordings/A037_v2_20260616_203154_screen.mkv",455293.344,455343.312,455318.312,"1781613569466","1781613569516","2026-06-16T20:39:29.466+08:00","2026-06-16T20:39:29.516+08:00",526.453430,EXP2,"exp2_table",4,4,"1:1|2:2|3:3|4:4"
"exp2_target_object","实验二当前目标模型_头顶","Exp2_004_exp2_target_object_0158","video_relative_to_recording_start",rectangle,1917,0,1919,1045,,,,"A037","Exp2_004","E3_SPATIAL_NONPROGRESSIVE",loading,,,,,1,TRUE,3900.000,3950.000,530.353455,530.403442,1920,1046,"ObjectSlot4",1,1,"video_relative_to_screen_recording_start",75.060127,455293.344,455343.312,1,75.060127,"1781613114174","../../../../../../Project/UE5/Gallery/Saved/ScreenRecordings/A037_v2_20260616_203154_screen.mkv",455293.344,455343.312,455318.312,"1781613569466","1781613569516","2026-06-16T20:39:29.466+08:00","2026-06-16T20:39:29.516+08:00",526.453430,EXP2,"exp2_target",4,4,"1:1|2:2|3:3|4:4"
"exp2_table_objects","实验二桌面四模型总体区域","Exp2_004_exp2_table_objects_0159","video_relative_to_recording_start",rectangle,494,244,1919,1045,,,,"A037","Exp2_004","E3_SPATIAL_NONPROGRESSIVE",loading,,,,,1,TRUE,3950.000,4000.000,530.403442,530.453430,1920,1046,"ObjectSlot1-4",1,1,"video_relative_to_screen_recording_start",75.060127,455343.312,455393.312,1,75.060127,"1781613114174","../../../../../../Project/UE5/Gallery/Saved/ScreenRecordings/A037_v2_20260616_203154_screen.mkv",455343.312,455393.312,455368.312,"1781613569516","1781613569566","2026-06-16T20:39:29.516+08:00","2026-06-16T20:39:29.566+08:00",526.453430,EXP2,"exp2_table",4,4,"1:1|2:2|3:3|4:4"
"exp2_target_object","实验二当前目标模型_头顶","Exp2_004_exp2_target_object_0160","video_relative_to_recording_start",rectangle,,,,,,,,"A037","Exp2_004","E3_SPATIAL_NONPROGRESSIVE",loading,,,,,1,TRUE,3950.000,4000.000,530.403442,530.453430,1920,1046,"ObjectSlot4",0,1,"video_relative_to_screen_recording_start",75.060127,455343.312,455393.312,1,75.060127,"1781613114174","../../../../../../Project/UE5/Gallery/Saved/ScreenRecordings/A037_v2_20260616_203154_screen.mkv",455343.312,455393.312,455368.312,"1781613569516","1781613569566","2026-06-16T20:39:29.516+08:00","2026-06-16T20:39:29.566+08:00",526.453430,EXP2,"exp2_target",4,4,"1:1|2:2|3:3|4:4"
"exp2_table_objects","实验二桌面四模型总体区域","Exp2_004_exp2_table_objects_0161","video_relative_to_recording_start",rectangle,462,0,1919,1045,,,,"A037","Exp2_004","E3_SPATIAL_NONPROGRESSIVE",loading,,,,,1,TRUE,4000.000,4050.000,530.453430,530.503418,1920,1046,"ObjectSlot1-4",1,1,"video_relative_to_screen_recording_start",75.060127,455393.312,455443.312,1,75.060127,"1781613114174","../../../../../../Project/UE5/Gallery/Saved/ScreenRecordings/A037_v2_20260616_203154_screen.mkv",455393.312,455443.312,455418.312,"1781613569566","1781613569616","2026-06-16T20:39:29.566+08:00","2026-06-16T20:39:29.616+08:00",526.453430,EXP2,"exp2_table",4,4,"1:1|2:2|3:3|4:4"
"exp2_target_object","实验二当前目标模型_头顶","Exp2_004_exp2_target_object_0162","video_relative_to_recording_start",rectangle,1890,0,1919,1045,,,,"A037","Exp2_004","E3_SPATIAL_NONPROGRESSIVE",loading,,,,,1,TRUE,4000.000,4050.000,530.453430,530.503418,1920,1046,"ObjectSlot4",1,1,"video_relative_to_screen_recording_start",75.060127,455393.312,455443.312,1,75.060127,"1781613114174","../../../../../../Project/UE5/Gallery/Saved/ScreenRecordings/A037_v2_20260616_203154_screen.mkv",455393.312,455443.312,455418.312,"1781613569566","1781613569616","2026-06-16T20:39:29.566+08:00","2026-06-16T20:39:29.616+08:00",526.453430,EXP2,"exp2_target",4,4,"1:1|2:2|3:3|4:4"
"exp2_table_objects","实验二桌面四模型总体区域","Exp2_004_exp2_table_objects_0163","video_relative_to_recording_start",rectangle,402,80,1919,1045,,,,"A037","Exp2_004","E3_SPATIAL_NONPROGRESSIVE",loading,,,,,1,TRUE,4050.000,4100.000,530.503418,530.553406,1920,1046,"ObjectSlot1-4",1,1,"video_relative_to_screen_recording_start",75.060127,455443.312,455493.281,1,75.060127,"1781613114174","../../../../../../Project/UE5/Gallery/Saved/ScreenRecordings/A037_v2_20260616_203154_screen.mkv",455443.312,455493.281,455468.312,"1781613569616","1781613569666","2026-06-16T20:39:29.616+08:00","2026-06-16T20:39:29.666+08:00",526.453430,EXP2,"exp2_table",4,4,"1:1|2:2|3:3|4:4"
"exp2_target_object","实验二当前目标模型_头顶","Exp2_004_exp2_target_object_0164","video_relative_to_recording_start",rectangle,1814,80,1919,1045,,,,"A037","Exp2_004","E3_SPATIAL_NONPROGRESSIVE",loading,,,,,1,TRUE,4050.000,4100.000,530.503418,530.553406,1920,1046,"ObjectSlot4",1,1,"video_relative_to_screen_recording_start",75.060127,455443.312,455493.281,1,75.060127,"1781613114174","../../../../../../Project/UE5/Gallery/Saved/ScreenRecordings/A037_v2_20260616_203154_screen.mkv",455443.312,455493.281,455468.312,"1781613569616","1781613569666","2026-06-16T20:39:29.616+08:00","2026-06-16T20:39:29.666+08:00",526.453430,EXP2,"exp2_target",4,4,"1:1|2:2|3:3|4:4"
"exp2_table_objects","实验二桌面四模型总体区域","Exp2_004_exp2_table_objects_0165","video_relative_to_recording_start",rectangle,402,80,1919,1045,,,,"A037","Exp2_004","E3_SPATIAL_NONPROGRESSIVE",loading,,,,,1,TRUE,4100.000,4150.000,530.553406,530.603455,1920,1046,"ObjectSlot1-4",1,1,"video_relative_to_screen_recording_start",75.060127,455493.281,455543.344,1,75.060127,"1781613114174","../../../../../../Project/UE5/Gallery/Saved/ScreenRecordings/A037_v2_20260616_203154_screen.mkv",455493.281,455543.344,455518.312,"1781613569666","1781613569716","2026-06-16T20:39:29.666+08:00","2026-06-16T20:39:29.716+08:00",526.453430,EXP2,"exp2_table",4,4,"1:1|2:2|3:3|4:4"
"exp2_target_object","实验二当前目标模型_头顶","Exp2_004_exp2_target_object_0166","video_relative_to_recording_start",rectangle,1814,80,1919,1045,,,,"A037","Exp2_004","E3_SPATIAL_NONPROGRESSIVE",loading,,,,,1,TRUE,4100.000,4150.000,530.553406,530.603455,1920,1046,"ObjectSlot4",1,1,"video_relative_to_screen_recording_start",75.060127,455493.281,455543.344,1,75.060127,"1781613114174","../../../../../../Project/UE5/Gallery/Saved/ScreenRecordings/A037_v2_20260616_203154_screen.mkv",455493.281,455543.344,455518.312,"1781613569666","1781613569716","2026-06-16T20:39:29.666+08:00","2026-06-16T20:39:29.716+08:00",526.453430,EXP2,"exp2_target",4,4,"1:1|2:2|3:3|4:4"
"exp2_table_objects","实验二桌面四模型总体区域","Exp2_004_exp2_table_objects_0167","video_relative_to_recording_start",rectangle,402,80,1919,1045,,,,"A037","Exp2_004","E3_SPATIAL_NONPROGRESSIVE",loading,,,,,1,TRUE,4150.000,4200.000,530.603455,530.653442,1920,1046,"ObjectSlot1-4",1,1,"video_relative_to_screen_recording_start",75.060127,455543.344,455593.312,1,75.060127,"1781613114174","../../../../../../Project/UE5/Gallery/Saved/ScreenRecordings/A037_v2_20260616_203154_screen.mkv",455543.344,455593.312,455568.312,"1781613569716","1781613569766","2026-06-16T20:39:29.716+08:00","2026-06-16T20:39:29.766+08:00",526.453430,EXP2,"exp2_table",4,4,"1:1|2:2|3:3|4:4"
"exp2_target_object","实验二当前目标模型_头顶","Exp2_004_exp2_target_object_0168","video_relative_to_recording_start",rectangle,1814,80,1919,1045,,,,"A037","Exp2_004","E3_SPATIAL_NONPROGRESSIVE",loading,,,,,1,TRUE,4150.000,4200.000,530.603455,530.653442,1920,1046,"ObjectSlot4",1,1,"video_relative_to_screen_recording_start",75.060127,455543.344,455593.312,1,75.060127,"1781613114174","../../../../../../Project/UE5/Gallery/Saved/ScreenRecordings/A037_v2_20260616_203154_screen.mkv",455543.344,455593.312,455568.312,"1781613569716","1781613569766","2026-06-16T20:39:29.716+08:00","2026-06-16T20:39:29.766+08:00",526.453430,EXP2,"exp2_target",4,4,"1:1|2:2|3:3|4:4"
"exp2_table_objects","实验二桌面四模型总体区域","Exp2_004_exp2_table_objects_0169","video_relative_to_recording_start",rectangle,402,80,1919,1045,,,,"A037","Exp2_004","E3_SPATIAL_NONPROGRESSIVE",loading,,,,,1,TRUE,4200.000,4250.000,530.653442,530.703430,1920,1046,"ObjectSlot1-4",1,1,"video_relative_to_screen_recording_start",75.060127,455593.312,455643.312,1,75.060127,"1781613114174","../../../../../../Project/UE5/Gallery/Saved/ScreenRecordings/A037_v2_20260616_203154_screen.mkv",455593.312,455643.312,455618.312,"1781613569766","1781613569816","2026-06-16T20:39:29.766+08:00","2026-06-16T20:39:29.816+08:00",526.453430,EXP2,"exp2_table",4,4,"1:1|2:2|3:3|4:4"
"exp2_target_object","实验二当前目标模型_头顶","Exp2_004_exp2_target_object_0170","video_relative_to_recording_start",rectangle,1814,80,1919,1045,,,,"A037","Exp2_004","E3_SPATIAL_NONPROGRESSIVE",loading,,,,,1,TRUE,4200.000,4250.000,530.653442,530.703430,1920,1046,"ObjectSlot4",1,1,"video_relative_to_screen_recording_start",75.060127,455593.312,455643.312,1,75.060127,"1781613114174","../../../../../../Project/UE5/Gallery/Saved/ScreenRecordings/A037_v2_20260616_203154_screen.mkv",455593.312,455643.312,455618.312,"1781613569766","1781613569816","2026-06-16T20:39:29.766+08:00","2026-06-16T20:39:29.816+08:00",526.453430,EXP2,"exp2_target",4,4,"1:1|2:2|3:3|4:4"
"exp2_table_objects","实验二桌面四模型总体区域","Exp2_004_exp2_table_objects_0171","video_relative_to_recording_start",rectangle,402,80,1919,1045,,,,"A037","Exp2_004","E3_SPATIAL_NONPROGRESSIVE",loading,,,,,1,TRUE,4250.000,4300.000,530.703430,530.753418,1920,1046,"ObjectSlot1-4",1,1,"video_relative_to_screen_recording_start",75.060127,455643.312,455693.312,1,75.060127,"1781613114174","../../../../../../Project/UE5/Gallery/Saved/ScreenRecordings/A037_v2_20260616_203154_screen.mkv",455643.312,455693.312,455668.312,"1781613569816","1781613569866","2026-06-16T20:39:29.816+08:00","2026-06-16T20:39:29.866+08:00",526.453430,EXP2,"exp2_table",4,4,"1:1|2:2|3:3|4:4"
"exp2_target_object","实验二当前目标模型_头顶","Exp2_004_exp2_target_object_0172","video_relative_to_recording_start",rectangle,1814,80,1919,1045,,,,"A037","Exp2_004","E3_SPATIAL_NONPROGRESSIVE",loading,,,,,1,TRUE,4250.000,4300.000,530.703430,530.753418,1920,1046,"ObjectSlot4",1,1,"video_relative_to_screen_recording_start",75.060127,455643.312,455693.312,1,75.060127,"1781613114174","../../../../../../Project/UE5/Gallery/Saved/ScreenRecordings/A037_v2_20260616_203154_screen.mkv",455643.312,455693.312,455668.312,"1781613569816","1781613569866","2026-06-16T20:39:29.816+08:00","2026-06-16T20:39:29.866+08:00",526.453430,EXP2,"exp2_target",4,4,"1:1|2:2|3:3|4:4"
"exp2_table_objects","实验二桌面四模型总体区域","Exp2_004_exp2_table_objects_0173","video_relative_to_recording_start",rectangle,402,80,1919,1045,,,,"A037","Exp2_004","E3_SPATIAL_NONPROGRESSIVE",loading,,,,,1,TRUE,4300.000,4350.000,530.753418,530.803406,1920,1046,"ObjectSlot1-4",1,1,"video_relative_to_screen_recording_start",75.060127,455693.312,455743.281,1,75.060127,"1781613114174","../../../../../../Project/UE5/Gallery/Saved/ScreenRecordings/A037_v2_20260616_203154_screen.mkv",455693.312,455743.281,455718.312,"1781613569866","1781613569916","2026-06-16T20:39:29.866+08:00","2026-06-16T20:39:29.916+08:00",526.453430,EXP2,"exp2_table",4,4,"1:1|2:2|3:3|4:4"
"exp2_target_object","实验二当前目标模型_头顶","Exp2_004_exp2_target_object_0174","video_relative_to_recording_start",rectangle,1814,80,1919,1045,,,,"A037","Exp2_004","E3_SPATIAL_NONPROGRESSIVE",loading,,,,,1,TRUE,4300.000,4350.000,530.753418,530.803406,1920,1046,"ObjectSlot4",1,1,"video_relative_to_screen_recording_start",75.060127,455693.312,455743.281,1,75.060127,"1781613114174","../../../../../../Project/UE5/Gallery/Saved/ScreenRecordings/A037_v2_20260616_203154_screen.mkv",455693.312,455743.281,455718.312,"1781613569866","1781613569916","2026-06-16T20:39:29.866+08:00","2026-06-16T20:39:29.916+08:00",526.453430,EXP2,"exp2_target",4,4,"1:1|2:2|3:3|4:4"
"exp2_table_objects","实验二桌面四模型总体区域","Exp2_004_exp2_table_objects_0175","video_relative_to_recording_start",rectangle,402,80,1919,1045,,,,"A037","Exp2_004","E3_SPATIAL_NONPROGRESSIVE",loading,,,,,1,TRUE,4350.000,4400.000,530.803406,530.853455,1920,1046,"ObjectSlot1-4",1,1,"video_relative_to_screen_recording_start",75.060127,455743.281,455793.344,1,75.060127,"1781613114174","../../../../../../Project/UE5/Gallery/Saved/ScreenRecordings/A037_v2_20260616_203154_screen.mkv",455743.281,455793.344,455768.312,"1781613569916","1781613569966","2026-06-16T20:39:29.916+08:00","2026-06-16T20:39:29.966+08:00",526.453430,EXP2,"exp2_table",4,4,"1:1|2:2|3:3|4:4"
"exp2_target_object","实验二当前目标模型_头顶","Exp2_004_exp2_target_object_0176","video_relative_to_recording_start",rectangle,1814,80,1919,1045,,,,"A037","Exp2_004","E3_SPATIAL_NONPROGRESSIVE",loading,,,,,1,TRUE,4350.000,4400.000,530.803406,530.853455,1920,1046,"ObjectSlot4",1,1,"video_relative_to_screen_recording_start",75.060127,455743.281,455793.344,1,75.060127,"1781613114174","../../../../../../Project/UE5/Gallery/Saved/ScreenRecordings/A037_v2_20260616_203154_screen.mkv",455743.281,455793.344,455768.312,"1781613569916","1781613569966","2026-06-16T20:39:29.916+08:00","2026-06-16T20:39:29.966+08:00",526.453430,EXP2,"exp2_target",4,4,"1:1|2:2|3:3|4:4"
"exp2_table_objects","实验二桌面四模型总体区域","Exp2_004_exp2_table_objects_0177","video_relative_to_recording_start",rectangle,402,80,1919,1045,,,,"A037","Exp2_004","E3_SPATIAL_NONPROGRESSIVE",loading,,,,,1,TRUE,4400.000,4450.000,530.853455,530.903442,1920,1046,"ObjectSlot1-4",1,1,"video_relative_to_screen_recording_start",75.060127,455793.344,455843.312,1,75.060127,"1781613114174","../../../../../../Project/UE5/Gallery/Saved/ScreenRecordings/A037_v2_20260616_203154_screen.mkv",455793.344,455843.312,455818.312,"1781613569966","1781613570016","2026-06-16T20:39:29.966+08:00","2026-06-16T20:39:30.016+08:00",526.453430,EXP2,"exp2_table",4,4,"1:1|2:2|3:3|4:4"
"exp2_target_object","实验二当前目标模型_头顶","Exp2_004_exp2_target_object_0178","video_relative_to_recording_start",rectangle,1814,80,1919,1045,,,,"A037","Exp2_004","E3_SPATIAL_NONPROGRESSIVE",loading,,,,,1,TRUE,4400.000,4450.000,530.853455,530.903442,1920,1046,"ObjectSlot4",1,1,"video_relative_to_screen_recording_start",75.060127,455793.344,455843.312,1,75.060127,"1781613114174","../../../../../../Project/UE5/Gallery/Saved/ScreenRecordings/A037_v2_20260616_203154_screen.mkv",455793.344,455843.312,455818.312,"1781613569966","1781613570016","2026-06-16T20:39:29.966+08:00","2026-06-16T20:39:30.016+08:00",526.453430,EXP2,"exp2_target",4,4,"1:1|2:2|3:3|4:4"
"exp2_table_objects","实验二桌面四模型总体区域","Exp2_004_exp2_table_objects_0179","video_relative_to_recording_start",rectangle,402,80,1919,1045,,,,"A037","Exp2_004","E3_SPATIAL_NONPROGRESSIVE",loading,,,,,1,TRUE,4450.000,4500.000,530.903442,530.953430,1920,1046,"ObjectSlot1-4",1,1,"video_relative_to_screen_recording_start",75.060127,455843.312,455893.312,1,75.060127,"1781613114174","../../../../../../Project/UE5/Gallery/Saved/ScreenRecordings/A037_v2_20260616_203154_screen.mkv",455843.312,455893.312,455868.312,"1781613570016","1781613570066","2026-06-16T20:39:30.016+08:00","2026-06-16T20:39:30.066+08:00",526.453430,EXP2,"exp2_table",4,4,"1:1|2:2|3:3|4:4"
"exp2_target_object","实验二当前目标模型_头顶","Exp2_004_exp2_target_object_0180","video_relative_to_recording_start",rectangle,1814,80,1919,1045,,,,"A037","Exp2_004","E3_SPATIAL_NONPROGRESSIVE",loading,,,,,1,TRUE,4450.000,4500.000,530.903442,530.953430,1920,1046,"ObjectSlot4",1,1,"video_relative_to_screen_recording_start",75.060127,455843.312,455893.312,1,75.060127,"1781613114174","../../../../../../Project/UE5/Gallery/Saved/ScreenRecordings/A037_v2_20260616_203154_screen.mkv",455843.312,455893.312,455868.312,"1781613570016","1781613570066","2026-06-16T20:39:30.016+08:00","2026-06-16T20:39:30.066+08:00",526.453430,EXP2,"exp2_target",4,4,"1:1|2:2|3:3|4:4"
"exp2_table_objects","实验二桌面四模型总体区域","Exp2_004_exp2_table_objects_0181","video_relative_to_recording_start",rectangle,402,80,1919,1045,,,,"A037","Exp2_004","E3_SPATIAL_NONPROGRESSIVE",loading,,,,,1,TRUE,4500.000,4550.000,530.953430,531.003418,1920,1046,"ObjectSlot1-4",1,1,"video_relative_to_screen_recording_start",75.060127,455893.312,455943.312,1,75.060127,"1781613114174","../../../../../../Project/UE5/Gallery/Saved/ScreenRecordings/A037_v2_20260616_203154_screen.mkv",455893.312,455943.312,455918.312,"1781613570066","1781613570116","2026-06-16T20:39:30.066+08:00","2026-06-16T20:39:30.116+08:00",526.453430,EXP2,"exp2_table",4,4,"1:1|2:2|3:3|4:4"
"exp2_target_object","实验二当前目标模型_头顶","Exp2_004_exp2_target_object_0182","video_relative_to_recording_start",rectangle,1814,80,1919,1045,,,,"A037","Exp2_004","E3_SPATIAL_NONPROGRESSIVE",loading,,,,,1,TRUE,4500.000,4550.000,530.953430,531.003418,1920,1046,"ObjectSlot4",1,1,"video_relative_to_screen_recording_start",75.060127,455893.312,455943.312,1,75.060127,"1781613114174","../../../../../../Project/UE5/Gallery/Saved/ScreenRecordings/A037_v2_20260616_203154_screen.mkv",455893.312,455943.312,455918.312,"1781613570066","1781613570116","2026-06-16T20:39:30.066+08:00","2026-06-16T20:39:30.116+08:00",526.453430,EXP2,"exp2_target",4,4,"1:1|2:2|3:3|4:4"
"exp2_table_objects","实验二桌面四模型总体区域","Exp2_004_exp2_table_objects_0183","video_relative_to_recording_start",rectangle,402,80,1919,1045,,,,"A037","Exp2_004","E3_SPATIAL_NONPROGRESSIVE",loading,,,,,1,TRUE,4550.000,4600.000,531.003418,531.053406,1920,1046,"ObjectSlot1-4",1,1,"video_relative_to_screen_recording_start",75.060127,455943.312,455993.281,1,75.060127,"1781613114174","../../../../../../Project/UE5/Gallery/Saved/ScreenRecordings/A037_v2_20260616_203154_screen.mkv",455943.312,455993.281,455968.312,"1781613570116","1781613570166","2026-06-16T20:39:30.116+08:00","2026-06-16T20:39:30.166+08:00",526.453430,EXP2,"exp2_table",4,4,"1:1|2:2|3:3|4:4"
"exp2_target_object","实验二当前目标模型_头顶","Exp2_004_exp2_target_object_0184","video_relative_to_recording_start",rectangle,1814,80,1919,1045,,,,"A037","Exp2_004","E3_SPATIAL_NONPROGRESSIVE",loading,,,,,1,TRUE,4550.000,4600.000,531.003418,531.053406,1920,1046,"ObjectSlot4",1,1,"video_relative_to_screen_recording_start",75.060127,455943.312,455993.281,1,75.060127,"1781613114174","../../../../../../Project/UE5/Gallery/Saved/ScreenRecordings/A037_v2_20260616_203154_screen.mkv",455943.312,455993.281,455968.312,"1781613570116","1781613570166","2026-06-16T20:39:30.116+08:00","2026-06-16T20:39:30.166+08:00",526.453430,EXP2,"exp2_target",4,4,"1:1|2:2|3:3|4:4"
"exp2_table_objects","实验二桌面四模型总体区域","Exp2_004_exp2_table_objects_0185","video_relative_to_recording_start",rectangle,404,83,1919,1045,,,,"A037","Exp2_004","E3_SPATIAL_NONPROGRESSIVE",loading,,,,,1,TRUE,4600.000,4650.000,531.053406,531.103455,1920,1046,"ObjectSlot1-4",1,1,"video_relative_to_screen_recording_start",75.060127,455993.281,456043.344,1,75.060127,"1781613114174","../../../../../../Project/UE5/Gallery/Saved/ScreenRecordings/A037_v2_20260616_203154_screen.mkv",455993.281,456043.344,456018.312,"1781613570166","1781613570216","2026-06-16T20:39:30.166+08:00","2026-06-16T20:39:30.216+08:00",526.453430,EXP2,"exp2_table",4,4,"1:1|2:2|3:3|4:4"
"exp2_target_object","实验二当前目标模型_头顶","Exp2_004_exp2_target_object_0186","video_relative_to_recording_start",rectangle,1817,83,1919,1045,,,,"A037","Exp2_004","E3_SPATIAL_NONPROGRESSIVE",loading,,,,,1,TRUE,4600.000,4650.000,531.053406,531.103455,1920,1046,"ObjectSlot4",1,1,"video_relative_to_screen_recording_start",75.060127,455993.281,456043.344,1,75.060127,"1781613114174","../../../../../../Project/UE5/Gallery/Saved/ScreenRecordings/A037_v2_20260616_203154_screen.mkv",455993.281,456043.344,456018.312,"1781613570166","1781613570216","2026-06-16T20:39:30.166+08:00","2026-06-16T20:39:30.216+08:00",526.453430,EXP2,"exp2_target",4,4,"1:1|2:2|3:3|4:4"
"exp2_table_objects","实验二桌面四模型总体区域","Exp2_004_exp2_table_objects_0187","video_relative_to_recording_start",rectangle,386,142,1919,1045,,,,"A037","Exp2_004","E3_SPATIAL_NONPROGRESSIVE",loading,,,,,1,TRUE,4650.000,4700.000,531.103455,531.153442,1920,1046,"ObjectSlot1-4",1,1,"video_relative_to_screen_recording_start",75.060127,456043.344,456093.312,1,75.060127,"1781613114174","../../../../../../Project/UE5/Gallery/Saved/ScreenRecordings/A037_v2_20260616_203154_screen.mkv",456043.344,456093.312,456068.312,"1781613570216","1781613570266","2026-06-16T20:39:30.216+08:00","2026-06-16T20:39:30.266+08:00",526.453430,EXP2,"exp2_table",4,4,"1:1|2:2|3:3|4:4"
"exp2_target_object","实验二当前目标模型_头顶","Exp2_004_exp2_target_object_0188","video_relative_to_recording_start",rectangle,1801,142,1919,1045,,,,"A037","Exp2_004","E3_SPATIAL_NONPROGRESSIVE",loading,,,,,1,TRUE,4650.000,4700.000,531.103455,531.153442,1920,1046,"ObjectSlot4",1,1,"video_relative_to_screen_recording_start",75.060127,456043.344,456093.312,1,75.060127,"1781613114174","../../../../../../Project/UE5/Gallery/Saved/ScreenRecordings/A037_v2_20260616_203154_screen.mkv",456043.344,456093.312,456068.312,"1781613570216","1781613570266","2026-06-16T20:39:30.216+08:00","2026-06-16T20:39:30.266+08:00",526.453430,EXP2,"exp2_target",4,4,"1:1|2:2|3:3|4:4"
"exp2_table_objects","实验二桌面四模型总体区域","Exp2_004_exp2_table_objects_0189","video_relative_to_recording_start",rectangle,386,196,1919,1045,,,,"A037","Exp2_004","E3_SPATIAL_NONPROGRESSIVE",loading,,,,,1,TRUE,4700.000,4750.000,531.153442,531.203430,1920,1046,"ObjectSlot1-4",1,1,"video_relative_to_screen_recording_start",75.060127,456093.312,456143.312,1,75.060127,"1781613114174","../../../../../../Project/UE5/Gallery/Saved/ScreenRecordings/A037_v2_20260616_203154_screen.mkv",456093.312,456143.312,456118.312,"1781613570266","1781613570316","2026-06-16T20:39:30.266+08:00","2026-06-16T20:39:30.316+08:00",526.453430,EXP2,"exp2_table",4,4,"1:1|2:2|3:3|4:4"
"exp2_target_object","实验二当前目标模型_头顶","Exp2_004_exp2_target_object_0190","video_relative_to_recording_start",rectangle,1811,196,1919,1045,,,,"A037","Exp2_004","E3_SPATIAL_NONPROGRESSIVE",loading,,,,,1,TRUE,4700.000,4750.000,531.153442,531.203430,1920,1046,"ObjectSlot4",1,1,"video_relative_to_screen_recording_start",75.060127,456093.312,456143.312,1,75.060127,"1781613114174","../../../../../../Project/UE5/Gallery/Saved/ScreenRecordings/A037_v2_20260616_203154_screen.mkv",456093.312,456143.312,456118.312,"1781613570266","1781613570316","2026-06-16T20:39:30.266+08:00","2026-06-16T20:39:30.316+08:00",526.453430,EXP2,"exp2_target",4,4,"1:1|2:2|3:3|4:4"
"exp2_table_objects","实验二桌面四模型总体区域","Exp2_004_exp2_table_objects_0191","video_relative_to_recording_start",rectangle,386,196,1919,1045,,,,"A037","Exp2_004","E3_SPATIAL_NONPROGRESSIVE",loading,,,,,1,TRUE,4750.000,4800.000,531.203430,531.253418,1920,1046,"ObjectSlot1-4",1,1,"video_relative_to_screen_recording_start",75.060127,456143.312,456193.312,1,75.060127,"1781613114174","../../../../../../Project/UE5/Gallery/Saved/ScreenRecordings/A037_v2_20260616_203154_screen.mkv",456143.312,456193.312,456168.312,"1781613570316","1781613570366","2026-06-16T20:39:30.316+08:00","2026-06-16T20:39:30.366+08:00",526.453430,EXP2,"exp2_table",4,4,"1:1|2:2|3:3|4:4"
"exp2_target_object","实验二当前目标模型_头顶","Exp2_004_exp2_target_object_0192","video_relative_to_recording_start",rectangle,1811,196,1919,1045,,,,"A037","Exp2_004","E3_SPATIAL_NONPROGRESSIVE",loading,,,,,1,TRUE,4750.000,4800.000,531.203430,531.253418,1920,1046,"ObjectSlot4",1,1,"video_relative_to_screen_recording_start",75.060127,456143.312,456193.312,1,75.060127,"1781613114174","../../../../../../Project/UE5/Gallery/Saved/ScreenRecordings/A037_v2_20260616_203154_screen.mkv",456143.312,456193.312,456168.312,"1781613570316","1781613570366","2026-06-16T20:39:30.316+08:00","2026-06-16T20:39:30.366+08:00",526.453430,EXP2,"exp2_target",4,4,"1:1|2:2|3:3|4:4"
"exp2_table_objects","实验二桌面四模型总体区域","Exp2_004_exp2_table_objects_0193","video_relative_to_recording_start",rectangle,373,275,1919,1045,,,,"A037","Exp2_004","E3_SPATIAL_NONPROGRESSIVE",loading,,,,,1,TRUE,4800.000,4850.000,531.253418,531.303406,1920,1046,"ObjectSlot1-4",1,1,"video_relative_to_screen_recording_start",75.060127,456193.312,456243.281,1,75.060127,"1781613114174","../../../../../../Project/UE5/Gallery/Saved/ScreenRecordings/A037_v2_20260616_203154_screen.mkv",456193.312,456243.281,456218.312,"1781613570366","1781613570416","2026-06-16T20:39:30.366+08:00","2026-06-16T20:39:30.416+08:00",526.453430,EXP2,"exp2_table",4,4,"1:1|2:2|3:3|4:4"
"exp2_target_object","实验二当前目标模型_头顶","Exp2_004_exp2_target_object_0194","video_relative_to_recording_start",rectangle,1813,275,1919,1045,,,,"A037","Exp2_004","E3_SPATIAL_NONPROGRESSIVE",loading,,,,,1,TRUE,4800.000,4850.000,531.253418,531.303406,1920,1046,"ObjectSlot4",1,1,"video_relative_to_screen_recording_start",75.060127,456193.312,456243.281,1,75.060127,"1781613114174","../../../../../../Project/UE5/Gallery/Saved/ScreenRecordings/A037_v2_20260616_203154_screen.mkv",456193.312,456243.281,456218.312,"1781613570366","1781613570416","2026-06-16T20:39:30.366+08:00","2026-06-16T20:39:30.416+08:00",526.453430,EXP2,"exp2_target",4,4,"1:1|2:2|3:3|4:4"
"exp2_table_objects","实验二桌面四模型总体区域","Exp2_004_exp2_table_objects_0195","video_relative_to_recording_start",rectangle,364,307,1919,1045,,,,"A037","Exp2_004","E3_SPATIAL_NONPROGRESSIVE",loading,,,,,1,TRUE,4850.000,4900.000,531.303406,531.353455,1920,1046,"ObjectSlot1-4",1,1,"video_relative_to_screen_recording_start",75.060127,456243.281,456293.344,1,75.060127,"1781613114174","../../../../../../Project/UE5/Gallery/Saved/ScreenRecordings/A037_v2_20260616_203154_screen.mkv",456243.281,456293.344,456268.312,"1781613570416","1781613570466","2026-06-16T20:39:30.416+08:00","2026-06-16T20:39:30.466+08:00",526.453430,EXP2,"exp2_table",4,4,"1:1|2:2|3:3|4:4"
"exp2_target_object","实验二当前目标模型_头顶","Exp2_004_exp2_target_object_0196","video_relative_to_recording_start",rectangle,1812,307,1919,1045,,,,"A037","Exp2_004","E3_SPATIAL_NONPROGRESSIVE",loading,,,,,1,TRUE,4850.000,4900.000,531.303406,531.353455,1920,1046,"ObjectSlot4",1,1,"video_relative_to_screen_recording_start",75.060127,456243.281,456293.344,1,75.060127,"1781613114174","../../../../../../Project/UE5/Gallery/Saved/ScreenRecordings/A037_v2_20260616_203154_screen.mkv",456243.281,456293.344,456268.312,"1781613570416","1781613570466","2026-06-16T20:39:30.416+08:00","2026-06-16T20:39:30.466+08:00",526.453430,EXP2,"exp2_target",4,4,"1:1|2:2|3:3|4:4"
"exp2_table_objects","实验二桌面四模型总体区域","Exp2_004_exp2_table_objects_0197","video_relative_to_recording_start",rectangle,364,307,1919,1045,,,,"A037","Exp2_004","E3_SPATIAL_NONPROGRESSIVE",loading,,,,,1,TRUE,4900.000,4950.000,531.353455,531.403442,1920,1046,"ObjectSlot1-4",1,1,"video_relative_to_screen_recording_start",75.060127,456293.344,456343.312,1,75.060127,"1781613114174","../../../../../../Project/UE5/Gallery/Saved/ScreenRecordings/A037_v2_20260616_203154_screen.mkv",456293.344,456343.312,456318.312,"1781613570466","1781613570516","2026-06-16T20:39:30.466+08:00","2026-06-16T20:39:30.516+08:00",526.453430,EXP2,"exp2_table",4,4,"1:1|2:2|3:3|4:4"
"exp2_target_object","实验二当前目标模型_头顶","Exp2_004_exp2_target_object_0198","video_relative_to_recording_start",rectangle,1812,307,1919,1045,,,,"A037","Exp2_004","E3_SPATIAL_NONPROGRESSIVE",loading,,,,,1,TRUE,4900.000,4950.000,531.353455,531.403442,1920,1046,"ObjectSlot4",1,1,"video_relative_to_screen_recording_start",75.060127,456293.344,456343.312,1,75.060127,"1781613114174","../../../../../../Project/UE5/Gallery/Saved/ScreenRecordings/A037_v2_20260616_203154_screen.mkv",456293.344,456343.312,456318.312,"1781613570466","1781613570516","2026-06-16T20:39:30.466+08:00","2026-06-16T20:39:30.516+08:00",526.453430,EXP2,"exp2_target",4,4,"1:1|2:2|3:3|4:4"
"exp2_table_objects","实验二桌面四模型总体区域","Exp2_004_exp2_table_objects_0199","video_relative_to_recording_start",rectangle,364,307,1919,1045,,,,"A037","Exp2_004","E3_SPATIAL_NONPROGRESSIVE",loading,,,,,1,TRUE,4950.000,5000.000,531.403442,531.453430,1920,1046,"ObjectSlot1-4",1,1,"video_relative_to_screen_recording_start",75.060127,456343.312,456393.312,1,75.060127,"1781613114174","../../../../../../Project/UE5/Gallery/Saved/ScreenRecordings/A037_v2_20260616_203154_screen.mkv",456343.312,456393.312,456368.312,"1781613570516","1781613570566","2026-06-16T20:39:30.516+08:00","2026-06-16T20:39:30.566+08:00",526.453430,EXP2,"exp2_table",4,4,"1:1|2:2|3:3|4:4"
"exp2_target_object","实验二当前目标模型_头顶","Exp2_004_exp2_target_object_0200","video_relative_to_recording_start",rectangle,1812,307,1919,1045,,,,"A037","Exp2_004","E3_SPATIAL_NONPROGRESSIVE",loading,,,,,1,TRUE,4950.000,5000.000,531.403442,531.453430,1920,1046,"ObjectSlot4",1,1,"video_relative_to_screen_recording_start",75.060127,456343.312,456393.312,1,75.060127,"1781613114174","../../../../../../Project/UE5/Gallery/Saved/ScreenRecordings/A037_v2_20260616_203154_screen.mkv",456343.312,456393.312,456368.312,"1781613570516","1781613570566","2026-06-16T20:39:30.516+08:00","2026-06-16T20:39:30.566+08:00",526.453430,EXP2,"exp2_target",4,4,"1:1|2:2|3:3|4:4"
"exp2_table_objects","实验二桌面四模型总体区域","Exp2_004_exp2_table_objects_0201","video_relative_to_recording_start",rectangle,364,307,1919,1045,,,,"A037","Exp2_004","E3_SPATIAL_NONPROGRESSIVE",loading,,,,,1,TRUE,5000.000,5050.000,531.453430,531.503418,1920,1046,"ObjectSlot1-4",1,1,"video_relative_to_screen_recording_start",75.060127,456393.312,456443.312,1,75.060127,"1781613114174","../../../../../../Project/UE5/Gallery/Saved/ScreenRecordings/A037_v2_20260616_203154_screen.mkv",456393.312,456443.312,456418.312,"1781613570566","1781613570616","2026-06-16T20:39:30.566+08:00","2026-06-16T20:39:30.616+08:00",526.453430,EXP2,"exp2_table",4,4,"1:1|2:2|3:3|4:4"
"exp2_target_object","实验二当前目标模型_头顶","Exp2_004_exp2_target_object_0202","video_relative_to_recording_start",rectangle,1812,307,1919,1045,,,,"A037","Exp2_004","E3_SPATIAL_NONPROGRESSIVE",loading,,,,,1,TRUE,5000.000,5050.000,531.453430,531.503418,1920,1046,"ObjectSlot4",1,1,"video_relative_to_screen_recording_start",75.060127,456393.312,456443.312,1,75.060127,"1781613114174","../../../../../../Project/UE5/Gallery/Saved/ScreenRecordings/A037_v2_20260616_203154_screen.mkv",456393.312,456443.312,456418.312,"1781613570566","1781613570616","2026-06-16T20:39:30.566+08:00","2026-06-16T20:39:30.616+08:00",526.453430,EXP2,"exp2_target",4,4,"1:1|2:2|3:3|4:4"
"exp2_table_objects","实验二桌面四模型总体区域","Exp2_004_exp2_table_objects_0203","video_relative_to_recording_start",rectangle,364,307,1919,1045,,,,"A037","Exp2_004","E3_SPATIAL_NONPROGRESSIVE",loading,,,,,1,TRUE,5050.000,5100.000,531.503418,531.553406,1920,1046,"ObjectSlot1-4",1,1,"video_relative_to_screen_recording_start",75.060127,456443.312,456493.281,1,75.060127,"1781613114174","../../../../../../Project/UE5/Gallery/Saved/ScreenRecordings/A037_v2_20260616_203154_screen.mkv",456443.312,456493.281,456468.312,"1781613570616","1781613570666","2026-06-16T20:39:30.616+08:00","2026-06-16T20:39:30.666+08:00",526.453430,EXP2,"exp2_table",4,4,"1:1|2:2|3:3|4:4"
"exp2_target_object","实验二当前目标模型_头顶","Exp2_004_exp2_target_object_0204","video_relative_to_recording_start",rectangle,1812,307,1919,1045,,,,"A037","Exp2_004","E3_SPATIAL_NONPROGRESSIVE",loading,,,,,1,TRUE,5050.000,5100.000,531.503418,531.553406,1920,1046,"ObjectSlot4",1,1,"video_relative_to_screen_recording_start",75.060127,456443.312,456493.281,1,75.060127,"1781613114174","../../../../../../Project/UE5/Gallery/Saved/ScreenRecordings/A037_v2_20260616_203154_screen.mkv",456443.312,456493.281,456468.312,"1781613570616","1781613570666","2026-06-16T20:39:30.616+08:00","2026-06-16T20:39:30.666+08:00",526.453430,EXP2,"exp2_target",4,4,"1:1|2:2|3:3|4:4"
"exp2_table_objects","实验二桌面四模型总体区域","Exp2_004_exp2_table_objects_0205","video_relative_to_recording_start",rectangle,396,246,1919,1045,,,,"A037","Exp2_004","E3_SPATIAL_NONPROGRESSIVE",loading,,,,,1,TRUE,5100.000,5150.000,531.553406,531.603455,1920,1046,"ObjectSlot1-4",1,1,"video_relative_to_screen_recording_start",75.060127,456493.281,456543.344,1,75.060127,"1781613114174","../../../../../../Project/UE5/Gallery/Saved/ScreenRecordings/A037_v2_20260616_203154_screen.mkv",456493.281,456543.344,456518.312,"1781613570666","1781613570716","2026-06-16T20:39:30.666+08:00","2026-06-16T20:39:30.716+08:00",526.453430,EXP2,"exp2_table",4,4,"1:1|2:2|3:3|4:4"
"exp2_target_object","实验二当前目标模型_头顶","Exp2_004_exp2_target_object_0206","video_relative_to_recording_start",rectangle,1840,246,1919,1045,,,,"A037","Exp2_004","E3_SPATIAL_NONPROGRESSIVE",loading,,,,,1,TRUE,5100.000,5150.000,531.553406,531.603455,1920,1046,"ObjectSlot4",1,1,"video_relative_to_screen_recording_start",75.060127,456493.281,456543.344,1,75.060127,"1781613114174","../../../../../../Project/UE5/Gallery/Saved/ScreenRecordings/A037_v2_20260616_203154_screen.mkv",456493.281,456543.344,456518.312,"1781613570666","1781613570716","2026-06-16T20:39:30.666+08:00","2026-06-16T20:39:30.716+08:00",526.453430,EXP2,"exp2_target",4,4,"1:1|2:2|3:3|4:4"
"exp2_table_objects","实验二桌面四模型总体区域","Exp2_004_exp2_table_objects_0207","video_relative_to_recording_start",rectangle,396,246,1919,1045,,,,"A037","Exp2_004","E3_SPATIAL_NONPROGRESSIVE",loading,,,,,1,TRUE,5150.000,5200.000,531.603455,531.653442,1920,1046,"ObjectSlot1-4",1,1,"video_relative_to_screen_recording_start",75.060127,456543.344,456593.312,1,75.060127,"1781613114174","../../../../../../Project/UE5/Gallery/Saved/ScreenRecordings/A037_v2_20260616_203154_screen.mkv",456543.344,456593.312,456568.312,"1781613570716","1781613570766","2026-06-16T20:39:30.716+08:00","2026-06-16T20:39:30.766+08:00",526.453430,EXP2,"exp2_table",4,4,"1:1|2:2|3:3|4:4"
"exp2_target_object","实验二当前目标模型_头顶","Exp2_004_exp2_target_object_0208","video_relative_to_recording_start",rectangle,1840,246,1919,1045,,,,"A037","Exp2_004","E3_SPATIAL_NONPROGRESSIVE",loading,,,,,1,TRUE,5150.000,5200.000,531.603455,531.653442,1920,1046,"ObjectSlot4",1,1,"video_relative_to_screen_recording_start",75.060127,456543.344,456593.312,1,75.060127,"1781613114174","../../../../../../Project/UE5/Gallery/Saved/ScreenRecordings/A037_v2_20260616_203154_screen.mkv",456543.344,456593.312,456568.312,"1781613570716","1781613570766","2026-06-16T20:39:30.716+08:00","2026-06-16T20:39:30.766+08:00",526.453430,EXP2,"exp2_target",4,4,"1:1|2:2|3:3|4:4"
"exp2_table_objects","实验二桌面四模型总体区域","Exp2_004_exp2_table_objects_0209","video_relative_to_recording_start",rectangle,384,146,1919,1045,,,,"A037","Exp2_004","E3_SPATIAL_NONPROGRESSIVE",loading,,,,,1,TRUE,5200.000,5250.000,531.653442,531.703430,1920,1046,"ObjectSlot1-4",1,1,"video_relative_to_screen_recording_start",75.060127,456593.312,456643.312,1,75.060127,"1781613114174","../../../../../../Project/UE5/Gallery/Saved/ScreenRecordings/A037_v2_20260616_203154_screen.mkv",456593.312,456643.312,456618.312,"1781613570766","1781613570816","2026-06-16T20:39:30.766+08:00","2026-06-16T20:39:30.816+08:00",526.453430,EXP2,"exp2_table",4,4,"1:1|2:2|3:3|4:4"
"exp2_target_object","实验二当前目标模型_头顶","Exp2_004_exp2_target_object_0210","video_relative_to_recording_start",rectangle,1798,146,1919,1045,,,,"A037","Exp2_004","E3_SPATIAL_NONPROGRESSIVE",loading,,,,,1,TRUE,5200.000,5250.000,531.653442,531.703430,1920,1046,"ObjectSlot4",1,1,"video_relative_to_screen_recording_start",75.060127,456593.312,456643.312,1,75.060127,"1781613114174","../../../../../../Project/UE5/Gallery/Saved/ScreenRecordings/A037_v2_20260616_203154_screen.mkv",456593.312,456643.312,456618.312,"1781613570766","1781613570816","2026-06-16T20:39:30.766+08:00","2026-06-16T20:39:30.816+08:00",526.453430,EXP2,"exp2_target",4,4,"1:1|2:2|3:3|4:4"
"exp2_table_objects","实验二桌面四模型总体区域","Exp2_004_exp2_table_objects_0211","video_relative_to_recording_start",rectangle,289,69,1919,1045,,,,"A037","Exp2_004","E3_SPATIAL_NONPROGRESSIVE",loading,,,,,1,TRUE,5250.000,5300.000,531.703430,531.753418,1920,1046,"ObjectSlot1-4",1,1,"video_relative_to_screen_recording_start",75.060127,456643.312,456693.312,1,75.060127,"1781613114174","../../../../../../Project/UE5/Gallery/Saved/ScreenRecordings/A037_v2_20260616_203154_screen.mkv",456643.312,456693.312,456668.312,"1781613570816","1781613570866","2026-06-16T20:39:30.816+08:00","2026-06-16T20:39:30.866+08:00",526.453430,EXP2,"exp2_table",4,4,"1:1|2:2|3:3|4:4"
"exp2_target_object","实验二当前目标模型_头顶","Exp2_004_exp2_target_object_0212","video_relative_to_recording_start",rectangle,1683,69,1919,1045,,,,"A037","Exp2_004","E3_SPATIAL_NONPROGRESSIVE",loading,,,,,1,TRUE,5250.000,5300.000,531.703430,531.753418,1920,1046,"ObjectSlot4",1,1,"video_relative_to_screen_recording_start",75.060127,456643.312,456693.312,1,75.060127,"1781613114174","../../../../../../Project/UE5/Gallery/Saved/ScreenRecordings/A037_v2_20260616_203154_screen.mkv",456643.312,456693.312,456668.312,"1781613570816","1781613570866","2026-06-16T20:39:30.816+08:00","2026-06-16T20:39:30.866+08:00",526.453430,EXP2,"exp2_target",4,4,"1:1|2:2|3:3|4:4"
"exp2_table_objects","实验二桌面四模型总体区域","Exp2_004_exp2_table_objects_0213","video_relative_to_recording_start",rectangle,177,0,1919,1045,,,,"A037","Exp2_004","E3_SPATIAL_NONPROGRESSIVE",loading,,,,,1,TRUE,5300.000,5350.000,531.753418,531.803406,1920,1046,"ObjectSlot1-4",1,1,"video_relative_to_screen_recording_start",75.060127,456693.312,456743.281,1,75.060127,"1781613114174","../../../../../../Project/UE5/Gallery/Saved/ScreenRecordings/A037_v2_20260616_203154_screen.mkv",456693.312,456743.281,456718.312,"1781613570866","1781613570916","2026-06-16T20:39:30.866+08:00","2026-06-16T20:39:30.916+08:00",526.453430,EXP2,"exp2_table",4,4,"1:1|2:2|3:3|4:4"
"exp2_target_object","实验二当前目标模型_头顶","Exp2_004_exp2_target_object_0214","video_relative_to_recording_start",rectangle,1590,0,1919,1045,,,,"A037","Exp2_004","E3_SPATIAL_NONPROGRESSIVE",loading,,,,,1,TRUE,5300.000,5350.000,531.753418,531.803406,1920,1046,"ObjectSlot4",1,1,"video_relative_to_screen_recording_start",75.060127,456693.312,456743.281,1,75.060127,"1781613114174","../../../../../../Project/UE5/Gallery/Saved/ScreenRecordings/A037_v2_20260616_203154_screen.mkv",456693.312,456743.281,456718.312,"1781613570866","1781613570916","2026-06-16T20:39:30.866+08:00","2026-06-16T20:39:30.916+08:00",526.453430,EXP2,"exp2_target",4,4,"1:1|2:2|3:3|4:4"
"exp2_table_objects","实验二桌面四模型总体区域","Exp2_004_exp2_table_objects_0215","video_relative_to_recording_start",rectangle,177,0,1919,1045,,,,"A037","Exp2_004","E3_SPATIAL_NONPROGRESSIVE",loading,,,,,1,TRUE,5350.000,5400.000,531.803406,531.853455,1920,1046,"ObjectSlot1-4",1,1,"video_relative_to_screen_recording_start",75.060127,456743.281,456793.344,1,75.060127,"1781613114174","../../../../../../Project/UE5/Gallery/Saved/ScreenRecordings/A037_v2_20260616_203154_screen.mkv",456743.281,456793.344,456768.312,"1781613570916","1781613570966","2026-06-16T20:39:30.916+08:00","2026-06-16T20:39:30.966+08:00",526.453430,EXP2,"exp2_table",4,4,"1:1|2:2|3:3|4:4"
"exp2_target_object","实验二当前目标模型_头顶","Exp2_004_exp2_target_object_0216","video_relative_to_recording_start",rectangle,1590,0,1919,1045,,,,"A037","Exp2_004","E3_SPATIAL_NONPROGRESSIVE",loading,,,,,1,TRUE,5350.000,5400.000,531.803406,531.853455,1920,1046,"ObjectSlot4",1,1,"video_relative_to_screen_recording_start",75.060127,456743.281,456793.344,1,75.060127,"1781613114174","../../../../../../Project/UE5/Gallery/Saved/ScreenRecordings/A037_v2_20260616_203154_screen.mkv",456743.281,456793.344,456768.312,"1781613570916","1781613570966","2026-06-16T20:39:30.916+08:00","2026-06-16T20:39:30.966+08:00",526.453430,EXP2,"exp2_target",4,4,"1:1|2:2|3:3|4:4"
"exp2_table_objects","实验二桌面四模型总体区域","Exp2_004_exp2_table_objects_0217","video_relative_to_recording_start",rectangle,55,0,1919,1045,,,,"A037","Exp2_004","E3_SPATIAL_NONPROGRESSIVE",loading,,,,,1,TRUE,5400.000,5450.000,531.853455,531.903442,1920,1046,"ObjectSlot1-4",1,1,"video_relative_to_screen_recording_start",75.060127,456793.344,456843.312,1,75.060127,"1781613114174","../../../../../../Project/UE5/Gallery/Saved/ScreenRecordings/A037_v2_20260616_203154_screen.mkv",456793.344,456843.312,456818.312,"1781613570966","1781613571016","2026-06-16T20:39:30.966+08:00","2026-06-16T20:39:31.016+08:00",526.453430,EXP2,"exp2_table",4,4,"1:1|2:2|3:3|4:4"
"exp2_target_object","实验二当前目标模型_头顶","Exp2_004_exp2_target_object_0218","video_relative_to_recording_start",rectangle,1505,0,1919,1045,,,,"A037","Exp2_004","E3_SPATIAL_NONPROGRESSIVE",loading,,,,,1,TRUE,5400.000,5450.000,531.853455,531.903442,1920,1046,"ObjectSlot4",1,1,"video_relative_to_screen_recording_start",75.060127,456793.344,456843.312,1,75.060127,"1781613114174","../../../../../../Project/UE5/Gallery/Saved/ScreenRecordings/A037_v2_20260616_203154_screen.mkv",456793.344,456843.312,456818.312,"1781613570966","1781613571016","2026-06-16T20:39:30.966+08:00","2026-06-16T20:39:31.016+08:00",526.453430,EXP2,"exp2_target",4,4,"1:1|2:2|3:3|4:4"
"exp2_table_objects","实验二桌面四模型总体区域","Exp2_004_exp2_table_objects_0219","video_relative_to_recording_start",rectangle,0,13,1919,1007,,,,"A037","Exp2_004","E3_SPATIAL_NONPROGRESSIVE",loading,,,,,1,TRUE,5450.000,5500.000,531.903442,531.953430,1920,1046,"ObjectSlot1-4",1,1,"video_relative_to_screen_recording_start",75.060127,456843.312,456893.312,1,75.060127,"1781613114174","../../../../../../Project/UE5/Gallery/Saved/ScreenRecordings/A037_v2_20260616_203154_screen.mkv",456843.312,456893.312,456868.312,"1781613571016","1781613571066","2026-06-16T20:39:31.016+08:00","2026-06-16T20:39:31.066+08:00",526.453430,EXP2,"exp2_table",4,4,"1:1|2:2|3:3|4:4"
"exp2_target_object","实验二当前目标模型_头顶","Exp2_004_exp2_target_object_0220","video_relative_to_recording_start",rectangle,1415,13,1919,1007,,,,"A037","Exp2_004","E3_SPATIAL_NONPROGRESSIVE",loading,,,,,1,TRUE,5450.000,5500.000,531.903442,531.953430,1920,1046,"ObjectSlot4",1,1,"video_relative_to_screen_recording_start",75.060127,456843.312,456893.312,1,75.060127,"1781613114174","../../../../../../Project/UE5/Gallery/Saved/ScreenRecordings/A037_v2_20260616_203154_screen.mkv",456843.312,456893.312,456868.312,"1781613571016","1781613571066","2026-06-16T20:39:31.016+08:00","2026-06-16T20:39:31.066+08:00",526.453430,EXP2,"exp2_target",4,4,"1:1|2:2|3:3|4:4"
"exp2_table_objects","实验二桌面四模型总体区域","Exp2_004_exp2_table_objects_0221","video_relative_to_recording_start",rectangle,0,47,1919,890,,,,"A037","Exp2_004","E3_SPATIAL_NONPROGRESSIVE",loading,,,,,1,TRUE,5500.000,5550.000,531.953430,532.003418,1920,1046,"ObjectSlot1-4",1,1,"video_relative_to_screen_recording_start",75.060127,456893.312,456943.312,1,75.060127,"1781613114174","../../../../../../Project/UE5/Gallery/Saved/ScreenRecordings/A037_v2_20260616_203154_screen.mkv",456893.312,456943.312,456918.312,"1781613571066","1781613571116","2026-06-16T20:39:31.066+08:00","2026-06-16T20:39:31.116+08:00",526.453430,EXP2,"exp2_table",4,4,"1:1|2:2|3:3|4:4"
"exp2_target_object","实验二当前目标模型_头顶","Exp2_004_exp2_target_object_0222","video_relative_to_recording_start",rectangle,1284,47,1919,890,,,,"A037","Exp2_004","E3_SPATIAL_NONPROGRESSIVE",loading,,,,,1,TRUE,5500.000,5550.000,531.953430,532.003418,1920,1046,"ObjectSlot4",1,1,"video_relative_to_screen_recording_start",75.060127,456893.312,456943.312,1,75.060127,"1781613114174","../../../../../../Project/UE5/Gallery/Saved/ScreenRecordings/A037_v2_20260616_203154_screen.mkv",456893.312,456943.312,456918.312,"1781613571066","1781613571116","2026-06-16T20:39:31.066+08:00","2026-06-16T20:39:31.116+08:00",526.453430,EXP2,"exp2_target",4,4,"1:1|2:2|3:3|4:4"
"exp2_table_objects","实验二桌面四模型总体区域","Exp2_004_exp2_table_objects_0223","video_relative_to_recording_start",rectangle,0,47,1919,890,,,,"A037","Exp2_004","E3_SPATIAL_NONPROGRESSIVE",loading,,,,,1,TRUE,5550.000,5600.000,532.003418,532.053406,1920,1046,"ObjectSlot1-4",1,1,"video_relative_to_screen_recording_start",75.060127,456943.312,456993.281,1,75.060127,"1781613114174","../../../../../../Project/UE5/Gallery/Saved/ScreenRecordings/A037_v2_20260616_203154_screen.mkv",456943.312,456993.281,456968.312,"1781613571116","1781613571166","2026-06-16T20:39:31.116+08:00","2026-06-16T20:39:31.166+08:00",526.453430,EXP2,"exp2_table",4,4,"1:1|2:2|3:3|4:4"
"exp2_target_object","实验二当前目标模型_头顶","Exp2_004_exp2_target_object_0224","video_relative_to_recording_start",rectangle,1284,47,1919,890,,,,"A037","Exp2_004","E3_SPATIAL_NONPROGRESSIVE",loading,,,,,1,TRUE,5550.000,5600.000,532.003418,532.053406,1920,1046,"ObjectSlot4",1,1,"video_relative_to_screen_recording_start",75.060127,456943.312,456993.281,1,75.060127,"1781613114174","../../../../../../Project/UE5/Gallery/Saved/ScreenRecordings/A037_v2_20260616_203154_screen.mkv",456943.312,456993.281,456968.312,"1781613571116","1781613571166","2026-06-16T20:39:31.116+08:00","2026-06-16T20:39:31.166+08:00",526.453430,EXP2,"exp2_target",4,4,"1:1|2:2|3:3|4:4"
"exp2_table_objects","实验二桌面四模型总体区域","Exp2_004_exp2_table_objects_0225","video_relative_to_recording_start",rectangle,0,49,1919,829,,,,"A037","Exp2_004","E3_SPATIAL_NONPROGRESSIVE",loading,,,,,1,TRUE,5600.000,5650.000,532.053406,532.103455,1920,1046,"ObjectSlot1-4",1,1,"video_relative_to_screen_recording_start",75.060127,456993.281,457043.344,1,75.060127,"1781613114174","../../../../../../Project/UE5/Gallery/Saved/ScreenRecordings/A037_v2_20260616_203154_screen.mkv",456993.281,457043.344,457018.312,"1781613571166","1781613571216","2026-06-16T20:39:31.166+08:00","2026-06-16T20:39:31.216+08:00",526.453430,EXP2,"exp2_table",4,4,"1:1|2:2|3:3|4:4"
"exp2_target_object","实验二当前目标模型_头顶","Exp2_004_exp2_target_object_0226","video_relative_to_recording_start",rectangle,1156,67,1919,810,,,,"A037","Exp2_004","E3_SPATIAL_NONPROGRESSIVE",loading,,,,,1,TRUE,5600.000,5650.000,532.053406,532.103455,1920,1046,"ObjectSlot4",1,1,"video_relative_to_screen_recording_start",75.060127,456993.281,457043.344,1,75.060127,"1781613114174","../../../../../../Project/UE5/Gallery/Saved/ScreenRecordings/A037_v2_20260616_203154_screen.mkv",456993.281,457043.344,457018.312,"1781613571166","1781613571216","2026-06-16T20:39:31.166+08:00","2026-06-16T20:39:31.216+08:00",526.453430,EXP2,"exp2_target",4,4,"1:1|2:2|3:3|4:4"
"exp2_table_objects","实验二桌面四模型总体区域","Exp2_004_exp2_table_objects_0227","video_relative_to_recording_start",rectangle,0,4,1919,985,,,,"A037","Exp2_004","E3_SPATIAL_NONPROGRESSIVE",loading,,,,,1,TRUE,5650.000,5700.000,532.103455,532.153442,1920,1046,"ObjectSlot1-4",1,1,"video_relative_to_screen_recording_start",75.060127,457043.344,457093.312,1,75.060127,"1781613114174","../../../../../../Project/UE5/Gallery/Saved/ScreenRecordings/A037_v2_20260616_203154_screen.mkv",457043.344,457093.312,457068.312,"1781613571216","1781613571266","2026-06-16T20:39:31.216+08:00","2026-06-16T20:39:31.266+08:00",526.453430,EXP2,"exp2_table",4,4,"1:1|2:2|3:3|4:4"
"exp2_target_object","实验二当前目标模型_头顶","Exp2_004_exp2_target_object_0228","video_relative_to_recording_start",rectangle,993,72,1919,788,,,,"A037","Exp2_004","E3_SPATIAL_NONPROGRESSIVE",loading,,,,,1,TRUE,5650.000,5700.000,532.103455,532.153442,1920,1046,"ObjectSlot4",1,1,"video_relative_to_screen_recording_start",75.060127,457043.344,457093.312,1,75.060127,"1781613114174","../../../../../../Project/UE5/Gallery/Saved/ScreenRecordings/A037_v2_20260616_203154_screen.mkv",457043.344,457093.312,457068.312,"1781613571216","1781613571266","2026-06-16T20:39:31.216+08:00","2026-06-16T20:39:31.266+08:00",526.453430,EXP2,"exp2_target",4,4,"1:1|2:2|3:3|4:4"
"exp2_table_objects","实验二桌面四模型总体区域","Exp2_004_exp2_table_objects_0229","video_relative_to_recording_start",rectangle,0,0,1735,1045,,,,"A037","Exp2_004","E3_SPATIAL_NONPROGRESSIVE",loading,,,,,1,TRUE,5700.000,5750.000,532.153442,532.203430,1920,1046,"ObjectSlot1-4",1,1,"video_relative_to_screen_recording_start",75.060127,457093.312,457143.312,1,75.060127,"1781613114174","../../../../../../Project/UE5/Gallery/Saved/ScreenRecordings/A037_v2_20260616_203154_screen.mkv",457093.312,457143.312,457118.312,"1781613571266","1781613571316","2026-06-16T20:39:31.266+08:00","2026-06-16T20:39:31.316+08:00",526.453430,EXP2,"exp2_table",4,4,"1:1|2:2|3:3|4:4"
"exp2_target_object","实验二当前目标模型_头顶","Exp2_004_exp2_target_object_0230","video_relative_to_recording_start",rectangle,851,74,1735,780,,,,"A037","Exp2_004","E3_SPATIAL_NONPROGRESSIVE",loading,,,,,1,TRUE,5700.000,5750.000,532.153442,532.203430,1920,1046,"ObjectSlot4",1,0,"video_relative_to_screen_recording_start",75.060127,457093.312,457143.312,1,75.060127,"1781613114174","../../../../../../Project/UE5/Gallery/Saved/ScreenRecordings/A037_v2_20260616_203154_screen.mkv",457093.312,457143.312,457118.312,"1781613571266","1781613571316","2026-06-16T20:39:31.266+08:00","2026-06-16T20:39:31.316+08:00",526.453430,EXP2,"exp2_target",4,4,"1:1|2:2|3:3|4:4"
"exp2_table_objects","实验二桌面四模型总体区域","Exp2_004_exp2_table_objects_0231","video_relative_to_recording_start",rectangle,0,0,1537,1045,,,,"A037","Exp2_004","E3_SPATIAL_NONPROGRESSIVE",loading,,,,,1,TRUE,5750.000,5800.000,532.203430,532.253418,1920,1046,"ObjectSlot1-4",1,1,"video_relative_to_screen_recording_start",75.060127,457143.312,457193.312,1,75.060127,"1781613114174","../../../../../../Project/UE5/Gallery/Saved/ScreenRecordings/A037_v2_20260616_203154_screen.mkv",457143.312,457193.312,457168.312,"1781613571316","1781613571366","2026-06-16T20:39:31.316+08:00","2026-06-16T20:39:31.366+08:00",526.453430,EXP2,"exp2_table",4,4,"1:1|2:2|3:3|4:4"
"exp2_target_object","实验二当前目标模型_头顶","Exp2_004_exp2_target_object_0232","video_relative_to_recording_start",rectangle,699,74,1537,779,,,,"A037","Exp2_004","E3_SPATIAL_NONPROGRESSIVE",loading,,,,,1,TRUE,5750.000,5800.000,532.203430,532.253418,1920,1046,"ObjectSlot4",1,0,"video_relative_to_screen_recording_start",75.060127,457143.312,457193.312,1,75.060127,"1781613114174","../../../../../../Project/UE5/Gallery/Saved/ScreenRecordings/A037_v2_20260616_203154_screen.mkv",457143.312,457193.312,457168.312,"1781613571316","1781613571366","2026-06-16T20:39:31.316+08:00","2026-06-16T20:39:31.366+08:00",526.453430,EXP2,"exp2_target",4,4,"1:1|2:2|3:3|4:4"
"exp2_table_objects","实验二桌面四模型总体区域","Exp2_004_exp2_table_objects_0233","video_relative_to_recording_start",rectangle,0,0,1537,1045,,,,"A037","Exp2_004","E3_SPATIAL_NONPROGRESSIVE",loading,,,,,1,TRUE,5800.000,5850.000,532.253418,532.303406,1920,1046,"ObjectSlot1-4",1,1,"video_relative_to_screen_recording_start",75.060127,457193.312,457243.281,1,75.060127,"1781613114174","../../../../../../Project/UE5/Gallery/Saved/ScreenRecordings/A037_v2_20260616_203154_screen.mkv",457193.312,457243.281,457218.312,"1781613571366","1781613571416","2026-06-16T20:39:31.366+08:00","2026-06-16T20:39:31.416+08:00",526.453430,EXP2,"exp2_table",4,4,"1:1|2:2|3:3|4:4"
"exp2_target_object","实验二当前目标模型_头顶","Exp2_004_exp2_target_object_0234","video_relative_to_recording_start",rectangle,699,74,1537,779,,,,"A037","Exp2_004","E3_SPATIAL_NONPROGRESSIVE",loading,,,,,1,TRUE,5800.000,5850.000,532.253418,532.303406,1920,1046,"ObjectSlot4",1,0,"video_relative_to_screen_recording_start",75.060127,457193.312,457243.281,1,75.060127,"1781613114174","../../../../../../Project/UE5/Gallery/Saved/ScreenRecordings/A037_v2_20260616_203154_screen.mkv",457193.312,457243.281,457218.312,"1781613571366","1781613571416","2026-06-16T20:39:31.366+08:00","2026-06-16T20:39:31.416+08:00",526.453430,EXP2,"exp2_target",4,4,"1:1|2:2|3:3|4:4"
"exp2_table_objects","实验二桌面四模型总体区域","Exp2_004_exp2_table_objects_0235","video_relative_to_recording_start",rectangle,0,0,1420,1045,,,,"A037","Exp2_004","E3_SPATIAL_NONPROGRESSIVE",loading,,,,,1,TRUE,5850.000,5900.000,532.303406,532.353455,1920,1046,"ObjectSlot1-4",1,1,"video_relative_to_screen_recording_start",75.060127,457243.281,457293.344,1,75.060127,"1781613114174","../../../../../../Project/UE5/Gallery/Saved/ScreenRecordings/A037_v2_20260616_203154_screen.mkv",457243.281,457293.344,457268.312,"1781613571416","1781613571466","2026-06-16T20:39:31.416+08:00","2026-06-16T20:39:31.466+08:00",526.453430,EXP2,"exp2_table",4,4,"1:1|2:2|3:3|4:4"
"exp2_target_object","实验二当前目标模型_头顶","Exp2_004_exp2_target_object_0236","video_relative_to_recording_start",rectangle,595,73,1420,783,,,,"A037","Exp2_004","E3_SPATIAL_NONPROGRESSIVE",loading,,,,,1,TRUE,5850.000,5900.000,532.303406,532.353455,1920,1046,"ObjectSlot4",1,0,"video_relative_to_screen_recording_start",75.060127,457243.281,457293.344,1,75.060127,"1781613114174","../../../../../../Project/UE5/Gallery/Saved/ScreenRecordings/A037_v2_20260616_203154_screen.mkv",457243.281,457293.344,457268.312,"1781613571416","1781613571466","2026-06-16T20:39:31.416+08:00","2026-06-16T20:39:31.466+08:00",526.453430,EXP2,"exp2_target",4,4,"1:1|2:2|3:3|4:4"
"exp2_table_objects","实验二桌面四模型总体区域","Exp2_004_exp2_table_objects_0237","video_relative_to_recording_start",rectangle,0,0,1328,1045,,,,"A037","Exp2_004","E3_SPATIAL_NONPROGRESSIVE",loading,,,,,1,TRUE,5900.000,5950.000,532.353455,532.403442,1920,1046,"ObjectSlot1-4",1,1,"video_relative_to_screen_recording_start",75.060127,457293.344,457343.312,1,75.060127,"1781613114174","../../../../../../Project/UE5/Gallery/Saved/ScreenRecordings/A037_v2_20260616_203154_screen.mkv",457293.344,457343.312,457318.312,"1781613571466","1781613571516","2026-06-16T20:39:31.466+08:00","2026-06-16T20:39:31.516+08:00",526.453430,EXP2,"exp2_table",4,4,"1:1|2:2|3:3|4:4"
"exp2_target_object","实验二当前目标模型_头顶","Exp2_004_exp2_target_object_0238","video_relative_to_recording_start",rectangle,502,71,1328,790,,,,"A037","Exp2_004","E3_SPATIAL_NONPROGRESSIVE",loading,,,,,1,TRUE,5900.000,5950.000,532.353455,532.403442,1920,1046,"ObjectSlot4",1,0,"video_relative_to_screen_recording_start",75.060127,457293.344,457343.312,1,75.060127,"1781613114174","../../../../../../Project/UE5/Gallery/Saved/ScreenRecordings/A037_v2_20260616_203154_screen.mkv",457293.344,457343.312,457318.312,"1781613571466","1781613571516","2026-06-16T20:39:31.466+08:00","2026-06-16T20:39:31.516+08:00",526.453430,EXP2,"exp2_target",4,4,"1:1|2:2|3:3|4:4"
"exp2_table_objects","实验二桌面四模型总体区域","Exp2_004_exp2_table_objects_0239","video_relative_to_recording_start",rectangle,0,0,1328,1045,,,,"A037","Exp2_004","E3_SPATIAL_NONPROGRESSIVE",loading,,,,,1,TRUE,5950.000,6000.000,532.403442,532.453430,1920,1046,"ObjectSlot1-4",1,1,"video_relative_to_screen_recording_start",75.060127,457343.312,457393.312,1,75.060127,"1781613114174","../../../../../../Project/UE5/Gallery/Saved/ScreenRecordings/A037_v2_20260616_203154_screen.mkv",457343.312,457393.312,457368.312,"1781613571516","1781613571566","2026-06-16T20:39:31.516+08:00","2026-06-16T20:39:31.566+08:00",526.453430,EXP2,"exp2_table",4,4,"1:1|2:2|3:3|4:4"
"exp2_target_object","实验二当前目标模型_头顶","Exp2_004_exp2_target_object_0240","video_relative_to_recording_start",rectangle,502,71,1328,790,,,,"A037","Exp2_004","E3_SPATIAL_NONPROGRESSIVE",loading,,,,,1,TRUE,5950.000,6000.000,532.403442,532.453430,1920,1046,"ObjectSlot4",1,0,"video_relative_to_screen_recording_start",75.060127,457343.312,457393.312,1,75.060127,"1781613114174","../../../../../../Project/UE5/Gallery/Saved/ScreenRecordings/A037_v2_20260616_203154_screen.mkv",457343.312,457393.312,457368.312,"1781613571516","1781613571566","2026-06-16T20:39:31.516+08:00","2026-06-16T20:39:31.566+08:00",526.453430,EXP2,"exp2_target",4,4,"1:1|2:2|3:3|4:4"
"exp2_table_objects","实验二桌面四模型总体区域","Exp2_004_exp2_table_objects_0241","video_relative_to_recording_start",rectangle,0,0,1276,1045,,,,"A037","Exp2_004","E3_SPATIAL_NONPROGRESSIVE",loading,,,,,1,TRUE,6000.000,6050.000,532.453430,532.503418,1920,1046,"ObjectSlot1-4",1,1,"video_relative_to_screen_recording_start",75.060127,457393.312,457443.312,1,75.060127,"1781613114174","../../../../../../Project/UE5/Gallery/Saved/ScreenRecordings/A037_v2_20260616_203154_screen.mkv",457393.312,457443.312,457418.312,"1781613571566","1781613571616","2026-06-16T20:39:31.566+08:00","2026-06-16T20:39:31.616+08:00",526.453430,EXP2,"exp2_table",4,4,"1:1|2:2|3:3|4:4"
"exp2_target_object","实验二当前目标模型_头顶","Exp2_004_exp2_target_object_0242","video_relative_to_recording_start",rectangle,446,70,1276,794,,,,"A037","Exp2_004","E3_SPATIAL_NONPROGRESSIVE",loading,,,,,1,TRUE,6000.000,6050.000,532.453430,532.503418,1920,1046,"ObjectSlot4",1,0,"video_relative_to_screen_recording_start",75.060127,457393.312,457443.312,1,75.060127,"1781613114174","../../../../../../Project/UE5/Gallery/Saved/ScreenRecordings/A037_v2_20260616_203154_screen.mkv",457393.312,457443.312,457418.312,"1781613571566","1781613571616","2026-06-16T20:39:31.566+08:00","2026-06-16T20:39:31.616+08:00",526.453430,EXP2,"exp2_target",4,4,"1:1|2:2|3:3|4:4"
"exp2_table_objects","实验二桌面四模型总体区域","Exp2_004_exp2_table_objects_0243","video_relative_to_recording_start",rectangle,0,0,1216,1045,,,,"A037","Exp2_004","E3_SPATIAL_NONPROGRESSIVE",loading,,,,,1,TRUE,6050.000,6100.000,532.503418,532.553406,1920,1046,"ObjectSlot1-4",1,1,"video_relative_to_screen_recording_start",75.060127,457443.312,457493.281,1,75.060127,"1781613114174","../../../../../../Project/UE5/Gallery/Saved/ScreenRecordings/A037_v2_20260616_203154_screen.mkv",457443.312,457493.281,457468.312,"1781613571616","1781613571666","2026-06-16T20:39:31.616+08:00","2026-06-16T20:39:31.666+08:00",526.453430,EXP2,"exp2_table",4,4,"1:1|2:2|3:3|4:4"
"exp2_target_object","实验二当前目标模型_头顶","Exp2_004_exp2_target_object_0244","video_relative_to_recording_start",rectangle,376,69,1216,801,,,,"A037","Exp2_004","E3_SPATIAL_NONPROGRESSIVE",loading,,,,,1,TRUE,6050.000,6100.000,532.503418,532.553406,1920,1046,"ObjectSlot4",1,0,"video_relative_to_screen_recording_start",75.060127,457443.312,457493.281,1,75.060127,"1781613114174","../../../../../../Project/UE5/Gallery/Saved/ScreenRecordings/A037_v2_20260616_203154_screen.mkv",457443.312,457493.281,457468.312,"1781613571616","1781613571666","2026-06-16T20:39:31.616+08:00","2026-06-16T20:39:31.666+08:00",526.453430,EXP2,"exp2_target",4,4,"1:1|2:2|3:3|4:4"
"exp2_table_objects","实验二桌面四模型总体区域","Exp2_004_exp2_table_objects_0245","video_relative_to_recording_start",rectangle,0,0,1138,1045,,,,"A037","Exp2_004","E3_SPATIAL_NONPROGRESSIVE",loading,,,,,1,TRUE,6100.000,6150.000,532.553406,532.603455,1920,1046,"ObjectSlot1-4",1,1,"video_relative_to_screen_recording_start",75.060127,457493.281,457543.344,1,75.060127,"1781613114174","../../../../../../Project/UE5/Gallery/Saved/ScreenRecordings/A037_v2_20260616_203154_screen.mkv",457493.281,457543.344,457518.312,"1781613571666","1781613571716","2026-06-16T20:39:31.666+08:00","2026-06-16T20:39:31.716+08:00",526.453430,EXP2,"exp2_table",4,4,"1:1|2:2|3:3|4:4"
"exp2_target_object","实验二当前目标模型_头顶","Exp2_004_exp2_target_object_0246","video_relative_to_recording_start",rectangle,276,60,1138,808,,,,"A037","Exp2_004","E3_SPATIAL_NONPROGRESSIVE",loading,,,,,1,TRUE,6100.000,6150.000,532.553406,532.603455,1920,1046,"ObjectSlot4",1,0,"video_relative_to_screen_recording_start",75.060127,457493.281,457543.344,1,75.060127,"1781613114174","../../../../../../Project/UE5/Gallery/Saved/ScreenRecordings/A037_v2_20260616_203154_screen.mkv",457493.281,457543.344,457518.312,"1781613571666","1781613571716","2026-06-16T20:39:31.666+08:00","2026-06-16T20:39:31.716+08:00",526.453430,EXP2,"exp2_target",4,4,"1:1|2:2|3:3|4:4"
"exp2_table_objects","实验二桌面四模型总体区域","Exp2_004_exp2_table_objects_0247","video_relative_to_recording_start",rectangle,0,0,1076,1045,,,,"A037","Exp2_004","E3_SPATIAL_NONPROGRESSIVE",loading,,,,,1,TRUE,6150.000,6200.000,532.603455,532.653442,1920,1046,"ObjectSlot1-4",1,1,"video_relative_to_screen_recording_start",75.060127,457543.344,457593.312,1,75.060127,"1781613114174","../../../../../../Project/UE5/Gallery/Saved/ScreenRecordings/A037_v2_20260616_203154_screen.mkv",457543.344,457593.312,457568.312,"1781613571716","1781613571766","2026-06-16T20:39:31.716+08:00","2026-06-16T20:39:31.766+08:00",526.453430,EXP2,"exp2_table",4,4,"1:1|2:2|3:3|4:4"
"exp2_target_object","实验二当前目标模型_头顶","Exp2_004_exp2_target_object_0248","video_relative_to_recording_start",rectangle,189,47,1076,810,,,,"A037","Exp2_004","E3_SPATIAL_NONPROGRESSIVE",loading,,,,,1,TRUE,6150.000,6200.000,532.603455,532.653442,1920,1046,"ObjectSlot4",1,0,"video_relative_to_screen_recording_start",75.060127,457543.344,457593.312,1,75.060127,"1781613114174","../../../../../../Project/UE5/Gallery/Saved/ScreenRecordings/A037_v2_20260616_203154_screen.mkv",457543.344,457593.312,457568.312,"1781613571716","1781613571766","2026-06-16T20:39:31.716+08:00","2026-06-16T20:39:31.766+08:00",526.453430,EXP2,"exp2_target",4,4,"1:1|2:2|3:3|4:4"
"exp2_table_objects","实验二桌面四模型总体区域","Exp2_004_exp2_table_objects_0249","video_relative_to_recording_start",rectangle,0,0,1076,1045,,,,"A037","Exp2_004","E3_SPATIAL_NONPROGRESSIVE",loading,,,,,1,TRUE,6200.000,6250.000,532.653442,532.703430,1920,1046,"ObjectSlot1-4",1,1,"video_relative_to_screen_recording_start",75.060127,457593.312,457643.312,1,75.060127,"1781613114174","../../../../../../Project/UE5/Gallery/Saved/ScreenRecordings/A037_v2_20260616_203154_screen.mkv",457593.312,457643.312,457618.312,"1781613571766","1781613571816","2026-06-16T20:39:31.766+08:00","2026-06-16T20:39:31.816+08:00",526.453430,EXP2,"exp2_table",4,4,"1:1|2:2|3:3|4:4"
"exp2_target_object","实验二当前目标模型_头顶","Exp2_004_exp2_target_object_0250","video_relative_to_recording_start",rectangle,189,47,1076,810,,,,"A037","Exp2_004","E3_SPATIAL_NONPROGRESSIVE",loading,,,,,1,TRUE,6200.000,6250.000,532.653442,532.703430,1920,1046,"ObjectSlot4",1,0,"video_relative_to_screen_recording_start",75.060127,457593.312,457643.312,1,75.060127,"1781613114174","../../../../../../Project/UE5/Gallery/Saved/ScreenRecordings/A037_v2_20260616_203154_screen.mkv",457593.312,457643.312,457618.312,"1781613571766","1781613571816","2026-06-16T20:39:31.766+08:00","2026-06-16T20:39:31.816+08:00",526.453430,EXP2,"exp2_target",4,4,"1:1|2:2|3:3|4:4"
"exp2_table_objects","实验二桌面四模型总体区域","Exp2_004_exp2_table_objects_0251","video_relative_to_recording_start",rectangle,0,0,1048,1045,,,,"A037","Exp2_004","E3_SPATIAL_NONPROGRESSIVE",loading,,,,,1,TRUE,6250.000,6300.000,532.703430,532.753418,1920,1046,"ObjectSlot1-4",1,1,"video_relative_to_screen_recording_start",75.060127,457643.312,457693.312,1,75.060127,"1781613114174","../../../../../../Project/UE5/Gallery/Saved/ScreenRecordings/A037_v2_20260616_203154_screen.mkv",457643.312,457693.312,457668.312,"1781613571816","1781613571866","2026-06-16T20:39:31.816+08:00","2026-06-16T20:39:31.866+08:00",526.453430,EXP2,"exp2_table",4,4,"1:1|2:2|3:3|4:4"
"exp2_target_object","实验二当前目标模型_头顶","Exp2_004_exp2_target_object_0252","video_relative_to_recording_start",rectangle,147,46,1048,816,,,,"A037","Exp2_004","E3_SPATIAL_NONPROGRESSIVE",loading,,,,,1,TRUE,6250.000,6300.000,532.703430,532.753418,1920,1046,"ObjectSlot4",1,0,"video_relative_to_screen_recording_start",75.060127,457643.312,457693.312,1,75.060127,"1781613114174","../../../../../../Project/UE5/Gallery/Saved/ScreenRecordings/A037_v2_20260616_203154_screen.mkv",457643.312,457693.312,457668.312,"1781613571816","1781613571866","2026-06-16T20:39:31.816+08:00","2026-06-16T20:39:31.866+08:00",526.453430,EXP2,"exp2_target",4,4,"1:1|2:2|3:3|4:4"
"exp2_table_objects","实验二桌面四模型总体区域","Exp2_004_exp2_table_objects_0253","video_relative_to_recording_start",rectangle,0,0,1033,1045,,,,"A037","Exp2_004","E3_SPATIAL_NONPROGRESSIVE",loading,,,,,1,TRUE,6300.000,6350.000,532.753418,532.803406,1920,1046,"ObjectSlot1-4",1,1,"video_relative_to_screen_recording_start",75.060127,457693.312,457743.281,1,75.060127,"1781613114174","../../../../../../Project/UE5/Gallery/Saved/ScreenRecordings/A037_v2_20260616_203154_screen.mkv",457693.312,457743.281,457718.312,"1781613571866","1781613571916","2026-06-16T20:39:31.866+08:00","2026-06-16T20:39:31.916+08:00",526.453430,EXP2,"exp2_table",4,4,"1:1|2:2|3:3|4:4"
"exp2_target_object","实验二当前目标模型_头顶","Exp2_004_exp2_target_object_0254","video_relative_to_recording_start",rectangle,124,48,1033,822,,,,"A037","Exp2_004","E3_SPATIAL_NONPROGRESSIVE",loading,,,,,1,TRUE,6300.000,6350.000,532.753418,532.803406,1920,1046,"ObjectSlot4",1,0,"video_relative_to_screen_recording_start",75.060127,457693.312,457743.281,1,75.060127,"1781613114174","../../../../../../Project/UE5/Gallery/Saved/ScreenRecordings/A037_v2_20260616_203154_screen.mkv",457693.312,457743.281,457718.312,"1781613571866","1781613571916","2026-06-16T20:39:31.866+08:00","2026-06-16T20:39:31.916+08:00",526.453430,EXP2,"exp2_target",4,4,"1:1|2:2|3:3|4:4"
"exp2_table_objects","实验二桌面四模型总体区域","Exp2_004_exp2_table_objects_0255","video_relative_to_recording_start",rectangle,0,0,1023,1045,,,,"A037","Exp2_004","E3_SPATIAL_NONPROGRESSIVE",loading,,,,,1,TRUE,6350.000,6400.000,532.803406,532.853455,1920,1046,"ObjectSlot1-4",1,1,"video_relative_to_screen_recording_start",75.060127,457743.281,457793.344,1,75.060127,"1781613114174","../../../../../../Project/UE5/Gallery/Saved/ScreenRecordings/A037_v2_20260616_203154_screen.mkv",457743.281,457793.344,457768.312,"1781613571916","1781613571966","2026-06-16T20:39:31.916+08:00","2026-06-16T20:39:31.966+08:00",526.453430,EXP2,"exp2_table",4,4,"1:1|2:2|3:3|4:4"
"exp2_target_object","实验二当前目标模型_头顶","Exp2_004_exp2_target_object_0256","video_relative_to_recording_start",rectangle,111,51,1023,827,,,,"A037","Exp2_004","E3_SPATIAL_NONPROGRESSIVE",loading,,,,,1,TRUE,6350.000,6400.000,532.803406,532.853455,1920,1046,"ObjectSlot4",1,0,"video_relative_to_screen_recording_start",75.060127,457743.281,457793.344,1,75.060127,"1781613114174","../../../../../../Project/UE5/Gallery/Saved/ScreenRecordings/A037_v2_20260616_203154_screen.mkv",457743.281,457793.344,457768.312,"1781613571916","1781613571966","2026-06-16T20:39:31.916+08:00","2026-06-16T20:39:31.966+08:00",526.453430,EXP2,"exp2_target",4,4,"1:1|2:2|3:3|4:4"
"exp2_table_objects","实验二桌面四模型总体区域","Exp2_004_exp2_table_objects_0257","video_relative_to_recording_start",rectangle,0,0,1023,1045,,,,"A037","Exp2_004","E3_SPATIAL_NONPROGRESSIVE",loading,,,,,1,TRUE,6400.000,6450.000,532.853455,532.903442,1920,1046,"ObjectSlot1-4",1,1,"video_relative_to_screen_recording_start",75.060127,457793.344,457843.312,1,75.060127,"1781613114174","../../../../../../Project/UE5/Gallery/Saved/ScreenRecordings/A037_v2_20260616_203154_screen.mkv",457793.344,457843.312,457818.312,"1781613571966","1781613572016","2026-06-16T20:39:31.966+08:00","2026-06-16T20:39:32.016+08:00",526.453430,EXP2,"exp2_table",4,4,"1:1|2:2|3:3|4:4"
"exp2_target_object","实验二当前目标模型_头顶","Exp2_004_exp2_target_object_0258","video_relative_to_recording_start",rectangle,111,51,1023,827,,,,"A037","Exp2_004","E3_SPATIAL_NONPROGRESSIVE",loading,,,,,1,TRUE,6400.000,6450.000,532.853455,532.903442,1920,1046,"ObjectSlot4",1,0,"video_relative_to_screen_recording_start",75.060127,457793.344,457843.312,1,75.060127,"1781613114174","../../../../../../Project/UE5/Gallery/Saved/ScreenRecordings/A037_v2_20260616_203154_screen.mkv",457793.344,457843.312,457818.312,"1781613571966","1781613572016","2026-06-16T20:39:31.966+08:00","2026-06-16T20:39:32.016+08:00",526.453430,EXP2,"exp2_target",4,4,"1:1|2:2|3:3|4:4"
"exp2_table_objects","实验二桌面四模型总体区域","Exp2_004_exp2_table_objects_0259","video_relative_to_recording_start",rectangle,0,0,1137,1045,,,,"A037","Exp2_004","E3_SPATIAL_NONPROGRESSIVE",loading,,,,,1,TRUE,6450.000,6500.000,532.903442,532.953430,1920,1046,"ObjectSlot1-4",1,1,"video_relative_to_screen_recording_start",75.060127,457843.312,457893.312,1,75.060127,"1781613114174","../../../../../../Project/UE5/Gallery/Saved/ScreenRecordings/A037_v2_20260616_203154_screen.mkv",457843.312,457893.312,457868.312,"1781613572016","1781613572066","2026-06-16T20:39:32.016+08:00","2026-06-16T20:39:32.066+08:00",526.453430,EXP2,"exp2_table",4,4,"1:1|2:2|3:3|4:4"
"exp2_target_object","实验二当前目标模型_头顶","Exp2_004_exp2_target_object_0260","video_relative_to_recording_start",rectangle,282,89,1137,835,,,,"A037","Exp2_004","E3_SPATIAL_NONPROGRESSIVE",loading,,,,,1,TRUE,6450.000,6500.000,532.903442,532.953430,1920,1046,"ObjectSlot4",1,0,"video_relative_to_screen_recording_start",75.060127,457843.312,457893.312,1,75.060127,"1781613114174","../../../../../../Project/UE5/Gallery/Saved/ScreenRecordings/A037_v2_20260616_203154_screen.mkv",457843.312,457893.312,457868.312,"1781613572016","1781613572066","2026-06-16T20:39:32.016+08:00","2026-06-16T20:39:32.066+08:00",526.453430,EXP2,"exp2_target",4,4,"1:1|2:2|3:3|4:4"
"exp2_table_objects","实验二桌面四模型总体区域","Exp2_004_exp2_table_objects_0261","video_relative_to_recording_start",rectangle,0,0,1137,1045,,,,"A037","Exp2_004","E3_SPATIAL_NONPROGRESSIVE",loading,,,,,1,TRUE,6500.000,6550.000,532.953430,533.003418,1920,1046,"ObjectSlot1-4",1,1,"video_relative_to_screen_recording_start",75.060127,457893.312,457943.312,1,75.060127,"1781613114174","../../../../../../Project/UE5/Gallery/Saved/ScreenRecordings/A037_v2_20260616_203154_screen.mkv",457893.312,457943.312,457918.312,"1781613572066","1781613572116","2026-06-16T20:39:32.066+08:00","2026-06-16T20:39:32.116+08:00",526.453430,EXP2,"exp2_table",4,4,"1:1|2:2|3:3|4:4"
"exp2_target_object","实验二当前目标模型_头顶","Exp2_004_exp2_target_object_0262","video_relative_to_recording_start",rectangle,282,89,1137,835,,,,"A037","Exp2_004","E3_SPATIAL_NONPROGRESSIVE",loading,,,,,1,TRUE,6500.000,6550.000,532.953430,533.003418,1920,1046,"ObjectSlot4",1,0,"video_relative_to_screen_recording_start",75.060127,457893.312,457943.312,1,75.060127,"1781613114174","../../../../../../Project/UE5/Gallery/Saved/ScreenRecordings/A037_v2_20260616_203154_screen.mkv",457893.312,457943.312,457918.312,"1781613572066","1781613572116","2026-06-16T20:39:32.066+08:00","2026-06-16T20:39:32.116+08:00",526.453430,EXP2,"exp2_target",4,4,"1:1|2:2|3:3|4:4"
"exp2_table_objects","实验二桌面四模型总体区域","Exp2_004_exp2_table_objects_0263","video_relative_to_recording_start",rectangle,0,0,1426,1045,,,,"A037","Exp2_004","E3_SPATIAL_NONPROGRESSIVE",loading,,,,,1,TRUE,6550.000,6600.000,533.003418,533.053406,1920,1046,"ObjectSlot1-4",1,1,"video_relative_to_screen_recording_start",75.060127,457943.312,457993.281,1,75.060127,"1781613114174","../../../../../../Project/UE5/Gallery/Saved/ScreenRecordings/A037_v2_20260616_203154_screen.mkv",457943.312,457993.281,457968.312,"1781613572116","1781613572166","2026-06-16T20:39:32.116+08:00","2026-06-16T20:39:32.166+08:00",526.453430,EXP2,"exp2_table",4,4,"1:1|2:2|3:3|4:4"
"exp2_target_object","实验二当前目标模型_头顶","Exp2_004_exp2_target_object_0264","video_relative_to_recording_start",rectangle,616,144,1426,849,,,,"A037","Exp2_004","E3_SPATIAL_NONPROGRESSIVE",loading,,,,,1,TRUE,6550.000,6600.000,533.003418,533.053406,1920,1046,"ObjectSlot4",1,0,"video_relative_to_screen_recording_start",75.060127,457943.312,457993.281,1,75.060127,"1781613114174","../../../../../../Project/UE5/Gallery/Saved/ScreenRecordings/A037_v2_20260616_203154_screen.mkv",457943.312,457993.281,457968.312,"1781613572116","1781613572166","2026-06-16T20:39:32.116+08:00","2026-06-16T20:39:32.166+08:00",526.453430,EXP2,"exp2_target",4,4,"1:1|2:2|3:3|4:4"
"exp2_table_objects","实验二桌面四模型总体区域","Exp2_004_exp2_table_objects_0265","video_relative_to_recording_start",rectangle,0,0,1590,1045,,,,"A037","Exp2_004","E3_SPATIAL_NONPROGRESSIVE",loading,,,,,1,TRUE,6600.000,6650.000,533.053406,533.103455,1920,1046,"ObjectSlot1-4",1,1,"video_relative_to_screen_recording_start",75.060127,457993.281,458043.344,1,75.060127,"1781613114174","../../../../../../Project/UE5/Gallery/Saved/ScreenRecordings/A037_v2_20260616_203154_screen.mkv",457993.281,458043.344,458018.312,"1781613572166","1781613572216","2026-06-16T20:39:32.166+08:00","2026-06-16T20:39:32.216+08:00",526.453430,EXP2,"exp2_table",4,4,"1:1|2:2|3:3|4:4"
"exp2_target_object","实验二当前目标模型_头顶","Exp2_004_exp2_target_object_0266","video_relative_to_recording_start",rectangle,766,196,1590,896,,,,"A037","Exp2_004","E3_SPATIAL_NONPROGRESSIVE",loading,,,,,1,TRUE,6600.000,6650.000,533.053406,533.103455,1920,1046,"ObjectSlot4",1,0,"video_relative_to_screen_recording_start",75.060127,457993.281,458043.344,1,75.060127,"1781613114174","../../../../../../Project/UE5/Gallery/Saved/ScreenRecordings/A037_v2_20260616_203154_screen.mkv",457993.281,458043.344,458018.312,"1781613572166","1781613572216","2026-06-16T20:39:32.166+08:00","2026-06-16T20:39:32.216+08:00",526.453430,EXP2,"exp2_target",4,4,"1:1|2:2|3:3|4:4"
"exp2_table_objects","实验二桌面四模型总体区域","Exp2_004_exp2_table_objects_0267","video_relative_to_recording_start",rectangle,0,0,1590,1045,,,,"A037","Exp2_004","E3_SPATIAL_NONPROGRESSIVE",loading,,,,,1,TRUE,6650.000,6700.000,533.103455,533.153442,1920,1046,"ObjectSlot1-4",1,1,"video_relative_to_screen_recording_start",75.060127,458043.344,458093.312,1,75.060127,"1781613114174","../../../../../../Project/UE5/Gallery/Saved/ScreenRecordings/A037_v2_20260616_203154_screen.mkv",458043.344,458093.312,458068.312,"1781613572216","1781613572266","2026-06-16T20:39:32.216+08:00","2026-06-16T20:39:32.266+08:00",526.453430,EXP2,"exp2_table",4,4,"1:1|2:2|3:3|4:4"
"exp2_target_object","实验二当前目标模型_头顶","Exp2_004_exp2_target_object_0268","video_relative_to_recording_start",rectangle,766,196,1590,896,,,,"A037","Exp2_004","E3_SPATIAL_NONPROGRESSIVE",loading,,,,,1,TRUE,6650.000,6700.000,533.103455,533.153442,1920,1046,"ObjectSlot4",1,0,"video_relative_to_screen_recording_start",75.060127,458043.344,458093.312,1,75.060127,"1781613114174","../../../../../../Project/UE5/Gallery/Saved/ScreenRecordings/A037_v2_20260616_203154_screen.mkv",458043.344,458093.312,458068.312,"1781613572216","1781613572266","2026-06-16T20:39:32.216+08:00","2026-06-16T20:39:32.266+08:00",526.453430,EXP2,"exp2_target",4,4,"1:1|2:2|3:3|4:4"
"exp2_table_objects","实验二桌面四模型总体区域","Exp2_004_exp2_table_objects_0269","video_relative_to_recording_start",rectangle,0,88,1740,1045,,,,"A037","Exp2_004","E3_SPATIAL_NONPROGRESSIVE",loading,,,,,1,TRUE,6700.000,6750.000,533.153442,533.203430,1920,1046,"ObjectSlot1-4",1,1,"video_relative_to_screen_recording_start",75.060127,458093.312,458143.312,1,75.060127,"1781613114174","../../../../../../Project/UE5/Gallery/Saved/ScreenRecordings/A037_v2_20260616_203154_screen.mkv",458093.312,458143.312,458118.312,"1781613572266","1781613572316","2026-06-16T20:39:32.266+08:00","2026-06-16T20:39:32.316+08:00",526.453430,EXP2,"exp2_table",4,4,"1:1|2:2|3:3|4:4"
"exp2_target_object","实验二当前目标模型_头顶","Exp2_004_exp2_target_object_0270","video_relative_to_recording_start",rectangle,876,204,1740,907,,,,"A037","Exp2_004","E3_SPATIAL_NONPROGRESSIVE",loading,,,,,1,TRUE,6700.000,6750.000,533.153442,533.203430,1920,1046,"ObjectSlot4",1,0,"video_relative_to_screen_recording_start",75.060127,458093.312,458143.312,1,75.060127,"1781613114174","../../../../../../Project/UE5/Gallery/Saved/ScreenRecordings/A037_v2_20260616_203154_screen.mkv",458093.312,458143.312,458118.312,"1781613572266","1781613572316","2026-06-16T20:39:32.266+08:00","2026-06-16T20:39:32.316+08:00",526.453430,EXP2,"exp2_target",4,4,"1:1|2:2|3:3|4:4"
"exp2_table_objects","实验二桌面四模型总体区域","Exp2_004_exp2_table_objects_0271","video_relative_to_recording_start",rectangle,0,126,1863,1045,,,,"A037","Exp2_004","E3_SPATIAL_NONPROGRESSIVE",loading,,,,,1,TRUE,6750.000,6800.000,533.203430,533.253418,1920,1046,"ObjectSlot1-4",1,1,"video_relative_to_screen_recording_start",75.060127,458143.312,458193.312,1,75.060127,"1781613114174","../../../../../../Project/UE5/Gallery/Saved/ScreenRecordings/A037_v2_20260616_203154_screen.mkv",458143.312,458193.312,458168.312,"1781613572316","1781613572366","2026-06-16T20:39:32.316+08:00","2026-06-16T20:39:32.366+08:00",526.453430,EXP2,"exp2_table",4,4,"1:1|2:2|3:3|4:4"
"exp2_target_object","实验二当前目标模型_头顶","Exp2_004_exp2_target_object_0272","video_relative_to_recording_start",rectangle,956,204,1863,912,,,,"A037","Exp2_004","E3_SPATIAL_NONPROGRESSIVE",loading,,,,,1,TRUE,6750.000,6800.000,533.203430,533.253418,1920,1046,"ObjectSlot4",1,0,"video_relative_to_screen_recording_start",75.060127,458143.312,458193.312,1,75.060127,"1781613114174","../../../../../../Project/UE5/Gallery/Saved/ScreenRecordings/A037_v2_20260616_203154_screen.mkv",458143.312,458193.312,458168.312,"1781613572316","1781613572366","2026-06-16T20:39:32.316+08:00","2026-06-16T20:39:32.366+08:00",526.453430,EXP2,"exp2_target",4,4,"1:1|2:2|3:3|4:4"
"exp2_table_objects","实验二桌面四模型总体区域","Exp2_004_exp2_table_objects_0273","video_relative_to_recording_start",rectangle,0,154,1919,1045,,,,"A037","Exp2_004","E3_SPATIAL_NONPROGRESSIVE",loading,,,,,1,TRUE,6800.000,6850.000,533.253418,533.303406,1920,1046,"ObjectSlot1-4",1,1,"video_relative_to_screen_recording_start",75.060127,458193.312,458243.281,1,75.060127,"1781613114174","../../../../../../Project/UE5/Gallery/Saved/ScreenRecordings/A037_v2_20260616_203154_screen.mkv",458193.312,458243.281,458218.312,"1781613572366","1781613572416","2026-06-16T20:39:32.366+08:00","2026-06-16T20:39:32.416+08:00",526.453430,EXP2,"exp2_table",4,4,"1:1|2:2|3:3|4:4"
"exp2_target_object","实验二当前目标模型_头顶","Exp2_004_exp2_target_object_0274","video_relative_to_recording_start",rectangle,1037,202,1919,920,,,,"A037","Exp2_004","E3_SPATIAL_NONPROGRESSIVE",loading,,,,,1,TRUE,6800.000,6850.000,533.253418,533.303406,1920,1046,"ObjectSlot4",1,1,"video_relative_to_screen_recording_start",75.060127,458193.312,458243.281,1,75.060127,"1781613114174","../../../../../../Project/UE5/Gallery/Saved/ScreenRecordings/A037_v2_20260616_203154_screen.mkv",458193.312,458243.281,458218.312,"1781613572366","1781613572416","2026-06-16T20:39:32.366+08:00","2026-06-16T20:39:32.416+08:00",526.453430,EXP2,"exp2_target",4,4,"1:1|2:2|3:3|4:4"
"exp2_table_objects","实验二桌面四模型总体区域","Exp2_004_exp2_table_objects_0275","video_relative_to_recording_start",rectangle,0,178,1919,974,,,,"A037","Exp2_004","E3_SPATIAL_NONPROGRESSIVE",loading,,,,,1,TRUE,6850.000,6900.000,533.303406,533.353455,1920,1046,"ObjectSlot1-4",1,1,"video_relative_to_screen_recording_start",75.060127,458243.281,458293.344,1,75.060127,"1781613114174","../../../../../../Project/UE5/Gallery/Saved/ScreenRecordings/A037_v2_20260616_203154_screen.mkv",458243.281,458293.344,458268.312,"1781613572416","1781613572466","2026-06-16T20:39:32.416+08:00","2026-06-16T20:39:32.466+08:00",526.453430,EXP2,"exp2_table",4,4,"1:1|2:2|3:3|4:4"
"exp2_target_object","实验二当前目标模型_头顶","Exp2_004_exp2_target_object_0276","video_relative_to_recording_start",rectangle,1139,199,1919,935,,,,"A037","Exp2_004","E3_SPATIAL_NONPROGRESSIVE",loading,,,,,1,TRUE,6850.000,6900.000,533.303406,533.353455,1920,1046,"ObjectSlot4",1,1,"video_relative_to_screen_recording_start",75.060127,458243.281,458293.344,1,75.060127,"1781613114174","../../../../../../Project/UE5/Gallery/Saved/ScreenRecordings/A037_v2_20260616_203154_screen.mkv",458243.281,458293.344,458268.312,"1781613572416","1781613572466","2026-06-16T20:39:32.416+08:00","2026-06-16T20:39:32.466+08:00",526.453430,EXP2,"exp2_target",4,4,"1:1|2:2|3:3|4:4"
"exp2_table_objects","实验二桌面四模型总体区域","Exp2_004_exp2_table_objects_0277","video_relative_to_recording_start",rectangle,0,181,1919,988,,,,"A037","Exp2_004","E3_SPATIAL_NONPROGRESSIVE",loading,,,,,1,TRUE,6900.000,6950.000,533.353455,533.403442,1920,1046,"ObjectSlot1-4",1,1,"video_relative_to_screen_recording_start",75.060127,458293.344,458343.312,1,75.060127,"1781613114174","../../../../../../Project/UE5/Gallery/Saved/ScreenRecordings/A037_v2_20260616_203154_screen.mkv",458293.344,458343.312,458318.312,"1781613572466","1781613572516","2026-06-16T20:39:32.466+08:00","2026-06-16T20:39:32.516+08:00",526.453430,EXP2,"exp2_table",4,4,"1:1|2:2|3:3|4:4"
"exp2_target_object","实验二当前目标模型_头顶","Exp2_004_exp2_target_object_0278","video_relative_to_recording_start",rectangle,1247,181,1919,988,,,,"A037","Exp2_004","E3_SPATIAL_NONPROGRESSIVE",loading,,,,,1,TRUE,6900.000,6950.000,533.353455,533.403442,1920,1046,"ObjectSlot4",1,1,"video_relative_to_screen_recording_start",75.060127,458293.344,458343.312,1,75.060127,"1781613114174","../../../../../../Project/UE5/Gallery/Saved/ScreenRecordings/A037_v2_20260616_203154_screen.mkv",458293.344,458343.312,458318.312,"1781613572466","1781613572516","2026-06-16T20:39:32.466+08:00","2026-06-16T20:39:32.516+08:00",526.453430,EXP2,"exp2_target",4,4,"1:1|2:2|3:3|4:4"
"exp2_table_objects","实验二桌面四模型总体区域","Exp2_004_exp2_table_objects_0279","video_relative_to_recording_start",rectangle,0,181,1919,988,,,,"A037","Exp2_004","E3_SPATIAL_NONPROGRESSIVE",loading,,,,,1,TRUE,6950.000,7000.000,533.403442,533.453430,1920,1046,"ObjectSlot1-4",1,1,"video_relative_to_screen_recording_start",75.060127,458343.312,458393.312,1,75.060127,"1781613114174","../../../../../../Project/UE5/Gallery/Saved/ScreenRecordings/A037_v2_20260616_203154_screen.mkv",458343.312,458393.312,458368.312,"1781613572516","1781613572566","2026-06-16T20:39:32.516+08:00","2026-06-16T20:39:32.566+08:00",526.453430,EXP2,"exp2_table",4,4,"1:1|2:2|3:3|4:4"
"exp2_target_object","实验二当前目标模型_头顶","Exp2_004_exp2_target_object_0280","video_relative_to_recording_start",rectangle,1247,181,1919,988,,,,"A037","Exp2_004","E3_SPATIAL_NONPROGRESSIVE",loading,,,,,1,TRUE,6950.000,7000.000,533.403442,533.453430,1920,1046,"ObjectSlot4",1,1,"video_relative_to_screen_recording_start",75.060127,458343.312,458393.312,1,75.060127,"1781613114174","../../../../../../Project/UE5/Gallery/Saved/ScreenRecordings/A037_v2_20260616_203154_screen.mkv",458343.312,458393.312,458368.312,"1781613572516","1781613572566","2026-06-16T20:39:32.516+08:00","2026-06-16T20:39:32.566+08:00",526.453430,EXP2,"exp2_target",4,4,"1:1|2:2|3:3|4:4"
"exp2_table_objects","实验二桌面四模型总体区域","Exp2_004_exp2_table_objects_0281","video_relative_to_recording_start",rectangle,0,140,1919,1045,,,,"A037","Exp2_004","E3_SPATIAL_NONPROGRESSIVE",loading,,,,,1,TRUE,7000.000,7050.000,533.453430,533.503418,1920,1046,"ObjectSlot1-4",1,1,"video_relative_to_screen_recording_start",75.060127,458393.312,458443.312,1,75.060127,"1781613114174","../../../../../../Project/UE5/Gallery/Saved/ScreenRecordings/A037_v2_20260616_203154_screen.mkv",458393.312,458443.312,458418.312,"1781613572566","1781613572616","2026-06-16T20:39:32.566+08:00","2026-06-16T20:39:32.616+08:00",526.453430,EXP2,"exp2_table",4,4,"1:1|2:2|3:3|4:4"
"exp2_target_object","实验二当前目标模型_头顶","Exp2_004_exp2_target_object_0282","video_relative_to_recording_start",rectangle,1422,140,1919,1045,,,,"A037","Exp2_004","E3_SPATIAL_NONPROGRESSIVE",loading,,,,,1,TRUE,7000.000,7050.000,533.453430,533.503418,1920,1046,"ObjectSlot4",1,1,"video_relative_to_screen_recording_start",75.060127,458393.312,458443.312,1,75.060127,"1781613114174","../../../../../../Project/UE5/Gallery/Saved/ScreenRecordings/A037_v2_20260616_203154_screen.mkv",458393.312,458443.312,458418.312,"1781613572566","1781613572616","2026-06-16T20:39:32.566+08:00","2026-06-16T20:39:32.616+08:00",526.453430,EXP2,"exp2_target",4,4,"1:1|2:2|3:3|4:4"
"exp2_table_objects","实验二桌面四模型总体区域","Exp2_004_exp2_table_objects_0283","video_relative_to_recording_start",rectangle,168,87,1919,1045,,,,"A037","Exp2_004","E3_SPATIAL_NONPROGRESSIVE",loading,,,,,1,TRUE,7050.000,7100.000,533.503418,533.553406,1920,1046,"ObjectSlot1-4",1,1,"video_relative_to_screen_recording_start",75.060127,458443.312,458493.281,1,75.060127,"1781613114174","../../../../../../Project/UE5/Gallery/Saved/ScreenRecordings/A037_v2_20260616_203154_screen.mkv",458443.312,458493.281,458468.312,"1781613572616","1781613572666","2026-06-16T20:39:32.616+08:00","2026-06-16T20:39:32.666+08:00",526.453430,EXP2,"exp2_table",4,4,"1:1|2:2|3:3|4:4"
"exp2_target_object","实验二当前目标模型_头顶","Exp2_004_exp2_target_object_0284","video_relative_to_recording_start",rectangle,1575,87,1919,1045,,,,"A037","Exp2_004","E3_SPATIAL_NONPROGRESSIVE",loading,,,,,1,TRUE,7050.000,7100.000,533.503418,533.553406,1920,1046,"ObjectSlot4",1,1,"video_relative_to_screen_recording_start",75.060127,458443.312,458493.281,1,75.060127,"1781613114174","../../../../../../Project/UE5/Gallery/Saved/ScreenRecordings/A037_v2_20260616_203154_screen.mkv",458443.312,458493.281,458468.312,"1781613572616","1781613572666","2026-06-16T20:39:32.616+08:00","2026-06-16T20:39:32.666+08:00",526.453430,EXP2,"exp2_target",4,4,"1:1|2:2|3:3|4:4"
"exp2_table_objects","实验二桌面四模型总体区域","Exp2_004_exp2_table_objects_0285","video_relative_to_recording_start",rectangle,319,6,1919,1045,,,,"A037","Exp2_004","E3_SPATIAL_NONPROGRESSIVE",loading,,,,,1,TRUE,7100.000,7150.000,533.553406,533.603455,1920,1046,"ObjectSlot1-4",1,1,"video_relative_to_screen_recording_start",75.060127,458493.281,458543.344,1,75.060127,"1781613114174","../../../../../../Project/UE5/Gallery/Saved/ScreenRecordings/A037_v2_20260616_203154_screen.mkv",458493.281,458543.344,458518.312,"1781613572666","1781613572716","2026-06-16T20:39:32.666+08:00","2026-06-16T20:39:32.716+08:00",526.453430,EXP2,"exp2_table",4,4,"1:1|2:2|3:3|4:4"
"exp2_target_object","实验二当前目标模型_头顶","Exp2_004_exp2_target_object_0286","video_relative_to_recording_start",rectangle,1714,6,1919,1045,,,,"A037","Exp2_004","E3_SPATIAL_NONPROGRESSIVE",loading,,,,,1,TRUE,7100.000,7150.000,533.553406,533.603455,1920,1046,"ObjectSlot4",1,1,"video_relative_to_screen_recording_start",75.060127,458493.281,458543.344,1,75.060127,"1781613114174","../../../../../../Project/UE5/Gallery/Saved/ScreenRecordings/A037_v2_20260616_203154_screen.mkv",458493.281,458543.344,458518.312,"1781613572666","1781613572716","2026-06-16T20:39:32.666+08:00","2026-06-16T20:39:32.716+08:00",526.453430,EXP2,"exp2_target",4,4,"1:1|2:2|3:3|4:4"
"exp2_table_objects","实验二桌面四模型总体区域","Exp2_004_exp2_table_objects_0287","video_relative_to_recording_start",rectangle,319,6,1919,1045,,,,"A037","Exp2_004","E3_SPATIAL_NONPROGRESSIVE",loading,,,,,1,TRUE,7150.000,7200.000,533.603455,533.653442,1920,1046,"ObjectSlot1-4",1,1,"video_relative_to_screen_recording_start",75.060127,458543.344,458593.312,1,75.060127,"1781613114174","../../../../../../Project/UE5/Gallery/Saved/ScreenRecordings/A037_v2_20260616_203154_screen.mkv",458543.344,458593.312,458568.312,"1781613572716","1781613572766","2026-06-16T20:39:32.716+08:00","2026-06-16T20:39:32.766+08:00",526.453430,EXP2,"exp2_table",4,4,"1:1|2:2|3:3|4:4"
"exp2_target_object","实验二当前目标模型_头顶","Exp2_004_exp2_target_object_0288","video_relative_to_recording_start",rectangle,1714,6,1919,1045,,,,"A037","Exp2_004","E3_SPATIAL_NONPROGRESSIVE",loading,,,,,1,TRUE,7150.000,7200.000,533.603455,533.653442,1920,1046,"ObjectSlot4",1,1,"video_relative_to_screen_recording_start",75.060127,458543.344,458593.312,1,75.060127,"1781613114174","../../../../../../Project/UE5/Gallery/Saved/ScreenRecordings/A037_v2_20260616_203154_screen.mkv",458543.344,458593.312,458568.312,"1781613572716","1781613572766","2026-06-16T20:39:32.716+08:00","2026-06-16T20:39:32.766+08:00",526.453430,EXP2,"exp2_target",4,4,"1:1|2:2|3:3|4:4"
"exp2_table_objects","实验二桌面四模型总体区域","Exp2_004_exp2_table_objects_0289","video_relative_to_recording_start",rectangle,403,0,1919,1045,,,,"A037","Exp2_004","E3_SPATIAL_NONPROGRESSIVE",loading,,,,,1,TRUE,7200.000,7250.000,533.653442,533.703430,1920,1046,"ObjectSlot1-4",1,1,"video_relative_to_screen_recording_start",75.060127,458593.312,458643.312,1,75.060127,"1781613114174","../../../../../../Project/UE5/Gallery/Saved/ScreenRecordings/A037_v2_20260616_203154_screen.mkv",458593.312,458643.312,458618.312,"1781613572766","1781613572816","2026-06-16T20:39:32.766+08:00","2026-06-16T20:39:32.816+08:00",526.453430,EXP2,"exp2_table",4,4,"1:1|2:2|3:3|4:4"
"exp2_target_object","实验二当前目标模型_头顶","Exp2_004_exp2_target_object_0290","video_relative_to_recording_start",rectangle,1807,0,1919,1045,,,,"A037","Exp2_004","E3_SPATIAL_NONPROGRESSIVE",loading,,,,,1,TRUE,7200.000,7250.000,533.653442,533.703430,1920,1046,"ObjectSlot4",1,1,"video_relative_to_screen_recording_start",75.060127,458593.312,458643.312,1,75.060127,"1781613114174","../../../../../../Project/UE5/Gallery/Saved/ScreenRecordings/A037_v2_20260616_203154_screen.mkv",458593.312,458643.312,458618.312,"1781613572766","1781613572816","2026-06-16T20:39:32.766+08:00","2026-06-16T20:39:32.816+08:00",526.453430,EXP2,"exp2_target",4,4,"1:1|2:2|3:3|4:4"
"exp2_table_objects","实验二桌面四模型总体区域","Exp2_004_exp2_table_objects_0291","video_relative_to_recording_start",rectangle,451,0,1919,1045,,,,"A037","Exp2_004","E3_SPATIAL_NONPROGRESSIVE",loading,,,,,1,TRUE,7250.000,7300.000,533.703430,533.753418,1920,1046,"ObjectSlot1-4",1,1,"video_relative_to_screen_recording_start",75.060127,458643.312,458693.312,1,75.060127,"1781613114174","../../../../../../Project/UE5/Gallery/Saved/ScreenRecordings/A037_v2_20260616_203154_screen.mkv",458643.312,458693.312,458668.312,"1781613572816","1781613572866","2026-06-16T20:39:32.816+08:00","2026-06-16T20:39:32.866+08:00",526.453430,EXP2,"exp2_table",4,4,"1:1|2:2|3:3|4:4"
"exp2_target_object","实验二当前目标模型_头顶","Exp2_004_exp2_target_object_0292","video_relative_to_recording_start",rectangle,1866,0,1919,1045,,,,"A037","Exp2_004","E3_SPATIAL_NONPROGRESSIVE",loading,,,,,1,TRUE,7250.000,7300.000,533.703430,533.753418,1920,1046,"ObjectSlot4",1,1,"video_relative_to_screen_recording_start",75.060127,458643.312,458693.312,1,75.060127,"1781613114174","../../../../../../Project/UE5/Gallery/Saved/ScreenRecordings/A037_v2_20260616_203154_screen.mkv",458643.312,458693.312,458668.312,"1781613572816","1781613572866","2026-06-16T20:39:32.816+08:00","2026-06-16T20:39:32.866+08:00",526.453430,EXP2,"exp2_target",4,4,"1:1|2:2|3:3|4:4"
"exp2_table_objects","实验二桌面四模型总体区域","Exp2_004_exp2_table_objects_0293","video_relative_to_recording_start",rectangle,458,0,1919,1045,,,,"A037","Exp2_004","E3_SPATIAL_NONPROGRESSIVE",loading,,,,,1,TRUE,7300.000,7350.000,533.753418,533.803406,1920,1046,"ObjectSlot1-4",1,1,"video_relative_to_screen_recording_start",75.060127,458693.312,458743.281,1,75.060127,"1781613114174","../../../../../../Project/UE5/Gallery/Saved/ScreenRecordings/A037_v2_20260616_203154_screen.mkv",458693.312,458743.281,458718.312,"1781613572866","1781613572916","2026-06-16T20:39:32.866+08:00","2026-06-16T20:39:32.916+08:00",526.453430,EXP2,"exp2_table",4,4,"1:1|2:2|3:3|4:4"
"exp2_target_object","实验二当前目标模型_头顶","Exp2_004_exp2_target_object_0294","video_relative_to_recording_start",rectangle,1876,0,1919,1045,,,,"A037","Exp2_004","E3_SPATIAL_NONPROGRESSIVE",loading,,,,,1,TRUE,7300.000,7350.000,533.753418,533.803406,1920,1046,"ObjectSlot4",1,1,"video_relative_to_screen_recording_start",75.060127,458693.312,458743.281,1,75.060127,"1781613114174","../../../../../../Project/UE5/Gallery/Saved/ScreenRecordings/A037_v2_20260616_203154_screen.mkv",458693.312,458743.281,458718.312,"1781613572866","1781613572916","2026-06-16T20:39:32.866+08:00","2026-06-16T20:39:32.916+08:00",526.453430,EXP2,"exp2_target",4,4,"1:1|2:2|3:3|4:4"
"exp2_table_objects","实验二桌面四模型总体区域","Exp2_004_exp2_table_objects_0295","video_relative_to_recording_start",rectangle,458,0,1919,1045,,,,"A037","Exp2_004","E3_SPATIAL_NONPROGRESSIVE",loading,,,,,1,TRUE,7350.000,7400.000,533.803406,533.853455,1920,1046,"ObjectSlot1-4",1,1,"video_relative_to_screen_recording_start",75.060127,458743.281,458793.344,1,75.060127,"1781613114174","../../../../../../Project/UE5/Gallery/Saved/ScreenRecordings/A037_v2_20260616_203154_screen.mkv",458743.281,458793.344,458768.312,"1781613572916","1781613572966","2026-06-16T20:39:32.916+08:00","2026-06-16T20:39:32.966+08:00",526.453430,EXP2,"exp2_table",4,4,"1:1|2:2|3:3|4:4"
"exp2_target_object","实验二当前目标模型_头顶","Exp2_004_exp2_target_object_0296","video_relative_to_recording_start",rectangle,1876,0,1919,1045,,,,"A037","Exp2_004","E3_SPATIAL_NONPROGRESSIVE",loading,,,,,1,TRUE,7350.000,7400.000,533.803406,533.853455,1920,1046,"ObjectSlot4",1,1,"video_relative_to_screen_recording_start",75.060127,458743.281,458793.344,1,75.060127,"1781613114174","../../../../../../Project/UE5/Gallery/Saved/ScreenRecordings/A037_v2_20260616_203154_screen.mkv",458743.281,458793.344,458768.312,"1781613572916","1781613572966","2026-06-16T20:39:32.916+08:00","2026-06-16T20:39:32.966+08:00",526.453430,EXP2,"exp2_target",4,4,"1:1|2:2|3:3|4:4"
"exp2_table_objects","实验二桌面四模型总体区域","Exp2_004_exp2_table_objects_0297","video_relative_to_recording_start",rectangle,458,0,1919,1045,,,,"A037","Exp2_004","E3_SPATIAL_NONPROGRESSIVE",loading,,,,,1,TRUE,7400.000,7450.000,533.853455,533.903442,1920,1046,"ObjectSlot1-4",1,1,"video_relative_to_screen_recording_start",75.060127,458793.344,458843.312,1,75.060127,"1781613114174","../../../../../../Project/UE5/Gallery/Saved/ScreenRecordings/A037_v2_20260616_203154_screen.mkv",458793.344,458843.312,458818.312,"1781613572966","1781613573016","2026-06-16T20:39:32.966+08:00","2026-06-16T20:39:33.016+08:00",526.453430,EXP2,"exp2_table",4,4,"1:1|2:2|3:3|4:4"
"exp2_target_object","实验二当前目标模型_头顶","Exp2_004_exp2_target_object_0298","video_relative_to_recording_start",rectangle,1876,0,1919,1045,,,,"A037","Exp2_004","E3_SPATIAL_NONPROGRESSIVE",loading,,,,,1,TRUE,7400.000,7450.000,533.853455,533.903442,1920,1046,"ObjectSlot4",1,1,"video_relative_to_screen_recording_start",75.060127,458793.344,458843.312,1,75.060127,"1781613114174","../../../../../../Project/UE5/Gallery/Saved/ScreenRecordings/A037_v2_20260616_203154_screen.mkv",458793.344,458843.312,458818.312,"1781613572966","1781613573016","2026-06-16T20:39:32.966+08:00","2026-06-16T20:39:33.016+08:00",526.453430,EXP2,"exp2_target",4,4,"1:1|2:2|3:3|4:4"
"exp2_table_objects","实验二桌面四模型总体区域","Exp2_004_exp2_table_objects_0299","video_relative_to_recording_start",rectangle,478,0,1919,1045,,,,"A037","Exp2_004","E3_SPATIAL_NONPROGRESSIVE",loading,,,,,1,TRUE,7450.000,7500.000,533.903442,533.953430,1920,1046,"ObjectSlot1-4",1,1,"video_relative_to_screen_recording_start",75.060127,458843.312,458893.312,1,75.060127,"1781613114174","../../../../../../Project/UE5/Gallery/Saved/ScreenRecordings/A037_v2_20260616_203154_screen.mkv",458843.312,458893.312,458868.312,"1781613573016","1781613573066","2026-06-16T20:39:33.016+08:00","2026-06-16T20:39:33.066+08:00",526.453430,EXP2,"exp2_table",4,4,"1:1|2:2|3:3|4:4"
"exp2_target_object","实验二当前目标模型_头顶","Exp2_004_exp2_target_object_0300","video_relative_to_recording_start",rectangle,1903,0,1919,1045,,,,"A037","Exp2_004","E3_SPATIAL_NONPROGRESSIVE",loading,,,,,1,TRUE,7450.000,7500.000,533.903442,533.953430,1920,1046,"ObjectSlot4",1,1,"video_relative_to_screen_recording_start",75.060127,458843.312,458893.312,1,75.060127,"1781613114174","../../../../../../Project/UE5/Gallery/Saved/ScreenRecordings/A037_v2_20260616_203154_screen.mkv",458843.312,458893.312,458868.312,"1781613573016","1781613573066","2026-06-16T20:39:33.016+08:00","2026-06-16T20:39:33.066+08:00",526.453430,EXP2,"exp2_target",4,4,"1:1|2:2|3:3|4:4"
"exp2_table_objects","实验二桌面四模型总体区域","Exp2_004_exp2_table_objects_0301","video_relative_to_recording_start",rectangle,484,0,1919,1045,,,,"A037","Exp2_004","E3_SPATIAL_NONPROGRESSIVE",loading,,,,,1,TRUE,7500.000,7550.000,533.953430,534.003418,1920,1046,"ObjectSlot1-4",1,1,"video_relative_to_screen_recording_start",75.060127,458893.312,458943.312,1,75.060127,"1781613114174","../../../../../../Project/UE5/Gallery/Saved/ScreenRecordings/A037_v2_20260616_203154_screen.mkv",458893.312,458943.312,458918.312,"1781613573066","1781613573116","2026-06-16T20:39:33.066+08:00","2026-06-16T20:39:33.116+08:00",526.453430,EXP2,"exp2_table",4,4,"1:1|2:2|3:3|4:4"
"exp2_target_object","实验二当前目标模型_头顶","Exp2_004_exp2_target_object_0302","video_relative_to_recording_start",rectangle,1915,0,1919,1045,,,,"A037","Exp2_004","E3_SPATIAL_NONPROGRESSIVE",loading,,,,,1,TRUE,7500.000,7550.000,533.953430,534.003418,1920,1046,"ObjectSlot4",1,1,"video_relative_to_screen_recording_start",75.060127,458893.312,458943.312,1,75.060127,"1781613114174","../../../../../../Project/UE5/Gallery/Saved/ScreenRecordings/A037_v2_20260616_203154_screen.mkv",458893.312,458943.312,458918.312,"1781613573066","1781613573116","2026-06-16T20:39:33.066+08:00","2026-06-16T20:39:33.116+08:00",526.453430,EXP2,"exp2_target",4,4,"1:1|2:2|3:3|4:4"
"exp2_table_objects","实验二桌面四模型总体区域","Exp2_004_exp2_table_objects_0303","video_relative_to_recording_start",rectangle,477,0,1919,1045,,,,"A037","Exp2_004","E3_SPATIAL_NONPROGRESSIVE",loading,,,,,1,TRUE,7550.000,7600.000,534.003418,534.053406,1920,1046,"ObjectSlot1-4",1,1,"video_relative_to_screen_recording_start",75.060127,458943.312,458993.281,1,75.060127,"1781613114174","../../../../../../Project/UE5/Gallery/Saved/ScreenRecordings/A037_v2_20260616_203154_screen.mkv",458943.312,458993.281,458968.312,"1781613573116","1781613573166","2026-06-16T20:39:33.116+08:00","2026-06-16T20:39:33.166+08:00",526.453430,EXP2,"exp2_table",4,4,"1:1|2:2|3:3|4:4"
"exp2_target_object","实验二当前目标模型_头顶","Exp2_004_exp2_target_object_0304","video_relative_to_recording_start",rectangle,1917,0,1919,1045,,,,"A037","Exp2_004","E3_SPATIAL_NONPROGRESSIVE",loading,,,,,1,TRUE,7550.000,7600.000,534.003418,534.053406,1920,1046,"ObjectSlot4",1,1,"video_relative_to_screen_recording_start",75.060127,458943.312,458993.281,1,75.060127,"1781613114174","../../../../../../Project/UE5/Gallery/Saved/ScreenRecordings/A037_v2_20260616_203154_screen.mkv",458943.312,458993.281,458968.312,"1781613573116","1781613573166","2026-06-16T20:39:33.116+08:00","2026-06-16T20:39:33.166+08:00",526.453430,EXP2,"exp2_target",4,4,"1:1|2:2|3:3|4:4"
"exp2_table_objects","实验二桌面四模型总体区域","Exp2_004_exp2_table_objects_0305","video_relative_to_recording_start",rectangle,474,415,1919,1045,,,,"A037","Exp2_004","E3_SPATIAL_NONPROGRESSIVE",loading,,,,,1,TRUE,7600.000,7650.000,534.053406,534.103455,1920,1046,"ObjectSlot1-4",1,1,"video_relative_to_screen_recording_start",75.060127,458993.281,459043.344,1,75.060127,"1781613114174","../../../../../../Project/UE5/Gallery/Saved/ScreenRecordings/A037_v2_20260616_203154_screen.mkv",458993.281,459043.344,459018.312,"1781613573166","1781613573216","2026-06-16T20:39:33.166+08:00","2026-06-16T20:39:33.216+08:00",526.453430,EXP2,"exp2_table",4,4,"1:1|2:2|3:3|4:4"
"exp2_target_object","实验二当前目标模型_头顶","Exp2_004_exp2_target_object_0306","video_relative_to_recording_start",rectangle,,,,,,,,"A037","Exp2_004","E3_SPATIAL_NONPROGRESSIVE",loading,,,,,1,TRUE,7600.000,7650.000,534.053406,534.103455,1920,1046,"ObjectSlot4",0,1,"video_relative_to_screen_recording_start",75.060127,458993.281,459043.344,1,75.060127,"1781613114174","../../../../../../Project/UE5/Gallery/Saved/ScreenRecordings/A037_v2_20260616_203154_screen.mkv",458993.281,459043.344,459018.312,"1781613573166","1781613573216","2026-06-16T20:39:33.166+08:00","2026-06-16T20:39:33.216+08:00",526.453430,EXP2,"exp2_target",4,4,"1:1|2:2|3:3|4:4"
"exp2_table_objects","实验二桌面四模型总体区域","Exp2_004_exp2_table_objects_0307","video_relative_to_recording_start",rectangle,474,415,1919,1045,,,,"A037","Exp2_004","E3_SPATIAL_NONPROGRESSIVE",loading,,,,,1,TRUE,7650.000,7700.000,534.103455,534.153442,1920,1046,"ObjectSlot1-4",1,1,"video_relative_to_screen_recording_start",75.060127,459043.344,459093.312,1,75.060127,"1781613114174","../../../../../../Project/UE5/Gallery/Saved/ScreenRecordings/A037_v2_20260616_203154_screen.mkv",459043.344,459093.312,459068.312,"1781613573216","1781613573266","2026-06-16T20:39:33.216+08:00","2026-06-16T20:39:33.266+08:00",526.453430,EXP2,"exp2_table",4,4,"1:1|2:2|3:3|4:4"
"exp2_target_object","实验二当前目标模型_头顶","Exp2_004_exp2_target_object_0308","video_relative_to_recording_start",rectangle,,,,,,,,"A037","Exp2_004","E3_SPATIAL_NONPROGRESSIVE",loading,,,,,1,TRUE,7650.000,7700.000,534.103455,534.153442,1920,1046,"ObjectSlot4",0,1,"video_relative_to_screen_recording_start",75.060127,459043.344,459093.312,1,75.060127,"1781613114174","../../../../../../Project/UE5/Gallery/Saved/ScreenRecordings/A037_v2_20260616_203154_screen.mkv",459043.344,459093.312,459068.312,"1781613573216","1781613573266","2026-06-16T20:39:33.216+08:00","2026-06-16T20:39:33.266+08:00",526.453430,EXP2,"exp2_target",4,4,"1:1|2:2|3:3|4:4"
"exp2_table_objects","实验二桌面四模型总体区域","Exp2_004_exp2_table_objects_0309","video_relative_to_recording_start",rectangle,416,248,1919,1045,,,,"A037","Exp2_004","E3_SPATIAL_NONPROGRESSIVE",loading,,,,,1,TRUE,7700.000,7750.000,534.153442,534.203430,1920,1046,"ObjectSlot1-4",1,1,"video_relative_to_screen_recording_start",75.060127,459093.312,459143.312,1,75.060127,"1781613114174","../../../../../../Project/UE5/Gallery/Saved/ScreenRecordings/A037_v2_20260616_203154_screen.mkv",459093.312,459143.312,459118.312,"1781613573266","1781613573316","2026-06-16T20:39:33.266+08:00","2026-06-16T20:39:33.316+08:00",526.453430,EXP2,"exp2_table",4,4,"1:1|2:2|3:3|4:4"
"exp2_target_object","实验二当前目标模型_头顶","Exp2_004_exp2_target_object_0310","video_relative_to_recording_start",rectangle,1876,248,1919,1045,,,,"A037","Exp2_004","E3_SPATIAL_NONPROGRESSIVE",loading,,,,,1,TRUE,7700.000,7750.000,534.153442,534.203430,1920,1046,"ObjectSlot4",1,1,"video_relative_to_screen_recording_start",75.060127,459093.312,459143.312,1,75.060127,"1781613114174","../../../../../../Project/UE5/Gallery/Saved/ScreenRecordings/A037_v2_20260616_203154_screen.mkv",459093.312,459143.312,459118.312,"1781613573266","1781613573316","2026-06-16T20:39:33.266+08:00","2026-06-16T20:39:33.316+08:00",526.453430,EXP2,"exp2_target",4,4,"1:1|2:2|3:3|4:4"
"exp2_table_objects","实验二桌面四模型总体区域","Exp2_004_exp2_table_objects_0311","video_relative_to_recording_start",rectangle,367,318,1919,1045,,,,"A037","Exp2_004","E3_SPATIAL_NONPROGRESSIVE",loading,,,,,1,TRUE,7750.000,7800.000,534.203430,534.253418,1920,1046,"ObjectSlot1-4",1,1,"video_relative_to_screen_recording_start",75.060127,459143.312,459193.312,1,75.060127,"1781613114174","../../../../../../Project/UE5/Gallery/Saved/ScreenRecordings/A037_v2_20260616_203154_screen.mkv",459143.312,459193.312,459168.312,"1781613573316","1781613573366","2026-06-16T20:39:33.316+08:00","2026-06-16T20:39:33.366+08:00",526.453430,EXP2,"exp2_table",4,4,"1:1|2:2|3:3|4:4"
"exp2_target_object","实验二当前目标模型_头顶","Exp2_004_exp2_target_object_0312","video_relative_to_recording_start",rectangle,1821,318,1919,1045,,,,"A037","Exp2_004","E3_SPATIAL_NONPROGRESSIVE",loading,,,,,1,TRUE,7750.000,7800.000,534.203430,534.253418,1920,1046,"ObjectSlot4",1,1,"video_relative_to_screen_recording_start",75.060127,459143.312,459193.312,1,75.060127,"1781613114174","../../../../../../Project/UE5/Gallery/Saved/ScreenRecordings/A037_v2_20260616_203154_screen.mkv",459143.312,459193.312,459168.312,"1781613573316","1781613573366","2026-06-16T20:39:33.316+08:00","2026-06-16T20:39:33.366+08:00",526.453430,EXP2,"exp2_target",4,4,"1:1|2:2|3:3|4:4"
"exp2_table_objects","实验二桌面四模型总体区域","Exp2_004_exp2_table_objects_0313","video_relative_to_recording_start",rectangle,306,373,1919,1045,,,,"A037","Exp2_004","E3_SPATIAL_NONPROGRESSIVE",loading,,,,,1,TRUE,7800.000,7850.000,534.253418,534.303406,1920,1046,"ObjectSlot1-4",1,1,"video_relative_to_screen_recording_start",75.060127,459193.312,459243.281,1,75.060127,"1781613114174","../../../../../../Project/UE5/Gallery/Saved/ScreenRecordings/A037_v2_20260616_203154_screen.mkv",459193.312,459243.281,459218.312,"1781613573366","1781613573416","2026-06-16T20:39:33.366+08:00","2026-06-16T20:39:33.416+08:00",526.453430,EXP2,"exp2_table",4,4,"1:1|2:2|3:3|4:4"
"exp2_target_object","实验二当前目标模型_头顶","Exp2_004_exp2_target_object_0314","video_relative_to_recording_start",rectangle,1756,373,1919,1045,,,,"A037","Exp2_004","E3_SPATIAL_NONPROGRESSIVE",loading,,,,,1,TRUE,7800.000,7850.000,534.253418,534.303406,1920,1046,"ObjectSlot4",1,1,"video_relative_to_screen_recording_start",75.060127,459193.312,459243.281,1,75.060127,"1781613114174","../../../../../../Project/UE5/Gallery/Saved/ScreenRecordings/A037_v2_20260616_203154_screen.mkv",459193.312,459243.281,459218.312,"1781613573366","1781613573416","2026-06-16T20:39:33.366+08:00","2026-06-16T20:39:33.416+08:00",526.453430,EXP2,"exp2_target",4,4,"1:1|2:2|3:3|4:4"
"exp2_table_objects","实验二桌面四模型总体区域","Exp2_004_exp2_table_objects_0315","video_relative_to_recording_start",rectangle,306,373,1919,1045,,,,"A037","Exp2_004","E3_SPATIAL_NONPROGRESSIVE",loading,,,,,1,TRUE,7850.000,7900.000,534.303406,534.353455,1920,1046,"ObjectSlot1-4",1,1,"video_relative_to_screen_recording_start",75.060127,459243.281,459293.344,1,75.060127,"1781613114174","../../../../../../Project/UE5/Gallery/Saved/ScreenRecordings/A037_v2_20260616_203154_screen.mkv",459243.281,459293.344,459268.312,"1781613573416","1781613573466","2026-06-16T20:39:33.416+08:00","2026-06-16T20:39:33.466+08:00",526.453430,EXP2,"exp2_table",4,4,"1:1|2:2|3:3|4:4"
"exp2_target_object","实验二当前目标模型_头顶","Exp2_004_exp2_target_object_0316","video_relative_to_recording_start",rectangle,1756,373,1919,1045,,,,"A037","Exp2_004","E3_SPATIAL_NONPROGRESSIVE",loading,,,,,1,TRUE,7850.000,7900.000,534.303406,534.353455,1920,1046,"ObjectSlot4",1,1,"video_relative_to_screen_recording_start",75.060127,459243.281,459293.344,1,75.060127,"1781613114174","../../../../../../Project/UE5/Gallery/Saved/ScreenRecordings/A037_v2_20260616_203154_screen.mkv",459243.281,459293.344,459268.312,"1781613573416","1781613573466","2026-06-16T20:39:33.416+08:00","2026-06-16T20:39:33.466+08:00",526.453430,EXP2,"exp2_target",4,4,"1:1|2:2|3:3|4:4"
"exp2_table_objects","实验二桌面四模型总体区域","Exp2_004_exp2_table_objects_0317","video_relative_to_recording_start",rectangle,305,374,1919,1045,,,,"A037","Exp2_004","E3_SPATIAL_NONPROGRESSIVE",loading,,,,,1,TRUE,7900.000,7950.000,534.353455,534.403442,1920,1046,"ObjectSlot1-4",1,1,"video_relative_to_screen_recording_start",75.060127,459293.344,459343.312,1,75.060127,"1781613114174","../../../../../../Project/UE5/Gallery/Saved/ScreenRecordings/A037_v2_20260616_203154_screen.mkv",459293.344,459343.312,459318.312,"1781613573466","1781613573516","2026-06-16T20:39:33.466+08:00","2026-06-16T20:39:33.516+08:00",526.453430,EXP2,"exp2_table",4,4,"1:1|2:2|3:3|4:4"
"exp2_target_object","实验二当前目标模型_头顶","Exp2_004_exp2_target_object_0318","video_relative_to_recording_start",rectangle,1754,374,1919,1045,,,,"A037","Exp2_004","E3_SPATIAL_NONPROGRESSIVE",loading,,,,,1,TRUE,7900.000,7950.000,534.353455,534.403442,1920,1046,"ObjectSlot4",1,1,"video_relative_to_screen_recording_start",75.060127,459293.344,459343.312,1,75.060127,"1781613114174","../../../../../../Project/UE5/Gallery/Saved/ScreenRecordings/A037_v2_20260616_203154_screen.mkv",459293.344,459343.312,459318.312,"1781613573466","1781613573516","2026-06-16T20:39:33.466+08:00","2026-06-16T20:39:33.516+08:00",526.453430,EXP2,"exp2_target",4,4,"1:1|2:2|3:3|4:4"
"exp2_table_objects","实验二桌面四模型总体区域","Exp2_004_exp2_table_objects_0319","video_relative_to_recording_start",rectangle,305,374,1919,1045,,,,"A037","Exp2_004","E3_SPATIAL_NONPROGRESSIVE",loading,,,,,1,TRUE,7950.000,8000.000,534.403442,534.453430,1920,1046,"ObjectSlot1-4",1,1,"video_relative_to_screen_recording_start",75.060127,459343.312,459393.312,1,75.060127,"1781613114174","../../../../../../Project/UE5/Gallery/Saved/ScreenRecordings/A037_v2_20260616_203154_screen.mkv",459343.312,459393.312,459368.312,"1781613573516","1781613573566","2026-06-16T20:39:33.516+08:00","2026-06-16T20:39:33.566+08:00",526.453430,EXP2,"exp2_table",4,4,"1:1|2:2|3:3|4:4"
"exp2_target_object","实验二当前目标模型_头顶","Exp2_004_exp2_target_object_0320","video_relative_to_recording_start",rectangle,1754,374,1919,1045,,,,"A037","Exp2_004","E3_SPATIAL_NONPROGRESSIVE",loading,,,,,1,TRUE,7950.000,8000.000,534.403442,534.453430,1920,1046,"ObjectSlot4",1,1,"video_relative_to_screen_recording_start",75.060127,459343.312,459393.312,1,75.060127,"1781613114174","../../../../../../Project/UE5/Gallery/Saved/ScreenRecordings/A037_v2_20260616_203154_screen.mkv",459343.312,459393.312,459368.312,"1781613573516","1781613573566","2026-06-16T20:39:33.516+08:00","2026-06-16T20:39:33.566+08:00",526.453430,EXP2,"exp2_target",4,4,"1:1|2:2|3:3|4:4"
"exp2_table_objects","实验二桌面四模型总体区域","Exp2_004_exp2_table_objects_0321","video_relative_to_recording_start",rectangle,185,428,1919,1045,,,,"A037","Exp2_004","E3_SPATIAL_NONPROGRESSIVE",loading,,,,,1,TRUE,8000.000,8050.000,534.453430,534.503418,1920,1046,"ObjectSlot1-4",1,1,"video_relative_to_screen_recording_start",75.060127,459393.312,459443.312,1,75.060127,"1781613114174","../../../../../../Project/UE5/Gallery/Saved/ScreenRecordings/A037_v2_20260616_203154_screen.mkv",459393.312,459443.312,459418.312,"1781613573566","1781613573616","2026-06-16T20:39:33.566+08:00","2026-06-16T20:39:33.616+08:00",526.453430,EXP2,"exp2_table",4,4,"1:1|2:2|3:3|4:4"
"exp2_target_object","实验二当前目标模型_头顶","Exp2_004_exp2_target_object_0322","video_relative_to_recording_start",rectangle,1636,428,1919,1045,,,,"A037","Exp2_004","E3_SPATIAL_NONPROGRESSIVE",loading,,,,,1,TRUE,8000.000,8050.000,534.453430,534.503418,1920,1046,"ObjectSlot4",1,1,"video_relative_to_screen_recording_start",75.060127,459393.312,459443.312,1,75.060127,"1781613114174","../../../../../../Project/UE5/Gallery/Saved/ScreenRecordings/A037_v2_20260616_203154_screen.mkv",459393.312,459443.312,459418.312,"1781613573566","1781613573616","2026-06-16T20:39:33.566+08:00","2026-06-16T20:39:33.616+08:00",526.453430,EXP2,"exp2_target",4,4,"1:1|2:2|3:3|4:4"
"exp2_table_objects","实验二桌面四模型总体区域","Exp2_004_exp2_table_objects_0323","video_relative_to_recording_start",rectangle,185,428,1919,1045,,,,"A037","Exp2_004","E3_SPATIAL_NONPROGRESSIVE",loading,,,,,1,TRUE,8050.000,8100.000,534.503418,534.553406,1920,1046,"ObjectSlot1-4",1,1,"video_relative_to_screen_recording_start",75.060127,459443.312,459493.281,1,75.060127,"1781613114174","../../../../../../Project/UE5/Gallery/Saved/ScreenRecordings/A037_v2_20260616_203154_screen.mkv",459443.312,459493.281,459468.312,"1781613573616","1781613573666","2026-06-16T20:39:33.616+08:00","2026-06-16T20:39:33.666+08:00",526.453430,EXP2,"exp2_table",4,4,"1:1|2:2|3:3|4:4"
"exp2_target_object","实验二当前目标模型_头顶","Exp2_004_exp2_target_object_0324","video_relative_to_recording_start",rectangle,1636,428,1919,1045,,,,"A037","Exp2_004","E3_SPATIAL_NONPROGRESSIVE",loading,,,,,1,TRUE,8050.000,8100.000,534.503418,534.553406,1920,1046,"ObjectSlot4",1,1,"video_relative_to_screen_recording_start",75.060127,459443.312,459493.281,1,75.060127,"1781613114174","../../../../../../Project/UE5/Gallery/Saved/ScreenRecordings/A037_v2_20260616_203154_screen.mkv",459443.312,459493.281,459468.312,"1781613573616","1781613573666","2026-06-16T20:39:33.616+08:00","2026-06-16T20:39:33.666+08:00",526.453430,EXP2,"exp2_target",4,4,"1:1|2:2|3:3|4:4"
"exp2_table_objects","实验二桌面四模型总体区域","Exp2_004_exp2_table_objects_0325","video_relative_to_recording_start",rectangle,0,465,1919,1045,,,,"A037","Exp2_004","E3_SPATIAL_NONPROGRESSIVE",loading,,,,,1,TRUE,8100.000,8150.000,534.553406,534.603455,1920,1046,"ObjectSlot1-4",1,1,"video_relative_to_screen_recording_start",75.060127,459493.281,459543.344,1,75.060127,"1781613114174","../../../../../../Project/UE5/Gallery/Saved/ScreenRecordings/A037_v2_20260616_203154_screen.mkv",459493.281,459543.344,459518.312,"1781613573666","1781613573716","2026-06-16T20:39:33.666+08:00","2026-06-16T20:39:33.716+08:00",526.453430,EXP2,"exp2_table",4,4,"1:1|2:2|3:3|4:4"
"exp2_target_object","实验二当前目标模型_头顶","Exp2_004_exp2_target_object_0326","video_relative_to_recording_start",rectangle,1398,465,1919,1045,,,,"A037","Exp2_004","E3_SPATIAL_NONPROGRESSIVE",loading,,,,,1,TRUE,8100.000,8150.000,534.553406,534.603455,1920,1046,"ObjectSlot4",1,1,"video_relative_to_screen_recording_start",75.060127,459493.281,459543.344,1,75.060127,"1781613114174","../../../../../../Project/UE5/Gallery/Saved/ScreenRecordings/A037_v2_20260616_203154_screen.mkv",459493.281,459543.344,459518.312,"1781613573666","1781613573716","2026-06-16T20:39:33.666+08:00","2026-06-16T20:39:33.716+08:00",526.453430,EXP2,"exp2_target",4,4,"1:1|2:2|3:3|4:4"
"exp2_table_objects","实验二桌面四模型总体区域","Exp2_004_exp2_table_objects_0327","video_relative_to_recording_start",rectangle,0,454,1919,1045,,,,"A037","Exp2_004","E3_SPATIAL_NONPROGRESSIVE",loading,,,,,1,TRUE,8150.000,8200.000,534.603455,534.653442,1920,1046,"ObjectSlot1-4",1,1,"video_relative_to_screen_recording_start",75.060127,459543.344,459593.312,1,75.060127,"1781613114174","../../../../../../Project/UE5/Gallery/Saved/ScreenRecordings/A037_v2_20260616_203154_screen.mkv",459543.344,459593.312,459568.312,"1781613573716","1781613573766","2026-06-16T20:39:33.716+08:00","2026-06-16T20:39:33.766+08:00",526.453430,EXP2,"exp2_table",4,4,"1:1|2:2|3:3|4:4"
"exp2_target_object","实验二当前目标模型_头顶","Exp2_004_exp2_target_object_0328","video_relative_to_recording_start",rectangle,1170,468,1919,1045,,,,"A037","Exp2_004","E3_SPATIAL_NONPROGRESSIVE",loading,,,,,1,TRUE,8150.000,8200.000,534.603455,534.653442,1920,1046,"ObjectSlot4",1,1,"video_relative_to_screen_recording_start",75.060127,459543.344,459593.312,1,75.060127,"1781613114174","../../../../../../Project/UE5/Gallery/Saved/ScreenRecordings/A037_v2_20260616_203154_screen.mkv",459543.344,459593.312,459568.312,"1781613573716","1781613573766","2026-06-16T20:39:33.716+08:00","2026-06-16T20:39:33.766+08:00",526.453430,EXP2,"exp2_target",4,4,"1:1|2:2|3:3|4:4"
"exp2_table_objects","实验二桌面四模型总体区域","Exp2_004_exp2_table_objects_0329","video_relative_to_recording_start",rectangle,0,396,1919,1045,,,,"A037","Exp2_004","E3_SPATIAL_NONPROGRESSIVE",loading,,,,,1,TRUE,8200.000,8250.000,534.653442,534.703430,1920,1046,"ObjectSlot1-4",1,1,"video_relative_to_screen_recording_start",75.060127,459593.312,459643.312,1,75.060127,"1781613114174","../../../../../../Project/UE5/Gallery/Saved/ScreenRecordings/A037_v2_20260616_203154_screen.mkv",459593.312,459643.312,459618.312,"1781613573766","1781613573816","2026-06-16T20:39:33.766+08:00","2026-06-16T20:39:33.816+08:00",526.453430,EXP2,"exp2_table",4,4,"1:1|2:2|3:3|4:4"
"exp2_target_object","实验二当前目标模型_头顶","Exp2_004_exp2_target_object_0330","video_relative_to_recording_start",rectangle,1020,446,1919,1045,,,,"A037","Exp2_004","E3_SPATIAL_NONPROGRESSIVE",loading,,,,,1,TRUE,8200.000,8250.000,534.653442,534.703430,1920,1046,"ObjectSlot4",1,1,"video_relative_to_screen_recording_start",75.060127,459593.312,459643.312,1,75.060127,"1781613114174","../../../../../../Project/UE5/Gallery/Saved/ScreenRecordings/A037_v2_20260616_203154_screen.mkv",459593.312,459643.312,459618.312,"1781613573766","1781613573816","2026-06-16T20:39:33.766+08:00","2026-06-16T20:39:33.816+08:00",526.453430,EXP2,"exp2_target",4,4,"1:1|2:2|3:3|4:4"
"exp2_table_objects","实验二桌面四模型总体区域","Exp2_004_exp2_table_objects_0331","video_relative_to_recording_start",rectangle,0,396,1919,1045,,,,"A037","Exp2_004","E3_SPATIAL_NONPROGRESSIVE",loading,,,,,1,TRUE,8250.000,8300.000,534.703430,534.753418,1920,1046,"ObjectSlot1-4",1,1,"video_relative_to_screen_recording_start",75.060127,459643.312,459693.312,1,75.060127,"1781613114174","../../../../../../Project/UE5/Gallery/Saved/ScreenRecordings/A037_v2_20260616_203154_screen.mkv",459643.312,459693.312,459668.312,"1781613573816","1781613573866","2026-06-16T20:39:33.816+08:00","2026-06-16T20:39:33.866+08:00",526.453430,EXP2,"exp2_table",4,4,"1:1|2:2|3:3|4:4"
"exp2_target_object","实验二当前目标模型_头顶","Exp2_004_exp2_target_object_0332","video_relative_to_recording_start",rectangle,1020,446,1919,1045,,,,"A037","Exp2_004","E3_SPATIAL_NONPROGRESSIVE",loading,,,,,1,TRUE,8250.000,8300.000,534.703430,534.753418,1920,1046,"ObjectSlot4",1,1,"video_relative_to_screen_recording_start",75.060127,459643.312,459693.312,1,75.060127,"1781613114174","../../../../../../Project/UE5/Gallery/Saved/ScreenRecordings/A037_v2_20260616_203154_screen.mkv",459643.312,459693.312,459668.312,"1781613573816","1781613573866","2026-06-16T20:39:33.816+08:00","2026-06-16T20:39:33.866+08:00",526.453430,EXP2,"exp2_target",4,4,"1:1|2:2|3:3|4:4"
"exp2_table_objects","实验二桌面四模型总体区域","Exp2_004_exp2_table_objects_0333","video_relative_to_recording_start",rectangle,0,351,1817,1045,,,,"A037","Exp2_004","E3_SPATIAL_NONPROGRESSIVE",loading,,,,,1,TRUE,8300.000,8350.000,534.753418,534.803406,1920,1046,"ObjectSlot1-4",1,1,"video_relative_to_screen_recording_start",75.060127,459693.312,459743.281,1,75.060127,"1781613114174","../../../../../../Project/UE5/Gallery/Saved/ScreenRecordings/A037_v2_20260616_203154_screen.mkv",459693.312,459743.281,459718.312,"1781613573866","1781613573916","2026-06-16T20:39:33.866+08:00","2026-06-16T20:39:33.916+08:00",526.453430,EXP2,"exp2_table",4,4,"1:1|2:2|3:3|4:4"
"exp2_target_object","实验二当前目标模型_头顶","Exp2_004_exp2_target_object_0334","video_relative_to_recording_start",rectangle,943,427,1817,1045,,,,"A037","Exp2_004","E3_SPATIAL_NONPROGRESSIVE",loading,,,,,1,TRUE,8300.000,8350.000,534.753418,534.803406,1920,1046,"ObjectSlot4",1,1,"video_relative_to_screen_recording_start",75.060127,459693.312,459743.281,1,75.060127,"1781613114174","../../../../../../Project/UE5/Gallery/Saved/ScreenRecordings/A037_v2_20260616_203154_screen.mkv",459693.312,459743.281,459718.312,"1781613573866","1781613573916","2026-06-16T20:39:33.866+08:00","2026-06-16T20:39:33.916+08:00",526.453430,EXP2,"exp2_target",4,4,"1:1|2:2|3:3|4:4"
"exp2_table_objects","实验二桌面四模型总体区域","Exp2_004_exp2_table_objects_0335","video_relative_to_recording_start",rectangle,0,260,1658,1045,,,,"A037","Exp2_004","E3_SPATIAL_NONPROGRESSIVE",loading,,,,,1,TRUE,8350.000,8400.000,534.803406,534.853455,1920,1046,"ObjectSlot1-4",1,1,"video_relative_to_screen_recording_start",75.060127,459743.281,459793.344,1,75.060127,"1781613114174","../../../../../../Project/UE5/Gallery/Saved/ScreenRecordings/A037_v2_20260616_203154_screen.mkv",459743.281,459793.344,459768.312,"1781613573916","1781613573966","2026-06-16T20:39:33.916+08:00","2026-06-16T20:39:33.966+08:00",526.453430,EXP2,"exp2_table",4,4,"1:1|2:2|3:3|4:4"
"exp2_target_object","实验二当前目标模型_头顶","Exp2_004_exp2_target_object_0336","video_relative_to_recording_start",rectangle,837,392,1658,1045,,,,"A037","Exp2_004","E3_SPATIAL_NONPROGRESSIVE",loading,,,,,1,TRUE,8350.000,8400.000,534.803406,534.853455,1920,1046,"ObjectSlot4",1,1,"video_relative_to_screen_recording_start",75.060127,459743.281,459793.344,1,75.060127,"1781613114174","../../../../../../Project/UE5/Gallery/Saved/ScreenRecordings/A037_v2_20260616_203154_screen.mkv",459743.281,459793.344,459768.312,"1781613573916","1781613573966","2026-06-16T20:39:33.916+08:00","2026-06-16T20:39:33.966+08:00",526.453430,EXP2,"exp2_target",4,4,"1:1|2:2|3:3|4:4"
"exp2_table_objects","实验二桌面四模型总体区域","Exp2_004_exp2_table_objects_0337","video_relative_to_recording_start",rectangle,0,260,1658,1045,,,,"A037","Exp2_004","E3_SPATIAL_NONPROGRESSIVE",loading,,,,,1,TRUE,8400.000,8450.000,534.853455,534.903442,1920,1046,"ObjectSlot1-4",1,1,"video_relative_to_screen_recording_start",75.060127,459793.344,459843.312,1,75.060127,"1781613114174","../../../../../../Project/UE5/Gallery/Saved/ScreenRecordings/A037_v2_20260616_203154_screen.mkv",459793.344,459843.312,459818.312,"1781613573966","1781613574016","2026-06-16T20:39:33.966+08:00","2026-06-16T20:39:34.016+08:00",526.453430,EXP2,"exp2_table",4,4,"1:1|2:2|3:3|4:4"
"exp2_target_object","实验二当前目标模型_头顶","Exp2_004_exp2_target_object_0338","video_relative_to_recording_start",rectangle,837,392,1658,1045,,,,"A037","Exp2_004","E3_SPATIAL_NONPROGRESSIVE",loading,,,,,1,TRUE,8400.000,8450.000,534.853455,534.903442,1920,1046,"ObjectSlot4",1,1,"video_relative_to_screen_recording_start",75.060127,459793.344,459843.312,1,75.060127,"1781613114174","../../../../../../Project/UE5/Gallery/Saved/ScreenRecordings/A037_v2_20260616_203154_screen.mkv",459793.344,459843.312,459818.312,"1781613573966","1781613574016","2026-06-16T20:39:33.966+08:00","2026-06-16T20:39:34.016+08:00",526.453430,EXP2,"exp2_target",4,4,"1:1|2:2|3:3|4:4"
"exp2_table_objects","实验二桌面四模型总体区域","Exp2_004_exp2_table_objects_0339","video_relative_to_recording_start",rectangle,0,75,1494,1045,,,,"A037","Exp2_004","E3_SPATIAL_NONPROGRESSIVE",loading,,,,,1,TRUE,8450.000,8500.000,534.903442,534.953430,1920,1046,"ObjectSlot1-4",1,1,"video_relative_to_screen_recording_start",75.060127,459843.312,459893.312,1,75.060127,"1781613114174","../../../../../../Project/UE5/Gallery/Saved/ScreenRecordings/A037_v2_20260616_203154_screen.mkv",459843.312,459893.312,459868.312,"1781613574016","1781613574066","2026-06-16T20:39:34.016+08:00","2026-06-16T20:39:34.066+08:00",526.453430,EXP2,"exp2_table",4,4,"1:1|2:2|3:3|4:4"
"exp2_target_object","实验二当前目标模型_头顶","Exp2_004_exp2_target_object_0340","video_relative_to_recording_start",rectangle,705,350,1494,1045,,,,"A037","Exp2_004","E3_SPATIAL_NONPROGRESSIVE",loading,,,,,1,TRUE,8450.000,8500.000,534.903442,534.953430,1920,1046,"ObjectSlot4",1,1,"video_relative_to_screen_recording_start",75.060127,459843.312,459893.312,1,75.060127,"1781613114174","../../../../../../Project/UE5/Gallery/Saved/ScreenRecordings/A037_v2_20260616_203154_screen.mkv",459843.312,459893.312,459868.312,"1781613574016","1781613574066","2026-06-16T20:39:34.016+08:00","2026-06-16T20:39:34.066+08:00",526.453430,EXP2,"exp2_target",4,4,"1:1|2:2|3:3|4:4"
"exp2_table_objects","实验二桌面四模型总体区域","Exp2_004_exp2_table_objects_0341","video_relative_to_recording_start",rectangle,0,0,1387,1045,,,,"A037","Exp2_004","E3_SPATIAL_NONPROGRESSIVE",loading,,,,,1,TRUE,8500.000,8550.000,534.953430,535.003418,1920,1046,"ObjectSlot1-4",1,1,"video_relative_to_screen_recording_start",75.060127,459893.312,459943.312,1,75.060127,"1781613114174","../../../../../../Project/UE5/Gallery/Saved/ScreenRecordings/A037_v2_20260616_203154_screen.mkv",459893.312,459943.312,459918.312,"1781613574066","1781613574116","2026-06-16T20:39:34.066+08:00","2026-06-16T20:39:34.116+08:00",526.453430,EXP2,"exp2_table",4,4,"1:1|2:2|3:3|4:4"
"exp2_target_object","实验二当前目标模型_头顶","Exp2_004_exp2_target_object_0342","video_relative_to_recording_start",rectangle,602,304,1387,1020,,,,"A037","Exp2_004","E3_SPATIAL_NONPROGRESSIVE",loading,,,,,1,TRUE,8500.000,8550.000,534.953430,535.003418,1920,1046,"ObjectSlot4",1,0,"video_relative_to_screen_recording_start",75.060127,459893.312,459943.312,1,75.060127,"1781613114174","../../../../../../Project/UE5/Gallery/Saved/ScreenRecordings/A037_v2_20260616_203154_screen.mkv",459893.312,459943.312,459918.312,"1781613574066","1781613574116","2026-06-16T20:39:34.066+08:00","2026-06-16T20:39:34.116+08:00",526.453430,EXP2,"exp2_target",4,4,"1:1|2:2|3:3|4:4"
"exp2_table_objects","实验二桌面四模型总体区域","Exp2_004_exp2_table_objects_0343","video_relative_to_recording_start",rectangle,0,0,1344,1045,,,,"A037","Exp2_004","E3_SPATIAL_NONPROGRESSIVE",loading,,,,,1,TRUE,8550.000,8600.000,535.003418,535.053406,1920,1046,"ObjectSlot1-4",1,1,"video_relative_to_screen_recording_start",75.060127,459943.312,459993.281,1,75.060127,"1781613114174","../../../../../../Project/UE5/Gallery/Saved/ScreenRecordings/A037_v2_20260616_203154_screen.mkv",459943.312,459993.281,459968.312,"1781613574116","1781613574166","2026-06-16T20:39:34.116+08:00","2026-06-16T20:39:34.166+08:00",526.453430,EXP2,"exp2_table",4,4,"1:1|2:2|3:3|4:4"
"exp2_target_object","实验二当前目标模型_头顶","Exp2_004_exp2_target_object_0344","video_relative_to_recording_start",rectangle,558,285,1344,1003,,,,"A037","Exp2_004","E3_SPATIAL_NONPROGRESSIVE",loading,,,,,1,TRUE,8550.000,8600.000,535.003418,535.053406,1920,1046,"ObjectSlot4",1,0,"video_relative_to_screen_recording_start",75.060127,459943.312,459993.281,1,75.060127,"1781613114174","../../../../../../Project/UE5/Gallery/Saved/ScreenRecordings/A037_v2_20260616_203154_screen.mkv",459943.312,459993.281,459968.312,"1781613574116","1781613574166","2026-06-16T20:39:34.116+08:00","2026-06-16T20:39:34.166+08:00",526.453430,EXP2,"exp2_target",4,4,"1:1|2:2|3:3|4:4"
"exp2_table_objects","实验二桌面四模型总体区域","Exp2_004_exp2_table_objects_0345","video_relative_to_recording_start",rectangle,0,150,1285,1045,,,,"A037","Exp2_004","E3_SPATIAL_NONPROGRESSIVE",loading,,,,,1,TRUE,8600.000,8650.000,535.053406,535.103455,1920,1046,"ObjectSlot1-4",1,1,"video_relative_to_screen_recording_start",75.060127,459993.281,460043.344,1,75.060127,"1781613114174","../../../../../../Project/UE5/Gallery/Saved/ScreenRecordings/A037_v2_20260616_203154_screen.mkv",459993.281,460043.344,460018.312,"1781613574166","1781613574216","2026-06-16T20:39:34.166+08:00","2026-06-16T20:39:34.216+08:00",526.453430,EXP2,"exp2_table",4,4,"1:1|2:2|3:3|4:4"
"exp2_target_object","实验二当前目标模型_头顶","Exp2_004_exp2_target_object_0346","video_relative_to_recording_start",rectangle,493,262,1285,984,,,,"A037","Exp2_004","E3_SPATIAL_NONPROGRESSIVE",loading,,,,,1,TRUE,8600.000,8650.000,535.053406,535.103455,1920,1046,"ObjectSlot4",1,0,"video_relative_to_screen_recording_start",75.060127,459993.281,460043.344,1,75.060127,"1781613114174","../../../../../../Project/UE5/Gallery/Saved/ScreenRecordings/A037_v2_20260616_203154_screen.mkv",459993.281,460043.344,460018.312,"1781613574166","1781613574216","2026-06-16T20:39:34.166+08:00","2026-06-16T20:39:34.216+08:00",526.453430,EXP2,"exp2_target",4,4,"1:1|2:2|3:3|4:4"
"exp2_table_objects","实验二桌面四模型总体区域","Exp2_004_exp2_table_objects_0347","video_relative_to_recording_start",rectangle,0,150,1285,1045,,,,"A037","Exp2_004","E3_SPATIAL_NONPROGRESSIVE",loading,,,,,1,TRUE,8650.000,8700.000,535.103455,535.153442,1920,1046,"ObjectSlot1-4",1,1,"video_relative_to_screen_recording_start",75.060127,460043.344,460093.312,1,75.060127,"1781613114174","../../../../../../Project/UE5/Gallery/Saved/ScreenRecordings/A037_v2_20260616_203154_screen.mkv",460043.344,460093.312,460068.312,"1781613574216","1781613574266","2026-06-16T20:39:34.216+08:00","2026-06-16T20:39:34.266+08:00",526.453430,EXP2,"exp2_table",4,4,"1:1|2:2|3:3|4:4"
"exp2_target_object","实验二当前目标模型_头顶","Exp2_004_exp2_target_object_0348","video_relative_to_recording_start",rectangle,493,262,1285,984,,,,"A037","Exp2_004","E3_SPATIAL_NONPROGRESSIVE",loading,,,,,1,TRUE,8650.000,8700.000,535.103455,535.153442,1920,1046,"ObjectSlot4",1,0,"video_relative_to_screen_recording_start",75.060127,460043.344,460093.312,1,75.060127,"1781613114174","../../../../../../Project/UE5/Gallery/Saved/ScreenRecordings/A037_v2_20260616_203154_screen.mkv",460043.344,460093.312,460068.312,"1781613574216","1781613574266","2026-06-16T20:39:34.216+08:00","2026-06-16T20:39:34.266+08:00",526.453430,EXP2,"exp2_target",4,4,"1:1|2:2|3:3|4:4"
"exp2_table_objects","实验二桌面四模型总体区域","Exp2_004_exp2_table_objects_0349","video_relative_to_recording_start",rectangle,0,85,1221,1045,,,,"A037","Exp2_004","E3_SPATIAL_NONPROGRESSIVE",loading,,,,,1,TRUE,8700.000,8750.000,535.153442,535.203430,1920,1046,"ObjectSlot1-4",1,1,"video_relative_to_screen_recording_start",75.060127,460093.312,460143.312,1,75.060127,"1781613114174","../../../../../../Project/UE5/Gallery/Saved/ScreenRecordings/A037_v2_20260616_203154_screen.mkv",460093.312,460143.312,460118.312,"1781613574266","1781613574316","2026-06-16T20:39:34.266+08:00","2026-06-16T20:39:34.316+08:00",526.453430,EXP2,"exp2_table",4,4,"1:1|2:2|3:3|4:4"
"exp2_target_object","实验二当前目标模型_头顶","Exp2_004_exp2_target_object_0350","video_relative_to_recording_start",rectangle,417,236,1221,966,,,,"A037","Exp2_004","E3_SPATIAL_NONPROGRESSIVE",loading,,,,,1,TRUE,8700.000,8750.000,535.153442,535.203430,1920,1046,"ObjectSlot4",1,0,"video_relative_to_screen_recording_start",75.060127,460093.312,460143.312,1,75.060127,"1781613114174","../../../../../../Project/UE5/Gallery/Saved/ScreenRecordings/A037_v2_20260616_203154_screen.mkv",460093.312,460143.312,460118.312,"1781613574266","1781613574316","2026-06-16T20:39:34.266+08:00","2026-06-16T20:39:34.316+08:00",526.453430,EXP2,"exp2_target",4,4,"1:1|2:2|3:3|4:4"
"exp2_table_objects","实验二桌面四模型总体区域","Exp2_004_exp2_table_objects_0351","video_relative_to_recording_start",rectangle,0,0,1145,1045,,,,"A037","Exp2_004","E3_SPATIAL_NONPROGRESSIVE",loading,,,,,1,TRUE,8750.000,8800.000,535.203430,535.253418,1920,1046,"ObjectSlot1-4",1,1,"video_relative_to_screen_recording_start",75.060127,460143.312,460193.312,1,75.060127,"1781613114174","../../../../../../Project/UE5/Gallery/Saved/ScreenRecordings/A037_v2_20260616_203154_screen.mkv",460143.312,460193.312,460168.312,"1781613574316","1781613574366","2026-06-16T20:39:34.316+08:00","2026-06-16T20:39:34.366+08:00",526.453430,EXP2,"exp2_table",4,4,"1:1|2:2|3:3|4:4"
"exp2_target_object","实验二当前目标模型_头顶","Exp2_004_exp2_target_object_0352","video_relative_to_recording_start",rectangle,318,205,1145,948,,,,"A037","Exp2_004","E3_SPATIAL_NONPROGRESSIVE",loading,,,,,1,TRUE,8750.000,8800.000,535.203430,535.253418,1920,1046,"ObjectSlot4",1,0,"video_relative_to_screen_recording_start",75.060127,460143.312,460193.312,1,75.060127,"1781613114174","../../../../../../Project/UE5/Gallery/Saved/ScreenRecordings/A037_v2_20260616_203154_screen.mkv",460143.312,460193.312,460168.312,"1781613574316","1781613574366","2026-06-16T20:39:34.316+08:00","2026-06-16T20:39:34.366+08:00",526.453430,EXP2,"exp2_target",4,4,"1:1|2:2|3:3|4:4"
"exp2_table_objects","实验二桌面四模型总体区域","Exp2_004_exp2_table_objects_0353","video_relative_to_recording_start",rectangle,0,0,1077,1045,,,,"A037","Exp2_004","E3_SPATIAL_NONPROGRESSIVE",loading,,,,,1,TRUE,8800.000,8850.000,535.253418,535.303406,1920,1046,"ObjectSlot1-4",1,1,"video_relative_to_screen_recording_start",75.060127,460193.312,460243.281,1,75.060127,"1781613114174","../../../../../../Project/UE5/Gallery/Saved/ScreenRecordings/A037_v2_20260616_203154_screen.mkv",460193.312,460243.281,460218.312,"1781613574366","1781613574416","2026-06-16T20:39:34.366+08:00","2026-06-16T20:39:34.416+08:00",526.453430,EXP2,"exp2_table",4,4,"1:1|2:2|3:3|4:4"
"exp2_target_object","实验二当前目标模型_头顶","Exp2_004_exp2_target_object_0354","video_relative_to_recording_start",rectangle,219,170,1077,928,,,,"A037","Exp2_004","E3_SPATIAL_NONPROGRESSIVE",loading,,,,,1,TRUE,8800.000,8850.000,535.253418,535.303406,1920,1046,"ObjectSlot4",1,0,"video_relative_to_screen_recording_start",75.060127,460193.312,460243.281,1,75.060127,"1781613114174","../../../../../../Project/UE5/Gallery/Saved/ScreenRecordings/A037_v2_20260616_203154_screen.mkv",460193.312,460243.281,460218.312,"1781613574366","1781613574416","2026-06-16T20:39:34.366+08:00","2026-06-16T20:39:34.416+08:00",526.453430,EXP2,"exp2_target",4,4,"1:1|2:2|3:3|4:4"
"exp2_table_objects","实验二桌面四模型总体区域","Exp2_004_exp2_table_objects_0355","video_relative_to_recording_start",rectangle,0,0,1077,1045,,,,"A037","Exp2_004","E3_SPATIAL_NONPROGRESSIVE",loading,,,,,1,TRUE,8850.000,8900.000,535.303406,535.353455,1920,1046,"ObjectSlot1-4",1,1,"video_relative_to_screen_recording_start",75.060127,460243.281,460293.344,1,75.060127,"1781613114174","../../../../../../Project/UE5/Gallery/Saved/ScreenRecordings/A037_v2_20260616_203154_screen.mkv",460243.281,460293.344,460268.312,"1781613574416","1781613574466","2026-06-16T20:39:34.416+08:00","2026-06-16T20:39:34.466+08:00",526.453430,EXP2,"exp2_table",4,4,"1:1|2:2|3:3|4:4"
"exp2_target_object","实验二当前目标模型_头顶","Exp2_004_exp2_target_object_0356","video_relative_to_recording_start",rectangle,219,170,1077,928,,,,"A037","Exp2_004","E3_SPATIAL_NONPROGRESSIVE",loading,,,,,1,TRUE,8850.000,8900.000,535.303406,535.353455,1920,1046,"ObjectSlot4",1,0,"video_relative_to_screen_recording_start",75.060127,460243.281,460293.344,1,75.060127,"1781613114174","../../../../../../Project/UE5/Gallery/Saved/ScreenRecordings/A037_v2_20260616_203154_screen.mkv",460243.281,460293.344,460268.312,"1781613574416","1781613574466","2026-06-16T20:39:34.416+08:00","2026-06-16T20:39:34.466+08:00",526.453430,EXP2,"exp2_target",4,4,"1:1|2:2|3:3|4:4"
"exp2_table_objects","实验二桌面四模型总体区域","Exp2_004_exp2_table_objects_0357","video_relative_to_recording_start",rectangle,0,0,1039,1045,,,,"A037","Exp2_004","E3_SPATIAL_NONPROGRESSIVE",loading,,,,,1,TRUE,8900.000,8950.000,535.353455,535.403442,1920,1046,"ObjectSlot1-4",1,1,"video_relative_to_screen_recording_start",75.060127,460293.344,460343.312,1,75.060127,"1781613114174","../../../../../../Project/UE5/Gallery/Saved/ScreenRecordings/A037_v2_20260616_203154_screen.mkv",460293.344,460343.312,460318.312,"1781613574466","1781613574516","2026-06-16T20:39:34.466+08:00","2026-06-16T20:39:34.516+08:00",526.453430,EXP2,"exp2_table",4,4,"1:1|2:2|3:3|4:4"
"exp2_target_object","实验二当前目标模型_头顶","Exp2_004_exp2_target_object_0358","video_relative_to_recording_start",rectangle,158,145,1039,912,,,,"A037","Exp2_004","E3_SPATIAL_NONPROGRESSIVE",loading,,,,,1,TRUE,8900.000,8950.000,535.353455,535.403442,1920,1046,"ObjectSlot4",1,0,"video_relative_to_screen_recording_start",75.060127,460293.344,460343.312,1,75.060127,"1781613114174","../../../../../../Project/UE5/Gallery/Saved/ScreenRecordings/A037_v2_20260616_203154_screen.mkv",460293.344,460343.312,460318.312,"1781613574466","1781613574516","2026-06-16T20:39:34.466+08:00","2026-06-16T20:39:34.516+08:00",526.453430,EXP2,"exp2_target",4,4,"1:1|2:2|3:3|4:4"
"exp2_table_objects","实验二桌面四模型总体区域","Exp2_004_exp2_table_objects_0359","video_relative_to_recording_start",rectangle,0,118,1012,897,,,,"A037","Exp2_004","E3_SPATIAL_NONPROGRESSIVE",loading,,,,,1,TRUE,8950.000,9000.000,535.403442,535.453430,1920,1046,"ObjectSlot1-4",1,1,"video_relative_to_screen_recording_start",75.060127,460343.312,460393.312,1,75.060127,"1781613114174","../../../../../../Project/UE5/Gallery/Saved/ScreenRecordings/A037_v2_20260616_203154_screen.mkv",460343.312,460393.312,460368.312,"1781613574516","1781613574566","2026-06-16T20:39:34.516+08:00","2026-06-16T20:39:34.566+08:00",526.453430,EXP2,"exp2_table",4,4,"1:1|2:2|3:3|4:4"
"exp2_target_object","实验二当前目标模型_头顶","Exp2_004_exp2_target_object_0360","video_relative_to_recording_start",rectangle,112,122,1012,897,,,,"A037","Exp2_004","E3_SPATIAL_NONPROGRESSIVE",loading,,,,,1,TRUE,8950.000,9000.000,535.403442,535.453430,1920,1046,"ObjectSlot4",1,0,"video_relative_to_screen_recording_start",75.060127,460343.312,460393.312,1,75.060127,"1781613114174","../../../../../../Project/UE5/Gallery/Saved/ScreenRecordings/A037_v2_20260616_203154_screen.mkv",460343.312,460393.312,460368.312,"1781613574516","1781613574566","2026-06-16T20:39:34.516+08:00","2026-06-16T20:39:34.566+08:00",526.453430,EXP2,"exp2_target",4,4,"1:1|2:2|3:3|4:4"
"exp2_table_objects","实验二桌面四模型总体区域","Exp2_004_exp2_table_objects_0361","video_relative_to_recording_start",rectangle,0,118,1012,897,,,,"A037","Exp2_004","E3_SPATIAL_NONPROGRESSIVE",loading,,,,,1,TRUE,9000.000,9050.000,535.453430,535.503418,1920,1046,"ObjectSlot1-4",1,1,"video_relative_to_screen_recording_start",75.060127,460393.312,460443.312,1,75.060127,"1781613114174","../../../../../../Project/UE5/Gallery/Saved/ScreenRecordings/A037_v2_20260616_203154_screen.mkv",460393.312,460443.312,460418.312,"1781613574566","1781613574616","2026-06-16T20:39:34.566+08:00","2026-06-16T20:39:34.616+08:00",526.453430,EXP2,"exp2_table",4,4,"1:1|2:2|3:3|4:4"
"exp2_target_object","实验二当前目标模型_头顶","Exp2_004_exp2_target_object_0362","video_relative_to_recording_start",rectangle,112,122,1012,897,,,,"A037","Exp2_004","E3_SPATIAL_NONPROGRESSIVE",loading,,,,,1,TRUE,9000.000,9050.000,535.453430,535.503418,1920,1046,"ObjectSlot4",1,0,"video_relative_to_screen_recording_start",75.060127,460393.312,460443.312,1,75.060127,"1781613114174","../../../../../../Project/UE5/Gallery/Saved/ScreenRecordings/A037_v2_20260616_203154_screen.mkv",460393.312,460443.312,460418.312,"1781613574566","1781613574616","2026-06-16T20:39:34.566+08:00","2026-06-16T20:39:34.616+08:00",526.453430,EXP2,"exp2_target",4,4,"1:1|2:2|3:3|4:4"
"exp2_table_objects","实验二桌面四模型总体区域","Exp2_004_exp2_table_objects_0363","video_relative_to_recording_start",rectangle,0,108,995,895,,,,"A037","Exp2_004","E3_SPATIAL_NONPROGRESSIVE",loading,,,,,1,TRUE,9050.000,9100.000,535.503418,535.553406,1920,1046,"ObjectSlot1-4",1,1,"video_relative_to_screen_recording_start",75.060127,460443.312,460493.281,1,75.060127,"1781613114174","../../../../../../Project/UE5/Gallery/Saved/ScreenRecordings/A037_v2_20260616_203154_screen.mkv",460443.312,460493.281,460468.312,"1781613574616","1781613574666","2026-06-16T20:39:34.616+08:00","2026-06-16T20:39:34.666+08:00",526.453430,EXP2,"exp2_table",4,4,"1:1|2:2|3:3|4:4"
"exp2_target_object","实验二当前目标模型_头顶","Exp2_004_exp2_target_object_0364","video_relative_to_recording_start",rectangle,83,114,995,895,,,,"A037","Exp2_004","E3_SPATIAL_NONPROGRESSIVE",loading,,,,,1,TRUE,9050.000,9100.000,535.503418,535.553406,1920,1046,"ObjectSlot4",1,0,"video_relative_to_screen_recording_start",75.060127,460443.312,460493.281,1,75.060127,"1781613114174","../../../../../../Project/UE5/Gallery/Saved/ScreenRecordings/A037_v2_20260616_203154_screen.mkv",460443.312,460493.281,460468.312,"1781613574616","1781613574666","2026-06-16T20:39:34.616+08:00","2026-06-16T20:39:34.666+08:00",526.453430,EXP2,"exp2_target",4,4,"1:1|2:2|3:3|4:4"
"exp2_table_objects","实验二桌面四模型总体区域","Exp2_004_exp2_table_objects_0365","video_relative_to_recording_start",rectangle,0,108,995,895,,,,"A037","Exp2_004","E3_SPATIAL_NONPROGRESSIVE",loading,,,,,1,TRUE,9100.000,9150.000,535.553406,535.603455,1920,1046,"ObjectSlot1-4",1,1,"video_relative_to_screen_recording_start",75.060127,460493.281,460543.344,1,75.060127,"1781613114174","../../../../../../Project/UE5/Gallery/Saved/ScreenRecordings/A037_v2_20260616_203154_screen.mkv",460493.281,460543.344,460518.312,"1781613574666","1781613574716","2026-06-16T20:39:34.666+08:00","2026-06-16T20:39:34.716+08:00",526.453430,EXP2,"exp2_table",4,4,"1:1|2:2|3:3|4:4"
"exp2_target_object","实验二当前目标模型_头顶","Exp2_004_exp2_target_object_0366","video_relative_to_recording_start",rectangle,83,114,995,895,,,,"A037","Exp2_004","E3_SPATIAL_NONPROGRESSIVE",loading,,,,,1,TRUE,9100.000,9150.000,535.553406,535.603455,1920,1046,"ObjectSlot4",1,0,"video_relative_to_screen_recording_start",75.060127,460493.281,460543.344,1,75.060127,"1781613114174","../../../../../../Project/UE5/Gallery/Saved/ScreenRecordings/A037_v2_20260616_203154_screen.mkv",460493.281,460543.344,460518.312,"1781613574666","1781613574716","2026-06-16T20:39:34.666+08:00","2026-06-16T20:39:34.716+08:00",526.453430,EXP2,"exp2_target",4,4,"1:1|2:2|3:3|4:4"
"exp2_table_objects","实验二桌面四模型总体区域","Exp2_004_exp2_table_objects_0367","video_relative_to_recording_start",rectangle,0,108,995,895,,,,"A037","Exp2_004","E3_SPATIAL_NONPROGRESSIVE",loading,,,,,1,TRUE,9150.000,9200.000,535.603455,535.653442,1920,1046,"ObjectSlot1-4",1,1,"video_relative_to_screen_recording_start",75.060127,460543.344,460593.312,1,75.060127,"1781613114174","../../../../../../Project/UE5/Gallery/Saved/ScreenRecordings/A037_v2_20260616_203154_screen.mkv",460543.344,460593.312,460568.312,"1781613574716","1781613574766","2026-06-16T20:39:34.716+08:00","2026-06-16T20:39:34.766+08:00",526.453430,EXP2,"exp2_table",4,4,"1:1|2:2|3:3|4:4"
"exp2_target_object","实验二当前目标模型_头顶","Exp2_004_exp2_target_object_0368","video_relative_to_recording_start",rectangle,83,114,995,895,,,,"A037","Exp2_004","E3_SPATIAL_NONPROGRESSIVE",loading,,,,,1,TRUE,9150.000,9200.000,535.603455,535.653442,1920,1046,"ObjectSlot4",1,0,"video_relative_to_screen_recording_start",75.060127,460543.344,460593.312,1,75.060127,"1781613114174","../../../../../../Project/UE5/Gallery/Saved/ScreenRecordings/A037_v2_20260616_203154_screen.mkv",460543.344,460593.312,460568.312,"1781613574716","1781613574766","2026-06-16T20:39:34.716+08:00","2026-06-16T20:39:34.766+08:00",526.453430,EXP2,"exp2_target",4,4,"1:1|2:2|3:3|4:4"
"exp2_table_objects","实验二桌面四模型总体区域","Exp2_004_exp2_table_objects_0369","video_relative_to_recording_start",rectangle,0,110,1010,891,,,,"A037","Exp2_004","E3_SPATIAL_NONPROGRESSIVE",loading,,,,,1,TRUE,9200.000,9250.000,535.653442,535.703430,1920,1046,"ObjectSlot1-4",1,1,"video_relative_to_screen_recording_start",75.060127,460593.312,460643.312,1,75.060127,"1781613114174","../../../../../../Project/UE5/Gallery/Saved/ScreenRecordings/A037_v2_20260616_203154_screen.mkv",460593.312,460643.312,460618.312,"1781613574766","1781613574816","2026-06-16T20:39:34.766+08:00","2026-06-16T20:39:34.816+08:00",526.453430,EXP2,"exp2_table",4,4,"1:1|2:2|3:3|4:4"
"exp2_target_object","实验二当前目标模型_头顶","Exp2_004_exp2_target_object_0370","video_relative_to_recording_start",rectangle,107,115,1010,891,,,,"A037","Exp2_004","E3_SPATIAL_NONPROGRESSIVE",loading,,,,,1,TRUE,9200.000,9250.000,535.653442,535.703430,1920,1046,"ObjectSlot4",1,0,"video_relative_to_screen_recording_start",75.060127,460593.312,460643.312,1,75.060127,"1781613114174","../../../../../../Project/UE5/Gallery/Saved/ScreenRecordings/A037_v2_20260616_203154_screen.mkv",460593.312,460643.312,460618.312,"1781613574766","1781613574816","2026-06-16T20:39:34.766+08:00","2026-06-16T20:39:34.816+08:00",526.453430,EXP2,"exp2_target",4,4,"1:1|2:2|3:3|4:4"
"exp2_table_objects","实验二桌面四模型总体区域","Exp2_004_exp2_table_objects_0371","video_relative_to_recording_start",rectangle,0,110,1010,891,,,,"A037","Exp2_004","E3_SPATIAL_NONPROGRESSIVE",loading,,,,,1,TRUE,9250.000,9300.000,535.703430,535.753418,1920,1046,"ObjectSlot1-4",1,1,"video_relative_to_screen_recording_start",75.060127,460643.312,460693.312,1,75.060127,"1781613114174","../../../../../../Project/UE5/Gallery/Saved/ScreenRecordings/A037_v2_20260616_203154_screen.mkv",460643.312,460693.312,460668.312,"1781613574816","1781613574866","2026-06-16T20:39:34.816+08:00","2026-06-16T20:39:34.866+08:00",526.453430,EXP2,"exp2_table",4,4,"1:1|2:2|3:3|4:4"
"exp2_target_object","实验二当前目标模型_头顶","Exp2_004_exp2_target_object_0372","video_relative_to_recording_start",rectangle,107,115,1010,891,,,,"A037","Exp2_004","E3_SPATIAL_NONPROGRESSIVE",loading,,,,,1,TRUE,9250.000,9300.000,535.703430,535.753418,1920,1046,"ObjectSlot4",1,0,"video_relative_to_screen_recording_start",75.060127,460643.312,460693.312,1,75.060127,"1781613114174","../../../../../../Project/UE5/Gallery/Saved/ScreenRecordings/A037_v2_20260616_203154_screen.mkv",460643.312,460693.312,460668.312,"1781613574816","1781613574866","2026-06-16T20:39:34.816+08:00","2026-06-16T20:39:34.866+08:00",526.453430,EXP2,"exp2_target",4,4,"1:1|2:2|3:3|4:4"
"exp2_table_objects","实验二桌面四模型总体区域","Exp2_004_exp2_table_objects_0373","video_relative_to_recording_start",rectangle,0,0,1227,1045,,,,"A037","Exp2_004","E3_SPATIAL_NONPROGRESSIVE",loading,,,,,1,TRUE,9300.000,9350.000,535.753418,535.803406,1920,1046,"ObjectSlot1-4",1,1,"video_relative_to_screen_recording_start",75.060127,460693.312,460743.281,1,75.060127,"1781613114174","../../../../../../Project/UE5/Gallery/Saved/ScreenRecordings/A037_v2_20260616_203154_screen.mkv",460693.312,460743.281,460718.312,"1781613574866","1781613574916","2026-06-16T20:39:34.866+08:00","2026-06-16T20:39:34.916+08:00",526.453430,EXP2,"exp2_table",4,4,"1:1|2:2|3:3|4:4"
"exp2_target_object","实验二当前目标模型_头顶","Exp2_004_exp2_target_object_0374","video_relative_to_recording_start",rectangle,403,124,1227,851,,,,"A037","Exp2_004","E3_SPATIAL_NONPROGRESSIVE",loading,,,,,1,TRUE,9300.000,9350.000,535.753418,535.803406,1920,1046,"ObjectSlot4",1,0,"video_relative_to_screen_recording_start",75.060127,460693.312,460743.281,1,75.060127,"1781613114174","../../../../../../Project/UE5/Gallery/Saved/ScreenRecordings/A037_v2_20260616_203154_screen.mkv",460693.312,460743.281,460718.312,"1781613574866","1781613574916","2026-06-16T20:39:34.866+08:00","2026-06-16T20:39:34.916+08:00",526.453430,EXP2,"exp2_target",4,4,"1:1|2:2|3:3|4:4"
"exp2_table_objects","实验二桌面四模型总体区域","Exp2_004_exp2_table_objects_0375","video_relative_to_recording_start",rectangle,0,0,1422,1045,,,,"A037","Exp2_004","E3_SPATIAL_NONPROGRESSIVE",loading,,,,,1,TRUE,9350.000,9400.000,535.803406,535.853455,1920,1046,"ObjectSlot1-4",1,1,"video_relative_to_screen_recording_start",75.060127,460743.281,460793.344,1,75.060127,"1781613114174","../../../../../../Project/UE5/Gallery/Saved/ScreenRecordings/A037_v2_20260616_203154_screen.mkv",460743.281,460793.344,460768.312,"1781613574916","1781613574966","2026-06-16T20:39:34.916+08:00","2026-06-16T20:39:34.966+08:00",526.453430,EXP2,"exp2_table",4,4,"1:1|2:2|3:3|4:4"
"exp2_target_object","实验二当前目标模型_头顶","Exp2_004_exp2_target_object_0376","video_relative_to_recording_start",rectangle,609,128,1422,834,,,,"A037","Exp2_004","E3_SPATIAL_NONPROGRESSIVE",loading,,,,,1,TRUE,9350.000,9400.000,535.803406,535.853455,1920,1046,"ObjectSlot4",1,0,"video_relative_to_screen_recording_start",75.060127,460743.281,460793.344,1,75.060127,"1781613114174","../../../../../../Project/UE5/Gallery/Saved/ScreenRecordings/A037_v2_20260616_203154_screen.mkv",460743.281,460793.344,460768.312,"1781613574916","1781613574966","2026-06-16T20:39:34.916+08:00","2026-06-16T20:39:34.966+08:00",526.453430,EXP2,"exp2_target",4,4,"1:1|2:2|3:3|4:4"
"exp2_table_objects","实验二桌面四模型总体区域","Exp2_004_exp2_table_objects_0377","video_relative_to_recording_start",rectangle,0,0,1610,1045,,,,"A037","Exp2_004","E3_SPATIAL_NONPROGRESSIVE",loading,,,,,1,TRUE,9400.000,9450.000,535.853455,535.903442,1920,1046,"ObjectSlot1-4",1,1,"video_relative_to_screen_recording_start",75.060127,460793.344,460843.312,1,75.060127,"1781613114174","../../../../../../Project/UE5/Gallery/Saved/ScreenRecordings/A037_v2_20260616_203154_screen.mkv",460793.344,460843.312,460818.312,"1781613574966","1781613575016","2026-06-16T20:39:34.966+08:00","2026-06-16T20:39:35.016+08:00",526.453430,EXP2,"exp2_table",4,4,"1:1|2:2|3:3|4:4"
"exp2_target_object","实验二当前目标模型_头顶","Exp2_004_exp2_target_object_0378","video_relative_to_recording_start",rectangle,769,123,1610,824,,,,"A037","Exp2_004","E3_SPATIAL_NONPROGRESSIVE",loading,,,,,1,TRUE,9400.000,9450.000,535.853455,535.903442,1920,1046,"ObjectSlot4",1,0,"video_relative_to_screen_recording_start",75.060127,460793.344,460843.312,1,75.060127,"1781613114174","../../../../../../Project/UE5/Gallery/Saved/ScreenRecordings/A037_v2_20260616_203154_screen.mkv",460793.344,460843.312,460818.312,"1781613574966","1781613575016","2026-06-16T20:39:34.966+08:00","2026-06-16T20:39:35.016+08:00",526.453430,EXP2,"exp2_target",4,4,"1:1|2:2|3:3|4:4"
"exp2_table_objects","实验二桌面四模型总体区域","Exp2_004_exp2_table_objects_0379","video_relative_to_recording_start",rectangle,0,0,1610,1045,,,,"A037","Exp2_004","E3_SPATIAL_NONPROGRESSIVE",loading,,,,,1,TRUE,9450.000,9500.000,535.903442,535.953430,1920,1046,"ObjectSlot1-4",1,1,"video_relative_to_screen_recording_start",75.060127,460843.312,460893.312,1,75.060127,"1781613114174","../../../../../../Project/UE5/Gallery/Saved/ScreenRecordings/A037_v2_20260616_203154_screen.mkv",460843.312,460893.312,460868.312,"1781613575016","1781613575066","2026-06-16T20:39:35.016+08:00","2026-06-16T20:39:35.066+08:00",526.453430,EXP2,"exp2_table",4,4,"1:1|2:2|3:3|4:4"
"exp2_target_object","实验二当前目标模型_头顶","Exp2_004_exp2_target_object_0380","video_relative_to_recording_start",rectangle,769,123,1610,824,,,,"A037","Exp2_004","E3_SPATIAL_NONPROGRESSIVE",loading,,,,,1,TRUE,9450.000,9500.000,535.903442,535.953430,1920,1046,"ObjectSlot4",1,0,"video_relative_to_screen_recording_start",75.060127,460843.312,460893.312,1,75.060127,"1781613114174","../../../../../../Project/UE5/Gallery/Saved/ScreenRecordings/A037_v2_20260616_203154_screen.mkv",460843.312,460893.312,460868.312,"1781613575016","1781613575066","2026-06-16T20:39:35.016+08:00","2026-06-16T20:39:35.066+08:00",526.453430,EXP2,"exp2_target",4,4,"1:1|2:2|3:3|4:4"
"exp2_table_objects","实验二桌面四模型总体区域","Exp2_004_exp2_table_objects_0381","video_relative_to_recording_start",rectangle,0,3,1785,1045,,,,"A037","Exp2_004","E3_SPATIAL_NONPROGRESSIVE",loading,,,,,1,TRUE,9500.000,9550.000,535.953430,536.003418,1920,1046,"ObjectSlot1-4",1,1,"video_relative_to_screen_recording_start",75.060127,460893.312,460943.312,1,75.060127,"1781613114174","../../../../../../Project/UE5/Gallery/Saved/ScreenRecordings/A037_v2_20260616_203154_screen.mkv",460893.312,460943.312,460918.312,"1781613575066","1781613575116","2026-06-16T20:39:35.066+08:00","2026-06-16T20:39:35.116+08:00",526.453430,EXP2,"exp2_table",4,4,"1:1|2:2|3:3|4:4"
"exp2_target_object","实验二当前目标模型_头顶","Exp2_004_exp2_target_object_0382","video_relative_to_recording_start",rectangle,893,115,1785,820,,,,"A037","Exp2_004","E3_SPATIAL_NONPROGRESSIVE",loading,,,,,1,TRUE,9500.000,9550.000,535.953430,536.003418,1920,1046,"ObjectSlot4",1,0,"video_relative_to_screen_recording_start",75.060127,460893.312,460943.312,1,75.060127,"1781613114174","../../../../../../Project/UE5/Gallery/Saved/ScreenRecordings/A037_v2_20260616_203154_screen.mkv",460893.312,460943.312,460918.312,"1781613575066","1781613575116","2026-06-16T20:39:35.066+08:00","2026-06-16T20:39:35.116+08:00",526.453430,EXP2,"exp2_target",4,4,"1:1|2:2|3:3|4:4"
"exp2_table_objects","实验二桌面四模型总体区域","Exp2_004_exp2_table_objects_0383","video_relative_to_recording_start",rectangle,0,54,1919,1005,,,,"A037","Exp2_004","E3_SPATIAL_NONPROGRESSIVE",loading,,,,,1,TRUE,9550.000,9600.000,536.003418,536.053406,1920,1046,"ObjectSlot1-4",1,1,"video_relative_to_screen_recording_start",75.060127,460943.312,460993.281,1,75.060127,"1781613114174","../../../../../../Project/UE5/Gallery/Saved/ScreenRecordings/A037_v2_20260616_203154_screen.mkv",460943.312,460993.281,460968.312,"1781613575116","1781613575166","2026-06-16T20:39:35.116+08:00","2026-06-16T20:39:35.166+08:00",526.453430,EXP2,"exp2_table",4,4,"1:1|2:2|3:3|4:4"
"exp2_target_object","实验二当前目标模型_头顶","Exp2_004_exp2_target_object_0384","video_relative_to_recording_start",rectangle,1012,113,1919,829,,,,"A037","Exp2_004","E3_SPATIAL_NONPROGRESSIVE",loading,,,,,1,TRUE,9550.000,9600.000,536.003418,536.053406,1920,1046,"ObjectSlot4",1,1,"video_relative_to_screen_recording_start",75.060127,460943.312,460993.281,1,75.060127,"1781613114174","../../../../../../Project/UE5/Gallery/Saved/ScreenRecordings/A037_v2_20260616_203154_screen.mkv",460943.312,460993.281,460968.312,"1781613575116","1781613575166","2026-06-16T20:39:35.116+08:00","2026-06-16T20:39:35.166+08:00",526.453430,EXP2,"exp2_target",4,4,"1:1|2:2|3:3|4:4"
"exp2_table_objects","实验二桌面四模型总体区域","Exp2_004_exp2_table_objects_0385","video_relative_to_recording_start",rectangle,0,80,1919,913,,,,"A037","Exp2_004","E3_SPATIAL_NONPROGRESSIVE",loading,,,,,1,TRUE,9600.000,9650.000,536.053406,536.103455,1920,1046,"ObjectSlot1-4",1,1,"video_relative_to_screen_recording_start",75.060127,460993.281,461043.344,1,75.060127,"1781613114174","../../../../../../Project/UE5/Gallery/Saved/ScreenRecordings/A037_v2_20260616_203154_screen.mkv",460993.281,461043.344,461018.312,"1781613575166","1781613575216","2026-06-16T20:39:35.166+08:00","2026-06-16T20:39:35.216+08:00",526.453430,EXP2,"exp2_table",4,4,"1:1|2:2|3:3|4:4"
"exp2_target_object","实验二当前目标模型_头顶","Exp2_004_exp2_target_object_0386","video_relative_to_recording_start",rectangle,1101,111,1919,840,,,,"A037","Exp2_004","E3_SPATIAL_NONPROGRESSIVE",loading,,,,,1,TRUE,9600.000,9650.000,536.053406,536.103455,1920,1046,"ObjectSlot4",1,1,"video_relative_to_screen_recording_start",75.060127,460993.281,461043.344,1,75.060127,"1781613114174","../../../../../../Project/UE5/Gallery/Saved/ScreenRecordings/A037_v2_20260616_203154_screen.mkv",460993.281,461043.344,461018.312,"1781613575166","1781613575216","2026-06-16T20:39:35.166+08:00","2026-06-16T20:39:35.216+08:00",526.453430,EXP2,"exp2_target",4,4,"1:1|2:2|3:3|4:4"
"exp2_table_objects","实验二桌面四模型总体区域","Exp2_004_exp2_table_objects_0387","video_relative_to_recording_start",rectangle,0,80,1919,913,,,,"A037","Exp2_004","E3_SPATIAL_NONPROGRESSIVE",loading,,,,,1,TRUE,9650.000,9700.000,536.103455,536.153442,1920,1046,"ObjectSlot1-4",1,1,"video_relative_to_screen_recording_start",75.060127,461043.344,461093.312,1,75.060127,"1781613114174","../../../../../../Project/UE5/Gallery/Saved/ScreenRecordings/A037_v2_20260616_203154_screen.mkv",461043.344,461093.312,461068.312,"1781613575216","1781613575266","2026-06-16T20:39:35.216+08:00","2026-06-16T20:39:35.266+08:00",526.453430,EXP2,"exp2_table",4,4,"1:1|2:2|3:3|4:4"
"exp2_target_object","实验二当前目标模型_头顶","Exp2_004_exp2_target_object_0388","video_relative_to_recording_start",rectangle,1101,111,1919,840,,,,"A037","Exp2_004","E3_SPATIAL_NONPROGRESSIVE",loading,,,,,1,TRUE,9650.000,9700.000,536.103455,536.153442,1920,1046,"ObjectSlot4",1,1,"video_relative_to_screen_recording_start",75.060127,461043.344,461093.312,1,75.060127,"1781613114174","../../../../../../Project/UE5/Gallery/Saved/ScreenRecordings/A037_v2_20260616_203154_screen.mkv",461043.344,461093.312,461068.312,"1781613575216","1781613575266","2026-06-16T20:39:35.216+08:00","2026-06-16T20:39:35.266+08:00",526.453430,EXP2,"exp2_target",4,4,"1:1|2:2|3:3|4:4"
"exp2_table_objects","实验二桌面四模型总体区域","Exp2_004_exp2_table_objects_0389","video_relative_to_recording_start",rectangle,0,103,1919,882,,,,"A037","Exp2_004","E3_SPATIAL_NONPROGRESSIVE",loading,,,,,1,TRUE,9700.000,9750.000,536.153442,536.203430,1920,1046,"ObjectSlot1-4",1,1,"video_relative_to_screen_recording_start",75.060127,461093.312,461143.312,1,75.060127,"1781613114174","../../../../../../Project/UE5/Gallery/Saved/ScreenRecordings/A037_v2_20260616_203154_screen.mkv",461093.312,461143.312,461118.312,"1781613575266","1781613575316","2026-06-16T20:39:35.266+08:00","2026-06-16T20:39:35.316+08:00",526.453430,EXP2,"exp2_table",4,4,"1:1|2:2|3:3|4:4"
"exp2_target_object","实验二当前目标模型_头顶","Exp2_004_exp2_target_object_0390","video_relative_to_recording_start",rectangle,1207,110,1919,882,,,,"A037","Exp2_004","E3_SPATIAL_NONPROGRESSIVE",loading,,,,,1,TRUE,9700.000,9750.000,536.153442,536.203430,1920,1046,"ObjectSlot4",1,1,"video_relative_to_screen_recording_start",75.060127,461093.312,461143.312,1,75.060127,"1781613114174","../../../../../../Project/UE5/Gallery/Saved/ScreenRecordings/A037_v2_20260616_203154_screen.mkv",461093.312,461143.312,461118.312,"1781613575266","1781613575316","2026-06-16T20:39:35.266+08:00","2026-06-16T20:39:35.316+08:00",526.453430,EXP2,"exp2_target",4,4,"1:1|2:2|3:3|4:4"
"exp2_table_objects","实验二桌面四模型总体区域","Exp2_004_exp2_table_objects_0391","video_relative_to_recording_start",rectangle,0,107,1919,971,,,,"A037","Exp2_004","E3_SPATIAL_NONPROGRESSIVE",loading,,,,,1,TRUE,9750.000,9800.000,536.203430,536.253418,1920,1046,"ObjectSlot1-4",1,1,"video_relative_to_screen_recording_start",75.060127,461143.312,461193.312,1,75.060127,"1781613114174","../../../../../../Project/UE5/Gallery/Saved/ScreenRecordings/A037_v2_20260616_203154_screen.mkv",461143.312,461193.312,461168.312,"1781613575316","1781613575366","2026-06-16T20:39:35.316+08:00","2026-06-16T20:39:35.366+08:00",526.453430,EXP2,"exp2_table",4,4,"1:1|2:2|3:3|4:4"
"exp2_target_object","实验二当前目标模型_头顶","Exp2_004_exp2_target_object_0392","video_relative_to_recording_start",rectangle,1306,107,1919,971,,,,"A037","Exp2_004","E3_SPATIAL_NONPROGRESSIVE",loading,,,,,1,TRUE,9750.000,9800.000,536.203430,536.253418,1920,1046,"ObjectSlot4",1,1,"video_relative_to_screen_recording_start",75.060127,461143.312,461193.312,1,75.060127,"1781613114174","../../../../../../Project/UE5/Gallery/Saved/ScreenRecordings/A037_v2_20260616_203154_screen.mkv",461143.312,461193.312,461168.312,"1781613575316","1781613575366","2026-06-16T20:39:35.316+08:00","2026-06-16T20:39:35.366+08:00",526.453430,EXP2,"exp2_target",4,4,"1:1|2:2|3:3|4:4"
"exp2_table_objects","实验二桌面四模型总体区域","Exp2_004_exp2_table_objects_0393","video_relative_to_recording_start",rectangle,0,97,1919,1045,,,,"A037","Exp2_004","E3_SPATIAL_NONPROGRESSIVE",loading,,,,,1,TRUE,9800.000,9850.000,536.253418,536.303406,1920,1046,"ObjectSlot1-4",1,1,"video_relative_to_screen_recording_start",75.060127,461193.312,461243.281,1,75.060127,"1781613114174","../../../../../../Project/UE5/Gallery/Saved/ScreenRecordings/A037_v2_20260616_203154_screen.mkv",461193.312,461243.281,461218.312,"1781613575366","1781613575416","2026-06-16T20:39:35.366+08:00","2026-06-16T20:39:35.416+08:00",526.453430,EXP2,"exp2_table",4,4,"1:1|2:2|3:3|4:4"
"exp2_target_object","实验二当前目标模型_头顶","Exp2_004_exp2_target_object_0394","video_relative_to_recording_start",rectangle,1412,97,1919,1045,,,,"A037","Exp2_004","E3_SPATIAL_NONPROGRESSIVE",loading,,,,,1,TRUE,9800.000,9850.000,536.253418,536.303406,1920,1046,"ObjectSlot4",1,1,"video_relative_to_screen_recording_start",75.060127,461193.312,461243.281,1,75.060127,"1781613114174","../../../../../../Project/UE5/Gallery/Saved/ScreenRecordings/A037_v2_20260616_203154_screen.mkv",461193.312,461243.281,461218.312,"1781613575366","1781613575416","2026-06-16T20:39:35.366+08:00","2026-06-16T20:39:35.416+08:00",526.453430,EXP2,"exp2_target",4,4,"1:1|2:2|3:3|4:4"
"exp2_table_objects","实验二桌面四模型总体区域","Exp2_004_exp2_table_objects_0395","video_relative_to_recording_start",rectangle,0,97,1919,1045,,,,"A037","Exp2_004","E3_SPATIAL_NONPROGRESSIVE",loading,,,,,1,TRUE,9850.000,9900.000,536.303406,536.353455,1920,1046,"ObjectSlot1-4",1,1,"video_relative_to_screen_recording_start",75.060127,461243.281,461293.344,1,75.060127,"1781613114174","../../../../../../Project/UE5/Gallery/Saved/ScreenRecordings/A037_v2_20260616_203154_screen.mkv",461243.281,461293.344,461268.312,"1781613575416","1781613575466","2026-06-16T20:39:35.416+08:00","2026-06-16T20:39:35.466+08:00",526.453430,EXP2,"exp2_table",4,4,"1:1|2:2|3:3|4:4"
"exp2_target_object","实验二当前目标模型_头顶","Exp2_004_exp2_target_object_0396","video_relative_to_recording_start",rectangle,1412,97,1919,1045,,,,"A037","Exp2_004","E3_SPATIAL_NONPROGRESSIVE",loading,,,,,1,TRUE,9850.000,9900.000,536.303406,536.353455,1920,1046,"ObjectSlot4",1,1,"video_relative_to_screen_recording_start",75.060127,461243.281,461293.344,1,75.060127,"1781613114174","../../../../../../Project/UE5/Gallery/Saved/ScreenRecordings/A037_v2_20260616_203154_screen.mkv",461243.281,461293.344,461268.312,"1781613575416","1781613575466","2026-06-16T20:39:35.416+08:00","2026-06-16T20:39:35.466+08:00",526.453430,EXP2,"exp2_target",4,4,"1:1|2:2|3:3|4:4"
"exp2_table_objects","实验二桌面四模型总体区域","Exp2_004_exp2_table_objects_0397","video_relative_to_recording_start",rectangle,79,73,1919,1045,,,,"A037","Exp2_004","E3_SPATIAL_NONPROGRESSIVE",loading,,,,,1,TRUE,9900.000,9950.000,536.353455,536.403442,1920,1046,"ObjectSlot1-4",1,1,"video_relative_to_screen_recording_start",75.060127,461293.344,461343.312,1,75.060127,"1781613114174","../../../../../../Project/UE5/Gallery/Saved/ScreenRecordings/A037_v2_20260616_203154_screen.mkv",461293.344,461343.312,461318.312,"1781613575466","1781613575516","2026-06-16T20:39:35.466+08:00","2026-06-16T20:39:35.516+08:00",526.453430,EXP2,"exp2_table",4,4,"1:1|2:2|3:3|4:4"
"exp2_target_object","实验二当前目标模型_头顶","Exp2_004_exp2_target_object_0398","video_relative_to_recording_start",rectangle,1510,73,1919,1045,,,,"A037","Exp2_004","E3_SPATIAL_NONPROGRESSIVE",loading,,,,,1,TRUE,9900.000,9950.000,536.353455,536.403442,1920,1046,"ObjectSlot4",1,1,"video_relative_to_screen_recording_start",75.060127,461293.344,461343.312,1,75.060127,"1781613114174","../../../../../../Project/UE5/Gallery/Saved/ScreenRecordings/A037_v2_20260616_203154_screen.mkv",461293.344,461343.312,461318.312,"1781613575466","1781613575516","2026-06-16T20:39:35.466+08:00","2026-06-16T20:39:35.516+08:00",526.453430,EXP2,"exp2_target",4,4,"1:1|2:2|3:3|4:4"
"exp2_table_objects","实验二桌面四模型总体区域","Exp2_004_exp2_table_objects_0399","video_relative_to_recording_start",rectangle,223,28,1919,1045,,,,"A037","Exp2_004","E3_SPATIAL_NONPROGRESSIVE",loading,,,,,1,TRUE,9950.000,10000.000,536.403442,536.453430,1920,1046,"ObjectSlot1-4",1,1,"video_relative_to_screen_recording_start",75.060127,461343.312,461393.312,1,75.060127,"1781613114174","../../../../../../Project/UE5/Gallery/Saved/ScreenRecordings/A037_v2_20260616_203154_screen.mkv",461343.312,461393.312,461368.312,"1781613575516","1781613575566","2026-06-16T20:39:35.516+08:00","2026-06-16T20:39:35.566+08:00",526.453430,EXP2,"exp2_table",4,4,"1:1|2:2|3:3|4:4"
"exp2_target_object","实验二当前目标模型_头顶","Exp2_004_exp2_target_object_0400","video_relative_to_recording_start",rectangle,1623,28,1919,1045,,,,"A037","Exp2_004","E3_SPATIAL_NONPROGRESSIVE",loading,,,,,1,TRUE,9950.000,10000.000,536.403442,536.453430,1920,1046,"ObjectSlot4",1,1,"video_relative_to_screen_recording_start",75.060127,461343.312,461393.312,1,75.060127,"1781613114174","../../../../../../Project/UE5/Gallery/Saved/ScreenRecordings/A037_v2_20260616_203154_screen.mkv",461343.312,461393.312,461368.312,"1781613575516","1781613575566","2026-06-16T20:39:35.516+08:00","2026-06-16T20:39:35.566+08:00",526.453430,EXP2,"exp2_target",4,4,"1:1|2:2|3:3|4:4"
"exp2_table_objects","实验二桌面四模型总体区域","Exp2_004_exp2_table_objects_0401","video_relative_to_recording_start",rectangle,320,0,1919,1045,,,,"A037","Exp2_004","E3_SPATIAL_NONPROGRESSIVE",loading,,,,,1,TRUE,10000.000,10050.000,536.453430,536.503418,1920,1046,"ObjectSlot1-4",1,1,"video_relative_to_screen_recording_start",75.060127,461393.312,461443.312,1,75.060127,"1781613114174","../../../../../../Project/UE5/Gallery/Saved/ScreenRecordings/A037_v2_20260616_203154_screen.mkv",461393.312,461443.312,461418.312,"1781613575566","1781613575616","2026-06-16T20:39:35.566+08:00","2026-06-16T20:39:35.616+08:00",526.453430,EXP2,"exp2_table",4,4,"1:1|2:2|3:3|4:4"
"exp2_target_object","实验二当前目标模型_头顶","Exp2_004_exp2_target_object_0402","video_relative_to_recording_start",rectangle,1716,0,1919,1045,,,,"A037","Exp2_004","E3_SPATIAL_NONPROGRESSIVE",loading,,,,,1,TRUE,10000.000,10050.000,536.453430,536.503418,1920,1046,"ObjectSlot4",1,1,"video_relative_to_screen_recording_start",75.060127,461393.312,461443.312,1,75.060127,"1781613114174","../../../../../../Project/UE5/Gallery/Saved/ScreenRecordings/A037_v2_20260616_203154_screen.mkv",461393.312,461443.312,461418.312,"1781613575566","1781613575616","2026-06-16T20:39:35.566+08:00","2026-06-16T20:39:35.616+08:00",526.453430,EXP2,"exp2_target",4,4,"1:1|2:2|3:3|4:4"
"exp2_table_objects","实验二桌面四模型总体区域","Exp2_004_exp2_table_objects_0403","video_relative_to_recording_start",rectangle,320,0,1919,1045,,,,"A037","Exp2_004","E3_SPATIAL_NONPROGRESSIVE",loading,,,,,1,TRUE,10050.000,10100.000,536.503418,536.553406,1920,1046,"ObjectSlot1-4",1,1,"video_relative_to_screen_recording_start",75.060127,461443.312,461493.281,1,75.060127,"1781613114174","../../../../../../Project/UE5/Gallery/Saved/ScreenRecordings/A037_v2_20260616_203154_screen.mkv",461443.312,461493.281,461468.312,"1781613575616","1781613575666","2026-06-16T20:39:35.616+08:00","2026-06-16T20:39:35.666+08:00",526.453430,EXP2,"exp2_table",4,4,"1:1|2:2|3:3|4:4"
"exp2_target_object","实验二当前目标模型_头顶","Exp2_004_exp2_target_object_0404","video_relative_to_recording_start",rectangle,1716,0,1919,1045,,,,"A037","Exp2_004","E3_SPATIAL_NONPROGRESSIVE",loading,,,,,1,TRUE,10050.000,10100.000,536.503418,536.553406,1920,1046,"ObjectSlot4",1,1,"video_relative_to_screen_recording_start",75.060127,461443.312,461493.281,1,75.060127,"1781613114174","../../../../../../Project/UE5/Gallery/Saved/ScreenRecordings/A037_v2_20260616_203154_screen.mkv",461443.312,461493.281,461468.312,"1781613575616","1781613575666","2026-06-16T20:39:35.616+08:00","2026-06-16T20:39:35.666+08:00",526.453430,EXP2,"exp2_target",4,4,"1:1|2:2|3:3|4:4"
"exp2_table_objects","实验二桌面四模型总体区域","Exp2_004_exp2_table_objects_0405","video_relative_to_recording_start",rectangle,396,0,1919,1045,,,,"A037","Exp2_004","E3_SPATIAL_NONPROGRESSIVE",loading,,,,,1,TRUE,10100.000,10150.000,536.553406,536.603455,1920,1046,"ObjectSlot1-4",1,1,"video_relative_to_screen_recording_start",75.060127,461493.281,461543.344,1,75.060127,"1781613114174","../../../../../../Project/UE5/Gallery/Saved/ScreenRecordings/A037_v2_20260616_203154_screen.mkv",461493.281,461543.344,461518.312,"1781613575666","1781613575716","2026-06-16T20:39:35.666+08:00","2026-06-16T20:39:35.716+08:00",526.453430,EXP2,"exp2_table",4,4,"1:1|2:2|3:3|4:4"
"exp2_target_object","实验二当前目标模型_头顶","Exp2_004_exp2_target_object_0406","video_relative_to_recording_start",rectangle,1798,0,1919,1045,,,,"A037","Exp2_004","E3_SPATIAL_NONPROGRESSIVE",loading,,,,,1,TRUE,10100.000,10150.000,536.553406,536.603455,1920,1046,"ObjectSlot4",1,1,"video_relative_to_screen_recording_start",75.060127,461493.281,461543.344,1,75.060127,"1781613114174","../../../../../../Project/UE5/Gallery/Saved/ScreenRecordings/A037_v2_20260616_203154_screen.mkv",461493.281,461543.344,461518.312,"1781613575666","1781613575716","2026-06-16T20:39:35.666+08:00","2026-06-16T20:39:35.716+08:00",526.453430,EXP2,"exp2_target",4,4,"1:1|2:2|3:3|4:4"
"exp2_table_objects","实验二桌面四模型总体区域","Exp2_004_exp2_table_objects_0407","video_relative_to_recording_start",rectangle,423,0,1919,1045,,,,"A037","Exp2_004","E3_SPATIAL_NONPROGRESSIVE",loading,,,,,1,TRUE,10150.000,10200.000,536.603455,536.653442,1920,1046,"ObjectSlot1-4",1,1,"video_relative_to_screen_recording_start",75.060127,461543.344,461593.312,1,75.060127,"1781613114174","../../../../../../Project/UE5/Gallery/Saved/ScreenRecordings/A037_v2_20260616_203154_screen.mkv",461543.344,461593.312,461568.312,"1781613575716","1781613575766","2026-06-16T20:39:35.716+08:00","2026-06-16T20:39:35.766+08:00",526.453430,EXP2,"exp2_table",4,4,"1:1|2:2|3:3|4:4"
"exp2_target_object","实验二当前目标模型_头顶","Exp2_004_exp2_target_object_0408","video_relative_to_recording_start",rectangle,1831,0,1919,1045,,,,"A037","Exp2_004","E3_SPATIAL_NONPROGRESSIVE",loading,,,,,1,TRUE,10150.000,10200.000,536.603455,536.653442,1920,1046,"ObjectSlot4",1,1,"video_relative_to_screen_recording_start",75.060127,461543.344,461593.312,1,75.060127,"1781613114174","../../../../../../Project/UE5/Gallery/Saved/ScreenRecordings/A037_v2_20260616_203154_screen.mkv",461543.344,461593.312,461568.312,"1781613575716","1781613575766","2026-06-16T20:39:35.716+08:00","2026-06-16T20:39:35.766+08:00",526.453430,EXP2,"exp2_target",4,4,"1:1|2:2|3:3|4:4"
"exp2_table_objects","实验二桌面四模型总体区域","Exp2_004_exp2_table_objects_0409","video_relative_to_recording_start",rectangle,449,0,1919,1045,,,,"A037","Exp2_004","E3_SPATIAL_NONPROGRESSIVE",loading,,,,,1,TRUE,10200.000,10250.000,536.653442,536.703430,1920,1046,"ObjectSlot1-4",1,1,"video_relative_to_screen_recording_start",75.060127,461593.312,461643.312,1,75.060127,"1781613114174","../../../../../../Project/UE5/Gallery/Saved/ScreenRecordings/A037_v2_20260616_203154_screen.mkv",461593.312,461643.312,461618.312,"1781613575766","1781613575816","2026-06-16T20:39:35.766+08:00","2026-06-16T20:39:35.816+08:00",526.453430,EXP2,"exp2_table",4,4,"1:1|2:2|3:3|4:4"
"exp2_target_object","实验二当前目标模型_头顶","Exp2_004_exp2_target_object_0410","video_relative_to_recording_start",rectangle,1864,0,1919,1045,,,,"A037","Exp2_004","E3_SPATIAL_NONPROGRESSIVE",loading,,,,,1,TRUE,10200.000,10250.000,536.653442,536.703430,1920,1046,"ObjectSlot4",1,1,"video_relative_to_screen_recording_start",75.060127,461593.312,461643.312,1,75.060127,"1781613114174","../../../../../../Project/UE5/Gallery/Saved/ScreenRecordings/A037_v2_20260616_203154_screen.mkv",461593.312,461643.312,461618.312,"1781613575766","1781613575816","2026-06-16T20:39:35.766+08:00","2026-06-16T20:39:35.816+08:00",526.453430,EXP2,"exp2_target",4,4,"1:1|2:2|3:3|4:4"
"exp2_table_objects","实验二桌面四模型总体区域","Exp2_004_exp2_table_objects_0411","video_relative_to_recording_start",rectangle,449,0,1919,1045,,,,"A037","Exp2_004","E3_SPATIAL_NONPROGRESSIVE",loading,,,,,1,TRUE,10250.000,10300.000,536.703430,536.753418,1920,1046,"ObjectSlot1-4",1,1,"video_relative_to_screen_recording_start",75.060127,461643.312,461693.312,1,75.060127,"1781613114174","../../../../../../Project/UE5/Gallery/Saved/ScreenRecordings/A037_v2_20260616_203154_screen.mkv",461643.312,461693.312,461668.312,"1781613575816","1781613575866","2026-06-16T20:39:35.816+08:00","2026-06-16T20:39:35.866+08:00",526.453430,EXP2,"exp2_table",4,4,"1:1|2:2|3:3|4:4"
"exp2_target_object","实验二当前目标模型_头顶","Exp2_004_exp2_target_object_0412","video_relative_to_recording_start",rectangle,1864,0,1919,1045,,,,"A037","Exp2_004","E3_SPATIAL_NONPROGRESSIVE",loading,,,,,1,TRUE,10250.000,10300.000,536.703430,536.753418,1920,1046,"ObjectSlot4",1,1,"video_relative_to_screen_recording_start",75.060127,461643.312,461693.312,1,75.060127,"1781613114174","../../../../../../Project/UE5/Gallery/Saved/ScreenRecordings/A037_v2_20260616_203154_screen.mkv",461643.312,461693.312,461668.312,"1781613575816","1781613575866","2026-06-16T20:39:35.816+08:00","2026-06-16T20:39:35.866+08:00",526.453430,EXP2,"exp2_target",4,4,"1:1|2:2|3:3|4:4"
"exp2_table_objects","实验二桌面四模型总体区域","Exp2_004_exp2_table_objects_0413","video_relative_to_recording_start",rectangle,449,0,1919,1045,,,,"A037","Exp2_004","E3_SPATIAL_NONPROGRESSIVE",loading,,,,,1,TRUE,10300.000,10350.000,536.753418,536.803406,1920,1046,"ObjectSlot1-4",1,1,"video_relative_to_screen_recording_start",75.060127,461693.312,461743.281,1,75.060127,"1781613114174","../../../../../../Project/UE5/Gallery/Saved/ScreenRecordings/A037_v2_20260616_203154_screen.mkv",461693.312,461743.281,461718.312,"1781613575866","1781613575916","2026-06-16T20:39:35.866+08:00","2026-06-16T20:39:35.916+08:00",526.453430,EXP2,"exp2_table",4,4,"1:1|2:2|3:3|4:4"
"exp2_target_object","实验二当前目标模型_头顶","Exp2_004_exp2_target_object_0414","video_relative_to_recording_start",rectangle,1864,0,1919,1045,,,,"A037","Exp2_004","E3_SPATIAL_NONPROGRESSIVE",loading,,,,,1,TRUE,10300.000,10350.000,536.753418,536.803406,1920,1046,"ObjectSlot4",1,1,"video_relative_to_screen_recording_start",75.060127,461693.312,461743.281,1,75.060127,"1781613114174","../../../../../../Project/UE5/Gallery/Saved/ScreenRecordings/A037_v2_20260616_203154_screen.mkv",461693.312,461743.281,461718.312,"1781613575866","1781613575916","2026-06-16T20:39:35.866+08:00","2026-06-16T20:39:35.916+08:00",526.453430,EXP2,"exp2_target",4,4,"1:1|2:2|3:3|4:4"
"exp2_table_objects","实验二桌面四模型总体区域","Exp2_004_exp2_table_objects_0415","video_relative_to_recording_start",rectangle,450,0,1919,1045,,,,"A037","Exp2_004","E3_SPATIAL_NONPROGRESSIVE",loading,,,,,1,TRUE,10350.000,10400.000,536.803406,536.853455,1920,1046,"ObjectSlot1-4",1,1,"video_relative_to_screen_recording_start",75.060127,461743.281,461793.344,1,75.060127,"1781613114174","../../../../../../Project/UE5/Gallery/Saved/ScreenRecordings/A037_v2_20260616_203154_screen.mkv",461743.281,461793.344,461768.312,"1781613575916","1781613575966","2026-06-16T20:39:35.916+08:00","2026-06-16T20:39:35.966+08:00",526.453430,EXP2,"exp2_table",4,4,"1:1|2:2|3:3|4:4"
"exp2_target_object","实验二当前目标模型_头顶","Exp2_004_exp2_target_object_0416","video_relative_to_recording_start",rectangle,1865,0,1919,1045,,,,"A037","Exp2_004","E3_SPATIAL_NONPROGRESSIVE",loading,,,,,1,TRUE,10350.000,10400.000,536.803406,536.853455,1920,1046,"ObjectSlot4",1,1,"video_relative_to_screen_recording_start",75.060127,461743.281,461793.344,1,75.060127,"1781613114174","../../../../../../Project/UE5/Gallery/Saved/ScreenRecordings/A037_v2_20260616_203154_screen.mkv",461743.281,461793.344,461768.312,"1781613575916","1781613575966","2026-06-16T20:39:35.916+08:00","2026-06-16T20:39:35.966+08:00",526.453430,EXP2,"exp2_target",4,4,"1:1|2:2|3:3|4:4"
"exp2_table_objects","实验二桌面四模型总体区域","Exp2_004_exp2_table_objects_0417","video_relative_to_recording_start",rectangle,450,0,1919,1045,,,,"A037","Exp2_004","E3_SPATIAL_NONPROGRESSIVE",loading,,,,,1,TRUE,10400.000,10450.000,536.853455,536.903442,1920,1046,"ObjectSlot1-4",1,1,"video_relative_to_screen_recording_start",75.060127,461793.344,461843.312,1,75.060127,"1781613114174","../../../../../../Project/UE5/Gallery/Saved/ScreenRecordings/A037_v2_20260616_203154_screen.mkv",461793.344,461843.312,461818.312,"1781613575966","1781613576016","2026-06-16T20:39:35.966+08:00","2026-06-16T20:39:36.016+08:00",526.453430,EXP2,"exp2_table",4,4,"1:1|2:2|3:3|4:4"
"exp2_target_object","实验二当前目标模型_头顶","Exp2_004_exp2_target_object_0418","video_relative_to_recording_start",rectangle,1865,0,1919,1045,,,,"A037","Exp2_004","E3_SPATIAL_NONPROGRESSIVE",loading,,,,,1,TRUE,10400.000,10450.000,536.853455,536.903442,1920,1046,"ObjectSlot4",1,1,"video_relative_to_screen_recording_start",75.060127,461793.344,461843.312,1,75.060127,"1781613114174","../../../../../../Project/UE5/Gallery/Saved/ScreenRecordings/A037_v2_20260616_203154_screen.mkv",461793.344,461843.312,461818.312,"1781613575966","1781613576016","2026-06-16T20:39:35.966+08:00","2026-06-16T20:39:36.016+08:00",526.453430,EXP2,"exp2_target",4,4,"1:1|2:2|3:3|4:4"
"exp2_table_objects","实验二桌面四模型总体区域","Exp2_004_exp2_table_objects_0419","video_relative_to_recording_start",rectangle,450,0,1919,1045,,,,"A037","Exp2_004","E3_SPATIAL_NONPROGRESSIVE",loading,,,,,1,TRUE,10450.000,10500.000,536.903442,536.953430,1920,1046,"ObjectSlot1-4",1,1,"video_relative_to_screen_recording_start",75.060127,461843.312,461893.312,1,75.060127,"1781613114174","../../../../../../Project/UE5/Gallery/Saved/ScreenRecordings/A037_v2_20260616_203154_screen.mkv",461843.312,461893.312,461868.312,"1781613576016","1781613576066","2026-06-16T20:39:36.016+08:00","2026-06-16T20:39:36.066+08:00",526.453430,EXP2,"exp2_table",4,4,"1:1|2:2|3:3|4:4"
"exp2_target_object","实验二当前目标模型_头顶","Exp2_004_exp2_target_object_0420","video_relative_to_recording_start",rectangle,1865,0,1919,1045,,,,"A037","Exp2_004","E3_SPATIAL_NONPROGRESSIVE",loading,,,,,1,TRUE,10450.000,10500.000,536.903442,536.953430,1920,1046,"ObjectSlot4",1,1,"video_relative_to_screen_recording_start",75.060127,461843.312,461893.312,1,75.060127,"1781613114174","../../../../../../Project/UE5/Gallery/Saved/ScreenRecordings/A037_v2_20260616_203154_screen.mkv",461843.312,461893.312,461868.312,"1781613576016","1781613576066","2026-06-16T20:39:36.016+08:00","2026-06-16T20:39:36.066+08:00",526.453430,EXP2,"exp2_target",4,4,"1:1|2:2|3:3|4:4"
"exp2_table_objects","实验二桌面四模型总体区域","Exp2_004_exp2_table_objects_0421","video_relative_to_recording_start",rectangle,372,0,1919,1045,,,,"A037","Exp2_004","E3_SPATIAL_NONPROGRESSIVE",loading,,,,,1,TRUE,10500.000,10550.000,536.953430,537.003418,1920,1046,"ObjectSlot1-4",1,1,"video_relative_to_screen_recording_start",75.060127,461893.312,461943.312,1,75.060127,"1781613114174","../../../../../../Project/UE5/Gallery/Saved/ScreenRecordings/A037_v2_20260616_203154_screen.mkv",461893.312,461943.312,461918.312,"1781613576066","1781613576116","2026-06-16T20:39:36.066+08:00","2026-06-16T20:39:36.116+08:00",526.453430,EXP2,"exp2_table",4,4,"1:1|2:2|3:3|4:4"
"exp2_target_object","实验二当前目标模型_头顶","Exp2_004_exp2_target_object_0422","video_relative_to_recording_start",rectangle,1771,0,1919,1045,,,,"A037","Exp2_004","E3_SPATIAL_NONPROGRESSIVE",loading,,,,,1,TRUE,10500.000,10550.000,536.953430,537.003418,1920,1046,"ObjectSlot4",1,1,"video_relative_to_screen_recording_start",75.060127,461893.312,461943.312,1,75.060127,"1781613114174","../../../../../../Project/UE5/Gallery/Saved/ScreenRecordings/A037_v2_20260616_203154_screen.mkv",461893.312,461943.312,461918.312,"1781613576066","1781613576116","2026-06-16T20:39:36.066+08:00","2026-06-16T20:39:36.116+08:00",526.453430,EXP2,"exp2_target",4,4,"1:1|2:2|3:3|4:4"
"exp2_table_objects","实验二桌面四模型总体区域","Exp2_004_exp2_table_objects_0423","video_relative_to_recording_start",rectangle,136,105,1919,1045,,,,"A037","Exp2_004","E3_SPATIAL_NONPROGRESSIVE",loading,,,,,1,TRUE,10550.000,10600.000,537.003418,537.053406,1920,1046,"ObjectSlot1-4",1,1,"video_relative_to_screen_recording_start",75.060127,461943.312,461993.281,1,75.060127,"1781613114174","../../../../../../Project/UE5/Gallery/Saved/ScreenRecordings/A037_v2_20260616_203154_screen.mkv",461943.312,461993.281,461968.312,"1781613576116","1781613576166","2026-06-16T20:39:36.116+08:00","2026-06-16T20:39:36.166+08:00",526.453430,EXP2,"exp2_table",4,4,"1:1|2:2|3:3|4:4"
"exp2_target_object","实验二当前目标模型_头顶","Exp2_004_exp2_target_object_0424","video_relative_to_recording_start",rectangle,1549,105,1919,1045,,,,"A037","Exp2_004","E3_SPATIAL_NONPROGRESSIVE",loading,,,,,1,TRUE,10550.000,10600.000,537.003418,537.053406,1920,1046,"ObjectSlot4",1,1,"video_relative_to_screen_recording_start",75.060127,461943.312,461993.281,1,75.060127,"1781613114174","../../../../../../Project/UE5/Gallery/Saved/ScreenRecordings/A037_v2_20260616_203154_screen.mkv",461943.312,461993.281,461968.312,"1781613576116","1781613576166","2026-06-16T20:39:36.116+08:00","2026-06-16T20:39:36.166+08:00",526.453430,EXP2,"exp2_target",4,4,"1:1|2:2|3:3|4:4"
"exp2_table_objects","实验二桌面四模型总体区域","Exp2_004_exp2_table_objects_0425","video_relative_to_recording_start",rectangle,136,105,1919,1045,,,,"A037","Exp2_004","E3_SPATIAL_NONPROGRESSIVE",loading,,,,,1,TRUE,10600.000,10650.000,537.053406,537.103455,1920,1046,"ObjectSlot1-4",1,1,"video_relative_to_screen_recording_start",75.060127,461993.281,462043.344,1,75.060127,"1781613114174","../../../../../../Project/UE5/Gallery/Saved/ScreenRecordings/A037_v2_20260616_203154_screen.mkv",461993.281,462043.344,462018.312,"1781613576166","1781613576216","2026-06-16T20:39:36.166+08:00","2026-06-16T20:39:36.216+08:00",526.453430,EXP2,"exp2_table",4,4,"1:1|2:2|3:3|4:4"
"exp2_target_object","实验二当前目标模型_头顶","Exp2_004_exp2_target_object_0426","video_relative_to_recording_start",rectangle,1549,105,1919,1045,,,,"A037","Exp2_004","E3_SPATIAL_NONPROGRESSIVE",loading,,,,,1,TRUE,10600.000,10650.000,537.053406,537.103455,1920,1046,"ObjectSlot4",1,1,"video_relative_to_screen_recording_start",75.060127,461993.281,462043.344,1,75.060127,"1781613114174","../../../../../../Project/UE5/Gallery/Saved/ScreenRecordings/A037_v2_20260616_203154_screen.mkv",461993.281,462043.344,462018.312,"1781613576166","1781613576216","2026-06-16T20:39:36.166+08:00","2026-06-16T20:39:36.216+08:00",526.453430,EXP2,"exp2_target",4,4,"1:1|2:2|3:3|4:4"
"exp2_table_objects","实验二桌面四模型总体区域","Exp2_004_exp2_table_objects_0427","video_relative_to_recording_start",rectangle,0,176,1919,1026,,,,"A037","Exp2_004","E3_SPATIAL_NONPROGRESSIVE",loading,,,,,1,TRUE,10650.000,10700.000,537.103455,537.153442,1920,1046,"ObjectSlot1-4",1,1,"video_relative_to_screen_recording_start",75.060127,462043.344,462093.312,1,75.060127,"1781613114174","../../../../../../Project/UE5/Gallery/Saved/ScreenRecordings/A037_v2_20260616_203154_screen.mkv",462043.344,462093.312,462068.312,"1781613576216","1781613576266","2026-06-16T20:39:36.216+08:00","2026-06-16T20:39:36.266+08:00",526.453430,EXP2,"exp2_table",4,4,"1:1|2:2|3:3|4:4"
"exp2_target_object","实验二当前目标模型_头顶","Exp2_004_exp2_target_object_0428","video_relative_to_recording_start",rectangle,1291,176,1919,1026,,,,"A037","Exp2_004","E3_SPATIAL_NONPROGRESSIVE",loading,,,,,1,TRUE,10650.000,10700.000,537.103455,537.153442,1920,1046,"ObjectSlot4",1,1,"video_relative_to_screen_recording_start",75.060127,462043.344,462093.312,1,75.060127,"1781613114174","../../../../../../Project/UE5/Gallery/Saved/ScreenRecordings/A037_v2_20260616_203154_screen.mkv",462043.344,462093.312,462068.312,"1781613576216","1781613576266","2026-06-16T20:39:36.216+08:00","2026-06-16T20:39:36.266+08:00",526.453430,EXP2,"exp2_target",4,4,"1:1|2:2|3:3|4:4"
"exp2_table_objects","实验二桌面四模型总体区域","Exp2_004_exp2_table_objects_0429","video_relative_to_recording_start",rectangle,0,140,1919,967,,,,"A037","Exp2_004","E3_SPATIAL_NONPROGRESSIVE",loading,,,,,1,TRUE,10700.000,10750.000,537.153442,537.203430,1920,1046,"ObjectSlot1-4",1,1,"video_relative_to_screen_recording_start",75.060127,462093.312,462143.312,1,75.060127,"1781613114174","../../../../../../Project/UE5/Gallery/Saved/ScreenRecordings/A037_v2_20260616_203154_screen.mkv",462093.312,462143.312,462118.312,"1781613576266","1781613576316","2026-06-16T20:39:36.266+08:00","2026-06-16T20:39:36.316+08:00",526.453430,EXP2,"exp2_table",4,4,"1:1|2:2|3:3|4:4"
"exp2_target_object","实验二当前目标模型_头顶","Exp2_004_exp2_target_object_0430","video_relative_to_recording_start",rectangle,1108,169,1919,898,,,,"A037","Exp2_004","E3_SPATIAL_NONPROGRESSIVE",loading,,,,,1,TRUE,10700.000,10750.000,537.153442,537.203430,1920,1046,"ObjectSlot4",1,1,"video_relative_to_screen_recording_start",75.060127,462093.312,462143.312,1,75.060127,"1781613114174","../../../../../../Project/UE5/Gallery/Saved/ScreenRecordings/A037_v2_20260616_203154_screen.mkv",462093.312,462143.312,462118.312,"1781613576266","1781613576316","2026-06-16T20:39:36.266+08:00","2026-06-16T20:39:36.316+08:00",526.453430,EXP2,"exp2_target",4,4,"1:1|2:2|3:3|4:4"
"exp2_table_objects","实验二桌面四模型总体区域","Exp2_004_exp2_table_objects_0431","video_relative_to_recording_start",rectangle,0,65,1882,1045,,,,"A037","Exp2_004","E3_SPATIAL_NONPROGRESSIVE",loading,,,,,1,TRUE,10750.000,10800.000,537.203430,537.253418,1920,1046,"ObjectSlot1-4",1,1,"video_relative_to_screen_recording_start",75.060127,462143.312,462193.312,1,75.060127,"1781613114174","../../../../../../Project/UE5/Gallery/Saved/ScreenRecordings/A037_v2_20260616_203154_screen.mkv",462143.312,462193.312,462168.312,"1781613576316","1781613576366","2026-06-16T20:39:36.316+08:00","2026-06-16T20:39:36.366+08:00",526.453430,EXP2,"exp2_table",4,4,"1:1|2:2|3:3|4:4"
"exp2_target_object","实验二当前目标模型_头顶","Exp2_004_exp2_target_object_0432","video_relative_to_recording_start",rectangle,959,144,1882,852,,,,"A037","Exp2_004","E3_SPATIAL_NONPROGRESSIVE",loading,,,,,1,TRUE,10750.000,10800.000,537.203430,537.253418,1920,1046,"ObjectSlot4",1,0,"video_relative_to_screen_recording_start",75.060127,462143.312,462193.312,1,75.060127,"1781613114174","../../../../../../Project/UE5/Gallery/Saved/ScreenRecordings/A037_v2_20260616_203154_screen.mkv",462143.312,462193.312,462168.312,"1781613576316","1781613576366","2026-06-16T20:39:36.316+08:00","2026-06-16T20:39:36.366+08:00",526.453430,EXP2,"exp2_target",4,4,"1:1|2:2|3:3|4:4"
"exp2_table_objects","实验二桌面四模型总体区域","Exp2_004_exp2_table_objects_0433","video_relative_to_recording_start",rectangle,0,65,1882,1045,,,,"A037","Exp2_004","E3_SPATIAL_NONPROGRESSIVE",loading,,,,,1,TRUE,10800.000,10850.000,537.253418,537.303406,1920,1046,"ObjectSlot1-4",1,1,"video_relative_to_screen_recording_start",75.060127,462193.312,462243.281,1,75.060127,"1781613114174","../../../../../../Project/UE5/Gallery/Saved/ScreenRecordings/A037_v2_20260616_203154_screen.mkv",462193.312,462243.281,462218.312,"1781613576366","1781613576416","2026-06-16T20:39:36.366+08:00","2026-06-16T20:39:36.416+08:00",526.453430,EXP2,"exp2_table",4,4,"1:1|2:2|3:3|4:4"
"exp2_target_object","实验二当前目标模型_头顶","Exp2_004_exp2_target_object_0434","video_relative_to_recording_start",rectangle,959,144,1882,852,,,,"A037","Exp2_004","E3_SPATIAL_NONPROGRESSIVE",loading,,,,,1,TRUE,10800.000,10850.000,537.253418,537.303406,1920,1046,"ObjectSlot4",1,0,"video_relative_to_screen_recording_start",75.060127,462193.312,462243.281,1,75.060127,"1781613114174","../../../../../../Project/UE5/Gallery/Saved/ScreenRecordings/A037_v2_20260616_203154_screen.mkv",462193.312,462243.281,462218.312,"1781613576366","1781613576416","2026-06-16T20:39:36.366+08:00","2026-06-16T20:39:36.416+08:00",526.453430,EXP2,"exp2_target",4,4,"1:1|2:2|3:3|4:4"
"exp2_table_objects","实验二桌面四模型总体区域","Exp2_004_exp2_table_objects_0435","video_relative_to_recording_start",rectangle,0,1,1739,1045,,,,"A037","Exp2_004","E3_SPATIAL_NONPROGRESSIVE",loading,,,,,1,TRUE,10850.000,10900.000,537.303406,537.353455,1920,1046,"ObjectSlot1-4",1,1,"video_relative_to_screen_recording_start",75.060127,462243.281,462293.344,1,75.060127,"1781613114174","../../../../../../Project/UE5/Gallery/Saved/ScreenRecordings/A037_v2_20260616_203154_screen.mkv",462243.281,462293.344,462268.312,"1781613576416","1781613576466","2026-06-16T20:39:36.416+08:00","2026-06-16T20:39:36.466+08:00",526.453430,EXP2,"exp2_table",4,4,"1:1|2:2|3:3|4:4"
"exp2_target_object","实验二当前目标模型_头顶","Exp2_004_exp2_target_object_0436","video_relative_to_recording_start",rectangle,864,130,1739,832,,,,"A037","Exp2_004","E3_SPATIAL_NONPROGRESSIVE",loading,,,,,1,TRUE,10850.000,10900.000,537.303406,537.353455,1920,1046,"ObjectSlot4",1,0,"video_relative_to_screen_recording_start",75.060127,462243.281,462293.344,1,75.060127,"1781613114174","../../../../../../Project/UE5/Gallery/Saved/ScreenRecordings/A037_v2_20260616_203154_screen.mkv",462243.281,462293.344,462268.312,"1781613576416","1781613576466","2026-06-16T20:39:36.416+08:00","2026-06-16T20:39:36.466+08:00",526.453430,EXP2,"exp2_target",4,4,"1:1|2:2|3:3|4:4"
"exp2_table_objects","实验二桌面四模型总体区域","Exp2_004_exp2_table_objects_0437","video_relative_to_recording_start",rectangle,0,0,1624,1045,,,,"A037","Exp2_004","E3_SPATIAL_NONPROGRESSIVE",loading,,,,,1,TRUE,10900.000,10950.000,537.353455,537.403442,1920,1046,"ObjectSlot1-4",1,1,"video_relative_to_screen_recording_start",75.060127,462293.344,462343.312,1,75.060127,"1781613114174","../../../../../../Project/UE5/Gallery/Saved/ScreenRecordings/A037_v2_20260616_203154_screen.mkv",462293.344,462343.312,462318.312,"1781613576466","1781613576516","2026-06-16T20:39:36.466+08:00","2026-06-16T20:39:36.516+08:00",526.453430,EXP2,"exp2_table",4,4,"1:1|2:2|3:3|4:4"
"exp2_target_object","实验二当前目标模型_头顶","Exp2_004_exp2_target_object_0438","video_relative_to_recording_start",rectangle,777,112,1624,813,,,,"A037","Exp2_004","E3_SPATIAL_NONPROGRESSIVE",loading,,,,,1,TRUE,10900.000,10950.000,537.353455,537.403442,1920,1046,"ObjectSlot4",1,0,"video_relative_to_screen_recording_start",75.060127,462293.344,462343.312,1,75.060127,"1781613114174","../../../../../../Project/UE5/Gallery/Saved/ScreenRecordings/A037_v2_20260616_203154_screen.mkv",462293.344,462343.312,462318.312,"1781613576466","1781613576516","2026-06-16T20:39:36.466+08:00","2026-06-16T20:39:36.516+08:00",526.453430,EXP2,"exp2_target",4,4,"1:1|2:2|3:3|4:4"
"exp2_table_objects","实验二桌面四模型总体区域","Exp2_004_exp2_table_objects_0439","video_relative_to_recording_start",rectangle,0,0,1532,1045,,,,"A037","Exp2_004","E3_SPATIAL_NONPROGRESSIVE",loading,,,,,1,TRUE,10950.000,11000.000,537.403442,537.453430,1920,1046,"ObjectSlot1-4",1,1,"video_relative_to_screen_recording_start",75.060127,462343.312,462393.312,1,75.060127,"1781613114174","../../../../../../Project/UE5/Gallery/Saved/ScreenRecordings/A037_v2_20260616_203154_screen.mkv",462343.312,462393.312,462368.312,"1781613576516","1781613576566","2026-06-16T20:39:36.516+08:00","2026-06-16T20:39:36.566+08:00",526.453430,EXP2,"exp2_table",4,4,"1:1|2:2|3:3|4:4"
"exp2_target_object","实验二当前目标模型_头顶","Exp2_004_exp2_target_object_0440","video_relative_to_recording_start",rectangle,699,92,1532,795,,,,"A037","Exp2_004","E3_SPATIAL_NONPROGRESSIVE",loading,,,,,1,TRUE,10950.000,11000.000,537.403442,537.453430,1920,1046,"ObjectSlot4",1,0,"video_relative_to_screen_recording_start",75.060127,462343.312,462393.312,1,75.060127,"1781613114174","../../../../../../Project/UE5/Gallery/Saved/ScreenRecordings/A037_v2_20260616_203154_screen.mkv",462343.312,462393.312,462368.312,"1781613576516","1781613576566","2026-06-16T20:39:36.516+08:00","2026-06-16T20:39:36.566+08:00",526.453430,EXP2,"exp2_target",4,4,"1:1|2:2|3:3|4:4"
"exp2_table_objects","实验二桌面四模型总体区域","Exp2_004_exp2_table_objects_0441","video_relative_to_recording_start",rectangle,0,0,1532,1045,,,,"A037","Exp2_004","E3_SPATIAL_NONPROGRESSIVE",loading,,,,,1,TRUE,11000.000,11050.000,537.453430,537.503418,1920,1046,"ObjectSlot1-4",1,1,"video_relative_to_screen_recording_start",75.060127,462393.312,462443.312,1,75.060127,"1781613114174","../../../../../../Project/UE5/Gallery/Saved/ScreenRecordings/A037_v2_20260616_203154_screen.mkv",462393.312,462443.312,462418.312,"1781613576566","1781613576616","2026-06-16T20:39:36.566+08:00","2026-06-16T20:39:36.616+08:00",526.453430,EXP2,"exp2_table",4,4,"1:1|2:2|3:3|4:4"
"exp2_target_object","实验二当前目标模型_头顶","Exp2_004_exp2_target_object_0442","video_relative_to_recording_start",rectangle,699,92,1532,795,,,,"A037","Exp2_004","E3_SPATIAL_NONPROGRESSIVE",loading,,,,,1,TRUE,11000.000,11050.000,537.453430,537.503418,1920,1046,"ObjectSlot4",1,0,"video_relative_to_screen_recording_start",75.060127,462393.312,462443.312,1,75.060127,"1781613114174","../../../../../../Project/UE5/Gallery/Saved/ScreenRecordings/A037_v2_20260616_203154_screen.mkv",462393.312,462443.312,462418.312,"1781613576566","1781613576616","2026-06-16T20:39:36.566+08:00","2026-06-16T20:39:36.616+08:00",526.453430,EXP2,"exp2_target",4,4,"1:1|2:2|3:3|4:4"
"exp2_table_objects","实验二桌面四模型总体区域","Exp2_004_exp2_table_objects_0443","video_relative_to_recording_start",rectangle,0,0,1482,1045,,,,"A037","Exp2_004","E3_SPATIAL_NONPROGRESSIVE",loading,,,,,1,TRUE,11050.000,11100.000,537.503418,537.553406,1920,1046,"ObjectSlot1-4",1,1,"video_relative_to_screen_recording_start",75.060127,462443.312,462493.281,1,75.060127,"1781613114174","../../../../../../Project/UE5/Gallery/Saved/ScreenRecordings/A037_v2_20260616_203154_screen.mkv",462443.312,462493.281,462468.312,"1781613576616","1781613576666","2026-06-16T20:39:36.616+08:00","2026-06-16T20:39:36.666+08:00",526.453430,EXP2,"exp2_table",4,4,"1:1|2:2|3:3|4:4"
"exp2_target_object","实验二当前目标模型_头顶","Exp2_004_exp2_target_object_0444","video_relative_to_recording_start",rectangle,654,80,1482,786,,,,"A037","Exp2_004","E3_SPATIAL_NONPROGRESSIVE",loading,,,,,1,TRUE,11050.000,11100.000,537.503418,537.553406,1920,1046,"ObjectSlot4",1,0,"video_relative_to_screen_recording_start",75.060127,462443.312,462493.281,1,75.060127,"1781613114174","../../../../../../Project/UE5/Gallery/Saved/ScreenRecordings/A037_v2_20260616_203154_screen.mkv",462443.312,462493.281,462468.312,"1781613576616","1781613576666","2026-06-16T20:39:36.616+08:00","2026-06-16T20:39:36.666+08:00",526.453430,EXP2,"exp2_target",4,4,"1:1|2:2|3:3|4:4"
"exp2_table_objects","实验二桌面四模型总体区域","Exp2_004_exp2_table_objects_0445","video_relative_to_recording_start",rectangle,0,0,1426,1045,,,,"A037","Exp2_004","E3_SPATIAL_NONPROGRESSIVE",loading,,,,,1,TRUE,11100.000,11150.000,537.553406,537.603455,1920,1046,"ObjectSlot1-4",1,1,"video_relative_to_screen_recording_start",75.060127,462493.281,462543.344,1,75.060127,"1781613114174","../../../../../../Project/UE5/Gallery/Saved/ScreenRecordings/A037_v2_20260616_203154_screen.mkv",462493.281,462543.344,462518.312,"1781613576666","1781613576716","2026-06-16T20:39:36.666+08:00","2026-06-16T20:39:36.716+08:00",526.453430,EXP2,"exp2_table",4,4,"1:1|2:2|3:3|4:4"
"exp2_target_object","实验二当前目标模型_头顶","Exp2_004_exp2_target_object_0446","video_relative_to_recording_start",rectangle,600,69,1426,780,,,,"A037","Exp2_004","E3_SPATIAL_NONPROGRESSIVE",loading,,,,,1,TRUE,11100.000,11150.000,537.553406,537.603455,1920,1046,"ObjectSlot4",1,0,"video_relative_to_screen_recording_start",75.060127,462493.281,462543.344,1,75.060127,"1781613114174","../../../../../../Project/UE5/Gallery/Saved/ScreenRecordings/A037_v2_20260616_203154_screen.mkv",462493.281,462543.344,462518.312,"1781613576666","1781613576716","2026-06-16T20:39:36.666+08:00","2026-06-16T20:39:36.716+08:00",526.453430,EXP2,"exp2_target",4,4,"1:1|2:2|3:3|4:4"
"exp2_table_objects","实验二桌面四模型总体区域","Exp2_004_exp2_table_objects_0447","video_relative_to_recording_start",rectangle,0,0,1358,1045,,,,"A037","Exp2_004","E3_SPATIAL_NONPROGRESSIVE",loading,,,,,1,TRUE,11150.000,11200.000,537.603455,537.653442,1920,1046,"ObjectSlot1-4",1,1,"video_relative_to_screen_recording_start",75.060127,462543.344,462593.312,1,75.060127,"1781613114174","../../../../../../Project/UE5/Gallery/Saved/ScreenRecordings/A037_v2_20260616_203154_screen.mkv",462543.344,462593.312,462568.312,"1781613576716","1781613576766","2026-06-16T20:39:36.716+08:00","2026-06-16T20:39:36.766+08:00",526.453430,EXP2,"exp2_table",4,4,"1:1|2:2|3:3|4:4"
"exp2_target_object","实验二当前目标模型_头顶","Exp2_004_exp2_target_object_0448","video_relative_to_recording_start",rectangle,530,55,1358,772,,,,"A037","Exp2_004","E3_SPATIAL_NONPROGRESSIVE",loading,,,,,1,TRUE,11150.000,11200.000,537.603455,537.653442,1920,1046,"ObjectSlot4",1,0,"video_relative_to_screen_recording_start",75.060127,462543.344,462593.312,1,75.060127,"1781613114174","../../../../../../Project/UE5/Gallery/Saved/ScreenRecordings/A037_v2_20260616_203154_screen.mkv",462543.344,462593.312,462568.312,"1781613576716","1781613576766","2026-06-16T20:39:36.716+08:00","2026-06-16T20:39:36.766+08:00",526.453430,EXP2,"exp2_target",4,4,"1:1|2:2|3:3|4:4"
"exp2_table_objects","实验二桌面四模型总体区域","Exp2_004_exp2_table_objects_0449","video_relative_to_recording_start",rectangle,0,0,1298,1045,,,,"A037","Exp2_004","E3_SPATIAL_NONPROGRESSIVE",loading,,,,,1,TRUE,11200.000,11250.000,537.653442,537.703430,1920,1046,"ObjectSlot1-4",1,1,"video_relative_to_screen_recording_start",75.060127,462593.312,462643.312,1,75.060127,"1781613114174","../../../../../../Project/UE5/Gallery/Saved/ScreenRecordings/A037_v2_20260616_203154_screen.mkv",462593.312,462643.312,462618.312,"1781613576766","1781613576816","2026-06-16T20:39:36.766+08:00","2026-06-16T20:39:36.816+08:00",526.453430,EXP2,"exp2_table",4,4,"1:1|2:2|3:3|4:4"
"exp2_target_object","实验二当前目标模型_头顶","Exp2_004_exp2_target_object_0450","video_relative_to_recording_start",rectangle,463,45,1298,769,,,,"A037","Exp2_004","E3_SPATIAL_NONPROGRESSIVE",loading,,,,,1,TRUE,11200.000,11250.000,537.653442,537.703430,1920,1046,"ObjectSlot4",1,0,"video_relative_to_screen_recording_start",75.060127,462593.312,462643.312,1,75.060127,"1781613114174","../../../../../../Project/UE5/Gallery/Saved/ScreenRecordings/A037_v2_20260616_203154_screen.mkv",462593.312,462643.312,462618.312,"1781613576766","1781613576816","2026-06-16T20:39:36.766+08:00","2026-06-16T20:39:36.816+08:00",526.453430,EXP2,"exp2_target",4,4,"1:1|2:2|3:3|4:4"
"exp2_table_objects","实验二桌面四模型总体区域","Exp2_004_exp2_table_objects_0451","video_relative_to_recording_start",rectangle,0,0,1298,1045,,,,"A037","Exp2_004","E3_SPATIAL_NONPROGRESSIVE",loading,,,,,1,TRUE,11250.000,11300.000,537.703430,537.753418,1920,1046,"ObjectSlot1-4",1,1,"video_relative_to_screen_recording_start",75.060127,462643.312,462693.312,1,75.060127,"1781613114174","../../../../../../Project/UE5/Gallery/Saved/ScreenRecordings/A037_v2_20260616_203154_screen.mkv",462643.312,462693.312,462668.312,"1781613576816","1781613576866","2026-06-16T20:39:36.816+08:00","2026-06-16T20:39:36.866+08:00",526.453430,EXP2,"exp2_table",4,4,"1:1|2:2|3:3|4:4"
"exp2_target_object","实验二当前目标模型_头顶","Exp2_004_exp2_target_object_0452","video_relative_to_recording_start",rectangle,463,45,1298,769,,,,"A037","Exp2_004","E3_SPATIAL_NONPROGRESSIVE",loading,,,,,1,TRUE,11250.000,11300.000,537.703430,537.753418,1920,1046,"ObjectSlot4",1,0,"video_relative_to_screen_recording_start",75.060127,462643.312,462693.312,1,75.060127,"1781613114174","../../../../../../Project/UE5/Gallery/Saved/ScreenRecordings/A037_v2_20260616_203154_screen.mkv",462643.312,462693.312,462668.312,"1781613576816","1781613576866","2026-06-16T20:39:36.816+08:00","2026-06-16T20:39:36.866+08:00",526.453430,EXP2,"exp2_target",4,4,"1:1|2:2|3:3|4:4"
"exp2_table_objects","实验二桌面四模型总体区域","Exp2_004_exp2_table_objects_0453","video_relative_to_recording_start",rectangle,0,0,1279,1045,,,,"A037","Exp2_004","E3_SPATIAL_NONPROGRESSIVE",loading,,,,,1,TRUE,11300.000,11350.000,537.753418,537.803406,1920,1046,"ObjectSlot1-4",1,1,"video_relative_to_screen_recording_start",75.060127,462693.312,462743.281,1,75.060127,"1781613114174","../../../../../../Project/UE5/Gallery/Saved/ScreenRecordings/A037_v2_20260616_203154_screen.mkv",462693.312,462743.281,462718.312,"1781613576866","1781613576916","2026-06-16T20:39:36.866+08:00","2026-06-16T20:39:36.916+08:00",526.453430,EXP2,"exp2_table",4,4,"1:1|2:2|3:3|4:4"
"exp2_target_object","实验二当前目标模型_头顶","Exp2_004_exp2_target_object_0454","video_relative_to_recording_start",rectangle,442,43,1279,770,,,,"A037","Exp2_004","E3_SPATIAL_NONPROGRESSIVE",loading,,,,,1,TRUE,11300.000,11350.000,537.753418,537.803406,1920,1046,"ObjectSlot4",1,0,"video_relative_to_screen_recording_start",75.060127,462693.312,462743.281,1,75.060127,"1781613114174","../../../../../../Project/UE5/Gallery/Saved/ScreenRecordings/A037_v2_20260616_203154_screen.mkv",462693.312,462743.281,462718.312,"1781613576866","1781613576916","2026-06-16T20:39:36.866+08:00","2026-06-16T20:39:36.916+08:00",526.453430,EXP2,"exp2_target",4,4,"1:1|2:2|3:3|4:4"
"exp2_table_objects","实验二桌面四模型总体区域","Exp2_004_exp2_table_objects_0455","video_relative_to_recording_start",rectangle,0,0,1279,1045,,,,"A037","Exp2_004","E3_SPATIAL_NONPROGRESSIVE",loading,,,,,1,TRUE,11350.000,11400.000,537.803406,537.853455,1920,1046,"ObjectSlot1-4",1,1,"video_relative_to_screen_recording_start",75.060127,462743.281,462793.344,1,75.060127,"1781613114174","../../../../../../Project/UE5/Gallery/Saved/ScreenRecordings/A037_v2_20260616_203154_screen.mkv",462743.281,462793.344,462768.312,"1781613576916","1781613576966","2026-06-16T20:39:36.916+08:00","2026-06-16T20:39:36.966+08:00",526.453430,EXP2,"exp2_table",4,4,"1:1|2:2|3:3|4:4"
"exp2_target_object","实验二当前目标模型_头顶","Exp2_004_exp2_target_object_0456","video_relative_to_recording_start",rectangle,442,43,1279,770,,,,"A037","Exp2_004","E3_SPATIAL_NONPROGRESSIVE",loading,,,,,1,TRUE,11350.000,11400.000,537.803406,537.853455,1920,1046,"ObjectSlot4",1,0,"video_relative_to_screen_recording_start",75.060127,462743.281,462793.344,1,75.060127,"1781613114174","../../../../../../Project/UE5/Gallery/Saved/ScreenRecordings/A037_v2_20260616_203154_screen.mkv",462743.281,462793.344,462768.312,"1781613576916","1781613576966","2026-06-16T20:39:36.916+08:00","2026-06-16T20:39:36.966+08:00",526.453430,EXP2,"exp2_target",4,4,"1:1|2:2|3:3|4:4"
"exp2_table_objects","实验二桌面四模型总体区域","Exp2_004_exp2_table_objects_0457","video_relative_to_recording_start",rectangle,0,0,1279,1045,,,,"A037","Exp2_004","E3_SPATIAL_NONPROGRESSIVE",loading,,,,,1,TRUE,11400.000,11450.000,537.853455,537.903442,1920,1046,"ObjectSlot1-4",1,1,"video_relative_to_screen_recording_start",75.060127,462793.344,462843.312,1,75.060127,"1781613114174","../../../../../../Project/UE5/Gallery/Saved/ScreenRecordings/A037_v2_20260616_203154_screen.mkv",462793.344,462843.312,462818.312,"1781613576966","1781613577016","2026-06-16T20:39:36.966+08:00","2026-06-16T20:39:37.016+08:00",526.453430,EXP2,"exp2_table",4,4,"1:1|2:2|3:3|4:4"
"exp2_target_object","实验二当前目标模型_头顶","Exp2_004_exp2_target_object_0458","video_relative_to_recording_start",rectangle,442,43,1279,770,,,,"A037","Exp2_004","E3_SPATIAL_NONPROGRESSIVE",loading,,,,,1,TRUE,11400.000,11450.000,537.853455,537.903442,1920,1046,"ObjectSlot4",1,0,"video_relative_to_screen_recording_start",75.060127,462793.344,462843.312,1,75.060127,"1781613114174","../../../../../../Project/UE5/Gallery/Saved/ScreenRecordings/A037_v2_20260616_203154_screen.mkv",462793.344,462843.312,462818.312,"1781613576966","1781613577016","2026-06-16T20:39:36.966+08:00","2026-06-16T20:39:37.016+08:00",526.453430,EXP2,"exp2_target",4,4,"1:1|2:2|3:3|4:4"
"exp2_table_objects","实验二桌面四模型总体区域","Exp2_004_exp2_table_objects_0459","video_relative_to_recording_start",rectangle,0,0,1279,1045,,,,"A037","Exp2_004","E3_SPATIAL_NONPROGRESSIVE",loading,,,,,1,TRUE,11450.000,11500.000,537.903442,537.953430,1920,1046,"ObjectSlot1-4",1,1,"video_relative_to_screen_recording_start",75.060127,462843.312,462893.312,1,75.060127,"1781613114174","../../../../../../Project/UE5/Gallery/Saved/ScreenRecordings/A037_v2_20260616_203154_screen.mkv",462843.312,462893.312,462868.312,"1781613577016","1781613577066","2026-06-16T20:39:37.016+08:00","2026-06-16T20:39:37.066+08:00",526.453430,EXP2,"exp2_table",4,4,"1:1|2:2|3:3|4:4"
"exp2_target_object","实验二当前目标模型_头顶","Exp2_004_exp2_target_object_0460","video_relative_to_recording_start",rectangle,442,43,1279,770,,,,"A037","Exp2_004","E3_SPATIAL_NONPROGRESSIVE",loading,,,,,1,TRUE,11450.000,11500.000,537.903442,537.953430,1920,1046,"ObjectSlot4",1,0,"video_relative_to_screen_recording_start",75.060127,462843.312,462893.312,1,75.060127,"1781613114174","../../../../../../Project/UE5/Gallery/Saved/ScreenRecordings/A037_v2_20260616_203154_screen.mkv",462843.312,462893.312,462868.312,"1781613577016","1781613577066","2026-06-16T20:39:37.016+08:00","2026-06-16T20:39:37.066+08:00",526.453430,EXP2,"exp2_target",4,4,"1:1|2:2|3:3|4:4"
"exp2_table_objects","实验二桌面四模型总体区域","Exp2_004_exp2_table_objects_0461","video_relative_to_recording_start",rectangle,0,0,1279,1045,,,,"A037","Exp2_004","E3_SPATIAL_NONPROGRESSIVE",loading,,,,,1,TRUE,11500.000,11550.000,537.953430,538.003418,1920,1046,"ObjectSlot1-4",1,1,"video_relative_to_screen_recording_start",75.060127,462893.312,462943.312,1,75.060127,"1781613114174","../../../../../../Project/UE5/Gallery/Saved/ScreenRecordings/A037_v2_20260616_203154_screen.mkv",462893.312,462943.312,462918.312,"1781613577066","1781613577116","2026-06-16T20:39:37.066+08:00","2026-06-16T20:39:37.116+08:00",526.453430,EXP2,"exp2_table",4,4,"1:1|2:2|3:3|4:4"
"exp2_target_object","实验二当前目标模型_头顶","Exp2_004_exp2_target_object_0462","video_relative_to_recording_start",rectangle,442,43,1279,770,,,,"A037","Exp2_004","E3_SPATIAL_NONPROGRESSIVE",loading,,,,,1,TRUE,11500.000,11550.000,537.953430,538.003418,1920,1046,"ObjectSlot4",1,0,"video_relative_to_screen_recording_start",75.060127,462893.312,462943.312,1,75.060127,"1781613114174","../../../../../../Project/UE5/Gallery/Saved/ScreenRecordings/A037_v2_20260616_203154_screen.mkv",462893.312,462943.312,462918.312,"1781613577066","1781613577116","2026-06-16T20:39:37.066+08:00","2026-06-16T20:39:37.116+08:00",526.453430,EXP2,"exp2_target",4,4,"1:1|2:2|3:3|4:4"
"exp2_table_objects","实验二桌面四模型总体区域","Exp2_004_exp2_table_objects_0463","video_relative_to_recording_start",rectangle,0,0,1279,1045,,,,"A037","Exp2_004","E3_SPATIAL_NONPROGRESSIVE",loading,,,,,1,TRUE,11550.000,11600.000,538.003418,538.053406,1920,1046,"ObjectSlot1-4",1,1,"video_relative_to_screen_recording_start",75.060127,462943.312,462993.281,1,75.060127,"1781613114174","../../../../../../Project/UE5/Gallery/Saved/ScreenRecordings/A037_v2_20260616_203154_screen.mkv",462943.312,462993.281,462968.312,"1781613577116","1781613577166","2026-06-16T20:39:37.116+08:00","2026-06-16T20:39:37.166+08:00",526.453430,EXP2,"exp2_table",4,4,"1:1|2:2|3:3|4:4"
"exp2_target_object","实验二当前目标模型_头顶","Exp2_004_exp2_target_object_0464","video_relative_to_recording_start",rectangle,442,43,1279,770,,,,"A037","Exp2_004","E3_SPATIAL_NONPROGRESSIVE",loading,,,,,1,TRUE,11550.000,11600.000,538.003418,538.053406,1920,1046,"ObjectSlot4",1,0,"video_relative_to_screen_recording_start",75.060127,462943.312,462993.281,1,75.060127,"1781613114174","../../../../../../Project/UE5/Gallery/Saved/ScreenRecordings/A037_v2_20260616_203154_screen.mkv",462943.312,462993.281,462968.312,"1781613577116","1781613577166","2026-06-16T20:39:37.116+08:00","2026-06-16T20:39:37.166+08:00",526.453430,EXP2,"exp2_target",4,4,"1:1|2:2|3:3|4:4"
"exp2_table_objects","实验二桌面四模型总体区域","Exp2_004_exp2_table_objects_0465","video_relative_to_recording_start",rectangle,0,0,1279,1045,,,,"A037","Exp2_004","E3_SPATIAL_NONPROGRESSIVE",loading,,,,,1,TRUE,11600.000,11650.000,538.053406,538.103455,1920,1046,"ObjectSlot1-4",1,1,"video_relative_to_screen_recording_start",75.060127,462993.281,463043.344,1,75.060127,"1781613114174","../../../../../../Project/UE5/Gallery/Saved/ScreenRecordings/A037_v2_20260616_203154_screen.mkv",462993.281,463043.344,463018.312,"1781613577166","1781613577216","2026-06-16T20:39:37.166+08:00","2026-06-16T20:39:37.216+08:00",526.453430,EXP2,"exp2_table",4,4,"1:1|2:2|3:3|4:4"
"exp2_target_object","实验二当前目标模型_头顶","Exp2_004_exp2_target_object_0466","video_relative_to_recording_start",rectangle,442,43,1279,770,,,,"A037","Exp2_004","E3_SPATIAL_NONPROGRESSIVE",loading,,,,,1,TRUE,11600.000,11650.000,538.053406,538.103455,1920,1046,"ObjectSlot4",1,0,"video_relative_to_screen_recording_start",75.060127,462993.281,463043.344,1,75.060127,"1781613114174","../../../../../../Project/UE5/Gallery/Saved/ScreenRecordings/A037_v2_20260616_203154_screen.mkv",462993.281,463043.344,463018.312,"1781613577166","1781613577216","2026-06-16T20:39:37.166+08:00","2026-06-16T20:39:37.216+08:00",526.453430,EXP2,"exp2_target",4,4,"1:1|2:2|3:3|4:4"
"exp2_table_objects","实验二桌面四模型总体区域","Exp2_004_exp2_table_objects_0467","video_relative_to_recording_start",rectangle,0,0,1279,1045,,,,"A037","Exp2_004","E3_SPATIAL_NONPROGRESSIVE",loading,,,,,1,TRUE,11650.000,11700.000,538.103455,538.153442,1920,1046,"ObjectSlot1-4",1,1,"video_relative_to_screen_recording_start",75.060127,463043.344,463093.312,1,75.060127,"1781613114174","../../../../../../Project/UE5/Gallery/Saved/ScreenRecordings/A037_v2_20260616_203154_screen.mkv",463043.344,463093.312,463068.312,"1781613577216","1781613577266","2026-06-16T20:39:37.216+08:00","2026-06-16T20:39:37.266+08:00",526.453430,EXP2,"exp2_table",4,4,"1:1|2:2|3:3|4:4"
"exp2_target_object","实验二当前目标模型_头顶","Exp2_004_exp2_target_object_0468","video_relative_to_recording_start",rectangle,442,43,1279,770,,,,"A037","Exp2_004","E3_SPATIAL_NONPROGRESSIVE",loading,,,,,1,TRUE,11650.000,11700.000,538.103455,538.153442,1920,1046,"ObjectSlot4",1,0,"video_relative_to_screen_recording_start",75.060127,463043.344,463093.312,1,75.060127,"1781613114174","../../../../../../Project/UE5/Gallery/Saved/ScreenRecordings/A037_v2_20260616_203154_screen.mkv",463043.344,463093.312,463068.312,"1781613577216","1781613577266","2026-06-16T20:39:37.216+08:00","2026-06-16T20:39:37.266+08:00",526.453430,EXP2,"exp2_target",4,4,"1:1|2:2|3:3|4:4"
"exp2_table_objects","实验二桌面四模型总体区域","Exp2_004_exp2_table_objects_0469","video_relative_to_recording_start",rectangle,0,0,1257,1045,,,,"A037","Exp2_004","E3_SPATIAL_NONPROGRESSIVE",loading,,,,,1,TRUE,11700.000,11750.000,538.153442,538.203430,1920,1046,"ObjectSlot1-4",1,1,"video_relative_to_screen_recording_start",75.060127,463093.312,463143.312,1,75.060127,"1781613114174","../../../../../../Project/UE5/Gallery/Saved/ScreenRecordings/A037_v2_20260616_203154_screen.mkv",463093.312,463143.312,463118.312,"1781613577266","1781613577316","2026-06-16T20:39:37.266+08:00","2026-06-16T20:39:37.316+08:00",526.453430,EXP2,"exp2_table",4,4,"1:1|2:2|3:3|4:4"
"exp2_target_object","实验二当前目标模型_头顶","Exp2_004_exp2_target_object_0470","video_relative_to_recording_start",rectangle,435,114,1257,837,,,,"A037","Exp2_004","E3_SPATIAL_NONPROGRESSIVE",loading,,,,,1,TRUE,11700.000,11750.000,538.153442,538.203430,1920,1046,"ObjectSlot4",1,0,"video_relative_to_screen_recording_start",75.060127,463093.312,463143.312,1,75.060127,"1781613114174","../../../../../../Project/UE5/Gallery/Saved/ScreenRecordings/A037_v2_20260616_203154_screen.mkv",463093.312,463143.312,463118.312,"1781613577266","1781613577316","2026-06-16T20:39:37.266+08:00","2026-06-16T20:39:37.316+08:00",526.453430,EXP2,"exp2_target",4,4,"1:1|2:2|3:3|4:4"
"exp2_table_objects","实验二桌面四模型总体区域","Exp2_004_exp2_table_objects_0471","video_relative_to_recording_start",rectangle,0,66,1257,1045,,,,"A037","Exp2_004","E3_SPATIAL_NONPROGRESSIVE",loading,,,,,1,TRUE,11750.000,11800.000,538.203430,538.253418,1920,1046,"ObjectSlot1-4",1,1,"video_relative_to_screen_recording_start",75.060127,463143.312,463193.312,1,75.060127,"1781613114174","../../../../../../Project/UE5/Gallery/Saved/ScreenRecordings/A037_v2_20260616_203154_screen.mkv",463143.312,463193.312,463168.312,"1781613577316","1781613577366","2026-06-16T20:39:37.316+08:00","2026-06-16T20:39:37.366+08:00",526.453430,EXP2,"exp2_table",4,4,"1:1|2:2|3:3|4:4"
"exp2_target_object","实验二当前目标模型_头顶","Exp2_004_exp2_target_object_0472","video_relative_to_recording_start",rectangle,452,198,1257,919,,,,"A037","Exp2_004","E3_SPATIAL_NONPROGRESSIVE",loading,,,,,1,TRUE,11750.000,11800.000,538.203430,538.253418,1920,1046,"ObjectSlot4",1,0,"video_relative_to_screen_recording_start",75.060127,463143.312,463193.312,1,75.060127,"1781613114174","../../../../../../Project/UE5/Gallery/Saved/ScreenRecordings/A037_v2_20260616_203154_screen.mkv",463143.312,463193.312,463168.312,"1781613577316","1781613577366","2026-06-16T20:39:37.316+08:00","2026-06-16T20:39:37.366+08:00",526.453430,EXP2,"exp2_target",4,4,"1:1|2:2|3:3|4:4"
"exp2_table_objects","实验二桌面四模型总体区域","Exp2_004_exp2_table_objects_0473","video_relative_to_recording_start",rectangle,0,66,1257,1045,,,,"A037","Exp2_004","E3_SPATIAL_NONPROGRESSIVE",loading,,,,,1,TRUE,11800.000,11850.000,538.253418,538.303406,1920,1046,"ObjectSlot1-4",1,1,"video_relative_to_screen_recording_start",75.060127,463193.312,463243.281,1,75.060127,"1781613114174","../../../../../../Project/UE5/Gallery/Saved/ScreenRecordings/A037_v2_20260616_203154_screen.mkv",463193.312,463243.281,463218.312,"1781613577366","1781613577416","2026-06-16T20:39:37.366+08:00","2026-06-16T20:39:37.416+08:00",526.453430,EXP2,"exp2_table",4,4,"1:1|2:2|3:3|4:4"
"exp2_target_object","实验二当前目标模型_头顶","Exp2_004_exp2_target_object_0474","video_relative_to_recording_start",rectangle,452,198,1257,919,,,,"A037","Exp2_004","E3_SPATIAL_NONPROGRESSIVE",loading,,,,,1,TRUE,11800.000,11850.000,538.253418,538.303406,1920,1046,"ObjectSlot4",1,0,"video_relative_to_screen_recording_start",75.060127,463193.312,463243.281,1,75.060127,"1781613114174","../../../../../../Project/UE5/Gallery/Saved/ScreenRecordings/A037_v2_20260616_203154_screen.mkv",463193.312,463243.281,463218.312,"1781613577366","1781613577416","2026-06-16T20:39:37.366+08:00","2026-06-16T20:39:37.416+08:00",526.453430,EXP2,"exp2_target",4,4,"1:1|2:2|3:3|4:4"
"exp2_table_objects","实验二桌面四模型总体区域","Exp2_004_exp2_table_objects_0475","video_relative_to_recording_start",rectangle,0,78,1253,1045,,,,"A037","Exp2_004","E3_SPATIAL_NONPROGRESSIVE",loading,,,,,1,TRUE,11850.000,11900.000,538.303406,538.353455,1920,1046,"ObjectSlot1-4",1,1,"video_relative_to_screen_recording_start",75.060127,463243.281,463293.344,1,75.060127,"1781613114174","../../../../../../Project/UE5/Gallery/Saved/ScreenRecordings/A037_v2_20260616_203154_screen.mkv",463243.281,463293.344,463268.312,"1781613577416","1781613577466","2026-06-16T20:39:37.416+08:00","2026-06-16T20:39:37.466+08:00",526.453430,EXP2,"exp2_table",4,4,"1:1|2:2|3:3|4:4"
"exp2_target_object","实验二当前目标模型_头顶","Exp2_004_exp2_target_object_0476","video_relative_to_recording_start",rectangle,450,211,1253,934,,,,"A037","Exp2_004","E3_SPATIAL_NONPROGRESSIVE",loading,,,,,1,TRUE,11850.000,11900.000,538.303406,538.353455,1920,1046,"ObjectSlot4",1,0,"video_relative_to_screen_recording_start",75.060127,463243.281,463293.344,1,75.060127,"1781613114174","../../../../../../Project/UE5/Gallery/Saved/ScreenRecordings/A037_v2_20260616_203154_screen.mkv",463243.281,463293.344,463268.312,"1781613577416","1781613577466","2026-06-16T20:39:37.416+08:00","2026-06-16T20:39:37.466+08:00",526.453430,EXP2,"exp2_target",4,4,"1:1|2:2|3:3|4:4"
"exp2_table_objects","实验二桌面四模型总体区域","Exp2_004_exp2_table_objects_0477","video_relative_to_recording_start",rectangle,0,96,1245,1045,,,,"A037","Exp2_004","E3_SPATIAL_NONPROGRESSIVE",loading,,,,,1,TRUE,11900.000,11950.000,538.353455,538.403442,1920,1046,"ObjectSlot1-4",1,1,"video_relative_to_screen_recording_start",75.060127,463293.344,463343.312,1,75.060127,"1781613114174","../../../../../../Project/UE5/Gallery/Saved/ScreenRecordings/A037_v2_20260616_203154_screen.mkv",463293.344,463343.312,463318.312,"1781613577466","1781613577516","2026-06-16T20:39:37.466+08:00","2026-06-16T20:39:37.516+08:00",526.453430,EXP2,"exp2_table",4,4,"1:1|2:2|3:3|4:4"
"exp2_target_object","实验二当前目标模型_头顶","Exp2_004_exp2_target_object_0478","video_relative_to_recording_start",rectangle,444,231,1245,957,,,,"A037","Exp2_004","E3_SPATIAL_NONPROGRESSIVE",loading,,,,,1,TRUE,11900.000,11950.000,538.353455,538.403442,1920,1046,"ObjectSlot4",1,0,"video_relative_to_screen_recording_start",75.060127,463293.344,463343.312,1,75.060127,"1781613114174","../../../../../../Project/UE5/Gallery/Saved/ScreenRecordings/A037_v2_20260616_203154_screen.mkv",463293.344,463343.312,463318.312,"1781613577466","1781613577516","2026-06-16T20:39:37.466+08:00","2026-06-16T20:39:37.516+08:00",526.453430,EXP2,"exp2_target",4,4,"1:1|2:2|3:3|4:4"
"exp2_table_objects","实验二桌面四模型总体区域","Exp2_004_exp2_table_objects_0479","video_relative_to_recording_start",rectangle,0,198,1073,1045,,,,"A037","Exp2_004","E3_SPATIAL_NONPROGRESSIVE",loading,,,,,1,TRUE,11950.000,12001.282,538.403442,538.454712,1920,1046,"ObjectSlot1-4",1,1,"video_relative_to_screen_recording_start",75.060127,463343.312,463394.594,1,75.060127,"1781613114174","../../../../../../Project/UE5/Gallery/Saved/ScreenRecordings/A037_v2_20260616_203154_screen.mkv",463343.312,463394.594,463368.938,"1781613577516","1781613577568","2026-06-16T20:39:37.516+08:00","2026-06-16T20:39:37.567+08:00",526.453430,EXP2,"exp2_table",4,4,"1:1|2:2|3:3|4:4"
"exp2_target_object","实验二当前目标模型_头顶","Exp2_004_exp2_target_object_0480","video_relative_to_recording_start",rectangle,536,271,1073,889,,,,"A037","Exp2_004","E3_SPATIAL_NONPROGRESSIVE",loading,,,,,1,TRUE,11950.000,12001.282,538.403442,538.454712,1920,1046,"ObjectSlot4",1,0,"video_relative_to_screen_recording_start",75.060127,463343.312,463394.594,1,75.060127,"1781613114174","../../../../../../Project/UE5/Gallery/Saved/ScreenRecordings/A037_v2_20260616_203154_screen.mkv",463343.312,463394.594,463368.938,"1781613577516","1781613577568","2026-06-16T20:39:37.516+08:00","2026-06-16T20:39:37.567+08:00",526.453430,EXP2,"exp2_target",4,4,"1:1|2:2|3:3|4:4"
