aoi_group_id,aoi_name,shape_id,reference_id,shape_type,x_min,y_min,x_max,y_max,center_x,center_y,radius,participant,trial_id,condition,phase,time_start,time_end,time_start_event,time_end_event,priority,enabled,rel_start_ms,rel_end_ms,ue_time_start_sec,ue_time_end_sec,viewport_width,viewport_height,source_component,projection_valid,is_clamped,time_mode,session_start_world_sec,session_rel_start_ms,session_rel_end_ms,recording_active,recording_start_world_sec,recording_start_unix_ms,recording_file,video_time_start_ms,video_time_end_ms,time_ms,unix_start_ms,unix_end_ms,bjt_start,bjt_end,loading_start_world_sec,experiment_code,aoi_scope,target_content_index,target_display_index,slot_permutation
"b_preview_panel","B条件预览面板","T004_b_preview_panel_0001","video_relative_to_recording_start",rectangle,780,44,1159,602,,,,"A037","T004","B",loading,,,,,1,TRUE,0.000,50.000,872.692322,872.742310,1920,1046,"world_widget_card_size_box_geometry",1,0,"video_relative_to_screen_recording_start",461.390961,411301.375,411351.344,1,461.390961,"1781611657574","../../../../../../Project/UE5/Gallery/Saved/ScreenRecordings/A037_20260616_200737_screen.mkv",411301.375,411351.344,411326.375,"1781612068875","1781612068925","2026-06-16T20:14:28.875+08:00","2026-06-16T20:14:28.925+08:00",872.692322,EXP1,"b_preview",-1,-1,
"b_progress_bar","B条件进度条区域","T004_b_progress_bar_0002","video_relative_to_recording_start",rectangle,801,562,1138,576,,,,"A037","T004","B",loading,,,,,1,TRUE,0.000,50.000,872.692322,872.742310,1920,1046,"world_widget_loading_progress_bar_geometry",1,0,"video_relative_to_screen_recording_start",461.390961,411301.375,411351.344,1,461.390961,"1781611657574","../../../../../../Project/UE5/Gallery/Saved/ScreenRecordings/A037_20260616_200737_screen.mkv",411301.375,411351.344,411326.375,"1781612068875","1781612068925","2026-06-16T20:14:28.875+08:00","2026-06-16T20:14:28.925+08:00",872.692322,EXP1,"b_progress_bar",-1,-1,
"b_preview_panel","B条件预览面板","T004_b_preview_panel_0003","video_relative_to_recording_start",rectangle,780,44,1159,602,,,,"A037","T004","B",loading,,,,,1,TRUE,50.000,100.000,872.742310,872.792297,1920,1046,"world_widget_card_size_box_geometry",1,0,"video_relative_to_screen_recording_start",461.390961,411351.344,411401.344,1,461.390961,"1781611657574","../../../../../../Project/UE5/Gallery/Saved/ScreenRecordings/A037_20260616_200737_screen.mkv",411351.344,411401.344,411376.344,"1781612068925","1781612068975","2026-06-16T20:14:28.925+08:00","2026-06-16T20:14:28.975+08:00",872.692322,EXP1,"b_preview",-1,-1,
"b_progress_bar","B条件进度条区域","T004_b_progress_bar_0004","video_relative_to_recording_start",rectangle,801,562,1138,576,,,,"A037","T004","B",loading,,,,,1,TRUE,50.000,100.000,872.742310,872.792297,1920,1046,"world_widget_loading_progress_bar_geometry",1,0,"video_relative_to_screen_recording_start",461.390961,411351.344,411401.344,1,461.390961,"1781611657574","../../../../../../Project/UE5/Gallery/Saved/ScreenRecordings/A037_20260616_200737_screen.mkv",411351.344,411401.344,411376.344,"1781612068925","1781612068975","2026-06-16T20:14:28.925+08:00","2026-06-16T20:14:28.975+08:00",872.692322,EXP1,"b_progress_bar",-1,-1,
"b_preview_panel","B条件预览面板","T004_b_preview_panel_0005","video_relative_to_recording_start",rectangle,780,44,1159,602,,,,"A037","T004","B",loading,,,,,1,TRUE,100.000,150.000,872.792297,872.842346,1920,1046,"world_widget_card_size_box_geometry",1,0,"video_relative_to_screen_recording_start",461.390961,411401.344,411451.375,1,461.390961,"1781611657574","../../../../../../Project/UE5/Gallery/Saved/ScreenRecordings/A037_20260616_200737_screen.mkv",411401.344,411451.375,411426.375,"1781612068975","1781612069025","2026-06-16T20:14:28.975+08:00","2026-06-16T20:14:29.025+08:00",872.692322,EXP1,"b_preview",-1,-1,
"b_progress_bar","B条件进度条区域","T004_b_progress_bar_0006","video_relative_to_recording_start",rectangle,801,562,1138,576,,,,"A037","T004","B",loading,,,,,1,TRUE,100.000,150.000,872.792297,872.842346,1920,1046,"world_widget_loading_progress_bar_geometry",1,0,"video_relative_to_screen_recording_start",461.390961,411401.344,411451.375,1,461.390961,"1781611657574","../../../../../../Project/UE5/Gallery/Saved/ScreenRecordings/A037_20260616_200737_screen.mkv",411401.344,411451.375,411426.375,"1781612068975","1781612069025","2026-06-16T20:14:28.975+08:00","2026-06-16T20:14:29.025+08:00",872.692322,EXP1,"b_progress_bar",-1,-1,
"b_preview_panel","B条件预览面板","T004_b_preview_panel_0007","video_relative_to_recording_start",rectangle,780,44,1159,602,,,,"A037","T004","B",loading,,,,,1,TRUE,150.000,200.000,872.842346,872.892334,1920,1046,"world_widget_card_size_box_geometry",1,0,"video_relative_to_screen_recording_start",461.390961,411451.375,411501.375,1,461.390961,"1781611657574","../../../../../../Project/UE5/Gallery/Saved/ScreenRecordings/A037_20260616_200737_screen.mkv",411451.375,411501.375,411476.375,"1781612069025","1781612069075","2026-06-16T20:14:29.025+08:00","2026-06-16T20:14:29.075+08:00",872.692322,EXP1,"b_preview",-1,-1,
"b_progress_bar","B条件进度条区域","T004_b_progress_bar_0008","video_relative_to_recording_start",rectangle,801,562,1138,576,,,,"A037","T004","B",loading,,,,,1,TRUE,150.000,200.000,872.842346,872.892334,1920,1046,"world_widget_loading_progress_bar_geometry",1,0,"video_relative_to_screen_recording_start",461.390961,411451.375,411501.375,1,461.390961,"1781611657574","../../../../../../Project/UE5/Gallery/Saved/ScreenRecordings/A037_20260616_200737_screen.mkv",411451.375,411501.375,411476.375,"1781612069025","1781612069075","2026-06-16T20:14:29.025+08:00","2026-06-16T20:14:29.075+08:00",872.692322,EXP1,"b_progress_bar",-1,-1,
"b_preview_panel","B条件预览面板","T004_b_preview_panel_0009","video_relative_to_recording_start",rectangle,780,44,1159,602,,,,"A037","T004","B",loading,,,,,1,TRUE,200.000,250.000,872.892334,872.942322,1920,1046,"world_widget_card_size_box_geometry",1,0,"video_relative_to_screen_recording_start",461.390961,411501.375,411551.375,1,461.390961,"1781611657574","../../../../../../Project/UE5/Gallery/Saved/ScreenRecordings/A037_20260616_200737_screen.mkv",411501.375,411551.375,411526.375,"1781612069075","1781612069125","2026-06-16T20:14:29.075+08:00","2026-06-16T20:14:29.125+08:00",872.692322,EXP1,"b_preview",-1,-1,
"b_progress_bar","B条件进度条区域","T004_b_progress_bar_0010","video_relative_to_recording_start",rectangle,801,562,1138,576,,,,"A037","T004","B",loading,,,,,1,TRUE,200.000,250.000,872.892334,872.942322,1920,1046,"world_widget_loading_progress_bar_geometry",1,0,"video_relative_to_screen_recording_start",461.390961,411501.375,411551.375,1,461.390961,"1781611657574","../../../../../../Project/UE5/Gallery/Saved/ScreenRecordings/A037_20260616_200737_screen.mkv",411501.375,411551.375,411526.375,"1781612069075","1781612069125","2026-06-16T20:14:29.075+08:00","2026-06-16T20:14:29.125+08:00",872.692322,EXP1,"b_progress_bar",-1,-1,
"b_preview_panel","B条件预览面板","T004_b_preview_panel_0011","video_relative_to_recording_start",rectangle,780,44,1159,602,,,,"A037","T004","B",loading,,,,,1,TRUE,250.000,300.000,872.942322,872.992310,1920,1046,"world_widget_card_size_box_geometry",1,0,"video_relative_to_screen_recording_start",461.390961,411551.375,411601.344,1,461.390961,"1781611657574","../../../../../../Project/UE5/Gallery/Saved/ScreenRecordings/A037_20260616_200737_screen.mkv",411551.375,411601.344,411576.375,"1781612069125","1781612069175","2026-06-16T20:14:29.125+08:00","2026-06-16T20:14:29.175+08:00",872.692322,EXP1,"b_preview",-1,-1,
"b_progress_bar","B条件进度条区域","T004_b_progress_bar_0012","video_relative_to_recording_start",rectangle,801,562,1138,576,,,,"A037","T004","B",loading,,,,,1,TRUE,250.000,300.000,872.942322,872.992310,1920,1046,"world_widget_loading_progress_bar_geometry",1,0,"video_relative_to_screen_recording_start",461.390961,411551.375,411601.344,1,461.390961,"1781611657574","../../../../../../Project/UE5/Gallery/Saved/ScreenRecordings/A037_20260616_200737_screen.mkv",411551.375,411601.344,411576.375,"1781612069125","1781612069175","2026-06-16T20:14:29.125+08:00","2026-06-16T20:14:29.175+08:00",872.692322,EXP1,"b_progress_bar",-1,-1,
"b_preview_panel","B条件预览面板","T004_b_preview_panel_0013","video_relative_to_recording_start",rectangle,780,44,1159,602,,,,"A037","T004","B",loading,,,,,1,TRUE,300.000,350.000,872.992310,873.042297,1920,1046,"world_widget_card_size_box_geometry",1,0,"video_relative_to_screen_recording_start",461.390961,411601.344,411651.344,1,461.390961,"1781611657574","../../../../../../Project/UE5/Gallery/Saved/ScreenRecordings/A037_20260616_200737_screen.mkv",411601.344,411651.344,411626.344,"1781612069175","1781612069225","2026-06-16T20:14:29.175+08:00","2026-06-16T20:14:29.225+08:00",872.692322,EXP1,"b_preview",-1,-1,
"b_progress_bar","B条件进度条区域","T004_b_progress_bar_0014","video_relative_to_recording_start",rectangle,801,562,1138,576,,,,"A037","T004","B",loading,,,,,1,TRUE,300.000,350.000,872.992310,873.042297,1920,1046,"world_widget_loading_progress_bar_geometry",1,0,"video_relative_to_screen_recording_start",461.390961,411601.344,411651.344,1,461.390961,"1781611657574","../../../../../../Project/UE5/Gallery/Saved/ScreenRecordings/A037_20260616_200737_screen.mkv",411601.344,411651.344,411626.344,"1781612069175","1781612069225","2026-06-16T20:14:29.175+08:00","2026-06-16T20:14:29.225+08:00",872.692322,EXP1,"b_progress_bar",-1,-1,
"b_preview_panel","B条件预览面板","T004_b_preview_panel_0015","video_relative_to_recording_start",rectangle,780,44,1159,602,,,,"A037","T004","B",loading,,,,,1,TRUE,350.000,400.000,873.042297,873.092346,1920,1046,"world_widget_card_size_box_geometry",1,0,"video_relative_to_screen_recording_start",461.390961,411651.344,411701.375,1,461.390961,"1781611657574","../../../../../../Project/UE5/Gallery/Saved/ScreenRecordings/A037_20260616_200737_screen.mkv",411651.344,411701.375,411676.375,"1781612069225","1781612069275","2026-06-16T20:14:29.225+08:00","2026-06-16T20:14:29.275+08:00",872.692322,EXP1,"b_preview",-1,-1,
"b_progress_bar","B条件进度条区域","T004_b_progress_bar_0016","video_relative_to_recording_start",rectangle,801,562,1138,576,,,,"A037","T004","B",loading,,,,,1,TRUE,350.000,400.000,873.042297,873.092346,1920,1046,"world_widget_loading_progress_bar_geometry",1,0,"video_relative_to_screen_recording_start",461.390961,411651.344,411701.375,1,461.390961,"1781611657574","../../../../../../Project/UE5/Gallery/Saved/ScreenRecordings/A037_20260616_200737_screen.mkv",411651.344,411701.375,411676.375,"1781612069225","1781612069275","2026-06-16T20:14:29.225+08:00","2026-06-16T20:14:29.275+08:00",872.692322,EXP1,"b_progress_bar",-1,-1,
"b_preview_panel","B条件预览面板","T004_b_preview_panel_0017","video_relative_to_recording_start",rectangle,780,44,1159,602,,,,"A037","T004","B",loading,,,,,1,TRUE,400.000,450.000,873.092346,873.142334,1920,1046,"world_widget_card_size_box_geometry",1,0,"video_relative_to_screen_recording_start",461.390961,411701.375,411751.375,1,461.390961,"1781611657574","../../../../../../Project/UE5/Gallery/Saved/ScreenRecordings/A037_20260616_200737_screen.mkv",411701.375,411751.375,411726.375,"1781612069275","1781612069325","2026-06-16T20:14:29.275+08:00","2026-06-16T20:14:29.325+08:00",872.692322,EXP1,"b_preview",-1,-1,
"b_progress_bar","B条件进度条区域","T004_b_progress_bar_0018","video_relative_to_recording_start",rectangle,801,562,1138,576,,,,"A037","T004","B",loading,,,,,1,TRUE,400.000,450.000,873.092346,873.142334,1920,1046,"world_widget_loading_progress_bar_geometry",1,0,"video_relative_to_screen_recording_start",461.390961,411701.375,411751.375,1,461.390961,"1781611657574","../../../../../../Project/UE5/Gallery/Saved/ScreenRecordings/A037_20260616_200737_screen.mkv",411701.375,411751.375,411726.375,"1781612069275","1781612069325","2026-06-16T20:14:29.275+08:00","2026-06-16T20:14:29.325+08:00",872.692322,EXP1,"b_progress_bar",-1,-1,
"b_preview_panel","B条件预览面板","T004_b_preview_panel_0019","video_relative_to_recording_start",rectangle,780,44,1159,602,,,,"A037","T004","B",loading,,,,,1,TRUE,450.000,500.000,873.142334,873.192322,1920,1046,"world_widget_card_size_box_geometry",1,0,"video_relative_to_screen_recording_start",461.390961,411751.375,411801.375,1,461.390961,"1781611657574","../../../../../../Project/UE5/Gallery/Saved/ScreenRecordings/A037_20260616_200737_screen.mkv",411751.375,411801.375,411776.375,"1781612069325","1781612069375","2026-06-16T20:14:29.325+08:00","2026-06-16T20:14:29.375+08:00",872.692322,EXP1,"b_preview",-1,-1,
"b_progress_bar","B条件进度条区域","T004_b_progress_bar_0020","video_relative_to_recording_start",rectangle,801,562,1138,576,,,,"A037","T004","B",loading,,,,,1,TRUE,450.000,500.000,873.142334,873.192322,1920,1046,"world_widget_loading_progress_bar_geometry",1,0,"video_relative_to_screen_recording_start",461.390961,411751.375,411801.375,1,461.390961,"1781611657574","../../../../../../Project/UE5/Gallery/Saved/ScreenRecordings/A037_20260616_200737_screen.mkv",411751.375,411801.375,411776.375,"1781612069325","1781612069375","2026-06-16T20:14:29.325+08:00","2026-06-16T20:14:29.375+08:00",872.692322,EXP1,"b_progress_bar",-1,-1,
"b_preview_panel","B条件预览面板","T004_b_preview_panel_0021","video_relative_to_recording_start",rectangle,780,44,1159,602,,,,"A037","T004","B",loading,,,,,1,TRUE,500.000,550.000,873.192322,873.242310,1920,1046,"world_widget_card_size_box_geometry",1,0,"video_relative_to_screen_recording_start",461.390961,411801.375,411851.344,1,461.390961,"1781611657574","../../../../../../Project/UE5/Gallery/Saved/ScreenRecordings/A037_20260616_200737_screen.mkv",411801.375,411851.344,411826.375,"1781612069375","1781612069425","2026-06-16T20:14:29.375+08:00","2026-06-16T20:14:29.425+08:00",872.692322,EXP1,"b_preview",-1,-1,
"b_progress_bar","B条件进度条区域","T004_b_progress_bar_0022","video_relative_to_recording_start",rectangle,801,562,1138,576,,,,"A037","T004","B",loading,,,,,1,TRUE,500.000,550.000,873.192322,873.242310,1920,1046,"world_widget_loading_progress_bar_geometry",1,0,"video_relative_to_screen_recording_start",461.390961,411801.375,411851.344,1,461.390961,"1781611657574","../../../../../../Project/UE5/Gallery/Saved/ScreenRecordings/A037_20260616_200737_screen.mkv",411801.375,411851.344,411826.375,"1781612069375","1781612069425","2026-06-16T20:14:29.375+08:00","2026-06-16T20:14:29.425+08:00",872.692322,EXP1,"b_progress_bar",-1,-1,
"b_preview_panel","B条件预览面板","T004_b_preview_panel_0023","video_relative_to_recording_start",rectangle,780,44,1159,602,,,,"A037","T004","B",loading,,,,,1,TRUE,550.000,600.000,873.242310,873.292297,1920,1046,"world_widget_card_size_box_geometry",1,0,"video_relative_to_screen_recording_start",461.390961,411851.344,411901.344,1,461.390961,"1781611657574","../../../../../../Project/UE5/Gallery/Saved/ScreenRecordings/A037_20260616_200737_screen.mkv",411851.344,411901.344,411876.344,"1781612069425","1781612069475","2026-06-16T20:14:29.425+08:00","2026-06-16T20:14:29.475+08:00",872.692322,EXP1,"b_preview",-1,-1,
"b_progress_bar","B条件进度条区域","T004_b_progress_bar_0024","video_relative_to_recording_start",rectangle,801,562,1138,576,,,,"A037","T004","B",loading,,,,,1,TRUE,550.000,600.000,873.242310,873.292297,1920,1046,"world_widget_loading_progress_bar_geometry",1,0,"video_relative_to_screen_recording_start",461.390961,411851.344,411901.344,1,461.390961,"1781611657574","../../../../../../Project/UE5/Gallery/Saved/ScreenRecordings/A037_20260616_200737_screen.mkv",411851.344,411901.344,411876.344,"1781612069425","1781612069475","2026-06-16T20:14:29.425+08:00","2026-06-16T20:14:29.475+08:00",872.692322,EXP1,"b_progress_bar",-1,-1,
"b_preview_panel","B条件预览面板","T004_b_preview_panel_0025","video_relative_to_recording_start",rectangle,780,44,1159,602,,,,"A037","T004","B",loading,,,,,1,TRUE,600.000,650.000,873.292297,873.342346,1920,1046,"world_widget_card_size_box_geometry",1,0,"video_relative_to_screen_recording_start",461.390961,411901.344,411951.375,1,461.390961,"1781611657574","../../../../../../Project/UE5/Gallery/Saved/ScreenRecordings/A037_20260616_200737_screen.mkv",411901.344,411951.375,411926.375,"1781612069475","1781612069525","2026-06-16T20:14:29.475+08:00","2026-06-16T20:14:29.525+08:00",872.692322,EXP1,"b_preview",-1,-1,
"b_progress_bar","B条件进度条区域","T004_b_progress_bar_0026","video_relative_to_recording_start",rectangle,801,562,1138,576,,,,"A037","T004","B",loading,,,,,1,TRUE,600.000,650.000,873.292297,873.342346,1920,1046,"world_widget_loading_progress_bar_geometry",1,0,"video_relative_to_screen_recording_start",461.390961,411901.344,411951.375,1,461.390961,"1781611657574","../../../../../../Project/UE5/Gallery/Saved/ScreenRecordings/A037_20260616_200737_screen.mkv",411901.344,411951.375,411926.375,"1781612069475","1781612069525","2026-06-16T20:14:29.475+08:00","2026-06-16T20:14:29.525+08:00",872.692322,EXP1,"b_progress_bar",-1,-1,
"b_preview_panel","B条件预览面板","T004_b_preview_panel_0027","video_relative_to_recording_start",rectangle,780,44,1159,602,,,,"A037","T004","B",loading,,,,,1,TRUE,650.000,700.000,873.342346,873.392334,1920,1046,"world_widget_card_size_box_geometry",1,0,"video_relative_to_screen_recording_start",461.390961,411951.375,412001.375,1,461.390961,"1781611657574","../../../../../../Project/UE5/Gallery/Saved/ScreenRecordings/A037_20260616_200737_screen.mkv",411951.375,412001.375,411976.375,"1781612069525","1781612069575","2026-06-16T20:14:29.525+08:00","2026-06-16T20:14:29.575+08:00",872.692322,EXP1,"b_preview",-1,-1,
"b_progress_bar","B条件进度条区域","T004_b_progress_bar_0028","video_relative_to_recording_start",rectangle,801,562,1138,576,,,,"A037","T004","B",loading,,,,,1,TRUE,650.000,700.000,873.342346,873.392334,1920,1046,"world_widget_loading_progress_bar_geometry",1,0,"video_relative_to_screen_recording_start",461.390961,411951.375,412001.375,1,461.390961,"1781611657574","../../../../../../Project/UE5/Gallery/Saved/ScreenRecordings/A037_20260616_200737_screen.mkv",411951.375,412001.375,411976.375,"1781612069525","1781612069575","2026-06-16T20:14:29.525+08:00","2026-06-16T20:14:29.575+08:00",872.692322,EXP1,"b_progress_bar",-1,-1,
"b_preview_panel","B条件预览面板","T004_b_preview_panel_0029","video_relative_to_recording_start",rectangle,780,44,1159,602,,,,"A037","T004","B",loading,,,,,1,TRUE,700.000,750.000,873.392334,873.442322,1920,1046,"world_widget_card_size_box_geometry",1,0,"video_relative_to_screen_recording_start",461.390961,412001.375,412051.375,1,461.390961,"1781611657574","../../../../../../Project/UE5/Gallery/Saved/ScreenRecordings/A037_20260616_200737_screen.mkv",412001.375,412051.375,412026.375,"1781612069575","1781612069625","2026-06-16T20:14:29.575+08:00","2026-06-16T20:14:29.625+08:00",872.692322,EXP1,"b_preview",-1,-1,
"b_progress_bar","B条件进度条区域","T004_b_progress_bar_0030","video_relative_to_recording_start",rectangle,801,562,1138,576,,,,"A037","T004","B",loading,,,,,1,TRUE,700.000,750.000,873.392334,873.442322,1920,1046,"world_widget_loading_progress_bar_geometry",1,0,"video_relative_to_screen_recording_start",461.390961,412001.375,412051.375,1,461.390961,"1781611657574","../../../../../../Project/UE5/Gallery/Saved/ScreenRecordings/A037_20260616_200737_screen.mkv",412001.375,412051.375,412026.375,"1781612069575","1781612069625","2026-06-16T20:14:29.575+08:00","2026-06-16T20:14:29.625+08:00",872.692322,EXP1,"b_progress_bar",-1,-1,
"b_preview_panel","B条件预览面板","T004_b_preview_panel_0031","video_relative_to_recording_start",rectangle,780,44,1159,602,,,,"A037","T004","B",loading,,,,,1,TRUE,750.000,800.000,873.442322,873.492310,1920,1046,"world_widget_card_size_box_geometry",1,0,"video_relative_to_screen_recording_start",461.390961,412051.375,412101.344,1,461.390961,"1781611657574","../../../../../../Project/UE5/Gallery/Saved/ScreenRecordings/A037_20260616_200737_screen.mkv",412051.375,412101.344,412076.375,"1781612069625","1781612069675","2026-06-16T20:14:29.625+08:00","2026-06-16T20:14:29.675+08:00",872.692322,EXP1,"b_preview",-1,-1,
"b_progress_bar","B条件进度条区域","T004_b_progress_bar_0032","video_relative_to_recording_start",rectangle,801,562,1138,576,,,,"A037","T004","B",loading,,,,,1,TRUE,750.000,800.000,873.442322,873.492310,1920,1046,"world_widget_loading_progress_bar_geometry",1,0,"video_relative_to_screen_recording_start",461.390961,412051.375,412101.344,1,461.390961,"1781611657574","../../../../../../Project/UE5/Gallery/Saved/ScreenRecordings/A037_20260616_200737_screen.mkv",412051.375,412101.344,412076.375,"1781612069625","1781612069675","2026-06-16T20:14:29.625+08:00","2026-06-16T20:14:29.675+08:00",872.692322,EXP1,"b_progress_bar",-1,-1,
"b_preview_panel","B条件预览面板","T004_b_preview_panel_0033","video_relative_to_recording_start",rectangle,780,44,1159,602,,,,"A037","T004","B",loading,,,,,1,TRUE,800.000,850.000,873.492310,873.542297,1920,1046,"world_widget_card_size_box_geometry",1,0,"video_relative_to_screen_recording_start",461.390961,412101.344,412151.344,1,461.390961,"1781611657574","../../../../../../Project/UE5/Gallery/Saved/ScreenRecordings/A037_20260616_200737_screen.mkv",412101.344,412151.344,412126.344,"1781612069675","1781612069725","2026-06-16T20:14:29.675+08:00","2026-06-16T20:14:29.725+08:00",872.692322,EXP1,"b_preview",-1,-1,
"b_progress_bar","B条件进度条区域","T004_b_progress_bar_0034","video_relative_to_recording_start",rectangle,801,562,1138,576,,,,"A037","T004","B",loading,,,,,1,TRUE,800.000,850.000,873.492310,873.542297,1920,1046,"world_widget_loading_progress_bar_geometry",1,0,"video_relative_to_screen_recording_start",461.390961,412101.344,412151.344,1,461.390961,"1781611657574","../../../../../../Project/UE5/Gallery/Saved/ScreenRecordings/A037_20260616_200737_screen.mkv",412101.344,412151.344,412126.344,"1781612069675","1781612069725","2026-06-16T20:14:29.675+08:00","2026-06-16T20:14:29.725+08:00",872.692322,EXP1,"b_progress_bar",-1,-1,
"b_preview_panel","B条件预览面板","T004_b_preview_panel_0035","video_relative_to_recording_start",rectangle,780,44,1159,602,,,,"A037","T004","B",loading,,,,,1,TRUE,850.000,900.000,873.542297,873.592346,1920,1046,"world_widget_card_size_box_geometry",1,0,"video_relative_to_screen_recording_start",461.390961,412151.344,412201.375,1,461.390961,"1781611657574","../../../../../../Project/UE5/Gallery/Saved/ScreenRecordings/A037_20260616_200737_screen.mkv",412151.344,412201.375,412176.375,"1781612069725","1781612069775","2026-06-16T20:14:29.725+08:00","2026-06-16T20:14:29.775+08:00",872.692322,EXP1,"b_preview",-1,-1,
"b_progress_bar","B条件进度条区域","T004_b_progress_bar_0036","video_relative_to_recording_start",rectangle,801,562,1138,576,,,,"A037","T004","B",loading,,,,,1,TRUE,850.000,900.000,873.542297,873.592346,1920,1046,"world_widget_loading_progress_bar_geometry",1,0,"video_relative_to_screen_recording_start",461.390961,412151.344,412201.375,1,461.390961,"1781611657574","../../../../../../Project/UE5/Gallery/Saved/ScreenRecordings/A037_20260616_200737_screen.mkv",412151.344,412201.375,412176.375,"1781612069725","1781612069775","2026-06-16T20:14:29.725+08:00","2026-06-16T20:14:29.775+08:00",872.692322,EXP1,"b_progress_bar",-1,-1,
"b_preview_panel","B条件预览面板","T004_b_preview_panel_0037","video_relative_to_recording_start",rectangle,780,44,1159,602,,,,"A037","T004","B",loading,,,,,1,TRUE,900.000,950.000,873.592346,873.642334,1920,1046,"world_widget_card_size_box_geometry",1,0,"video_relative_to_screen_recording_start",461.390961,412201.375,412251.375,1,461.390961,"1781611657574","../../../../../../Project/UE5/Gallery/Saved/ScreenRecordings/A037_20260616_200737_screen.mkv",412201.375,412251.375,412226.375,"1781612069775","1781612069825","2026-06-16T20:14:29.775+08:00","2026-06-16T20:14:29.825+08:00",872.692322,EXP1,"b_preview",-1,-1,
"b_progress_bar","B条件进度条区域","T004_b_progress_bar_0038","video_relative_to_recording_start",rectangle,801,562,1138,576,,,,"A037","T004","B",loading,,,,,1,TRUE,900.000,950.000,873.592346,873.642334,1920,1046,"world_widget_loading_progress_bar_geometry",1,0,"video_relative_to_screen_recording_start",461.390961,412201.375,412251.375,1,461.390961,"1781611657574","../../../../../../Project/UE5/Gallery/Saved/ScreenRecordings/A037_20260616_200737_screen.mkv",412201.375,412251.375,412226.375,"1781612069775","1781612069825","2026-06-16T20:14:29.775+08:00","2026-06-16T20:14:29.825+08:00",872.692322,EXP1,"b_progress_bar",-1,-1,
"b_preview_panel","B条件预览面板","T004_b_preview_panel_0039","video_relative_to_recording_start",rectangle,780,44,1159,602,,,,"A037","T004","B",loading,,,,,1,TRUE,950.000,1000.000,873.642334,873.692322,1920,1046,"world_widget_card_size_box_geometry",1,0,"video_relative_to_screen_recording_start",461.390961,412251.375,412301.375,1,461.390961,"1781611657574","../../../../../../Project/UE5/Gallery/Saved/ScreenRecordings/A037_20260616_200737_screen.mkv",412251.375,412301.375,412276.375,"1781612069825","1781612069875","2026-06-16T20:14:29.825+08:00","2026-06-16T20:14:29.875+08:00",872.692322,EXP1,"b_preview",-1,-1,
"b_progress_bar","B条件进度条区域","T004_b_progress_bar_0040","video_relative_to_recording_start",rectangle,801,562,1138,576,,,,"A037","T004","B",loading,,,,,1,TRUE,950.000,1000.000,873.642334,873.692322,1920,1046,"world_widget_loading_progress_bar_geometry",1,0,"video_relative_to_screen_recording_start",461.390961,412251.375,412301.375,1,461.390961,"1781611657574","../../../../../../Project/UE5/Gallery/Saved/ScreenRecordings/A037_20260616_200737_screen.mkv",412251.375,412301.375,412276.375,"1781612069825","1781612069875","2026-06-16T20:14:29.825+08:00","2026-06-16T20:14:29.875+08:00",872.692322,EXP1,"b_progress_bar",-1,-1,
"b_preview_panel","B条件预览面板","T004_b_preview_panel_0041","video_relative_to_recording_start",rectangle,780,44,1159,602,,,,"A037","T004","B",loading,,,,,1,TRUE,1000.000,1050.000,873.692322,873.742310,1920,1046,"world_widget_card_size_box_geometry",1,0,"video_relative_to_screen_recording_start",461.390961,412301.375,412351.344,1,461.390961,"1781611657574","../../../../../../Project/UE5/Gallery/Saved/ScreenRecordings/A037_20260616_200737_screen.mkv",412301.375,412351.344,412326.375,"1781612069875","1781612069925","2026-06-16T20:14:29.875+08:00","2026-06-16T20:14:29.925+08:00",872.692322,EXP1,"b_preview",-1,-1,
"b_progress_bar","B条件进度条区域","T004_b_progress_bar_0042","video_relative_to_recording_start",rectangle,801,562,1138,576,,,,"A037","T004","B",loading,,,,,1,TRUE,1000.000,1050.000,873.692322,873.742310,1920,1046,"world_widget_loading_progress_bar_geometry",1,0,"video_relative_to_screen_recording_start",461.390961,412301.375,412351.344,1,461.390961,"1781611657574","../../../../../../Project/UE5/Gallery/Saved/ScreenRecordings/A037_20260616_200737_screen.mkv",412301.375,412351.344,412326.375,"1781612069875","1781612069925","2026-06-16T20:14:29.875+08:00","2026-06-16T20:14:29.925+08:00",872.692322,EXP1,"b_progress_bar",-1,-1,
"b_preview_panel","B条件预览面板","T004_b_preview_panel_0043","video_relative_to_recording_start",rectangle,780,44,1159,602,,,,"A037","T004","B",loading,,,,,1,TRUE,1050.000,1100.000,873.742310,873.792297,1920,1046,"world_widget_card_size_box_geometry",1,0,"video_relative_to_screen_recording_start",461.390961,412351.344,412401.344,1,461.390961,"1781611657574","../../../../../../Project/UE5/Gallery/Saved/ScreenRecordings/A037_20260616_200737_screen.mkv",412351.344,412401.344,412376.344,"1781612069925","1781612069975","2026-06-16T20:14:29.925+08:00","2026-06-16T20:14:29.975+08:00",872.692322,EXP1,"b_preview",-1,-1,
"b_progress_bar","B条件进度条区域","T004_b_progress_bar_0044","video_relative_to_recording_start",rectangle,801,562,1138,576,,,,"A037","T004","B",loading,,,,,1,TRUE,1050.000,1100.000,873.742310,873.792297,1920,1046,"world_widget_loading_progress_bar_geometry",1,0,"video_relative_to_screen_recording_start",461.390961,412351.344,412401.344,1,461.390961,"1781611657574","../../../../../../Project/UE5/Gallery/Saved/ScreenRecordings/A037_20260616_200737_screen.mkv",412351.344,412401.344,412376.344,"1781612069925","1781612069975","2026-06-16T20:14:29.925+08:00","2026-06-16T20:14:29.975+08:00",872.692322,EXP1,"b_progress_bar",-1,-1,
"b_preview_panel","B条件预览面板","T004_b_preview_panel_0045","video_relative_to_recording_start",rectangle,780,44,1159,602,,,,"A037","T004","B",loading,,,,,1,TRUE,1100.000,1150.000,873.792297,873.842346,1920,1046,"world_widget_card_size_box_geometry",1,0,"video_relative_to_screen_recording_start",461.390961,412401.344,412451.375,1,461.390961,"1781611657574","../../../../../../Project/UE5/Gallery/Saved/ScreenRecordings/A037_20260616_200737_screen.mkv",412401.344,412451.375,412426.375,"1781612069975","1781612070025","2026-06-16T20:14:29.975+08:00","2026-06-16T20:14:30.025+08:00",872.692322,EXP1,"b_preview",-1,-1,
"b_progress_bar","B条件进度条区域","T004_b_progress_bar_0046","video_relative_to_recording_start",rectangle,801,562,1138,576,,,,"A037","T004","B",loading,,,,,1,TRUE,1100.000,1150.000,873.792297,873.842346,1920,1046,"world_widget_loading_progress_bar_geometry",1,0,"video_relative_to_screen_recording_start",461.390961,412401.344,412451.375,1,461.390961,"1781611657574","../../../../../../Project/UE5/Gallery/Saved/ScreenRecordings/A037_20260616_200737_screen.mkv",412401.344,412451.375,412426.375,"1781612069975","1781612070025","2026-06-16T20:14:29.975+08:00","2026-06-16T20:14:30.025+08:00",872.692322,EXP1,"b_progress_bar",-1,-1,
"b_preview_panel","B条件预览面板","T004_b_preview_panel_0047","video_relative_to_recording_start",rectangle,780,44,1159,602,,,,"A037","T004","B",loading,,,,,1,TRUE,1150.000,1200.000,873.842346,873.892334,1920,1046,"world_widget_card_size_box_geometry",1,0,"video_relative_to_screen_recording_start",461.390961,412451.375,412501.375,1,461.390961,"1781611657574","../../../../../../Project/UE5/Gallery/Saved/ScreenRecordings/A037_20260616_200737_screen.mkv",412451.375,412501.375,412476.375,"1781612070025","1781612070075","2026-06-16T20:14:30.025+08:00","2026-06-16T20:14:30.075+08:00",872.692322,EXP1,"b_preview",-1,-1,
"b_progress_bar","B条件进度条区域","T004_b_progress_bar_0048","video_relative_to_recording_start",rectangle,801,562,1138,576,,,,"A037","T004","B",loading,,,,,1,TRUE,1150.000,1200.000,873.842346,873.892334,1920,1046,"world_widget_loading_progress_bar_geometry",1,0,"video_relative_to_screen_recording_start",461.390961,412451.375,412501.375,1,461.390961,"1781611657574","../../../../../../Project/UE5/Gallery/Saved/ScreenRecordings/A037_20260616_200737_screen.mkv",412451.375,412501.375,412476.375,"1781612070025","1781612070075","2026-06-16T20:14:30.025+08:00","2026-06-16T20:14:30.075+08:00",872.692322,EXP1,"b_progress_bar",-1,-1,
"b_preview_panel","B条件预览面板","T004_b_preview_panel_0049","video_relative_to_recording_start",rectangle,780,44,1159,602,,,,"A037","T004","B",loading,,,,,1,TRUE,1200.000,1250.000,873.892334,873.942322,1920,1046,"world_widget_card_size_box_geometry",1,0,"video_relative_to_screen_recording_start",461.390961,412501.375,412551.375,1,461.390961,"1781611657574","../../../../../../Project/UE5/Gallery/Saved/ScreenRecordings/A037_20260616_200737_screen.mkv",412501.375,412551.375,412526.375,"1781612070075","1781612070125","2026-06-16T20:14:30.075+08:00","2026-06-16T20:14:30.125+08:00",872.692322,EXP1,"b_preview",-1,-1,
"b_progress_bar","B条件进度条区域","T004_b_progress_bar_0050","video_relative_to_recording_start",rectangle,801,562,1138,576,,,,"A037","T004","B",loading,,,,,1,TRUE,1200.000,1250.000,873.892334,873.942322,1920,1046,"world_widget_loading_progress_bar_geometry",1,0,"video_relative_to_screen_recording_start",461.390961,412501.375,412551.375,1,461.390961,"1781611657574","../../../../../../Project/UE5/Gallery/Saved/ScreenRecordings/A037_20260616_200737_screen.mkv",412501.375,412551.375,412526.375,"1781612070075","1781612070125","2026-06-16T20:14:30.075+08:00","2026-06-16T20:14:30.125+08:00",872.692322,EXP1,"b_progress_bar",-1,-1,
"b_preview_panel","B条件预览面板","T004_b_preview_panel_0051","video_relative_to_recording_start",rectangle,780,44,1159,602,,,,"A037","T004","B",loading,,,,,1,TRUE,1250.000,1300.000,873.942322,873.992310,1920,1046,"world_widget_card_size_box_geometry",1,0,"video_relative_to_screen_recording_start",461.390961,412551.375,412601.344,1,461.390961,"1781611657574","../../../../../../Project/UE5/Gallery/Saved/ScreenRecordings/A037_20260616_200737_screen.mkv",412551.375,412601.344,412576.375,"1781612070125","1781612070175","2026-06-16T20:14:30.125+08:00","2026-06-16T20:14:30.175+08:00",872.692322,EXP1,"b_preview",-1,-1,
"b_progress_bar","B条件进度条区域","T004_b_progress_bar_0052","video_relative_to_recording_start",rectangle,801,562,1138,576,,,,"A037","T004","B",loading,,,,,1,TRUE,1250.000,1300.000,873.942322,873.992310,1920,1046,"world_widget_loading_progress_bar_geometry",1,0,"video_relative_to_screen_recording_start",461.390961,412551.375,412601.344,1,461.390961,"1781611657574","../../../../../../Project/UE5/Gallery/Saved/ScreenRecordings/A037_20260616_200737_screen.mkv",412551.375,412601.344,412576.375,"1781612070125","1781612070175","2026-06-16T20:14:30.125+08:00","2026-06-16T20:14:30.175+08:00",872.692322,EXP1,"b_progress_bar",-1,-1,
"b_preview_panel","B条件预览面板","T004_b_preview_panel_0053","video_relative_to_recording_start",rectangle,780,44,1159,602,,,,"A037","T004","B",loading,,,,,1,TRUE,1300.000,1350.000,873.992310,874.042297,1920,1046,"world_widget_card_size_box_geometry",1,0,"video_relative_to_screen_recording_start",461.390961,412601.344,412651.344,1,461.390961,"1781611657574","../../../../../../Project/UE5/Gallery/Saved/ScreenRecordings/A037_20260616_200737_screen.mkv",412601.344,412651.344,412626.344,"1781612070175","1781612070225","2026-06-16T20:14:30.175+08:00","2026-06-16T20:14:30.225+08:00",872.692322,EXP1,"b_preview",-1,-1,
"b_progress_bar","B条件进度条区域","T004_b_progress_bar_0054","video_relative_to_recording_start",rectangle,801,562,1138,576,,,,"A037","T004","B",loading,,,,,1,TRUE,1300.000,1350.000,873.992310,874.042297,1920,1046,"world_widget_loading_progress_bar_geometry",1,0,"video_relative_to_screen_recording_start",461.390961,412601.344,412651.344,1,461.390961,"1781611657574","../../../../../../Project/UE5/Gallery/Saved/ScreenRecordings/A037_20260616_200737_screen.mkv",412601.344,412651.344,412626.344,"1781612070175","1781612070225","2026-06-16T20:14:30.175+08:00","2026-06-16T20:14:30.225+08:00",872.692322,EXP1,"b_progress_bar",-1,-1,
"b_preview_panel","B条件预览面板","T004_b_preview_panel_0055","video_relative_to_recording_start",rectangle,780,44,1159,602,,,,"A037","T004","B",loading,,,,,1,TRUE,1350.000,1400.000,874.042297,874.092346,1920,1046,"world_widget_card_size_box_geometry",1,0,"video_relative_to_screen_recording_start",461.390961,412651.344,412701.375,1,461.390961,"1781611657574","../../../../../../Project/UE5/Gallery/Saved/ScreenRecordings/A037_20260616_200737_screen.mkv",412651.344,412701.375,412676.375,"1781612070225","1781612070275","2026-06-16T20:14:30.225+08:00","2026-06-16T20:14:30.275+08:00",872.692322,EXP1,"b_preview",-1,-1,
"b_progress_bar","B条件进度条区域","T004_b_progress_bar_0056","video_relative_to_recording_start",rectangle,801,562,1138,576,,,,"A037","T004","B",loading,,,,,1,TRUE,1350.000,1400.000,874.042297,874.092346,1920,1046,"world_widget_loading_progress_bar_geometry",1,0,"video_relative_to_screen_recording_start",461.390961,412651.344,412701.375,1,461.390961,"1781611657574","../../../../../../Project/UE5/Gallery/Saved/ScreenRecordings/A037_20260616_200737_screen.mkv",412651.344,412701.375,412676.375,"1781612070225","1781612070275","2026-06-16T20:14:30.225+08:00","2026-06-16T20:14:30.275+08:00",872.692322,EXP1,"b_progress_bar",-1,-1,
"b_preview_panel","B条件预览面板","T004_b_preview_panel_0057","video_relative_to_recording_start",rectangle,780,44,1159,602,,,,"A037","T004","B",loading,,,,,1,TRUE,1400.000,1450.000,874.092346,874.142334,1920,1046,"world_widget_card_size_box_geometry",1,0,"video_relative_to_screen_recording_start",461.390961,412701.375,412751.375,1,461.390961,"1781611657574","../../../../../../Project/UE5/Gallery/Saved/ScreenRecordings/A037_20260616_200737_screen.mkv",412701.375,412751.375,412726.375,"1781612070275","1781612070325","2026-06-16T20:14:30.275+08:00","2026-06-16T20:14:30.325+08:00",872.692322,EXP1,"b_preview",-1,-1,
"b_progress_bar","B条件进度条区域","T004_b_progress_bar_0058","video_relative_to_recording_start",rectangle,801,562,1138,576,,,,"A037","T004","B",loading,,,,,1,TRUE,1400.000,1450.000,874.092346,874.142334,1920,1046,"world_widget_loading_progress_bar_geometry",1,0,"video_relative_to_screen_recording_start",461.390961,412701.375,412751.375,1,461.390961,"1781611657574","../../../../../../Project/UE5/Gallery/Saved/ScreenRecordings/A037_20260616_200737_screen.mkv",412701.375,412751.375,412726.375,"1781612070275","1781612070325","2026-06-16T20:14:30.275+08:00","2026-06-16T20:14:30.325+08:00",872.692322,EXP1,"b_progress_bar",-1,-1,
"b_preview_panel","B条件预览面板","T004_b_preview_panel_0059","video_relative_to_recording_start",rectangle,780,44,1159,602,,,,"A037","T004","B",loading,,,,,1,TRUE,1450.000,1500.000,874.142334,874.192322,1920,1046,"world_widget_card_size_box_geometry",1,0,"video_relative_to_screen_recording_start",461.390961,412751.375,412801.375,1,461.390961,"1781611657574","../../../../../../Project/UE5/Gallery/Saved/ScreenRecordings/A037_20260616_200737_screen.mkv",412751.375,412801.375,412776.375,"1781612070325","1781612070375","2026-06-16T20:14:30.325+08:00","2026-06-16T20:14:30.375+08:00",872.692322,EXP1,"b_preview",-1,-1,
"b_progress_bar","B条件进度条区域","T004_b_progress_bar_0060","video_relative_to_recording_start",rectangle,801,562,1138,576,,,,"A037","T004","B",loading,,,,,1,TRUE,1450.000,1500.000,874.142334,874.192322,1920,1046,"world_widget_loading_progress_bar_geometry",1,0,"video_relative_to_screen_recording_start",461.390961,412751.375,412801.375,1,461.390961,"1781611657574","../../../../../../Project/UE5/Gallery/Saved/ScreenRecordings/A037_20260616_200737_screen.mkv",412751.375,412801.375,412776.375,"1781612070325","1781612070375","2026-06-16T20:14:30.325+08:00","2026-06-16T20:14:30.375+08:00",872.692322,EXP1,"b_progress_bar",-1,-1,
"b_preview_panel","B条件预览面板","T004_b_preview_panel_0061","video_relative_to_recording_start",rectangle,780,44,1159,602,,,,"A037","T004","B",loading,,,,,1,TRUE,1500.000,1550.000,874.192322,874.242310,1920,1046,"world_widget_card_size_box_geometry",1,0,"video_relative_to_screen_recording_start",461.390961,412801.375,412851.344,1,461.390961,"1781611657574","../../../../../../Project/UE5/Gallery/Saved/ScreenRecordings/A037_20260616_200737_screen.mkv",412801.375,412851.344,412826.375,"1781612070375","1781612070425","2026-06-16T20:14:30.375+08:00","2026-06-16T20:14:30.425+08:00",872.692322,EXP1,"b_preview",-1,-1,
"b_progress_bar","B条件进度条区域","T004_b_progress_bar_0062","video_relative_to_recording_start",rectangle,801,562,1138,576,,,,"A037","T004","B",loading,,,,,1,TRUE,1500.000,1550.000,874.192322,874.242310,1920,1046,"world_widget_loading_progress_bar_geometry",1,0,"video_relative_to_screen_recording_start",461.390961,412801.375,412851.344,1,461.390961,"1781611657574","../../../../../../Project/UE5/Gallery/Saved/ScreenRecordings/A037_20260616_200737_screen.mkv",412801.375,412851.344,412826.375,"1781612070375","1781612070425","2026-06-16T20:14:30.375+08:00","2026-06-16T20:14:30.425+08:00",872.692322,EXP1,"b_progress_bar",-1,-1,
"b_preview_panel","B条件预览面板","T004_b_preview_panel_0063","video_relative_to_recording_start",rectangle,780,44,1159,602,,,,"A037","T004","B",loading,,,,,1,TRUE,1550.000,1600.000,874.242310,874.292297,1920,1046,"world_widget_card_size_box_geometry",1,0,"video_relative_to_screen_recording_start",461.390961,412851.344,412901.344,1,461.390961,"1781611657574","../../../../../../Project/UE5/Gallery/Saved/ScreenRecordings/A037_20260616_200737_screen.mkv",412851.344,412901.344,412876.344,"1781612070425","1781612070475","2026-06-16T20:14:30.425+08:00","2026-06-16T20:14:30.475+08:00",872.692322,EXP1,"b_preview",-1,-1,
"b_progress_bar","B条件进度条区域","T004_b_progress_bar_0064","video_relative_to_recording_start",rectangle,801,562,1138,576,,,,"A037","T004","B",loading,,,,,1,TRUE,1550.000,1600.000,874.242310,874.292297,1920,1046,"world_widget_loading_progress_bar_geometry",1,0,"video_relative_to_screen_recording_start",461.390961,412851.344,412901.344,1,461.390961,"1781611657574","../../../../../../Project/UE5/Gallery/Saved/ScreenRecordings/A037_20260616_200737_screen.mkv",412851.344,412901.344,412876.344,"1781612070425","1781612070475","2026-06-16T20:14:30.425+08:00","2026-06-16T20:14:30.475+08:00",872.692322,EXP1,"b_progress_bar",-1,-1,
"b_preview_panel","B条件预览面板","T004_b_preview_panel_0065","video_relative_to_recording_start",rectangle,780,44,1159,602,,,,"A037","T004","B",loading,,,,,1,TRUE,1600.000,1650.000,874.292297,874.342346,1920,1046,"world_widget_card_size_box_geometry",1,0,"video_relative_to_screen_recording_start",461.390961,412901.344,412951.375,1,461.390961,"1781611657574","../../../../../../Project/UE5/Gallery/Saved/ScreenRecordings/A037_20260616_200737_screen.mkv",412901.344,412951.375,412926.375,"1781612070475","1781612070525","2026-06-16T20:14:30.475+08:00","2026-06-16T20:14:30.525+08:00",872.692322,EXP1,"b_preview",-1,-1,
"b_progress_bar","B条件进度条区域","T004_b_progress_bar_0066","video_relative_to_recording_start",rectangle,801,562,1138,576,,,,"A037","T004","B",loading,,,,,1,TRUE,1600.000,1650.000,874.292297,874.342346,1920,1046,"world_widget_loading_progress_bar_geometry",1,0,"video_relative_to_screen_recording_start",461.390961,412901.344,412951.375,1,461.390961,"1781611657574","../../../../../../Project/UE5/Gallery/Saved/ScreenRecordings/A037_20260616_200737_screen.mkv",412901.344,412951.375,412926.375,"1781612070475","1781612070525","2026-06-16T20:14:30.475+08:00","2026-06-16T20:14:30.525+08:00",872.692322,EXP1,"b_progress_bar",-1,-1,
"b_preview_panel","B条件预览面板","T004_b_preview_panel_0067","video_relative_to_recording_start",rectangle,780,44,1159,602,,,,"A037","T004","B",loading,,,,,1,TRUE,1650.000,1700.000,874.342346,874.392334,1920,1046,"world_widget_card_size_box_geometry",1,0,"video_relative_to_screen_recording_start",461.390961,412951.375,413001.375,1,461.390961,"1781611657574","../../../../../../Project/UE5/Gallery/Saved/ScreenRecordings/A037_20260616_200737_screen.mkv",412951.375,413001.375,412976.375,"1781612070525","1781612070575","2026-06-16T20:14:30.525+08:00","2026-06-16T20:14:30.575+08:00",872.692322,EXP1,"b_preview",-1,-1,
"b_progress_bar","B条件进度条区域","T004_b_progress_bar_0068","video_relative_to_recording_start",rectangle,801,562,1138,576,,,,"A037","T004","B",loading,,,,,1,TRUE,1650.000,1700.000,874.342346,874.392334,1920,1046,"world_widget_loading_progress_bar_geometry",1,0,"video_relative_to_screen_recording_start",461.390961,412951.375,413001.375,1,461.390961,"1781611657574","../../../../../../Project/UE5/Gallery/Saved/ScreenRecordings/A037_20260616_200737_screen.mkv",412951.375,413001.375,412976.375,"1781612070525","1781612070575","2026-06-16T20:14:30.525+08:00","2026-06-16T20:14:30.575+08:00",872.692322,EXP1,"b_progress_bar",-1,-1,
"b_preview_panel","B条件预览面板","T004_b_preview_panel_0069","video_relative_to_recording_start",rectangle,780,44,1159,602,,,,"A037","T004","B",loading,,,,,1,TRUE,1700.000,1750.000,874.392334,874.442322,1920,1046,"world_widget_card_size_box_geometry",1,0,"video_relative_to_screen_recording_start",461.390961,413001.375,413051.375,1,461.390961,"1781611657574","../../../../../../Project/UE5/Gallery/Saved/ScreenRecordings/A037_20260616_200737_screen.mkv",413001.375,413051.375,413026.375,"1781612070575","1781612070625","2026-06-16T20:14:30.575+08:00","2026-06-16T20:14:30.625+08:00",872.692322,EXP1,"b_preview",-1,-1,
"b_progress_bar","B条件进度条区域","T004_b_progress_bar_0070","video_relative_to_recording_start",rectangle,801,562,1138,576,,,,"A037","T004","B",loading,,,,,1,TRUE,1700.000,1750.000,874.392334,874.442322,1920,1046,"world_widget_loading_progress_bar_geometry",1,0,"video_relative_to_screen_recording_start",461.390961,413001.375,413051.375,1,461.390961,"1781611657574","../../../../../../Project/UE5/Gallery/Saved/ScreenRecordings/A037_20260616_200737_screen.mkv",413001.375,413051.375,413026.375,"1781612070575","1781612070625","2026-06-16T20:14:30.575+08:00","2026-06-16T20:14:30.625+08:00",872.692322,EXP1,"b_progress_bar",-1,-1,
"b_preview_panel","B条件预览面板","T004_b_preview_panel_0071","video_relative_to_recording_start",rectangle,780,44,1159,602,,,,"A037","T004","B",loading,,,,,1,TRUE,1750.000,1800.000,874.442322,874.492310,1920,1046,"world_widget_card_size_box_geometry",1,0,"video_relative_to_screen_recording_start",461.390961,413051.375,413101.344,1,461.390961,"1781611657574","../../../../../../Project/UE5/Gallery/Saved/ScreenRecordings/A037_20260616_200737_screen.mkv",413051.375,413101.344,413076.375,"1781612070625","1781612070675","2026-06-16T20:14:30.625+08:00","2026-06-16T20:14:30.675+08:00",872.692322,EXP1,"b_preview",-1,-1,
"b_progress_bar","B条件进度条区域","T004_b_progress_bar_0072","video_relative_to_recording_start",rectangle,801,562,1138,576,,,,"A037","T004","B",loading,,,,,1,TRUE,1750.000,1800.000,874.442322,874.492310,1920,1046,"world_widget_loading_progress_bar_geometry",1,0,"video_relative_to_screen_recording_start",461.390961,413051.375,413101.344,1,461.390961,"1781611657574","../../../../../../Project/UE5/Gallery/Saved/ScreenRecordings/A037_20260616_200737_screen.mkv",413051.375,413101.344,413076.375,"1781612070625","1781612070675","2026-06-16T20:14:30.625+08:00","2026-06-16T20:14:30.675+08:00",872.692322,EXP1,"b_progress_bar",-1,-1,
"b_preview_panel","B条件预览面板","T004_b_preview_panel_0073","video_relative_to_recording_start",rectangle,780,44,1159,602,,,,"A037","T004","B",loading,,,,,1,TRUE,1800.000,1850.000,874.492310,874.542297,1920,1046,"world_widget_card_size_box_geometry",1,0,"video_relative_to_screen_recording_start",461.390961,413101.344,413151.344,1,461.390961,"1781611657574","../../../../../../Project/UE5/Gallery/Saved/ScreenRecordings/A037_20260616_200737_screen.mkv",413101.344,413151.344,413126.344,"1781612070675","1781612070725","2026-06-16T20:14:30.675+08:00","2026-06-16T20:14:30.725+08:00",872.692322,EXP1,"b_preview",-1,-1,
"b_progress_bar","B条件进度条区域","T004_b_progress_bar_0074","video_relative_to_recording_start",rectangle,801,562,1138,576,,,,"A037","T004","B",loading,,,,,1,TRUE,1800.000,1850.000,874.492310,874.542297,1920,1046,"world_widget_loading_progress_bar_geometry",1,0,"video_relative_to_screen_recording_start",461.390961,413101.344,413151.344,1,461.390961,"1781611657574","../../../../../../Project/UE5/Gallery/Saved/ScreenRecordings/A037_20260616_200737_screen.mkv",413101.344,413151.344,413126.344,"1781612070675","1781612070725","2026-06-16T20:14:30.675+08:00","2026-06-16T20:14:30.725+08:00",872.692322,EXP1,"b_progress_bar",-1,-1,
"b_preview_panel","B条件预览面板","T004_b_preview_panel_0075","video_relative_to_recording_start",rectangle,780,44,1159,602,,,,"A037","T004","B",loading,,,,,1,TRUE,1850.000,1900.000,874.542297,874.592346,1920,1046,"world_widget_card_size_box_geometry",1,0,"video_relative_to_screen_recording_start",461.390961,413151.344,413201.375,1,461.390961,"1781611657574","../../../../../../Project/UE5/Gallery/Saved/ScreenRecordings/A037_20260616_200737_screen.mkv",413151.344,413201.375,413176.375,"1781612070725","1781612070775","2026-06-16T20:14:30.725+08:00","2026-06-16T20:14:30.775+08:00",872.692322,EXP1,"b_preview",-1,-1,
"b_progress_bar","B条件进度条区域","T004_b_progress_bar_0076","video_relative_to_recording_start",rectangle,801,562,1138,576,,,,"A037","T004","B",loading,,,,,1,TRUE,1850.000,1900.000,874.542297,874.592346,1920,1046,"world_widget_loading_progress_bar_geometry",1,0,"video_relative_to_screen_recording_start",461.390961,413151.344,413201.375,1,461.390961,"1781611657574","../../../../../../Project/UE5/Gallery/Saved/ScreenRecordings/A037_20260616_200737_screen.mkv",413151.344,413201.375,413176.375,"1781612070725","1781612070775","2026-06-16T20:14:30.725+08:00","2026-06-16T20:14:30.775+08:00",872.692322,EXP1,"b_progress_bar",-1,-1,
"b_preview_panel","B条件预览面板","T004_b_preview_panel_0077","video_relative_to_recording_start",rectangle,780,44,1159,602,,,,"A037","T004","B",loading,,,,,1,TRUE,1900.000,1950.000,874.592346,874.642334,1920,1046,"world_widget_card_size_box_geometry",1,0,"video_relative_to_screen_recording_start",461.390961,413201.375,413251.375,1,461.390961,"1781611657574","../../../../../../Project/UE5/Gallery/Saved/ScreenRecordings/A037_20260616_200737_screen.mkv",413201.375,413251.375,413226.375,"1781612070775","1781612070825","2026-06-16T20:14:30.775+08:00","2026-06-16T20:14:30.825+08:00",872.692322,EXP1,"b_preview",-1,-1,
"b_progress_bar","B条件进度条区域","T004_b_progress_bar_0078","video_relative_to_recording_start",rectangle,801,562,1138,576,,,,"A037","T004","B",loading,,,,,1,TRUE,1900.000,1950.000,874.592346,874.642334,1920,1046,"world_widget_loading_progress_bar_geometry",1,0,"video_relative_to_screen_recording_start",461.390961,413201.375,413251.375,1,461.390961,"1781611657574","../../../../../../Project/UE5/Gallery/Saved/ScreenRecordings/A037_20260616_200737_screen.mkv",413201.375,413251.375,413226.375,"1781612070775","1781612070825","2026-06-16T20:14:30.775+08:00","2026-06-16T20:14:30.825+08:00",872.692322,EXP1,"b_progress_bar",-1,-1,
"b_preview_panel","B条件预览面板","T004_b_preview_panel_0079","video_relative_to_recording_start",rectangle,780,44,1159,602,,,,"A037","T004","B",loading,,,,,1,TRUE,1950.000,2000.000,874.642334,874.692322,1920,1046,"world_widget_card_size_box_geometry",1,0,"video_relative_to_screen_recording_start",461.390961,413251.375,413301.375,1,461.390961,"1781611657574","../../../../../../Project/UE5/Gallery/Saved/ScreenRecordings/A037_20260616_200737_screen.mkv",413251.375,413301.375,413276.375,"1781612070825","1781612070875","2026-06-16T20:14:30.825+08:00","2026-06-16T20:14:30.875+08:00",872.692322,EXP1,"b_preview",-1,-1,
"b_progress_bar","B条件进度条区域","T004_b_progress_bar_0080","video_relative_to_recording_start",rectangle,801,562,1138,576,,,,"A037","T004","B",loading,,,,,1,TRUE,1950.000,2000.000,874.642334,874.692322,1920,1046,"world_widget_loading_progress_bar_geometry",1,0,"video_relative_to_screen_recording_start",461.390961,413251.375,413301.375,1,461.390961,"1781611657574","../../../../../../Project/UE5/Gallery/Saved/ScreenRecordings/A037_20260616_200737_screen.mkv",413251.375,413301.375,413276.375,"1781612070825","1781612070875","2026-06-16T20:14:30.825+08:00","2026-06-16T20:14:30.875+08:00",872.692322,EXP1,"b_progress_bar",-1,-1,
"b_preview_panel","B条件预览面板","T004_b_preview_panel_0081","video_relative_to_recording_start",rectangle,780,44,1159,602,,,,"A037","T004","B",loading,,,,,1,TRUE,2000.000,2050.000,874.692322,874.742310,1920,1046,"world_widget_card_size_box_geometry",1,0,"video_relative_to_screen_recording_start",461.390961,413301.375,413351.344,1,461.390961,"1781611657574","../../../../../../Project/UE5/Gallery/Saved/ScreenRecordings/A037_20260616_200737_screen.mkv",413301.375,413351.344,413326.375,"1781612070875","1781612070925","2026-06-16T20:14:30.875+08:00","2026-06-16T20:14:30.925+08:00",872.692322,EXP1,"b_preview",-1,-1,
"b_progress_bar","B条件进度条区域","T004_b_progress_bar_0082","video_relative_to_recording_start",rectangle,801,562,1138,576,,,,"A037","T004","B",loading,,,,,1,TRUE,2000.000,2050.000,874.692322,874.742310,1920,1046,"world_widget_loading_progress_bar_geometry",1,0,"video_relative_to_screen_recording_start",461.390961,413301.375,413351.344,1,461.390961,"1781611657574","../../../../../../Project/UE5/Gallery/Saved/ScreenRecordings/A037_20260616_200737_screen.mkv",413301.375,413351.344,413326.375,"1781612070875","1781612070925","2026-06-16T20:14:30.875+08:00","2026-06-16T20:14:30.925+08:00",872.692322,EXP1,"b_progress_bar",-1,-1,
"b_preview_panel","B条件预览面板","T004_b_preview_panel_0083","video_relative_to_recording_start",rectangle,780,44,1159,602,,,,"A037","T004","B",loading,,,,,1,TRUE,2050.000,2100.000,874.742310,874.792297,1920,1046,"world_widget_card_size_box_geometry",1,0,"video_relative_to_screen_recording_start",461.390961,413351.344,413401.344,1,461.390961,"1781611657574","../../../../../../Project/UE5/Gallery/Saved/ScreenRecordings/A037_20260616_200737_screen.mkv",413351.344,413401.344,413376.344,"1781612070925","1781612070975","2026-06-16T20:14:30.925+08:00","2026-06-16T20:14:30.975+08:00",872.692322,EXP1,"b_preview",-1,-1,
"b_progress_bar","B条件进度条区域","T004_b_progress_bar_0084","video_relative_to_recording_start",rectangle,801,562,1138,576,,,,"A037","T004","B",loading,,,,,1,TRUE,2050.000,2100.000,874.742310,874.792297,1920,1046,"world_widget_loading_progress_bar_geometry",1,0,"video_relative_to_screen_recording_start",461.390961,413351.344,413401.344,1,461.390961,"1781611657574","../../../../../../Project/UE5/Gallery/Saved/ScreenRecordings/A037_20260616_200737_screen.mkv",413351.344,413401.344,413376.344,"1781612070925","1781612070975","2026-06-16T20:14:30.925+08:00","2026-06-16T20:14:30.975+08:00",872.692322,EXP1,"b_progress_bar",-1,-1,
"b_preview_panel","B条件预览面板","T004_b_preview_panel_0085","video_relative_to_recording_start",rectangle,780,44,1159,602,,,,"A037","T004","B",loading,,,,,1,TRUE,2100.000,2150.000,874.792297,874.842346,1920,1046,"world_widget_card_size_box_geometry",1,0,"video_relative_to_screen_recording_start",461.390961,413401.344,413451.375,1,461.390961,"1781611657574","../../../../../../Project/UE5/Gallery/Saved/ScreenRecordings/A037_20260616_200737_screen.mkv",413401.344,413451.375,413426.375,"1781612070975","1781612071025","2026-06-16T20:14:30.975+08:00","2026-06-16T20:14:31.025+08:00",872.692322,EXP1,"b_preview",-1,-1,
"b_progress_bar","B条件进度条区域","T004_b_progress_bar_0086","video_relative_to_recording_start",rectangle,801,562,1138,576,,,,"A037","T004","B",loading,,,,,1,TRUE,2100.000,2150.000,874.792297,874.842346,1920,1046,"world_widget_loading_progress_bar_geometry",1,0,"video_relative_to_screen_recording_start",461.390961,413401.344,413451.375,1,461.390961,"1781611657574","../../../../../../Project/UE5/Gallery/Saved/ScreenRecordings/A037_20260616_200737_screen.mkv",413401.344,413451.375,413426.375,"1781612070975","1781612071025","2026-06-16T20:14:30.975+08:00","2026-06-16T20:14:31.025+08:00",872.692322,EXP1,"b_progress_bar",-1,-1,
"b_preview_panel","B条件预览面板","T004_b_preview_panel_0087","video_relative_to_recording_start",rectangle,780,44,1159,602,,,,"A037","T004","B",loading,,,,,1,TRUE,2150.000,2200.000,874.842346,874.892334,1920,1046,"world_widget_card_size_box_geometry",1,0,"video_relative_to_screen_recording_start",461.390961,413451.375,413501.375,1,461.390961,"1781611657574","../../../../../../Project/UE5/Gallery/Saved/ScreenRecordings/A037_20260616_200737_screen.mkv",413451.375,413501.375,413476.375,"1781612071025","1781612071075","2026-06-16T20:14:31.025+08:00","2026-06-16T20:14:31.075+08:00",872.692322,EXP1,"b_preview",-1,-1,
"b_progress_bar","B条件进度条区域","T004_b_progress_bar_0088","video_relative_to_recording_start",rectangle,801,562,1138,576,,,,"A037","T004","B",loading,,,,,1,TRUE,2150.000,2200.000,874.842346,874.892334,1920,1046,"world_widget_loading_progress_bar_geometry",1,0,"video_relative_to_screen_recording_start",461.390961,413451.375,413501.375,1,461.390961,"1781611657574","../../../../../../Project/UE5/Gallery/Saved/ScreenRecordings/A037_20260616_200737_screen.mkv",413451.375,413501.375,413476.375,"1781612071025","1781612071075","2026-06-16T20:14:31.025+08:00","2026-06-16T20:14:31.075+08:00",872.692322,EXP1,"b_progress_bar",-1,-1,
"b_preview_panel","B条件预览面板","T004_b_preview_panel_0089","video_relative_to_recording_start",rectangle,780,44,1159,602,,,,"A037","T004","B",loading,,,,,1,TRUE,2200.000,2250.000,874.892334,874.942322,1920,1046,"world_widget_card_size_box_geometry",1,0,"video_relative_to_screen_recording_start",461.390961,413501.375,413551.375,1,461.390961,"1781611657574","../../../../../../Project/UE5/Gallery/Saved/ScreenRecordings/A037_20260616_200737_screen.mkv",413501.375,413551.375,413526.375,"1781612071075","1781612071125","2026-06-16T20:14:31.075+08:00","2026-06-16T20:14:31.125+08:00",872.692322,EXP1,"b_preview",-1,-1,
"b_progress_bar","B条件进度条区域","T004_b_progress_bar_0090","video_relative_to_recording_start",rectangle,801,562,1138,576,,,,"A037","T004","B",loading,,,,,1,TRUE,2200.000,2250.000,874.892334,874.942322,1920,1046,"world_widget_loading_progress_bar_geometry",1,0,"video_relative_to_screen_recording_start",461.390961,413501.375,413551.375,1,461.390961,"1781611657574","../../../../../../Project/UE5/Gallery/Saved/ScreenRecordings/A037_20260616_200737_screen.mkv",413501.375,413551.375,413526.375,"1781612071075","1781612071125","2026-06-16T20:14:31.075+08:00","2026-06-16T20:14:31.125+08:00",872.692322,EXP1,"b_progress_bar",-1,-1,
"b_preview_panel","B条件预览面板","T004_b_preview_panel_0091","video_relative_to_recording_start",rectangle,780,44,1159,602,,,,"A037","T004","B",loading,,,,,1,TRUE,2250.000,2300.000,874.942322,874.992310,1920,1046,"world_widget_card_size_box_geometry",1,0,"video_relative_to_screen_recording_start",461.390961,413551.375,413601.344,1,461.390961,"1781611657574","../../../../../../Project/UE5/Gallery/Saved/ScreenRecordings/A037_20260616_200737_screen.mkv",413551.375,413601.344,413576.375,"1781612071125","1781612071175","2026-06-16T20:14:31.125+08:00","2026-06-16T20:14:31.175+08:00",872.692322,EXP1,"b_preview",-1,-1,
"b_progress_bar","B条件进度条区域","T004_b_progress_bar_0092","video_relative_to_recording_start",rectangle,801,562,1138,576,,,,"A037","T004","B",loading,,,,,1,TRUE,2250.000,2300.000,874.942322,874.992310,1920,1046,"world_widget_loading_progress_bar_geometry",1,0,"video_relative_to_screen_recording_start",461.390961,413551.375,413601.344,1,461.390961,"1781611657574","../../../../../../Project/UE5/Gallery/Saved/ScreenRecordings/A037_20260616_200737_screen.mkv",413551.375,413601.344,413576.375,"1781612071125","1781612071175","2026-06-16T20:14:31.125+08:00","2026-06-16T20:14:31.175+08:00",872.692322,EXP1,"b_progress_bar",-1,-1,
"b_preview_panel","B条件预览面板","T004_b_preview_panel_0093","video_relative_to_recording_start",rectangle,780,44,1159,602,,,,"A037","T004","B",loading,,,,,1,TRUE,2300.000,2350.000,874.992310,875.042297,1920,1046,"world_widget_card_size_box_geometry",1,0,"video_relative_to_screen_recording_start",461.390961,413601.344,413651.344,1,461.390961,"1781611657574","../../../../../../Project/UE5/Gallery/Saved/ScreenRecordings/A037_20260616_200737_screen.mkv",413601.344,413651.344,413626.344,"1781612071175","1781612071225","2026-06-16T20:14:31.175+08:00","2026-06-16T20:14:31.225+08:00",872.692322,EXP1,"b_preview",-1,-1,
"b_progress_bar","B条件进度条区域","T004_b_progress_bar_0094","video_relative_to_recording_start",rectangle,801,562,1138,576,,,,"A037","T004","B",loading,,,,,1,TRUE,2300.000,2350.000,874.992310,875.042297,1920,1046,"world_widget_loading_progress_bar_geometry",1,0,"video_relative_to_screen_recording_start",461.390961,413601.344,413651.344,1,461.390961,"1781611657574","../../../../../../Project/UE5/Gallery/Saved/ScreenRecordings/A037_20260616_200737_screen.mkv",413601.344,413651.344,413626.344,"1781612071175","1781612071225","2026-06-16T20:14:31.175+08:00","2026-06-16T20:14:31.225+08:00",872.692322,EXP1,"b_progress_bar",-1,-1,
"b_preview_panel","B条件预览面板","T004_b_preview_panel_0095","video_relative_to_recording_start",rectangle,780,44,1159,602,,,,"A037","T004","B",loading,,,,,1,TRUE,2350.000,2400.000,875.042297,875.092346,1920,1046,"world_widget_card_size_box_geometry",1,0,"video_relative_to_screen_recording_start",461.390961,413651.344,413701.375,1,461.390961,"1781611657574","../../../../../../Project/UE5/Gallery/Saved/ScreenRecordings/A037_20260616_200737_screen.mkv",413651.344,413701.375,413676.375,"1781612071225","1781612071275","2026-06-16T20:14:31.225+08:00","2026-06-16T20:14:31.275+08:00",872.692322,EXP1,"b_preview",-1,-1,
"b_progress_bar","B条件进度条区域","T004_b_progress_bar_0096","video_relative_to_recording_start",rectangle,801,562,1138,576,,,,"A037","T004","B",loading,,,,,1,TRUE,2350.000,2400.000,875.042297,875.092346,1920,1046,"world_widget_loading_progress_bar_geometry",1,0,"video_relative_to_screen_recording_start",461.390961,413651.344,413701.375,1,461.390961,"1781611657574","../../../../../../Project/UE5/Gallery/Saved/ScreenRecordings/A037_20260616_200737_screen.mkv",413651.344,413701.375,413676.375,"1781612071225","1781612071275","2026-06-16T20:14:31.225+08:00","2026-06-16T20:14:31.275+08:00",872.692322,EXP1,"b_progress_bar",-1,-1,
"b_preview_panel","B条件预览面板","T004_b_preview_panel_0097","video_relative_to_recording_start",rectangle,780,44,1159,602,,,,"A037","T004","B",loading,,,,,1,TRUE,2400.000,2450.000,875.092346,875.142334,1920,1046,"world_widget_card_size_box_geometry",1,0,"video_relative_to_screen_recording_start",461.390961,413701.375,413751.375,1,461.390961,"1781611657574","../../../../../../Project/UE5/Gallery/Saved/ScreenRecordings/A037_20260616_200737_screen.mkv",413701.375,413751.375,413726.375,"1781612071275","1781612071325","2026-06-16T20:14:31.275+08:00","2026-06-16T20:14:31.325+08:00",872.692322,EXP1,"b_preview",-1,-1,
"b_progress_bar","B条件进度条区域","T004_b_progress_bar_0098","video_relative_to_recording_start",rectangle,801,562,1138,576,,,,"A037","T004","B",loading,,,,,1,TRUE,2400.000,2450.000,875.092346,875.142334,1920,1046,"world_widget_loading_progress_bar_geometry",1,0,"video_relative_to_screen_recording_start",461.390961,413701.375,413751.375,1,461.390961,"1781611657574","../../../../../../Project/UE5/Gallery/Saved/ScreenRecordings/A037_20260616_200737_screen.mkv",413701.375,413751.375,413726.375,"1781612071275","1781612071325","2026-06-16T20:14:31.275+08:00","2026-06-16T20:14:31.325+08:00",872.692322,EXP1,"b_progress_bar",-1,-1,
"b_preview_panel","B条件预览面板","T004_b_preview_panel_0099","video_relative_to_recording_start",rectangle,780,44,1159,602,,,,"A037","T004","B",loading,,,,,1,TRUE,2450.000,2500.000,875.142334,875.192322,1920,1046,"world_widget_card_size_box_geometry",1,0,"video_relative_to_screen_recording_start",461.390961,413751.375,413801.375,1,461.390961,"1781611657574","../../../../../../Project/UE5/Gallery/Saved/ScreenRecordings/A037_20260616_200737_screen.mkv",413751.375,413801.375,413776.375,"1781612071325","1781612071375","2026-06-16T20:14:31.325+08:00","2026-06-16T20:14:31.375+08:00",872.692322,EXP1,"b_preview",-1,-1,
"b_progress_bar","B条件进度条区域","T004_b_progress_bar_0100","video_relative_to_recording_start",rectangle,801,562,1138,576,,,,"A037","T004","B",loading,,,,,1,TRUE,2450.000,2500.000,875.142334,875.192322,1920,1046,"world_widget_loading_progress_bar_geometry",1,0,"video_relative_to_screen_recording_start",461.390961,413751.375,413801.375,1,461.390961,"1781611657574","../../../../../../Project/UE5/Gallery/Saved/ScreenRecordings/A037_20260616_200737_screen.mkv",413751.375,413801.375,413776.375,"1781612071325","1781612071375","2026-06-16T20:14:31.325+08:00","2026-06-16T20:14:31.375+08:00",872.692322,EXP1,"b_progress_bar",-1,-1,
"b_preview_panel","B条件预览面板","T004_b_preview_panel_0101","video_relative_to_recording_start",rectangle,780,44,1159,602,,,,"A037","T004","B",loading,,,,,1,TRUE,2500.000,2550.000,875.192322,875.242310,1920,1046,"world_widget_card_size_box_geometry",1,0,"video_relative_to_screen_recording_start",461.390961,413801.375,413851.344,1,461.390961,"1781611657574","../../../../../../Project/UE5/Gallery/Saved/ScreenRecordings/A037_20260616_200737_screen.mkv",413801.375,413851.344,413826.375,"1781612071375","1781612071425","2026-06-16T20:14:31.375+08:00","2026-06-16T20:14:31.425+08:00",872.692322,EXP1,"b_preview",-1,-1,
"b_progress_bar","B条件进度条区域","T004_b_progress_bar_0102","video_relative_to_recording_start",rectangle,801,562,1138,576,,,,"A037","T004","B",loading,,,,,1,TRUE,2500.000,2550.000,875.192322,875.242310,1920,1046,"world_widget_loading_progress_bar_geometry",1,0,"video_relative_to_screen_recording_start",461.390961,413801.375,413851.344,1,461.390961,"1781611657574","../../../../../../Project/UE5/Gallery/Saved/ScreenRecordings/A037_20260616_200737_screen.mkv",413801.375,413851.344,413826.375,"1781612071375","1781612071425","2026-06-16T20:14:31.375+08:00","2026-06-16T20:14:31.425+08:00",872.692322,EXP1,"b_progress_bar",-1,-1,
"b_preview_panel","B条件预览面板","T004_b_preview_panel_0103","video_relative_to_recording_start",rectangle,780,44,1159,602,,,,"A037","T004","B",loading,,,,,1,TRUE,2550.000,2600.000,875.242310,875.292297,1920,1046,"world_widget_card_size_box_geometry",1,0,"video_relative_to_screen_recording_start",461.390961,413851.344,413901.344,1,461.390961,"1781611657574","../../../../../../Project/UE5/Gallery/Saved/ScreenRecordings/A037_20260616_200737_screen.mkv",413851.344,413901.344,413876.344,"1781612071425","1781612071475","2026-06-16T20:14:31.425+08:00","2026-06-16T20:14:31.475+08:00",872.692322,EXP1,"b_preview",-1,-1,
"b_progress_bar","B条件进度条区域","T004_b_progress_bar_0104","video_relative_to_recording_start",rectangle,801,562,1138,576,,,,"A037","T004","B",loading,,,,,1,TRUE,2550.000,2600.000,875.242310,875.292297,1920,1046,"world_widget_loading_progress_bar_geometry",1,0,"video_relative_to_screen_recording_start",461.390961,413851.344,413901.344,1,461.390961,"1781611657574","../../../../../../Project/UE5/Gallery/Saved/ScreenRecordings/A037_20260616_200737_screen.mkv",413851.344,413901.344,413876.344,"1781612071425","1781612071475","2026-06-16T20:14:31.425+08:00","2026-06-16T20:14:31.475+08:00",872.692322,EXP1,"b_progress_bar",-1,-1,
"b_preview_panel","B条件预览面板","T004_b_preview_panel_0105","video_relative_to_recording_start",rectangle,780,44,1159,602,,,,"A037","T004","B",loading,,,,,1,TRUE,2600.000,2650.000,875.292297,875.342346,1920,1046,"world_widget_card_size_box_geometry",1,0,"video_relative_to_screen_recording_start",461.390961,413901.344,413951.375,1,461.390961,"1781611657574","../../../../../../Project/UE5/Gallery/Saved/ScreenRecordings/A037_20260616_200737_screen.mkv",413901.344,413951.375,413926.375,"1781612071475","1781612071525","2026-06-16T20:14:31.475+08:00","2026-06-16T20:14:31.525+08:00",872.692322,EXP1,"b_preview",-1,-1,
"b_progress_bar","B条件进度条区域","T004_b_progress_bar_0106","video_relative_to_recording_start",rectangle,801,562,1138,576,,,,"A037","T004","B",loading,,,,,1,TRUE,2600.000,2650.000,875.292297,875.342346,1920,1046,"world_widget_loading_progress_bar_geometry",1,0,"video_relative_to_screen_recording_start",461.390961,413901.344,413951.375,1,461.390961,"1781611657574","../../../../../../Project/UE5/Gallery/Saved/ScreenRecordings/A037_20260616_200737_screen.mkv",413901.344,413951.375,413926.375,"1781612071475","1781612071525","2026-06-16T20:14:31.475+08:00","2026-06-16T20:14:31.525+08:00",872.692322,EXP1,"b_progress_bar",-1,-1,
"b_preview_panel","B条件预览面板","T004_b_preview_panel_0107","video_relative_to_recording_start",rectangle,780,44,1159,602,,,,"A037","T004","B",loading,,,,,1,TRUE,2650.000,2700.000,875.342346,875.392334,1920,1046,"world_widget_card_size_box_geometry",1,0,"video_relative_to_screen_recording_start",461.390961,413951.375,414001.375,1,461.390961,"1781611657574","../../../../../../Project/UE5/Gallery/Saved/ScreenRecordings/A037_20260616_200737_screen.mkv",413951.375,414001.375,413976.375,"1781612071525","1781612071575","2026-06-16T20:14:31.525+08:00","2026-06-16T20:14:31.575+08:00",872.692322,EXP1,"b_preview",-1,-1,
"b_progress_bar","B条件进度条区域","T004_b_progress_bar_0108","video_relative_to_recording_start",rectangle,801,562,1138,576,,,,"A037","T004","B",loading,,,,,1,TRUE,2650.000,2700.000,875.342346,875.392334,1920,1046,"world_widget_loading_progress_bar_geometry",1,0,"video_relative_to_screen_recording_start",461.390961,413951.375,414001.375,1,461.390961,"1781611657574","../../../../../../Project/UE5/Gallery/Saved/ScreenRecordings/A037_20260616_200737_screen.mkv",413951.375,414001.375,413976.375,"1781612071525","1781612071575","2026-06-16T20:14:31.525+08:00","2026-06-16T20:14:31.575+08:00",872.692322,EXP1,"b_progress_bar",-1,-1,
"b_preview_panel","B条件预览面板","T004_b_preview_panel_0109","video_relative_to_recording_start",rectangle,780,44,1159,602,,,,"A037","T004","B",loading,,,,,1,TRUE,2700.000,2750.000,875.392334,875.442322,1920,1046,"world_widget_card_size_box_geometry",1,0,"video_relative_to_screen_recording_start",461.390961,414001.375,414051.375,1,461.390961,"1781611657574","../../../../../../Project/UE5/Gallery/Saved/ScreenRecordings/A037_20260616_200737_screen.mkv",414001.375,414051.375,414026.375,"1781612071575","1781612071625","2026-06-16T20:14:31.575+08:00","2026-06-16T20:14:31.625+08:00",872.692322,EXP1,"b_preview",-1,-1,
"b_progress_bar","B条件进度条区域","T004_b_progress_bar_0110","video_relative_to_recording_start",rectangle,801,562,1138,576,,,,"A037","T004","B",loading,,,,,1,TRUE,2700.000,2750.000,875.392334,875.442322,1920,1046,"world_widget_loading_progress_bar_geometry",1,0,"video_relative_to_screen_recording_start",461.390961,414001.375,414051.375,1,461.390961,"1781611657574","../../../../../../Project/UE5/Gallery/Saved/ScreenRecordings/A037_20260616_200737_screen.mkv",414001.375,414051.375,414026.375,"1781612071575","1781612071625","2026-06-16T20:14:31.575+08:00","2026-06-16T20:14:31.625+08:00",872.692322,EXP1,"b_progress_bar",-1,-1,
"b_preview_panel","B条件预览面板","T004_b_preview_panel_0111","video_relative_to_recording_start",rectangle,780,44,1159,602,,,,"A037","T004","B",loading,,,,,1,TRUE,2750.000,2800.000,875.442322,875.492310,1920,1046,"world_widget_card_size_box_geometry",1,0,"video_relative_to_screen_recording_start",461.390961,414051.375,414101.344,1,461.390961,"1781611657574","../../../../../../Project/UE5/Gallery/Saved/ScreenRecordings/A037_20260616_200737_screen.mkv",414051.375,414101.344,414076.375,"1781612071625","1781612071675","2026-06-16T20:14:31.625+08:00","2026-06-16T20:14:31.675+08:00",872.692322,EXP1,"b_preview",-1,-1,
"b_progress_bar","B条件进度条区域","T004_b_progress_bar_0112","video_relative_to_recording_start",rectangle,801,562,1138,576,,,,"A037","T004","B",loading,,,,,1,TRUE,2750.000,2800.000,875.442322,875.492310,1920,1046,"world_widget_loading_progress_bar_geometry",1,0,"video_relative_to_screen_recording_start",461.390961,414051.375,414101.344,1,461.390961,"1781611657574","../../../../../../Project/UE5/Gallery/Saved/ScreenRecordings/A037_20260616_200737_screen.mkv",414051.375,414101.344,414076.375,"1781612071625","1781612071675","2026-06-16T20:14:31.625+08:00","2026-06-16T20:14:31.675+08:00",872.692322,EXP1,"b_progress_bar",-1,-1,
"b_preview_panel","B条件预览面板","T004_b_preview_panel_0113","video_relative_to_recording_start",rectangle,780,44,1159,602,,,,"A037","T004","B",loading,,,,,1,TRUE,2800.000,2850.000,875.492310,875.542297,1920,1046,"world_widget_card_size_box_geometry",1,0,"video_relative_to_screen_recording_start",461.390961,414101.344,414151.344,1,461.390961,"1781611657574","../../../../../../Project/UE5/Gallery/Saved/ScreenRecordings/A037_20260616_200737_screen.mkv",414101.344,414151.344,414126.344,"1781612071675","1781612071725","2026-06-16T20:14:31.675+08:00","2026-06-16T20:14:31.725+08:00",872.692322,EXP1,"b_preview",-1,-1,
"b_progress_bar","B条件进度条区域","T004_b_progress_bar_0114","video_relative_to_recording_start",rectangle,801,562,1138,576,,,,"A037","T004","B",loading,,,,,1,TRUE,2800.000,2850.000,875.492310,875.542297,1920,1046,"world_widget_loading_progress_bar_geometry",1,0,"video_relative_to_screen_recording_start",461.390961,414101.344,414151.344,1,461.390961,"1781611657574","../../../../../../Project/UE5/Gallery/Saved/ScreenRecordings/A037_20260616_200737_screen.mkv",414101.344,414151.344,414126.344,"1781612071675","1781612071725","2026-06-16T20:14:31.675+08:00","2026-06-16T20:14:31.725+08:00",872.692322,EXP1,"b_progress_bar",-1,-1,
"b_preview_panel","B条件预览面板","T004_b_preview_panel_0115","video_relative_to_recording_start",rectangle,780,44,1159,602,,,,"A037","T004","B",loading,,,,,1,TRUE,2850.000,2900.000,875.542297,875.592346,1920,1046,"world_widget_card_size_box_geometry",1,0,"video_relative_to_screen_recording_start",461.390961,414151.344,414201.375,1,461.390961,"1781611657574","../../../../../../Project/UE5/Gallery/Saved/ScreenRecordings/A037_20260616_200737_screen.mkv",414151.344,414201.375,414176.375,"1781612071725","1781612071775","2026-06-16T20:14:31.725+08:00","2026-06-16T20:14:31.775+08:00",872.692322,EXP1,"b_preview",-1,-1,
"b_progress_bar","B条件进度条区域","T004_b_progress_bar_0116","video_relative_to_recording_start",rectangle,801,562,1138,576,,,,"A037","T004","B",loading,,,,,1,TRUE,2850.000,2900.000,875.542297,875.592346,1920,1046,"world_widget_loading_progress_bar_geometry",1,0,"video_relative_to_screen_recording_start",461.390961,414151.344,414201.375,1,461.390961,"1781611657574","../../../../../../Project/UE5/Gallery/Saved/ScreenRecordings/A037_20260616_200737_screen.mkv",414151.344,414201.375,414176.375,"1781612071725","1781612071775","2026-06-16T20:14:31.725+08:00","2026-06-16T20:14:31.775+08:00",872.692322,EXP1,"b_progress_bar",-1,-1,
"b_preview_panel","B条件预览面板","T004_b_preview_panel_0117","video_relative_to_recording_start",rectangle,780,44,1159,602,,,,"A037","T004","B",loading,,,,,1,TRUE,2900.000,2950.000,875.592346,875.642334,1920,1046,"world_widget_card_size_box_geometry",1,0,"video_relative_to_screen_recording_start",461.390961,414201.375,414251.375,1,461.390961,"1781611657574","../../../../../../Project/UE5/Gallery/Saved/ScreenRecordings/A037_20260616_200737_screen.mkv",414201.375,414251.375,414226.375,"1781612071775","1781612071825","2026-06-16T20:14:31.775+08:00","2026-06-16T20:14:31.825+08:00",872.692322,EXP1,"b_preview",-1,-1,
"b_progress_bar","B条件进度条区域","T004_b_progress_bar_0118","video_relative_to_recording_start",rectangle,801,562,1138,576,,,,"A037","T004","B",loading,,,,,1,TRUE,2900.000,2950.000,875.592346,875.642334,1920,1046,"world_widget_loading_progress_bar_geometry",1,0,"video_relative_to_screen_recording_start",461.390961,414201.375,414251.375,1,461.390961,"1781611657574","../../../../../../Project/UE5/Gallery/Saved/ScreenRecordings/A037_20260616_200737_screen.mkv",414201.375,414251.375,414226.375,"1781612071775","1781612071825","2026-06-16T20:14:31.775+08:00","2026-06-16T20:14:31.825+08:00",872.692322,EXP1,"b_progress_bar",-1,-1,
"b_preview_panel","B条件预览面板","T004_b_preview_panel_0119","video_relative_to_recording_start",rectangle,780,44,1159,602,,,,"A037","T004","B",loading,,,,,1,TRUE,2950.000,3000.000,875.642334,875.692322,1920,1046,"world_widget_card_size_box_geometry",1,0,"video_relative_to_screen_recording_start",461.390961,414251.375,414301.375,1,461.390961,"1781611657574","../../../../../../Project/UE5/Gallery/Saved/ScreenRecordings/A037_20260616_200737_screen.mkv",414251.375,414301.375,414276.375,"1781612071825","1781612071875","2026-06-16T20:14:31.825+08:00","2026-06-16T20:14:31.875+08:00",872.692322,EXP1,"b_preview",-1,-1,
"b_progress_bar","B条件进度条区域","T004_b_progress_bar_0120","video_relative_to_recording_start",rectangle,801,562,1138,576,,,,"A037","T004","B",loading,,,,,1,TRUE,2950.000,3000.000,875.642334,875.692322,1920,1046,"world_widget_loading_progress_bar_geometry",1,0,"video_relative_to_screen_recording_start",461.390961,414251.375,414301.375,1,461.390961,"1781611657574","../../../../../../Project/UE5/Gallery/Saved/ScreenRecordings/A037_20260616_200737_screen.mkv",414251.375,414301.375,414276.375,"1781612071825","1781612071875","2026-06-16T20:14:31.825+08:00","2026-06-16T20:14:31.875+08:00",872.692322,EXP1,"b_progress_bar",-1,-1,
"b_preview_panel","B条件预览面板","T004_b_preview_panel_0121","video_relative_to_recording_start",rectangle,780,44,1159,602,,,,"A037","T004","B",loading,,,,,1,TRUE,3000.000,3050.000,875.692322,875.742310,1920,1046,"world_widget_card_size_box_geometry",1,0,"video_relative_to_screen_recording_start",461.390961,414301.375,414351.344,1,461.390961,"1781611657574","../../../../../../Project/UE5/Gallery/Saved/ScreenRecordings/A037_20260616_200737_screen.mkv",414301.375,414351.344,414326.375,"1781612071875","1781612071925","2026-06-16T20:14:31.875+08:00","2026-06-16T20:14:31.925+08:00",872.692322,EXP1,"b_preview",-1,-1,
"b_progress_bar","B条件进度条区域","T004_b_progress_bar_0122","video_relative_to_recording_start",rectangle,801,562,1138,576,,,,"A037","T004","B",loading,,,,,1,TRUE,3000.000,3050.000,875.692322,875.742310,1920,1046,"world_widget_loading_progress_bar_geometry",1,0,"video_relative_to_screen_recording_start",461.390961,414301.375,414351.344,1,461.390961,"1781611657574","../../../../../../Project/UE5/Gallery/Saved/ScreenRecordings/A037_20260616_200737_screen.mkv",414301.375,414351.344,414326.375,"1781612071875","1781612071925","2026-06-16T20:14:31.875+08:00","2026-06-16T20:14:31.925+08:00",872.692322,EXP1,"b_progress_bar",-1,-1,
"b_preview_panel","B条件预览面板","T004_b_preview_panel_0123","video_relative_to_recording_start",rectangle,780,44,1159,602,,,,"A037","T004","B",loading,,,,,1,TRUE,3050.000,3100.000,875.742310,875.792297,1920,1046,"world_widget_card_size_box_geometry",1,0,"video_relative_to_screen_recording_start",461.390961,414351.344,414401.344,1,461.390961,"1781611657574","../../../../../../Project/UE5/Gallery/Saved/ScreenRecordings/A037_20260616_200737_screen.mkv",414351.344,414401.344,414376.344,"1781612071925","1781612071975","2026-06-16T20:14:31.925+08:00","2026-06-16T20:14:31.975+08:00",872.692322,EXP1,"b_preview",-1,-1,
"b_progress_bar","B条件进度条区域","T004_b_progress_bar_0124","video_relative_to_recording_start",rectangle,801,562,1138,576,,,,"A037","T004","B",loading,,,,,1,TRUE,3050.000,3100.000,875.742310,875.792297,1920,1046,"world_widget_loading_progress_bar_geometry",1,0,"video_relative_to_screen_recording_start",461.390961,414351.344,414401.344,1,461.390961,"1781611657574","../../../../../../Project/UE5/Gallery/Saved/ScreenRecordings/A037_20260616_200737_screen.mkv",414351.344,414401.344,414376.344,"1781612071925","1781612071975","2026-06-16T20:14:31.925+08:00","2026-06-16T20:14:31.975+08:00",872.692322,EXP1,"b_progress_bar",-1,-1,
"b_preview_panel","B条件预览面板","T004_b_preview_panel_0125","video_relative_to_recording_start",rectangle,780,44,1159,602,,,,"A037","T004","B",loading,,,,,1,TRUE,3100.000,3150.000,875.792297,875.842346,1920,1046,"world_widget_card_size_box_geometry",1,0,"video_relative_to_screen_recording_start",461.390961,414401.344,414451.375,1,461.390961,"1781611657574","../../../../../../Project/UE5/Gallery/Saved/ScreenRecordings/A037_20260616_200737_screen.mkv",414401.344,414451.375,414426.375,"1781612071975","1781612072025","2026-06-16T20:14:31.975+08:00","2026-06-16T20:14:32.025+08:00",872.692322,EXP1,"b_preview",-1,-1,
"b_progress_bar","B条件进度条区域","T004_b_progress_bar_0126","video_relative_to_recording_start",rectangle,801,562,1138,576,,,,"A037","T004","B",loading,,,,,1,TRUE,3100.000,3150.000,875.792297,875.842346,1920,1046,"world_widget_loading_progress_bar_geometry",1,0,"video_relative_to_screen_recording_start",461.390961,414401.344,414451.375,1,461.390961,"1781611657574","../../../../../../Project/UE5/Gallery/Saved/ScreenRecordings/A037_20260616_200737_screen.mkv",414401.344,414451.375,414426.375,"1781612071975","1781612072025","2026-06-16T20:14:31.975+08:00","2026-06-16T20:14:32.025+08:00",872.692322,EXP1,"b_progress_bar",-1,-1,
"b_preview_panel","B条件预览面板","T004_b_preview_panel_0127","video_relative_to_recording_start",rectangle,780,44,1159,602,,,,"A037","T004","B",loading,,,,,1,TRUE,3150.000,3200.000,875.842346,875.892334,1920,1046,"world_widget_card_size_box_geometry",1,0,"video_relative_to_screen_recording_start",461.390961,414451.375,414501.375,1,461.390961,"1781611657574","../../../../../../Project/UE5/Gallery/Saved/ScreenRecordings/A037_20260616_200737_screen.mkv",414451.375,414501.375,414476.375,"1781612072025","1781612072075","2026-06-16T20:14:32.025+08:00","2026-06-16T20:14:32.075+08:00",872.692322,EXP1,"b_preview",-1,-1,
"b_progress_bar","B条件进度条区域","T004_b_progress_bar_0128","video_relative_to_recording_start",rectangle,801,562,1138,576,,,,"A037","T004","B",loading,,,,,1,TRUE,3150.000,3200.000,875.842346,875.892334,1920,1046,"world_widget_loading_progress_bar_geometry",1,0,"video_relative_to_screen_recording_start",461.390961,414451.375,414501.375,1,461.390961,"1781611657574","../../../../../../Project/UE5/Gallery/Saved/ScreenRecordings/A037_20260616_200737_screen.mkv",414451.375,414501.375,414476.375,"1781612072025","1781612072075","2026-06-16T20:14:32.025+08:00","2026-06-16T20:14:32.075+08:00",872.692322,EXP1,"b_progress_bar",-1,-1,
"b_preview_panel","B条件预览面板","T004_b_preview_panel_0129","video_relative_to_recording_start",rectangle,780,44,1159,602,,,,"A037","T004","B",loading,,,,,1,TRUE,3200.000,3250.000,875.892334,875.942322,1920,1046,"world_widget_card_size_box_geometry",1,0,"video_relative_to_screen_recording_start",461.390961,414501.375,414551.375,1,461.390961,"1781611657574","../../../../../../Project/UE5/Gallery/Saved/ScreenRecordings/A037_20260616_200737_screen.mkv",414501.375,414551.375,414526.375,"1781612072075","1781612072125","2026-06-16T20:14:32.075+08:00","2026-06-16T20:14:32.125+08:00",872.692322,EXP1,"b_preview",-1,-1,
"b_progress_bar","B条件进度条区域","T004_b_progress_bar_0130","video_relative_to_recording_start",rectangle,801,562,1138,576,,,,"A037","T004","B",loading,,,,,1,TRUE,3200.000,3250.000,875.892334,875.942322,1920,1046,"world_widget_loading_progress_bar_geometry",1,0,"video_relative_to_screen_recording_start",461.390961,414501.375,414551.375,1,461.390961,"1781611657574","../../../../../../Project/UE5/Gallery/Saved/ScreenRecordings/A037_20260616_200737_screen.mkv",414501.375,414551.375,414526.375,"1781612072075","1781612072125","2026-06-16T20:14:32.075+08:00","2026-06-16T20:14:32.125+08:00",872.692322,EXP1,"b_progress_bar",-1,-1,
"b_preview_panel","B条件预览面板","T004_b_preview_panel_0131","video_relative_to_recording_start",rectangle,780,44,1159,602,,,,"A037","T004","B",loading,,,,,1,TRUE,3250.000,3300.000,875.942322,875.992310,1920,1046,"world_widget_card_size_box_geometry",1,0,"video_relative_to_screen_recording_start",461.390961,414551.375,414601.344,1,461.390961,"1781611657574","../../../../../../Project/UE5/Gallery/Saved/ScreenRecordings/A037_20260616_200737_screen.mkv",414551.375,414601.344,414576.375,"1781612072125","1781612072175","2026-06-16T20:14:32.125+08:00","2026-06-16T20:14:32.175+08:00",872.692322,EXP1,"b_preview",-1,-1,
"b_progress_bar","B条件进度条区域","T004_b_progress_bar_0132","video_relative_to_recording_start",rectangle,801,562,1138,576,,,,"A037","T004","B",loading,,,,,1,TRUE,3250.000,3300.000,875.942322,875.992310,1920,1046,"world_widget_loading_progress_bar_geometry",1,0,"video_relative_to_screen_recording_start",461.390961,414551.375,414601.344,1,461.390961,"1781611657574","../../../../../../Project/UE5/Gallery/Saved/ScreenRecordings/A037_20260616_200737_screen.mkv",414551.375,414601.344,414576.375,"1781612072125","1781612072175","2026-06-16T20:14:32.125+08:00","2026-06-16T20:14:32.175+08:00",872.692322,EXP1,"b_progress_bar",-1,-1,
"b_preview_panel","B条件预览面板","T004_b_preview_panel_0133","video_relative_to_recording_start",rectangle,780,44,1159,602,,,,"A037","T004","B",loading,,,,,1,TRUE,3300.000,3350.000,875.992310,876.042297,1920,1046,"world_widget_card_size_box_geometry",1,0,"video_relative_to_screen_recording_start",461.390961,414601.344,414651.344,1,461.390961,"1781611657574","../../../../../../Project/UE5/Gallery/Saved/ScreenRecordings/A037_20260616_200737_screen.mkv",414601.344,414651.344,414626.344,"1781612072175","1781612072225","2026-06-16T20:14:32.175+08:00","2026-06-16T20:14:32.225+08:00",872.692322,EXP1,"b_preview",-1,-1,
"b_progress_bar","B条件进度条区域","T004_b_progress_bar_0134","video_relative_to_recording_start",rectangle,801,562,1138,576,,,,"A037","T004","B",loading,,,,,1,TRUE,3300.000,3350.000,875.992310,876.042297,1920,1046,"world_widget_loading_progress_bar_geometry",1,0,"video_relative_to_screen_recording_start",461.390961,414601.344,414651.344,1,461.390961,"1781611657574","../../../../../../Project/UE5/Gallery/Saved/ScreenRecordings/A037_20260616_200737_screen.mkv",414601.344,414651.344,414626.344,"1781612072175","1781612072225","2026-06-16T20:14:32.175+08:00","2026-06-16T20:14:32.225+08:00",872.692322,EXP1,"b_progress_bar",-1,-1,
"b_preview_panel","B条件预览面板","T004_b_preview_panel_0135","video_relative_to_recording_start",rectangle,780,44,1159,602,,,,"A037","T004","B",loading,,,,,1,TRUE,3350.000,3400.000,876.042297,876.092346,1920,1046,"world_widget_card_size_box_geometry",1,0,"video_relative_to_screen_recording_start",461.390961,414651.344,414701.375,1,461.390961,"1781611657574","../../../../../../Project/UE5/Gallery/Saved/ScreenRecordings/A037_20260616_200737_screen.mkv",414651.344,414701.375,414676.375,"1781612072225","1781612072275","2026-06-16T20:14:32.225+08:00","2026-06-16T20:14:32.275+08:00",872.692322,EXP1,"b_preview",-1,-1,
"b_progress_bar","B条件进度条区域","T004_b_progress_bar_0136","video_relative_to_recording_start",rectangle,801,562,1138,576,,,,"A037","T004","B",loading,,,,,1,TRUE,3350.000,3400.000,876.042297,876.092346,1920,1046,"world_widget_loading_progress_bar_geometry",1,0,"video_relative_to_screen_recording_start",461.390961,414651.344,414701.375,1,461.390961,"1781611657574","../../../../../../Project/UE5/Gallery/Saved/ScreenRecordings/A037_20260616_200737_screen.mkv",414651.344,414701.375,414676.375,"1781612072225","1781612072275","2026-06-16T20:14:32.225+08:00","2026-06-16T20:14:32.275+08:00",872.692322,EXP1,"b_progress_bar",-1,-1,
"b_preview_panel","B条件预览面板","T004_b_preview_panel_0137","video_relative_to_recording_start",rectangle,780,44,1159,602,,,,"A037","T004","B",loading,,,,,1,TRUE,3400.000,3450.000,876.092346,876.142334,1920,1046,"world_widget_card_size_box_geometry",1,0,"video_relative_to_screen_recording_start",461.390961,414701.375,414751.375,1,461.390961,"1781611657574","../../../../../../Project/UE5/Gallery/Saved/ScreenRecordings/A037_20260616_200737_screen.mkv",414701.375,414751.375,414726.375,"1781612072275","1781612072325","2026-06-16T20:14:32.275+08:00","2026-06-16T20:14:32.325+08:00",872.692322,EXP1,"b_preview",-1,-1,
"b_progress_bar","B条件进度条区域","T004_b_progress_bar_0138","video_relative_to_recording_start",rectangle,801,562,1138,576,,,,"A037","T004","B",loading,,,,,1,TRUE,3400.000,3450.000,876.092346,876.142334,1920,1046,"world_widget_loading_progress_bar_geometry",1,0,"video_relative_to_screen_recording_start",461.390961,414701.375,414751.375,1,461.390961,"1781611657574","../../../../../../Project/UE5/Gallery/Saved/ScreenRecordings/A037_20260616_200737_screen.mkv",414701.375,414751.375,414726.375,"1781612072275","1781612072325","2026-06-16T20:14:32.275+08:00","2026-06-16T20:14:32.325+08:00",872.692322,EXP1,"b_progress_bar",-1,-1,
"b_preview_panel","B条件预览面板","T004_b_preview_panel_0139","video_relative_to_recording_start",rectangle,780,44,1159,602,,,,"A037","T004","B",loading,,,,,1,TRUE,3450.000,3500.000,876.142334,876.192322,1920,1046,"world_widget_card_size_box_geometry",1,0,"video_relative_to_screen_recording_start",461.390961,414751.375,414801.375,1,461.390961,"1781611657574","../../../../../../Project/UE5/Gallery/Saved/ScreenRecordings/A037_20260616_200737_screen.mkv",414751.375,414801.375,414776.375,"1781612072325","1781612072375","2026-06-16T20:14:32.325+08:00","2026-06-16T20:14:32.375+08:00",872.692322,EXP1,"b_preview",-1,-1,
"b_progress_bar","B条件进度条区域","T004_b_progress_bar_0140","video_relative_to_recording_start",rectangle,801,562,1138,576,,,,"A037","T004","B",loading,,,,,1,TRUE,3450.000,3500.000,876.142334,876.192322,1920,1046,"world_widget_loading_progress_bar_geometry",1,0,"video_relative_to_screen_recording_start",461.390961,414751.375,414801.375,1,461.390961,"1781611657574","../../../../../../Project/UE5/Gallery/Saved/ScreenRecordings/A037_20260616_200737_screen.mkv",414751.375,414801.375,414776.375,"1781612072325","1781612072375","2026-06-16T20:14:32.325+08:00","2026-06-16T20:14:32.375+08:00",872.692322,EXP1,"b_progress_bar",-1,-1,
"b_preview_panel","B条件预览面板","T004_b_preview_panel_0141","video_relative_to_recording_start",rectangle,780,44,1159,602,,,,"A037","T004","B",loading,,,,,1,TRUE,3500.000,3550.000,876.192322,876.242310,1920,1046,"world_widget_card_size_box_geometry",1,0,"video_relative_to_screen_recording_start",461.390961,414801.375,414851.344,1,461.390961,"1781611657574","../../../../../../Project/UE5/Gallery/Saved/ScreenRecordings/A037_20260616_200737_screen.mkv",414801.375,414851.344,414826.375,"1781612072375","1781612072425","2026-06-16T20:14:32.375+08:00","2026-06-16T20:14:32.425+08:00",872.692322,EXP1,"b_preview",-1,-1,
"b_progress_bar","B条件进度条区域","T004_b_progress_bar_0142","video_relative_to_recording_start",rectangle,801,562,1138,576,,,,"A037","T004","B",loading,,,,,1,TRUE,3500.000,3550.000,876.192322,876.242310,1920,1046,"world_widget_loading_progress_bar_geometry",1,0,"video_relative_to_screen_recording_start",461.390961,414801.375,414851.344,1,461.390961,"1781611657574","../../../../../../Project/UE5/Gallery/Saved/ScreenRecordings/A037_20260616_200737_screen.mkv",414801.375,414851.344,414826.375,"1781612072375","1781612072425","2026-06-16T20:14:32.375+08:00","2026-06-16T20:14:32.425+08:00",872.692322,EXP1,"b_progress_bar",-1,-1,
"b_preview_panel","B条件预览面板","T004_b_preview_panel_0143","video_relative_to_recording_start",rectangle,780,44,1159,602,,,,"A037","T004","B",loading,,,,,1,TRUE,3550.000,3600.000,876.242310,876.292297,1920,1046,"world_widget_card_size_box_geometry",1,0,"video_relative_to_screen_recording_start",461.390961,414851.344,414901.344,1,461.390961,"1781611657574","../../../../../../Project/UE5/Gallery/Saved/ScreenRecordings/A037_20260616_200737_screen.mkv",414851.344,414901.344,414876.344,"1781612072425","1781612072475","2026-06-16T20:14:32.425+08:00","2026-06-16T20:14:32.475+08:00",872.692322,EXP1,"b_preview",-1,-1,
"b_progress_bar","B条件进度条区域","T004_b_progress_bar_0144","video_relative_to_recording_start",rectangle,801,562,1138,576,,,,"A037","T004","B",loading,,,,,1,TRUE,3550.000,3600.000,876.242310,876.292297,1920,1046,"world_widget_loading_progress_bar_geometry",1,0,"video_relative_to_screen_recording_start",461.390961,414851.344,414901.344,1,461.390961,"1781611657574","../../../../../../Project/UE5/Gallery/Saved/ScreenRecordings/A037_20260616_200737_screen.mkv",414851.344,414901.344,414876.344,"1781612072425","1781612072475","2026-06-16T20:14:32.425+08:00","2026-06-16T20:14:32.475+08:00",872.692322,EXP1,"b_progress_bar",-1,-1,
"b_preview_panel","B条件预览面板","T004_b_preview_panel_0145","video_relative_to_recording_start",rectangle,780,44,1159,602,,,,"A037","T004","B",loading,,,,,1,TRUE,3600.000,3650.000,876.292297,876.342346,1920,1046,"world_widget_card_size_box_geometry",1,0,"video_relative_to_screen_recording_start",461.390961,414901.344,414951.375,1,461.390961,"1781611657574","../../../../../../Project/UE5/Gallery/Saved/ScreenRecordings/A037_20260616_200737_screen.mkv",414901.344,414951.375,414926.375,"1781612072475","1781612072525","2026-06-16T20:14:32.475+08:00","2026-06-16T20:14:32.525+08:00",872.692322,EXP1,"b_preview",-1,-1,
"b_progress_bar","B条件进度条区域","T004_b_progress_bar_0146","video_relative_to_recording_start",rectangle,801,562,1138,576,,,,"A037","T004","B",loading,,,,,1,TRUE,3600.000,3650.000,876.292297,876.342346,1920,1046,"world_widget_loading_progress_bar_geometry",1,0,"video_relative_to_screen_recording_start",461.390961,414901.344,414951.375,1,461.390961,"1781611657574","../../../../../../Project/UE5/Gallery/Saved/ScreenRecordings/A037_20260616_200737_screen.mkv",414901.344,414951.375,414926.375,"1781612072475","1781612072525","2026-06-16T20:14:32.475+08:00","2026-06-16T20:14:32.525+08:00",872.692322,EXP1,"b_progress_bar",-1,-1,
"b_preview_panel","B条件预览面板","T004_b_preview_panel_0147","video_relative_to_recording_start",rectangle,780,44,1159,602,,,,"A037","T004","B",loading,,,,,1,TRUE,3650.000,3700.000,876.342346,876.392334,1920,1046,"world_widget_card_size_box_geometry",1,0,"video_relative_to_screen_recording_start",461.390961,414951.375,415001.375,1,461.390961,"1781611657574","../../../../../../Project/UE5/Gallery/Saved/ScreenRecordings/A037_20260616_200737_screen.mkv",414951.375,415001.375,414976.375,"1781612072525","1781612072575","2026-06-16T20:14:32.525+08:00","2026-06-16T20:14:32.575+08:00",872.692322,EXP1,"b_preview",-1,-1,
"b_progress_bar","B条件进度条区域","T004_b_progress_bar_0148","video_relative_to_recording_start",rectangle,801,562,1138,576,,,,"A037","T004","B",loading,,,,,1,TRUE,3650.000,3700.000,876.342346,876.392334,1920,1046,"world_widget_loading_progress_bar_geometry",1,0,"video_relative_to_screen_recording_start",461.390961,414951.375,415001.375,1,461.390961,"1781611657574","../../../../../../Project/UE5/Gallery/Saved/ScreenRecordings/A037_20260616_200737_screen.mkv",414951.375,415001.375,414976.375,"1781612072525","1781612072575","2026-06-16T20:14:32.525+08:00","2026-06-16T20:14:32.575+08:00",872.692322,EXP1,"b_progress_bar",-1,-1,
"b_preview_panel","B条件预览面板","T004_b_preview_panel_0149","video_relative_to_recording_start",rectangle,780,44,1159,602,,,,"A037","T004","B",loading,,,,,1,TRUE,3700.000,3750.000,876.392334,876.442322,1920,1046,"world_widget_card_size_box_geometry",1,0,"video_relative_to_screen_recording_start",461.390961,415001.375,415051.375,1,461.390961,"1781611657574","../../../../../../Project/UE5/Gallery/Saved/ScreenRecordings/A037_20260616_200737_screen.mkv",415001.375,415051.375,415026.375,"1781612072575","1781612072625","2026-06-16T20:14:32.575+08:00","2026-06-16T20:14:32.625+08:00",872.692322,EXP1,"b_preview",-1,-1,
"b_progress_bar","B条件进度条区域","T004_b_progress_bar_0150","video_relative_to_recording_start",rectangle,801,562,1138,576,,,,"A037","T004","B",loading,,,,,1,TRUE,3700.000,3750.000,876.392334,876.442322,1920,1046,"world_widget_loading_progress_bar_geometry",1,0,"video_relative_to_screen_recording_start",461.390961,415001.375,415051.375,1,461.390961,"1781611657574","../../../../../../Project/UE5/Gallery/Saved/ScreenRecordings/A037_20260616_200737_screen.mkv",415001.375,415051.375,415026.375,"1781612072575","1781612072625","2026-06-16T20:14:32.575+08:00","2026-06-16T20:14:32.625+08:00",872.692322,EXP1,"b_progress_bar",-1,-1,
"b_preview_panel","B条件预览面板","T004_b_preview_panel_0151","video_relative_to_recording_start",rectangle,780,44,1159,602,,,,"A037","T004","B",loading,,,,,1,TRUE,3750.000,3800.000,876.442322,876.492310,1920,1046,"world_widget_card_size_box_geometry",1,0,"video_relative_to_screen_recording_start",461.390961,415051.375,415101.344,1,461.390961,"1781611657574","../../../../../../Project/UE5/Gallery/Saved/ScreenRecordings/A037_20260616_200737_screen.mkv",415051.375,415101.344,415076.375,"1781612072625","1781612072675","2026-06-16T20:14:32.625+08:00","2026-06-16T20:14:32.675+08:00",872.692322,EXP1,"b_preview",-1,-1,
"b_progress_bar","B条件进度条区域","T004_b_progress_bar_0152","video_relative_to_recording_start",rectangle,801,562,1138,576,,,,"A037","T004","B",loading,,,,,1,TRUE,3750.000,3800.000,876.442322,876.492310,1920,1046,"world_widget_loading_progress_bar_geometry",1,0,"video_relative_to_screen_recording_start",461.390961,415051.375,415101.344,1,461.390961,"1781611657574","../../../../../../Project/UE5/Gallery/Saved/ScreenRecordings/A037_20260616_200737_screen.mkv",415051.375,415101.344,415076.375,"1781612072625","1781612072675","2026-06-16T20:14:32.625+08:00","2026-06-16T20:14:32.675+08:00",872.692322,EXP1,"b_progress_bar",-1,-1,
"b_preview_panel","B条件预览面板","T004_b_preview_panel_0153","video_relative_to_recording_start",rectangle,780,44,1159,602,,,,"A037","T004","B",loading,,,,,1,TRUE,3800.000,3850.000,876.492310,876.542297,1920,1046,"world_widget_card_size_box_geometry",1,0,"video_relative_to_screen_recording_start",461.390961,415101.344,415151.344,1,461.390961,"1781611657574","../../../../../../Project/UE5/Gallery/Saved/ScreenRecordings/A037_20260616_200737_screen.mkv",415101.344,415151.344,415126.344,"1781612072675","1781612072725","2026-06-16T20:14:32.675+08:00","2026-06-16T20:14:32.725+08:00",872.692322,EXP1,"b_preview",-1,-1,
"b_progress_bar","B条件进度条区域","T004_b_progress_bar_0154","video_relative_to_recording_start",rectangle,801,562,1138,576,,,,"A037","T004","B",loading,,,,,1,TRUE,3800.000,3850.000,876.492310,876.542297,1920,1046,"world_widget_loading_progress_bar_geometry",1,0,"video_relative_to_screen_recording_start",461.390961,415101.344,415151.344,1,461.390961,"1781611657574","../../../../../../Project/UE5/Gallery/Saved/ScreenRecordings/A037_20260616_200737_screen.mkv",415101.344,415151.344,415126.344,"1781612072675","1781612072725","2026-06-16T20:14:32.675+08:00","2026-06-16T20:14:32.725+08:00",872.692322,EXP1,"b_progress_bar",-1,-1,
"b_preview_panel","B条件预览面板","T004_b_preview_panel_0155","video_relative_to_recording_start",rectangle,780,44,1159,602,,,,"A037","T004","B",loading,,,,,1,TRUE,3850.000,3900.000,876.542297,876.592346,1920,1046,"world_widget_card_size_box_geometry",1,0,"video_relative_to_screen_recording_start",461.390961,415151.344,415201.375,1,461.390961,"1781611657574","../../../../../../Project/UE5/Gallery/Saved/ScreenRecordings/A037_20260616_200737_screen.mkv",415151.344,415201.375,415176.375,"1781612072725","1781612072775","2026-06-16T20:14:32.725+08:00","2026-06-16T20:14:32.775+08:00",872.692322,EXP1,"b_preview",-1,-1,
"b_progress_bar","B条件进度条区域","T004_b_progress_bar_0156","video_relative_to_recording_start",rectangle,801,562,1138,576,,,,"A037","T004","B",loading,,,,,1,TRUE,3850.000,3900.000,876.542297,876.592346,1920,1046,"world_widget_loading_progress_bar_geometry",1,0,"video_relative_to_screen_recording_start",461.390961,415151.344,415201.375,1,461.390961,"1781611657574","../../../../../../Project/UE5/Gallery/Saved/ScreenRecordings/A037_20260616_200737_screen.mkv",415151.344,415201.375,415176.375,"1781612072725","1781612072775","2026-06-16T20:14:32.725+08:00","2026-06-16T20:14:32.775+08:00",872.692322,EXP1,"b_progress_bar",-1,-1,
"b_preview_panel","B条件预览面板","T004_b_preview_panel_0157","video_relative_to_recording_start",rectangle,780,44,1159,602,,,,"A037","T004","B",loading,,,,,1,TRUE,3900.000,3950.000,876.592346,876.642334,1920,1046,"world_widget_card_size_box_geometry",1,0,"video_relative_to_screen_recording_start",461.390961,415201.375,415251.375,1,461.390961,"1781611657574","../../../../../../Project/UE5/Gallery/Saved/ScreenRecordings/A037_20260616_200737_screen.mkv",415201.375,415251.375,415226.375,"1781612072775","1781612072825","2026-06-16T20:14:32.775+08:00","2026-06-16T20:14:32.825+08:00",872.692322,EXP1,"b_preview",-1,-1,
"b_progress_bar","B条件进度条区域","T004_b_progress_bar_0158","video_relative_to_recording_start",rectangle,801,562,1138,576,,,,"A037","T004","B",loading,,,,,1,TRUE,3900.000,3950.000,876.592346,876.642334,1920,1046,"world_widget_loading_progress_bar_geometry",1,0,"video_relative_to_screen_recording_start",461.390961,415201.375,415251.375,1,461.390961,"1781611657574","../../../../../../Project/UE5/Gallery/Saved/ScreenRecordings/A037_20260616_200737_screen.mkv",415201.375,415251.375,415226.375,"1781612072775","1781612072825","2026-06-16T20:14:32.775+08:00","2026-06-16T20:14:32.825+08:00",872.692322,EXP1,"b_progress_bar",-1,-1,
"b_preview_panel","B条件预览面板","T004_b_preview_panel_0159","video_relative_to_recording_start",rectangle,780,44,1159,602,,,,"A037","T004","B",loading,,,,,1,TRUE,3950.000,4000.000,876.642334,876.692322,1920,1046,"world_widget_card_size_box_geometry",1,0,"video_relative_to_screen_recording_start",461.390961,415251.375,415301.375,1,461.390961,"1781611657574","../../../../../../Project/UE5/Gallery/Saved/ScreenRecordings/A037_20260616_200737_screen.mkv",415251.375,415301.375,415276.375,"1781612072825","1781612072875","2026-06-16T20:14:32.825+08:00","2026-06-16T20:14:32.875+08:00",872.692322,EXP1,"b_preview",-1,-1,
"b_progress_bar","B条件进度条区域","T004_b_progress_bar_0160","video_relative_to_recording_start",rectangle,801,562,1138,576,,,,"A037","T004","B",loading,,,,,1,TRUE,3950.000,4000.000,876.642334,876.692322,1920,1046,"world_widget_loading_progress_bar_geometry",1,0,"video_relative_to_screen_recording_start",461.390961,415251.375,415301.375,1,461.390961,"1781611657574","../../../../../../Project/UE5/Gallery/Saved/ScreenRecordings/A037_20260616_200737_screen.mkv",415251.375,415301.375,415276.375,"1781612072825","1781612072875","2026-06-16T20:14:32.825+08:00","2026-06-16T20:14:32.875+08:00",872.692322,EXP1,"b_progress_bar",-1,-1,
"b_preview_panel","B条件预览面板","T004_b_preview_panel_0161","video_relative_to_recording_start",rectangle,780,44,1159,602,,,,"A037","T004","B",loading,,,,,1,TRUE,4000.000,4050.000,876.692322,876.742310,1920,1046,"world_widget_card_size_box_geometry",1,0,"video_relative_to_screen_recording_start",461.390961,415301.375,415351.344,1,461.390961,"1781611657574","../../../../../../Project/UE5/Gallery/Saved/ScreenRecordings/A037_20260616_200737_screen.mkv",415301.375,415351.344,415326.375,"1781612072875","1781612072925","2026-06-16T20:14:32.875+08:00","2026-06-16T20:14:32.925+08:00",872.692322,EXP1,"b_preview",-1,-1,
"b_progress_bar","B条件进度条区域","T004_b_progress_bar_0162","video_relative_to_recording_start",rectangle,801,562,1138,576,,,,"A037","T004","B",loading,,,,,1,TRUE,4000.000,4050.000,876.692322,876.742310,1920,1046,"world_widget_loading_progress_bar_geometry",1,0,"video_relative_to_screen_recording_start",461.390961,415301.375,415351.344,1,461.390961,"1781611657574","../../../../../../Project/UE5/Gallery/Saved/ScreenRecordings/A037_20260616_200737_screen.mkv",415301.375,415351.344,415326.375,"1781612072875","1781612072925","2026-06-16T20:14:32.875+08:00","2026-06-16T20:14:32.925+08:00",872.692322,EXP1,"b_progress_bar",-1,-1,
"b_preview_panel","B条件预览面板","T004_b_preview_panel_0163","video_relative_to_recording_start",rectangle,780,44,1159,602,,,,"A037","T004","B",loading,,,,,1,TRUE,4050.000,4100.000,876.742310,876.792297,1920,1046,"world_widget_card_size_box_geometry",1,0,"video_relative_to_screen_recording_start",461.390961,415351.344,415401.344,1,461.390961,"1781611657574","../../../../../../Project/UE5/Gallery/Saved/ScreenRecordings/A037_20260616_200737_screen.mkv",415351.344,415401.344,415376.344,"1781612072925","1781612072975","2026-06-16T20:14:32.925+08:00","2026-06-16T20:14:32.975+08:00",872.692322,EXP1,"b_preview",-1,-1,
"b_progress_bar","B条件进度条区域","T004_b_progress_bar_0164","video_relative_to_recording_start",rectangle,801,562,1138,576,,,,"A037","T004","B",loading,,,,,1,TRUE,4050.000,4100.000,876.742310,876.792297,1920,1046,"world_widget_loading_progress_bar_geometry",1,0,"video_relative_to_screen_recording_start",461.390961,415351.344,415401.344,1,461.390961,"1781611657574","../../../../../../Project/UE5/Gallery/Saved/ScreenRecordings/A037_20260616_200737_screen.mkv",415351.344,415401.344,415376.344,"1781612072925","1781612072975","2026-06-16T20:14:32.925+08:00","2026-06-16T20:14:32.975+08:00",872.692322,EXP1,"b_progress_bar",-1,-1,
"b_preview_panel","B条件预览面板","T004_b_preview_panel_0165","video_relative_to_recording_start",rectangle,780,44,1159,602,,,,"A037","T004","B",loading,,,,,1,TRUE,4100.000,4150.000,876.792297,876.842346,1920,1046,"world_widget_card_size_box_geometry",1,0,"video_relative_to_screen_recording_start",461.390961,415401.344,415451.375,1,461.390961,"1781611657574","../../../../../../Project/UE5/Gallery/Saved/ScreenRecordings/A037_20260616_200737_screen.mkv",415401.344,415451.375,415426.375,"1781612072975","1781612073025","2026-06-16T20:14:32.975+08:00","2026-06-16T20:14:33.025+08:00",872.692322,EXP1,"b_preview",-1,-1,
"b_progress_bar","B条件进度条区域","T004_b_progress_bar_0166","video_relative_to_recording_start",rectangle,801,562,1138,576,,,,"A037","T004","B",loading,,,,,1,TRUE,4100.000,4150.000,876.792297,876.842346,1920,1046,"world_widget_loading_progress_bar_geometry",1,0,"video_relative_to_screen_recording_start",461.390961,415401.344,415451.375,1,461.390961,"1781611657574","../../../../../../Project/UE5/Gallery/Saved/ScreenRecordings/A037_20260616_200737_screen.mkv",415401.344,415451.375,415426.375,"1781612072975","1781612073025","2026-06-16T20:14:32.975+08:00","2026-06-16T20:14:33.025+08:00",872.692322,EXP1,"b_progress_bar",-1,-1,
"b_preview_panel","B条件预览面板","T004_b_preview_panel_0167","video_relative_to_recording_start",rectangle,780,44,1159,602,,,,"A037","T004","B",loading,,,,,1,TRUE,4150.000,4200.000,876.842346,876.892334,1920,1046,"world_widget_card_size_box_geometry",1,0,"video_relative_to_screen_recording_start",461.390961,415451.375,415501.375,1,461.390961,"1781611657574","../../../../../../Project/UE5/Gallery/Saved/ScreenRecordings/A037_20260616_200737_screen.mkv",415451.375,415501.375,415476.375,"1781612073025","1781612073075","2026-06-16T20:14:33.025+08:00","2026-06-16T20:14:33.075+08:00",872.692322,EXP1,"b_preview",-1,-1,
"b_progress_bar","B条件进度条区域","T004_b_progress_bar_0168","video_relative_to_recording_start",rectangle,801,562,1138,576,,,,"A037","T004","B",loading,,,,,1,TRUE,4150.000,4200.000,876.842346,876.892334,1920,1046,"world_widget_loading_progress_bar_geometry",1,0,"video_relative_to_screen_recording_start",461.390961,415451.375,415501.375,1,461.390961,"1781611657574","../../../../../../Project/UE5/Gallery/Saved/ScreenRecordings/A037_20260616_200737_screen.mkv",415451.375,415501.375,415476.375,"1781612073025","1781612073075","2026-06-16T20:14:33.025+08:00","2026-06-16T20:14:33.075+08:00",872.692322,EXP1,"b_progress_bar",-1,-1,
"b_preview_panel","B条件预览面板","T004_b_preview_panel_0169","video_relative_to_recording_start",rectangle,780,44,1159,602,,,,"A037","T004","B",loading,,,,,1,TRUE,4200.000,4250.000,876.892334,876.942322,1920,1046,"world_widget_card_size_box_geometry",1,0,"video_relative_to_screen_recording_start",461.390961,415501.375,415551.375,1,461.390961,"1781611657574","../../../../../../Project/UE5/Gallery/Saved/ScreenRecordings/A037_20260616_200737_screen.mkv",415501.375,415551.375,415526.375,"1781612073075","1781612073125","2026-06-16T20:14:33.075+08:00","2026-06-16T20:14:33.125+08:00",872.692322,EXP1,"b_preview",-1,-1,
"b_progress_bar","B条件进度条区域","T004_b_progress_bar_0170","video_relative_to_recording_start",rectangle,801,562,1138,576,,,,"A037","T004","B",loading,,,,,1,TRUE,4200.000,4250.000,876.892334,876.942322,1920,1046,"world_widget_loading_progress_bar_geometry",1,0,"video_relative_to_screen_recording_start",461.390961,415501.375,415551.375,1,461.390961,"1781611657574","../../../../../../Project/UE5/Gallery/Saved/ScreenRecordings/A037_20260616_200737_screen.mkv",415501.375,415551.375,415526.375,"1781612073075","1781612073125","2026-06-16T20:14:33.075+08:00","2026-06-16T20:14:33.125+08:00",872.692322,EXP1,"b_progress_bar",-1,-1,
"b_preview_panel","B条件预览面板","T004_b_preview_panel_0171","video_relative_to_recording_start",rectangle,780,44,1159,602,,,,"A037","T004","B",loading,,,,,1,TRUE,4250.000,4300.000,876.942322,876.992310,1920,1046,"world_widget_card_size_box_geometry",1,0,"video_relative_to_screen_recording_start",461.390961,415551.375,415601.344,1,461.390961,"1781611657574","../../../../../../Project/UE5/Gallery/Saved/ScreenRecordings/A037_20260616_200737_screen.mkv",415551.375,415601.344,415576.375,"1781612073125","1781612073175","2026-06-16T20:14:33.125+08:00","2026-06-16T20:14:33.175+08:00",872.692322,EXP1,"b_preview",-1,-1,
"b_progress_bar","B条件进度条区域","T004_b_progress_bar_0172","video_relative_to_recording_start",rectangle,801,562,1138,576,,,,"A037","T004","B",loading,,,,,1,TRUE,4250.000,4300.000,876.942322,876.992310,1920,1046,"world_widget_loading_progress_bar_geometry",1,0,"video_relative_to_screen_recording_start",461.390961,415551.375,415601.344,1,461.390961,"1781611657574","../../../../../../Project/UE5/Gallery/Saved/ScreenRecordings/A037_20260616_200737_screen.mkv",415551.375,415601.344,415576.375,"1781612073125","1781612073175","2026-06-16T20:14:33.125+08:00","2026-06-16T20:14:33.175+08:00",872.692322,EXP1,"b_progress_bar",-1,-1,
"b_preview_panel","B条件预览面板","T004_b_preview_panel_0173","video_relative_to_recording_start",rectangle,780,44,1159,602,,,,"A037","T004","B",loading,,,,,1,TRUE,4300.000,4350.000,876.992310,877.042297,1920,1046,"world_widget_card_size_box_geometry",1,0,"video_relative_to_screen_recording_start",461.390961,415601.344,415651.344,1,461.390961,"1781611657574","../../../../../../Project/UE5/Gallery/Saved/ScreenRecordings/A037_20260616_200737_screen.mkv",415601.344,415651.344,415626.344,"1781612073175","1781612073225","2026-06-16T20:14:33.175+08:00","2026-06-16T20:14:33.225+08:00",872.692322,EXP1,"b_preview",-1,-1,
"b_progress_bar","B条件进度条区域","T004_b_progress_bar_0174","video_relative_to_recording_start",rectangle,801,562,1138,576,,,,"A037","T004","B",loading,,,,,1,TRUE,4300.000,4350.000,876.992310,877.042297,1920,1046,"world_widget_loading_progress_bar_geometry",1,0,"video_relative_to_screen_recording_start",461.390961,415601.344,415651.344,1,461.390961,"1781611657574","../../../../../../Project/UE5/Gallery/Saved/ScreenRecordings/A037_20260616_200737_screen.mkv",415601.344,415651.344,415626.344,"1781612073175","1781612073225","2026-06-16T20:14:33.175+08:00","2026-06-16T20:14:33.225+08:00",872.692322,EXP1,"b_progress_bar",-1,-1,
"b_preview_panel","B条件预览面板","T004_b_preview_panel_0175","video_relative_to_recording_start",rectangle,780,44,1159,602,,,,"A037","T004","B",loading,,,,,1,TRUE,4350.000,4400.000,877.042297,877.092346,1920,1046,"world_widget_card_size_box_geometry",1,0,"video_relative_to_screen_recording_start",461.390961,415651.344,415701.375,1,461.390961,"1781611657574","../../../../../../Project/UE5/Gallery/Saved/ScreenRecordings/A037_20260616_200737_screen.mkv",415651.344,415701.375,415676.375,"1781612073225","1781612073275","2026-06-16T20:14:33.225+08:00","2026-06-16T20:14:33.275+08:00",872.692322,EXP1,"b_preview",-1,-1,
"b_progress_bar","B条件进度条区域","T004_b_progress_bar_0176","video_relative_to_recording_start",rectangle,801,562,1138,576,,,,"A037","T004","B",loading,,,,,1,TRUE,4350.000,4400.000,877.042297,877.092346,1920,1046,"world_widget_loading_progress_bar_geometry",1,0,"video_relative_to_screen_recording_start",461.390961,415651.344,415701.375,1,461.390961,"1781611657574","../../../../../../Project/UE5/Gallery/Saved/ScreenRecordings/A037_20260616_200737_screen.mkv",415651.344,415701.375,415676.375,"1781612073225","1781612073275","2026-06-16T20:14:33.225+08:00","2026-06-16T20:14:33.275+08:00",872.692322,EXP1,"b_progress_bar",-1,-1,
"b_preview_panel","B条件预览面板","T004_b_preview_panel_0177","video_relative_to_recording_start",rectangle,780,44,1159,602,,,,"A037","T004","B",loading,,,,,1,TRUE,4400.000,4450.000,877.092346,877.142334,1920,1046,"world_widget_card_size_box_geometry",1,0,"video_relative_to_screen_recording_start",461.390961,415701.375,415751.375,1,461.390961,"1781611657574","../../../../../../Project/UE5/Gallery/Saved/ScreenRecordings/A037_20260616_200737_screen.mkv",415701.375,415751.375,415726.375,"1781612073275","1781612073325","2026-06-16T20:14:33.275+08:00","2026-06-16T20:14:33.325+08:00",872.692322,EXP1,"b_preview",-1,-1,
"b_progress_bar","B条件进度条区域","T004_b_progress_bar_0178","video_relative_to_recording_start",rectangle,801,562,1138,576,,,,"A037","T004","B",loading,,,,,1,TRUE,4400.000,4450.000,877.092346,877.142334,1920,1046,"world_widget_loading_progress_bar_geometry",1,0,"video_relative_to_screen_recording_start",461.390961,415701.375,415751.375,1,461.390961,"1781611657574","../../../../../../Project/UE5/Gallery/Saved/ScreenRecordings/A037_20260616_200737_screen.mkv",415701.375,415751.375,415726.375,"1781612073275","1781612073325","2026-06-16T20:14:33.275+08:00","2026-06-16T20:14:33.325+08:00",872.692322,EXP1,"b_progress_bar",-1,-1,
"b_preview_panel","B条件预览面板","T004_b_preview_panel_0179","video_relative_to_recording_start",rectangle,780,44,1159,602,,,,"A037","T004","B",loading,,,,,1,TRUE,4450.000,4500.000,877.142334,877.192322,1920,1046,"world_widget_card_size_box_geometry",1,0,"video_relative_to_screen_recording_start",461.390961,415751.375,415801.375,1,461.390961,"1781611657574","../../../../../../Project/UE5/Gallery/Saved/ScreenRecordings/A037_20260616_200737_screen.mkv",415751.375,415801.375,415776.375,"1781612073325","1781612073375","2026-06-16T20:14:33.325+08:00","2026-06-16T20:14:33.375+08:00",872.692322,EXP1,"b_preview",-1,-1,
"b_progress_bar","B条件进度条区域","T004_b_progress_bar_0180","video_relative_to_recording_start",rectangle,801,562,1138,576,,,,"A037","T004","B",loading,,,,,1,TRUE,4450.000,4500.000,877.142334,877.192322,1920,1046,"world_widget_loading_progress_bar_geometry",1,0,"video_relative_to_screen_recording_start",461.390961,415751.375,415801.375,1,461.390961,"1781611657574","../../../../../../Project/UE5/Gallery/Saved/ScreenRecordings/A037_20260616_200737_screen.mkv",415751.375,415801.375,415776.375,"1781612073325","1781612073375","2026-06-16T20:14:33.325+08:00","2026-06-16T20:14:33.375+08:00",872.692322,EXP1,"b_progress_bar",-1,-1,
"b_preview_panel","B条件预览面板","T004_b_preview_panel_0181","video_relative_to_recording_start",rectangle,780,44,1159,602,,,,"A037","T004","B",loading,,,,,1,TRUE,4500.000,4550.000,877.192322,877.242310,1920,1046,"world_widget_card_size_box_geometry",1,0,"video_relative_to_screen_recording_start",461.390961,415801.375,415851.344,1,461.390961,"1781611657574","../../../../../../Project/UE5/Gallery/Saved/ScreenRecordings/A037_20260616_200737_screen.mkv",415801.375,415851.344,415826.375,"1781612073375","1781612073425","2026-06-16T20:14:33.375+08:00","2026-06-16T20:14:33.425+08:00",872.692322,EXP1,"b_preview",-1,-1,
"b_progress_bar","B条件进度条区域","T004_b_progress_bar_0182","video_relative_to_recording_start",rectangle,801,562,1138,576,,,,"A037","T004","B",loading,,,,,1,TRUE,4500.000,4550.000,877.192322,877.242310,1920,1046,"world_widget_loading_progress_bar_geometry",1,0,"video_relative_to_screen_recording_start",461.390961,415801.375,415851.344,1,461.390961,"1781611657574","../../../../../../Project/UE5/Gallery/Saved/ScreenRecordings/A037_20260616_200737_screen.mkv",415801.375,415851.344,415826.375,"1781612073375","1781612073425","2026-06-16T20:14:33.375+08:00","2026-06-16T20:14:33.425+08:00",872.692322,EXP1,"b_progress_bar",-1,-1,
"b_preview_panel","B条件预览面板","T004_b_preview_panel_0183","video_relative_to_recording_start",rectangle,780,44,1159,602,,,,"A037","T004","B",loading,,,,,1,TRUE,4550.000,4600.000,877.242310,877.292297,1920,1046,"world_widget_card_size_box_geometry",1,0,"video_relative_to_screen_recording_start",461.390961,415851.344,415901.344,1,461.390961,"1781611657574","../../../../../../Project/UE5/Gallery/Saved/ScreenRecordings/A037_20260616_200737_screen.mkv",415851.344,415901.344,415876.344,"1781612073425","1781612073475","2026-06-16T20:14:33.425+08:00","2026-06-16T20:14:33.475+08:00",872.692322,EXP1,"b_preview",-1,-1,
"b_progress_bar","B条件进度条区域","T004_b_progress_bar_0184","video_relative_to_recording_start",rectangle,801,562,1138,576,,,,"A037","T004","B",loading,,,,,1,TRUE,4550.000,4600.000,877.242310,877.292297,1920,1046,"world_widget_loading_progress_bar_geometry",1,0,"video_relative_to_screen_recording_start",461.390961,415851.344,415901.344,1,461.390961,"1781611657574","../../../../../../Project/UE5/Gallery/Saved/ScreenRecordings/A037_20260616_200737_screen.mkv",415851.344,415901.344,415876.344,"1781612073425","1781612073475","2026-06-16T20:14:33.425+08:00","2026-06-16T20:14:33.475+08:00",872.692322,EXP1,"b_progress_bar",-1,-1,
"b_preview_panel","B条件预览面板","T004_b_preview_panel_0185","video_relative_to_recording_start",rectangle,780,44,1159,602,,,,"A037","T004","B",loading,,,,,1,TRUE,4600.000,4650.000,877.292297,877.342346,1920,1046,"world_widget_card_size_box_geometry",1,0,"video_relative_to_screen_recording_start",461.390961,415901.344,415951.375,1,461.390961,"1781611657574","../../../../../../Project/UE5/Gallery/Saved/ScreenRecordings/A037_20260616_200737_screen.mkv",415901.344,415951.375,415926.375,"1781612073475","1781612073525","2026-06-16T20:14:33.475+08:00","2026-06-16T20:14:33.525+08:00",872.692322,EXP1,"b_preview",-1,-1,
"b_progress_bar","B条件进度条区域","T004_b_progress_bar_0186","video_relative_to_recording_start",rectangle,801,562,1138,576,,,,"A037","T004","B",loading,,,,,1,TRUE,4600.000,4650.000,877.292297,877.342346,1920,1046,"world_widget_loading_progress_bar_geometry",1,0,"video_relative_to_screen_recording_start",461.390961,415901.344,415951.375,1,461.390961,"1781611657574","../../../../../../Project/UE5/Gallery/Saved/ScreenRecordings/A037_20260616_200737_screen.mkv",415901.344,415951.375,415926.375,"1781612073475","1781612073525","2026-06-16T20:14:33.475+08:00","2026-06-16T20:14:33.525+08:00",872.692322,EXP1,"b_progress_bar",-1,-1,
"b_preview_panel","B条件预览面板","T004_b_preview_panel_0187","video_relative_to_recording_start",rectangle,780,44,1159,602,,,,"A037","T004","B",loading,,,,,1,TRUE,4650.000,4700.000,877.342346,877.392334,1920,1046,"world_widget_card_size_box_geometry",1,0,"video_relative_to_screen_recording_start",461.390961,415951.375,416001.375,1,461.390961,"1781611657574","../../../../../../Project/UE5/Gallery/Saved/ScreenRecordings/A037_20260616_200737_screen.mkv",415951.375,416001.375,415976.375,"1781612073525","1781612073575","2026-06-16T20:14:33.525+08:00","2026-06-16T20:14:33.575+08:00",872.692322,EXP1,"b_preview",-1,-1,
"b_progress_bar","B条件进度条区域","T004_b_progress_bar_0188","video_relative_to_recording_start",rectangle,801,562,1138,576,,,,"A037","T004","B",loading,,,,,1,TRUE,4650.000,4700.000,877.342346,877.392334,1920,1046,"world_widget_loading_progress_bar_geometry",1,0,"video_relative_to_screen_recording_start",461.390961,415951.375,416001.375,1,461.390961,"1781611657574","../../../../../../Project/UE5/Gallery/Saved/ScreenRecordings/A037_20260616_200737_screen.mkv",415951.375,416001.375,415976.375,"1781612073525","1781612073575","2026-06-16T20:14:33.525+08:00","2026-06-16T20:14:33.575+08:00",872.692322,EXP1,"b_progress_bar",-1,-1,
"b_preview_panel","B条件预览面板","T004_b_preview_panel_0189","video_relative_to_recording_start",rectangle,780,44,1159,602,,,,"A037","T004","B",loading,,,,,1,TRUE,4700.000,4750.000,877.392334,877.442322,1920,1046,"world_widget_card_size_box_geometry",1,0,"video_relative_to_screen_recording_start",461.390961,416001.375,416051.375,1,461.390961,"1781611657574","../../../../../../Project/UE5/Gallery/Saved/ScreenRecordings/A037_20260616_200737_screen.mkv",416001.375,416051.375,416026.375,"1781612073575","1781612073625","2026-06-16T20:14:33.575+08:00","2026-06-16T20:14:33.625+08:00",872.692322,EXP1,"b_preview",-1,-1,
"b_progress_bar","B条件进度条区域","T004_b_progress_bar_0190","video_relative_to_recording_start",rectangle,801,562,1138,576,,,,"A037","T004","B",loading,,,,,1,TRUE,4700.000,4750.000,877.392334,877.442322,1920,1046,"world_widget_loading_progress_bar_geometry",1,0,"video_relative_to_screen_recording_start",461.390961,416001.375,416051.375,1,461.390961,"1781611657574","../../../../../../Project/UE5/Gallery/Saved/ScreenRecordings/A037_20260616_200737_screen.mkv",416001.375,416051.375,416026.375,"1781612073575","1781612073625","2026-06-16T20:14:33.575+08:00","2026-06-16T20:14:33.625+08:00",872.692322,EXP1,"b_progress_bar",-1,-1,
"b_preview_panel","B条件预览面板","T004_b_preview_panel_0191","video_relative_to_recording_start",rectangle,780,44,1159,602,,,,"A037","T004","B",loading,,,,,1,TRUE,4750.000,4800.000,877.442322,877.492310,1920,1046,"world_widget_card_size_box_geometry",1,0,"video_relative_to_screen_recording_start",461.390961,416051.375,416101.344,1,461.390961,"1781611657574","../../../../../../Project/UE5/Gallery/Saved/ScreenRecordings/A037_20260616_200737_screen.mkv",416051.375,416101.344,416076.375,"1781612073625","1781612073675","2026-06-16T20:14:33.625+08:00","2026-06-16T20:14:33.675+08:00",872.692322,EXP1,"b_preview",-1,-1,
"b_progress_bar","B条件进度条区域","T004_b_progress_bar_0192","video_relative_to_recording_start",rectangle,801,562,1138,576,,,,"A037","T004","B",loading,,,,,1,TRUE,4750.000,4800.000,877.442322,877.492310,1920,1046,"world_widget_loading_progress_bar_geometry",1,0,"video_relative_to_screen_recording_start",461.390961,416051.375,416101.344,1,461.390961,"1781611657574","../../../../../../Project/UE5/Gallery/Saved/ScreenRecordings/A037_20260616_200737_screen.mkv",416051.375,416101.344,416076.375,"1781612073625","1781612073675","2026-06-16T20:14:33.625+08:00","2026-06-16T20:14:33.675+08:00",872.692322,EXP1,"b_progress_bar",-1,-1,
"b_preview_panel","B条件预览面板","T004_b_preview_panel_0193","video_relative_to_recording_start",rectangle,780,44,1159,602,,,,"A037","T004","B",loading,,,,,1,TRUE,4800.000,4850.000,877.492310,877.542297,1920,1046,"world_widget_card_size_box_geometry",1,0,"video_relative_to_screen_recording_start",461.390961,416101.344,416151.344,1,461.390961,"1781611657574","../../../../../../Project/UE5/Gallery/Saved/ScreenRecordings/A037_20260616_200737_screen.mkv",416101.344,416151.344,416126.344,"1781612073675","1781612073725","2026-06-16T20:14:33.675+08:00","2026-06-16T20:14:33.725+08:00",872.692322,EXP1,"b_preview",-1,-1,
"b_progress_bar","B条件进度条区域","T004_b_progress_bar_0194","video_relative_to_recording_start",rectangle,801,562,1138,576,,,,"A037","T004","B",loading,,,,,1,TRUE,4800.000,4850.000,877.492310,877.542297,1920,1046,"world_widget_loading_progress_bar_geometry",1,0,"video_relative_to_screen_recording_start",461.390961,416101.344,416151.344,1,461.390961,"1781611657574","../../../../../../Project/UE5/Gallery/Saved/ScreenRecordings/A037_20260616_200737_screen.mkv",416101.344,416151.344,416126.344,"1781612073675","1781612073725","2026-06-16T20:14:33.675+08:00","2026-06-16T20:14:33.725+08:00",872.692322,EXP1,"b_progress_bar",-1,-1,
"b_preview_panel","B条件预览面板","T004_b_preview_panel_0195","video_relative_to_recording_start",rectangle,780,44,1159,602,,,,"A037","T004","B",loading,,,,,1,TRUE,4850.000,4900.000,877.542297,877.592346,1920,1046,"world_widget_card_size_box_geometry",1,0,"video_relative_to_screen_recording_start",461.390961,416151.344,416201.375,1,461.390961,"1781611657574","../../../../../../Project/UE5/Gallery/Saved/ScreenRecordings/A037_20260616_200737_screen.mkv",416151.344,416201.375,416176.375,"1781612073725","1781612073775","2026-06-16T20:14:33.725+08:00","2026-06-16T20:14:33.775+08:00",872.692322,EXP1,"b_preview",-1,-1,
"b_progress_bar","B条件进度条区域","T004_b_progress_bar_0196","video_relative_to_recording_start",rectangle,801,562,1138,576,,,,"A037","T004","B",loading,,,,,1,TRUE,4850.000,4900.000,877.542297,877.592346,1920,1046,"world_widget_loading_progress_bar_geometry",1,0,"video_relative_to_screen_recording_start",461.390961,416151.344,416201.375,1,461.390961,"1781611657574","../../../../../../Project/UE5/Gallery/Saved/ScreenRecordings/A037_20260616_200737_screen.mkv",416151.344,416201.375,416176.375,"1781612073725","1781612073775","2026-06-16T20:14:33.725+08:00","2026-06-16T20:14:33.775+08:00",872.692322,EXP1,"b_progress_bar",-1,-1,
"b_preview_panel","B条件预览面板","T004_b_preview_panel_0197","video_relative_to_recording_start",rectangle,780,44,1159,602,,,,"A037","T004","B",loading,,,,,1,TRUE,4900.000,4950.000,877.592346,877.642334,1920,1046,"world_widget_card_size_box_geometry",1,0,"video_relative_to_screen_recording_start",461.390961,416201.375,416251.375,1,461.390961,"1781611657574","../../../../../../Project/UE5/Gallery/Saved/ScreenRecordings/A037_20260616_200737_screen.mkv",416201.375,416251.375,416226.375,"1781612073775","1781612073825","2026-06-16T20:14:33.775+08:00","2026-06-16T20:14:33.825+08:00",872.692322,EXP1,"b_preview",-1,-1,
"b_progress_bar","B条件进度条区域","T004_b_progress_bar_0198","video_relative_to_recording_start",rectangle,801,562,1138,576,,,,"A037","T004","B",loading,,,,,1,TRUE,4900.000,4950.000,877.592346,877.642334,1920,1046,"world_widget_loading_progress_bar_geometry",1,0,"video_relative_to_screen_recording_start",461.390961,416201.375,416251.375,1,461.390961,"1781611657574","../../../../../../Project/UE5/Gallery/Saved/ScreenRecordings/A037_20260616_200737_screen.mkv",416201.375,416251.375,416226.375,"1781612073775","1781612073825","2026-06-16T20:14:33.775+08:00","2026-06-16T20:14:33.825+08:00",872.692322,EXP1,"b_progress_bar",-1,-1,
"b_preview_panel","B条件预览面板","T004_b_preview_panel_0199","video_relative_to_recording_start",rectangle,780,44,1159,602,,,,"A037","T004","B",loading,,,,,1,TRUE,4950.000,5000.000,877.642334,877.692322,1920,1046,"world_widget_card_size_box_geometry",1,0,"video_relative_to_screen_recording_start",461.390961,416251.375,416301.375,1,461.390961,"1781611657574","../../../../../../Project/UE5/Gallery/Saved/ScreenRecordings/A037_20260616_200737_screen.mkv",416251.375,416301.375,416276.375,"1781612073825","1781612073875","2026-06-16T20:14:33.825+08:00","2026-06-16T20:14:33.875+08:00",872.692322,EXP1,"b_preview",-1,-1,
"b_progress_bar","B条件进度条区域","T004_b_progress_bar_0200","video_relative_to_recording_start",rectangle,801,562,1138,576,,,,"A037","T004","B",loading,,,,,1,TRUE,4950.000,5000.000,877.642334,877.692322,1920,1046,"world_widget_loading_progress_bar_geometry",1,0,"video_relative_to_screen_recording_start",461.390961,416251.375,416301.375,1,461.390961,"1781611657574","../../../../../../Project/UE5/Gallery/Saved/ScreenRecordings/A037_20260616_200737_screen.mkv",416251.375,416301.375,416276.375,"1781612073825","1781612073875","2026-06-16T20:14:33.825+08:00","2026-06-16T20:14:33.875+08:00",872.692322,EXP1,"b_progress_bar",-1,-1,
"b_preview_panel","B条件预览面板","T004_b_preview_panel_0201","video_relative_to_recording_start",rectangle,780,44,1159,602,,,,"A037","T004","B",loading,,,,,1,TRUE,5000.000,5050.000,877.692322,877.742310,1920,1046,"world_widget_card_size_box_geometry",1,0,"video_relative_to_screen_recording_start",461.390961,416301.375,416351.344,1,461.390961,"1781611657574","../../../../../../Project/UE5/Gallery/Saved/ScreenRecordings/A037_20260616_200737_screen.mkv",416301.375,416351.344,416326.375,"1781612073875","1781612073925","2026-06-16T20:14:33.875+08:00","2026-06-16T20:14:33.925+08:00",872.692322,EXP1,"b_preview",-1,-1,
"b_progress_bar","B条件进度条区域","T004_b_progress_bar_0202","video_relative_to_recording_start",rectangle,801,562,1138,576,,,,"A037","T004","B",loading,,,,,1,TRUE,5000.000,5050.000,877.692322,877.742310,1920,1046,"world_widget_loading_progress_bar_geometry",1,0,"video_relative_to_screen_recording_start",461.390961,416301.375,416351.344,1,461.390961,"1781611657574","../../../../../../Project/UE5/Gallery/Saved/ScreenRecordings/A037_20260616_200737_screen.mkv",416301.375,416351.344,416326.375,"1781612073875","1781612073925","2026-06-16T20:14:33.875+08:00","2026-06-16T20:14:33.925+08:00",872.692322,EXP1,"b_progress_bar",-1,-1,
"b_preview_panel","B条件预览面板","T004_b_preview_panel_0203","video_relative_to_recording_start",rectangle,780,44,1159,602,,,,"A037","T004","B",loading,,,,,1,TRUE,5050.000,5100.000,877.742310,877.792297,1920,1046,"world_widget_card_size_box_geometry",1,0,"video_relative_to_screen_recording_start",461.390961,416351.344,416401.344,1,461.390961,"1781611657574","../../../../../../Project/UE5/Gallery/Saved/ScreenRecordings/A037_20260616_200737_screen.mkv",416351.344,416401.344,416376.344,"1781612073925","1781612073975","2026-06-16T20:14:33.925+08:00","2026-06-16T20:14:33.975+08:00",872.692322,EXP1,"b_preview",-1,-1,
"b_progress_bar","B条件进度条区域","T004_b_progress_bar_0204","video_relative_to_recording_start",rectangle,801,562,1138,576,,,,"A037","T004","B",loading,,,,,1,TRUE,5050.000,5100.000,877.742310,877.792297,1920,1046,"world_widget_loading_progress_bar_geometry",1,0,"video_relative_to_screen_recording_start",461.390961,416351.344,416401.344,1,461.390961,"1781611657574","../../../../../../Project/UE5/Gallery/Saved/ScreenRecordings/A037_20260616_200737_screen.mkv",416351.344,416401.344,416376.344,"1781612073925","1781612073975","2026-06-16T20:14:33.925+08:00","2026-06-16T20:14:33.975+08:00",872.692322,EXP1,"b_progress_bar",-1,-1,
"b_preview_panel","B条件预览面板","T004_b_preview_panel_0205","video_relative_to_recording_start",rectangle,780,44,1159,602,,,,"A037","T004","B",loading,,,,,1,TRUE,5100.000,5150.000,877.792297,877.842346,1920,1046,"world_widget_card_size_box_geometry",1,0,"video_relative_to_screen_recording_start",461.390961,416401.344,416451.375,1,461.390961,"1781611657574","../../../../../../Project/UE5/Gallery/Saved/ScreenRecordings/A037_20260616_200737_screen.mkv",416401.344,416451.375,416426.375,"1781612073975","1781612074025","2026-06-16T20:14:33.975+08:00","2026-06-16T20:14:34.025+08:00",872.692322,EXP1,"b_preview",-1,-1,
"b_progress_bar","B条件进度条区域","T004_b_progress_bar_0206","video_relative_to_recording_start",rectangle,801,562,1138,576,,,,"A037","T004","B",loading,,,,,1,TRUE,5100.000,5150.000,877.792297,877.842346,1920,1046,"world_widget_loading_progress_bar_geometry",1,0,"video_relative_to_screen_recording_start",461.390961,416401.344,416451.375,1,461.390961,"1781611657574","../../../../../../Project/UE5/Gallery/Saved/ScreenRecordings/A037_20260616_200737_screen.mkv",416401.344,416451.375,416426.375,"1781612073975","1781612074025","2026-06-16T20:14:33.975+08:00","2026-06-16T20:14:34.025+08:00",872.692322,EXP1,"b_progress_bar",-1,-1,
"b_preview_panel","B条件预览面板","T004_b_preview_panel_0207","video_relative_to_recording_start",rectangle,780,44,1159,602,,,,"A037","T004","B",loading,,,,,1,TRUE,5150.000,5200.000,877.842346,877.892334,1920,1046,"world_widget_card_size_box_geometry",1,0,"video_relative_to_screen_recording_start",461.390961,416451.375,416501.375,1,461.390961,"1781611657574","../../../../../../Project/UE5/Gallery/Saved/ScreenRecordings/A037_20260616_200737_screen.mkv",416451.375,416501.375,416476.375,"1781612074025","1781612074075","2026-06-16T20:14:34.025+08:00","2026-06-16T20:14:34.075+08:00",872.692322,EXP1,"b_preview",-1,-1,
"b_progress_bar","B条件进度条区域","T004_b_progress_bar_0208","video_relative_to_recording_start",rectangle,801,562,1138,576,,,,"A037","T004","B",loading,,,,,1,TRUE,5150.000,5200.000,877.842346,877.892334,1920,1046,"world_widget_loading_progress_bar_geometry",1,0,"video_relative_to_screen_recording_start",461.390961,416451.375,416501.375,1,461.390961,"1781611657574","../../../../../../Project/UE5/Gallery/Saved/ScreenRecordings/A037_20260616_200737_screen.mkv",416451.375,416501.375,416476.375,"1781612074025","1781612074075","2026-06-16T20:14:34.025+08:00","2026-06-16T20:14:34.075+08:00",872.692322,EXP1,"b_progress_bar",-1,-1,
"b_preview_panel","B条件预览面板","T004_b_preview_panel_0209","video_relative_to_recording_start",rectangle,780,44,1159,602,,,,"A037","T004","B",loading,,,,,1,TRUE,5200.000,5250.000,877.892334,877.942322,1920,1046,"world_widget_card_size_box_geometry",1,0,"video_relative_to_screen_recording_start",461.390961,416501.375,416551.375,1,461.390961,"1781611657574","../../../../../../Project/UE5/Gallery/Saved/ScreenRecordings/A037_20260616_200737_screen.mkv",416501.375,416551.375,416526.375,"1781612074075","1781612074125","2026-06-16T20:14:34.075+08:00","2026-06-16T20:14:34.125+08:00",872.692322,EXP1,"b_preview",-1,-1,
"b_progress_bar","B条件进度条区域","T004_b_progress_bar_0210","video_relative_to_recording_start",rectangle,801,562,1138,576,,,,"A037","T004","B",loading,,,,,1,TRUE,5200.000,5250.000,877.892334,877.942322,1920,1046,"world_widget_loading_progress_bar_geometry",1,0,"video_relative_to_screen_recording_start",461.390961,416501.375,416551.375,1,461.390961,"1781611657574","../../../../../../Project/UE5/Gallery/Saved/ScreenRecordings/A037_20260616_200737_screen.mkv",416501.375,416551.375,416526.375,"1781612074075","1781612074125","2026-06-16T20:14:34.075+08:00","2026-06-16T20:14:34.125+08:00",872.692322,EXP1,"b_progress_bar",-1,-1,
"b_preview_panel","B条件预览面板","T004_b_preview_panel_0211","video_relative_to_recording_start",rectangle,780,44,1159,602,,,,"A037","T004","B",loading,,,,,1,TRUE,5250.000,5300.000,877.942322,877.992310,1920,1046,"world_widget_card_size_box_geometry",1,0,"video_relative_to_screen_recording_start",461.390961,416551.375,416601.344,1,461.390961,"1781611657574","../../../../../../Project/UE5/Gallery/Saved/ScreenRecordings/A037_20260616_200737_screen.mkv",416551.375,416601.344,416576.375,"1781612074125","1781612074175","2026-06-16T20:14:34.125+08:00","2026-06-16T20:14:34.175+08:00",872.692322,EXP1,"b_preview",-1,-1,
"b_progress_bar","B条件进度条区域","T004_b_progress_bar_0212","video_relative_to_recording_start",rectangle,801,562,1138,576,,,,"A037","T004","B",loading,,,,,1,TRUE,5250.000,5300.000,877.942322,877.992310,1920,1046,"world_widget_loading_progress_bar_geometry",1,0,"video_relative_to_screen_recording_start",461.390961,416551.375,416601.344,1,461.390961,"1781611657574","../../../../../../Project/UE5/Gallery/Saved/ScreenRecordings/A037_20260616_200737_screen.mkv",416551.375,416601.344,416576.375,"1781612074125","1781612074175","2026-06-16T20:14:34.125+08:00","2026-06-16T20:14:34.175+08:00",872.692322,EXP1,"b_progress_bar",-1,-1,
"b_preview_panel","B条件预览面板","T004_b_preview_panel_0213","video_relative_to_recording_start",rectangle,780,44,1159,602,,,,"A037","T004","B",loading,,,,,1,TRUE,5300.000,5350.000,877.992310,878.042297,1920,1046,"world_widget_card_size_box_geometry",1,0,"video_relative_to_screen_recording_start",461.390961,416601.344,416651.344,1,461.390961,"1781611657574","../../../../../../Project/UE5/Gallery/Saved/ScreenRecordings/A037_20260616_200737_screen.mkv",416601.344,416651.344,416626.344,"1781612074175","1781612074225","2026-06-16T20:14:34.175+08:00","2026-06-16T20:14:34.225+08:00",872.692322,EXP1,"b_preview",-1,-1,
"b_progress_bar","B条件进度条区域","T004_b_progress_bar_0214","video_relative_to_recording_start",rectangle,801,562,1138,576,,,,"A037","T004","B",loading,,,,,1,TRUE,5300.000,5350.000,877.992310,878.042297,1920,1046,"world_widget_loading_progress_bar_geometry",1,0,"video_relative_to_screen_recording_start",461.390961,416601.344,416651.344,1,461.390961,"1781611657574","../../../../../../Project/UE5/Gallery/Saved/ScreenRecordings/A037_20260616_200737_screen.mkv",416601.344,416651.344,416626.344,"1781612074175","1781612074225","2026-06-16T20:14:34.175+08:00","2026-06-16T20:14:34.225+08:00",872.692322,EXP1,"b_progress_bar",-1,-1,
"b_preview_panel","B条件预览面板","T004_b_preview_panel_0215","video_relative_to_recording_start",rectangle,780,44,1159,602,,,,"A037","T004","B",loading,,,,,1,TRUE,5350.000,5400.000,878.042297,878.092346,1920,1046,"world_widget_card_size_box_geometry",1,0,"video_relative_to_screen_recording_start",461.390961,416651.344,416701.375,1,461.390961,"1781611657574","../../../../../../Project/UE5/Gallery/Saved/ScreenRecordings/A037_20260616_200737_screen.mkv",416651.344,416701.375,416676.375,"1781612074225","1781612074275","2026-06-16T20:14:34.225+08:00","2026-06-16T20:14:34.275+08:00",872.692322,EXP1,"b_preview",-1,-1,
"b_progress_bar","B条件进度条区域","T004_b_progress_bar_0216","video_relative_to_recording_start",rectangle,801,562,1138,576,,,,"A037","T004","B",loading,,,,,1,TRUE,5350.000,5400.000,878.042297,878.092346,1920,1046,"world_widget_loading_progress_bar_geometry",1,0,"video_relative_to_screen_recording_start",461.390961,416651.344,416701.375,1,461.390961,"1781611657574","../../../../../../Project/UE5/Gallery/Saved/ScreenRecordings/A037_20260616_200737_screen.mkv",416651.344,416701.375,416676.375,"1781612074225","1781612074275","2026-06-16T20:14:34.225+08:00","2026-06-16T20:14:34.275+08:00",872.692322,EXP1,"b_progress_bar",-1,-1,
"b_preview_panel","B条件预览面板","T004_b_preview_panel_0217","video_relative_to_recording_start",rectangle,780,44,1159,602,,,,"A037","T004","B",loading,,,,,1,TRUE,5400.000,5450.000,878.092346,878.142334,1920,1046,"world_widget_card_size_box_geometry",1,0,"video_relative_to_screen_recording_start",461.390961,416701.375,416751.375,1,461.390961,"1781611657574","../../../../../../Project/UE5/Gallery/Saved/ScreenRecordings/A037_20260616_200737_screen.mkv",416701.375,416751.375,416726.375,"1781612074275","1781612074325","2026-06-16T20:14:34.275+08:00","2026-06-16T20:14:34.325+08:00",872.692322,EXP1,"b_preview",-1,-1,
"b_progress_bar","B条件进度条区域","T004_b_progress_bar_0218","video_relative_to_recording_start",rectangle,801,562,1138,576,,,,"A037","T004","B",loading,,,,,1,TRUE,5400.000,5450.000,878.092346,878.142334,1920,1046,"world_widget_loading_progress_bar_geometry",1,0,"video_relative_to_screen_recording_start",461.390961,416701.375,416751.375,1,461.390961,"1781611657574","../../../../../../Project/UE5/Gallery/Saved/ScreenRecordings/A037_20260616_200737_screen.mkv",416701.375,416751.375,416726.375,"1781612074275","1781612074325","2026-06-16T20:14:34.275+08:00","2026-06-16T20:14:34.325+08:00",872.692322,EXP1,"b_progress_bar",-1,-1,
"b_preview_panel","B条件预览面板","T004_b_preview_panel_0219","video_relative_to_recording_start",rectangle,780,44,1159,602,,,,"A037","T004","B",loading,,,,,1,TRUE,5450.000,5500.000,878.142334,878.192322,1920,1046,"world_widget_card_size_box_geometry",1,0,"video_relative_to_screen_recording_start",461.390961,416751.375,416801.375,1,461.390961,"1781611657574","../../../../../../Project/UE5/Gallery/Saved/ScreenRecordings/A037_20260616_200737_screen.mkv",416751.375,416801.375,416776.375,"1781612074325","1781612074375","2026-06-16T20:14:34.325+08:00","2026-06-16T20:14:34.375+08:00",872.692322,EXP1,"b_preview",-1,-1,
"b_progress_bar","B条件进度条区域","T004_b_progress_bar_0220","video_relative_to_recording_start",rectangle,801,562,1138,576,,,,"A037","T004","B",loading,,,,,1,TRUE,5450.000,5500.000,878.142334,878.192322,1920,1046,"world_widget_loading_progress_bar_geometry",1,0,"video_relative_to_screen_recording_start",461.390961,416751.375,416801.375,1,461.390961,"1781611657574","../../../../../../Project/UE5/Gallery/Saved/ScreenRecordings/A037_20260616_200737_screen.mkv",416751.375,416801.375,416776.375,"1781612074325","1781612074375","2026-06-16T20:14:34.325+08:00","2026-06-16T20:14:34.375+08:00",872.692322,EXP1,"b_progress_bar",-1,-1,
"b_preview_panel","B条件预览面板","T004_b_preview_panel_0221","video_relative_to_recording_start",rectangle,780,44,1159,602,,,,"A037","T004","B",loading,,,,,1,TRUE,5500.000,5550.000,878.192322,878.242310,1920,1046,"world_widget_card_size_box_geometry",1,0,"video_relative_to_screen_recording_start",461.390961,416801.375,416851.344,1,461.390961,"1781611657574","../../../../../../Project/UE5/Gallery/Saved/ScreenRecordings/A037_20260616_200737_screen.mkv",416801.375,416851.344,416826.375,"1781612074375","1781612074425","2026-06-16T20:14:34.375+08:00","2026-06-16T20:14:34.425+08:00",872.692322,EXP1,"b_preview",-1,-1,
"b_progress_bar","B条件进度条区域","T004_b_progress_bar_0222","video_relative_to_recording_start",rectangle,801,562,1138,576,,,,"A037","T004","B",loading,,,,,1,TRUE,5500.000,5550.000,878.192322,878.242310,1920,1046,"world_widget_loading_progress_bar_geometry",1,0,"video_relative_to_screen_recording_start",461.390961,416801.375,416851.344,1,461.390961,"1781611657574","../../../../../../Project/UE5/Gallery/Saved/ScreenRecordings/A037_20260616_200737_screen.mkv",416801.375,416851.344,416826.375,"1781612074375","1781612074425","2026-06-16T20:14:34.375+08:00","2026-06-16T20:14:34.425+08:00",872.692322,EXP1,"b_progress_bar",-1,-1,
"b_preview_panel","B条件预览面板","T004_b_preview_panel_0223","video_relative_to_recording_start",rectangle,780,44,1159,602,,,,"A037","T004","B",loading,,,,,1,TRUE,5550.000,5600.000,878.242310,878.292297,1920,1046,"world_widget_card_size_box_geometry",1,0,"video_relative_to_screen_recording_start",461.390961,416851.344,416901.344,1,461.390961,"1781611657574","../../../../../../Project/UE5/Gallery/Saved/ScreenRecordings/A037_20260616_200737_screen.mkv",416851.344,416901.344,416876.344,"1781612074425","1781612074475","2026-06-16T20:14:34.425+08:00","2026-06-16T20:14:34.475+08:00",872.692322,EXP1,"b_preview",-1,-1,
"b_progress_bar","B条件进度条区域","T004_b_progress_bar_0224","video_relative_to_recording_start",rectangle,801,562,1138,576,,,,"A037","T004","B",loading,,,,,1,TRUE,5550.000,5600.000,878.242310,878.292297,1920,1046,"world_widget_loading_progress_bar_geometry",1,0,"video_relative_to_screen_recording_start",461.390961,416851.344,416901.344,1,461.390961,"1781611657574","../../../../../../Project/UE5/Gallery/Saved/ScreenRecordings/A037_20260616_200737_screen.mkv",416851.344,416901.344,416876.344,"1781612074425","1781612074475","2026-06-16T20:14:34.425+08:00","2026-06-16T20:14:34.475+08:00",872.692322,EXP1,"b_progress_bar",-1,-1,
"b_preview_panel","B条件预览面板","T004_b_preview_panel_0225","video_relative_to_recording_start",rectangle,780,44,1159,602,,,,"A037","T004","B",loading,,,,,1,TRUE,5600.000,5650.000,878.292297,878.342346,1920,1046,"world_widget_card_size_box_geometry",1,0,"video_relative_to_screen_recording_start",461.390961,416901.344,416951.375,1,461.390961,"1781611657574","../../../../../../Project/UE5/Gallery/Saved/ScreenRecordings/A037_20260616_200737_screen.mkv",416901.344,416951.375,416926.375,"1781612074475","1781612074525","2026-06-16T20:14:34.475+08:00","2026-06-16T20:14:34.525+08:00",872.692322,EXP1,"b_preview",-1,-1,
"b_progress_bar","B条件进度条区域","T004_b_progress_bar_0226","video_relative_to_recording_start",rectangle,801,562,1138,576,,,,"A037","T004","B",loading,,,,,1,TRUE,5600.000,5650.000,878.292297,878.342346,1920,1046,"world_widget_loading_progress_bar_geometry",1,0,"video_relative_to_screen_recording_start",461.390961,416901.344,416951.375,1,461.390961,"1781611657574","../../../../../../Project/UE5/Gallery/Saved/ScreenRecordings/A037_20260616_200737_screen.mkv",416901.344,416951.375,416926.375,"1781612074475","1781612074525","2026-06-16T20:14:34.475+08:00","2026-06-16T20:14:34.525+08:00",872.692322,EXP1,"b_progress_bar",-1,-1,
"b_preview_panel","B条件预览面板","T004_b_preview_panel_0227","video_relative_to_recording_start",rectangle,780,44,1159,602,,,,"A037","T004","B",loading,,,,,1,TRUE,5650.000,5700.000,878.342346,878.392334,1920,1046,"world_widget_card_size_box_geometry",1,0,"video_relative_to_screen_recording_start",461.390961,416951.375,417001.375,1,461.390961,"1781611657574","../../../../../../Project/UE5/Gallery/Saved/ScreenRecordings/A037_20260616_200737_screen.mkv",416951.375,417001.375,416976.375,"1781612074525","1781612074575","2026-06-16T20:14:34.525+08:00","2026-06-16T20:14:34.575+08:00",872.692322,EXP1,"b_preview",-1,-1,
"b_progress_bar","B条件进度条区域","T004_b_progress_bar_0228","video_relative_to_recording_start",rectangle,801,562,1138,576,,,,"A037","T004","B",loading,,,,,1,TRUE,5650.000,5700.000,878.342346,878.392334,1920,1046,"world_widget_loading_progress_bar_geometry",1,0,"video_relative_to_screen_recording_start",461.390961,416951.375,417001.375,1,461.390961,"1781611657574","../../../../../../Project/UE5/Gallery/Saved/ScreenRecordings/A037_20260616_200737_screen.mkv",416951.375,417001.375,416976.375,"1781612074525","1781612074575","2026-06-16T20:14:34.525+08:00","2026-06-16T20:14:34.575+08:00",872.692322,EXP1,"b_progress_bar",-1,-1,
"b_preview_panel","B条件预览面板","T004_b_preview_panel_0229","video_relative_to_recording_start",rectangle,780,44,1159,602,,,,"A037","T004","B",loading,,,,,1,TRUE,5700.000,5750.000,878.392334,878.442322,1920,1046,"world_widget_card_size_box_geometry",1,0,"video_relative_to_screen_recording_start",461.390961,417001.375,417051.375,1,461.390961,"1781611657574","../../../../../../Project/UE5/Gallery/Saved/ScreenRecordings/A037_20260616_200737_screen.mkv",417001.375,417051.375,417026.375,"1781612074575","1781612074625","2026-06-16T20:14:34.575+08:00","2026-06-16T20:14:34.625+08:00",872.692322,EXP1,"b_preview",-1,-1,
"b_progress_bar","B条件进度条区域","T004_b_progress_bar_0230","video_relative_to_recording_start",rectangle,801,562,1138,576,,,,"A037","T004","B",loading,,,,,1,TRUE,5700.000,5750.000,878.392334,878.442322,1920,1046,"world_widget_loading_progress_bar_geometry",1,0,"video_relative_to_screen_recording_start",461.390961,417001.375,417051.375,1,461.390961,"1781611657574","../../../../../../Project/UE5/Gallery/Saved/ScreenRecordings/A037_20260616_200737_screen.mkv",417001.375,417051.375,417026.375,"1781612074575","1781612074625","2026-06-16T20:14:34.575+08:00","2026-06-16T20:14:34.625+08:00",872.692322,EXP1,"b_progress_bar",-1,-1,
"b_preview_panel","B条件预览面板","T004_b_preview_panel_0231","video_relative_to_recording_start",rectangle,780,44,1159,602,,,,"A037","T004","B",loading,,,,,1,TRUE,5750.000,5800.000,878.442322,878.492310,1920,1046,"world_widget_card_size_box_geometry",1,0,"video_relative_to_screen_recording_start",461.390961,417051.375,417101.344,1,461.390961,"1781611657574","../../../../../../Project/UE5/Gallery/Saved/ScreenRecordings/A037_20260616_200737_screen.mkv",417051.375,417101.344,417076.375,"1781612074625","1781612074675","2026-06-16T20:14:34.625+08:00","2026-06-16T20:14:34.675+08:00",872.692322,EXP1,"b_preview",-1,-1,
"b_progress_bar","B条件进度条区域","T004_b_progress_bar_0232","video_relative_to_recording_start",rectangle,801,562,1138,576,,,,"A037","T004","B",loading,,,,,1,TRUE,5750.000,5800.000,878.442322,878.492310,1920,1046,"world_widget_loading_progress_bar_geometry",1,0,"video_relative_to_screen_recording_start",461.390961,417051.375,417101.344,1,461.390961,"1781611657574","../../../../../../Project/UE5/Gallery/Saved/ScreenRecordings/A037_20260616_200737_screen.mkv",417051.375,417101.344,417076.375,"1781612074625","1781612074675","2026-06-16T20:14:34.625+08:00","2026-06-16T20:14:34.675+08:00",872.692322,EXP1,"b_progress_bar",-1,-1,
"b_preview_panel","B条件预览面板","T004_b_preview_panel_0233","video_relative_to_recording_start",rectangle,780,44,1159,602,,,,"A037","T004","B",loading,,,,,1,TRUE,5800.000,5850.000,878.492310,878.542297,1920,1046,"world_widget_card_size_box_geometry",1,0,"video_relative_to_screen_recording_start",461.390961,417101.344,417151.344,1,461.390961,"1781611657574","../../../../../../Project/UE5/Gallery/Saved/ScreenRecordings/A037_20260616_200737_screen.mkv",417101.344,417151.344,417126.344,"1781612074675","1781612074725","2026-06-16T20:14:34.675+08:00","2026-06-16T20:14:34.725+08:00",872.692322,EXP1,"b_preview",-1,-1,
"b_progress_bar","B条件进度条区域","T004_b_progress_bar_0234","video_relative_to_recording_start",rectangle,801,562,1138,576,,,,"A037","T004","B",loading,,,,,1,TRUE,5800.000,5850.000,878.492310,878.542297,1920,1046,"world_widget_loading_progress_bar_geometry",1,0,"video_relative_to_screen_recording_start",461.390961,417101.344,417151.344,1,461.390961,"1781611657574","../../../../../../Project/UE5/Gallery/Saved/ScreenRecordings/A037_20260616_200737_screen.mkv",417101.344,417151.344,417126.344,"1781612074675","1781612074725","2026-06-16T20:14:34.675+08:00","2026-06-16T20:14:34.725+08:00",872.692322,EXP1,"b_progress_bar",-1,-1,
"b_preview_panel","B条件预览面板","T004_b_preview_panel_0235","video_relative_to_recording_start",rectangle,780,44,1159,602,,,,"A037","T004","B",loading,,,,,1,TRUE,5850.000,5900.000,878.542297,878.592346,1920,1046,"world_widget_card_size_box_geometry",1,0,"video_relative_to_screen_recording_start",461.390961,417151.344,417201.375,1,461.390961,"1781611657574","../../../../../../Project/UE5/Gallery/Saved/ScreenRecordings/A037_20260616_200737_screen.mkv",417151.344,417201.375,417176.375,"1781612074725","1781612074775","2026-06-16T20:14:34.725+08:00","2026-06-16T20:14:34.775+08:00",872.692322,EXP1,"b_preview",-1,-1,
"b_progress_bar","B条件进度条区域","T004_b_progress_bar_0236","video_relative_to_recording_start",rectangle,801,562,1138,576,,,,"A037","T004","B",loading,,,,,1,TRUE,5850.000,5900.000,878.542297,878.592346,1920,1046,"world_widget_loading_progress_bar_geometry",1,0,"video_relative_to_screen_recording_start",461.390961,417151.344,417201.375,1,461.390961,"1781611657574","../../../../../../Project/UE5/Gallery/Saved/ScreenRecordings/A037_20260616_200737_screen.mkv",417151.344,417201.375,417176.375,"1781612074725","1781612074775","2026-06-16T20:14:34.725+08:00","2026-06-16T20:14:34.775+08:00",872.692322,EXP1,"b_progress_bar",-1,-1,
"b_preview_panel","B条件预览面板","T004_b_preview_panel_0237","video_relative_to_recording_start",rectangle,780,44,1159,602,,,,"A037","T004","B",loading,,,,,1,TRUE,5900.000,5950.000,878.592346,878.642334,1920,1046,"world_widget_card_size_box_geometry",1,0,"video_relative_to_screen_recording_start",461.390961,417201.375,417251.375,1,461.390961,"1781611657574","../../../../../../Project/UE5/Gallery/Saved/ScreenRecordings/A037_20260616_200737_screen.mkv",417201.375,417251.375,417226.375,"1781612074775","1781612074825","2026-06-16T20:14:34.775+08:00","2026-06-16T20:14:34.825+08:00",872.692322,EXP1,"b_preview",-1,-1,
"b_progress_bar","B条件进度条区域","T004_b_progress_bar_0238","video_relative_to_recording_start",rectangle,801,562,1138,576,,,,"A037","T004","B",loading,,,,,1,TRUE,5900.000,5950.000,878.592346,878.642334,1920,1046,"world_widget_loading_progress_bar_geometry",1,0,"video_relative_to_screen_recording_start",461.390961,417201.375,417251.375,1,461.390961,"1781611657574","../../../../../../Project/UE5/Gallery/Saved/ScreenRecordings/A037_20260616_200737_screen.mkv",417201.375,417251.375,417226.375,"1781612074775","1781612074825","2026-06-16T20:14:34.775+08:00","2026-06-16T20:14:34.825+08:00",872.692322,EXP1,"b_progress_bar",-1,-1,
"b_preview_panel","B条件预览面板","T004_b_preview_panel_0239","video_relative_to_recording_start",rectangle,780,44,1159,602,,,,"A037","T004","B",loading,,,,,1,TRUE,5950.000,6000.000,878.642334,878.692322,1920,1046,"world_widget_card_size_box_geometry",1,0,"video_relative_to_screen_recording_start",461.390961,417251.375,417301.375,1,461.390961,"1781611657574","../../../../../../Project/UE5/Gallery/Saved/ScreenRecordings/A037_20260616_200737_screen.mkv",417251.375,417301.375,417276.375,"1781612074825","1781612074875","2026-06-16T20:14:34.825+08:00","2026-06-16T20:14:34.875+08:00",872.692322,EXP1,"b_preview",-1,-1,
"b_progress_bar","B条件进度条区域","T004_b_progress_bar_0240","video_relative_to_recording_start",rectangle,801,562,1138,576,,,,"A037","T004","B",loading,,,,,1,TRUE,5950.000,6000.000,878.642334,878.692322,1920,1046,"world_widget_loading_progress_bar_geometry",1,0,"video_relative_to_screen_recording_start",461.390961,417251.375,417301.375,1,461.390961,"1781611657574","../../../../../../Project/UE5/Gallery/Saved/ScreenRecordings/A037_20260616_200737_screen.mkv",417251.375,417301.375,417276.375,"1781612074825","1781612074875","2026-06-16T20:14:34.825+08:00","2026-06-16T20:14:34.875+08:00",872.692322,EXP1,"b_progress_bar",-1,-1,
"b_preview_panel","B条件预览面板","T004_b_preview_panel_0241","video_relative_to_recording_start",rectangle,780,44,1159,602,,,,"A037","T004","B",loading,,,,,1,TRUE,6000.000,6050.000,878.692322,878.742310,1920,1046,"world_widget_card_size_box_geometry",1,0,"video_relative_to_screen_recording_start",461.390961,417301.375,417351.344,1,461.390961,"1781611657574","../../../../../../Project/UE5/Gallery/Saved/ScreenRecordings/A037_20260616_200737_screen.mkv",417301.375,417351.344,417326.375,"1781612074875","1781612074925","2026-06-16T20:14:34.875+08:00","2026-06-16T20:14:34.925+08:00",872.692322,EXP1,"b_preview",-1,-1,
"b_progress_bar","B条件进度条区域","T004_b_progress_bar_0242","video_relative_to_recording_start",rectangle,801,562,1138,576,,,,"A037","T004","B",loading,,,,,1,TRUE,6000.000,6050.000,878.692322,878.742310,1920,1046,"world_widget_loading_progress_bar_geometry",1,0,"video_relative_to_screen_recording_start",461.390961,417301.375,417351.344,1,461.390961,"1781611657574","../../../../../../Project/UE5/Gallery/Saved/ScreenRecordings/A037_20260616_200737_screen.mkv",417301.375,417351.344,417326.375,"1781612074875","1781612074925","2026-06-16T20:14:34.875+08:00","2026-06-16T20:14:34.925+08:00",872.692322,EXP1,"b_progress_bar",-1,-1,
"b_preview_panel","B条件预览面板","T004_b_preview_panel_0243","video_relative_to_recording_start",rectangle,780,44,1159,602,,,,"A037","T004","B",loading,,,,,1,TRUE,6050.000,6100.000,878.742310,878.792297,1920,1046,"world_widget_card_size_box_geometry",1,0,"video_relative_to_screen_recording_start",461.390961,417351.344,417401.344,1,461.390961,"1781611657574","../../../../../../Project/UE5/Gallery/Saved/ScreenRecordings/A037_20260616_200737_screen.mkv",417351.344,417401.344,417376.344,"1781612074925","1781612074975","2026-06-16T20:14:34.925+08:00","2026-06-16T20:14:34.975+08:00",872.692322,EXP1,"b_preview",-1,-1,
"b_progress_bar","B条件进度条区域","T004_b_progress_bar_0244","video_relative_to_recording_start",rectangle,801,562,1138,576,,,,"A037","T004","B",loading,,,,,1,TRUE,6050.000,6100.000,878.742310,878.792297,1920,1046,"world_widget_loading_progress_bar_geometry",1,0,"video_relative_to_screen_recording_start",461.390961,417351.344,417401.344,1,461.390961,"1781611657574","../../../../../../Project/UE5/Gallery/Saved/ScreenRecordings/A037_20260616_200737_screen.mkv",417351.344,417401.344,417376.344,"1781612074925","1781612074975","2026-06-16T20:14:34.925+08:00","2026-06-16T20:14:34.975+08:00",872.692322,EXP1,"b_progress_bar",-1,-1,
"b_preview_panel","B条件预览面板","T004_b_preview_panel_0245","video_relative_to_recording_start",rectangle,780,44,1159,602,,,,"A037","T004","B",loading,,,,,1,TRUE,6100.000,6150.000,878.792297,878.842346,1920,1046,"world_widget_card_size_box_geometry",1,0,"video_relative_to_screen_recording_start",461.390961,417401.344,417451.375,1,461.390961,"1781611657574","../../../../../../Project/UE5/Gallery/Saved/ScreenRecordings/A037_20260616_200737_screen.mkv",417401.344,417451.375,417426.375,"1781612074975","1781612075025","2026-06-16T20:14:34.975+08:00","2026-06-16T20:14:35.025+08:00",872.692322,EXP1,"b_preview",-1,-1,
"b_progress_bar","B条件进度条区域","T004_b_progress_bar_0246","video_relative_to_recording_start",rectangle,801,562,1138,576,,,,"A037","T004","B",loading,,,,,1,TRUE,6100.000,6150.000,878.792297,878.842346,1920,1046,"world_widget_loading_progress_bar_geometry",1,0,"video_relative_to_screen_recording_start",461.390961,417401.344,417451.375,1,461.390961,"1781611657574","../../../../../../Project/UE5/Gallery/Saved/ScreenRecordings/A037_20260616_200737_screen.mkv",417401.344,417451.375,417426.375,"1781612074975","1781612075025","2026-06-16T20:14:34.975+08:00","2026-06-16T20:14:35.025+08:00",872.692322,EXP1,"b_progress_bar",-1,-1,
"b_preview_panel","B条件预览面板","T004_b_preview_panel_0247","video_relative_to_recording_start",rectangle,780,44,1159,602,,,,"A037","T004","B",loading,,,,,1,TRUE,6150.000,6200.000,878.842346,878.892334,1920,1046,"world_widget_card_size_box_geometry",1,0,"video_relative_to_screen_recording_start",461.390961,417451.375,417501.375,1,461.390961,"1781611657574","../../../../../../Project/UE5/Gallery/Saved/ScreenRecordings/A037_20260616_200737_screen.mkv",417451.375,417501.375,417476.375,"1781612075025","1781612075075","2026-06-16T20:14:35.025+08:00","2026-06-16T20:14:35.075+08:00",872.692322,EXP1,"b_preview",-1,-1,
"b_progress_bar","B条件进度条区域","T004_b_progress_bar_0248","video_relative_to_recording_start",rectangle,801,562,1138,576,,,,"A037","T004","B",loading,,,,,1,TRUE,6150.000,6200.000,878.842346,878.892334,1920,1046,"world_widget_loading_progress_bar_geometry",1,0,"video_relative_to_screen_recording_start",461.390961,417451.375,417501.375,1,461.390961,"1781611657574","../../../../../../Project/UE5/Gallery/Saved/ScreenRecordings/A037_20260616_200737_screen.mkv",417451.375,417501.375,417476.375,"1781612075025","1781612075075","2026-06-16T20:14:35.025+08:00","2026-06-16T20:14:35.075+08:00",872.692322,EXP1,"b_progress_bar",-1,-1,
"b_preview_panel","B条件预览面板","T004_b_preview_panel_0249","video_relative_to_recording_start",rectangle,780,44,1159,602,,,,"A037","T004","B",loading,,,,,1,TRUE,6200.000,6250.000,878.892334,878.942322,1920,1046,"world_widget_card_size_box_geometry",1,0,"video_relative_to_screen_recording_start",461.390961,417501.375,417551.375,1,461.390961,"1781611657574","../../../../../../Project/UE5/Gallery/Saved/ScreenRecordings/A037_20260616_200737_screen.mkv",417501.375,417551.375,417526.375,"1781612075075","1781612075125","2026-06-16T20:14:35.075+08:00","2026-06-16T20:14:35.125+08:00",872.692322,EXP1,"b_preview",-1,-1,
"b_progress_bar","B条件进度条区域","T004_b_progress_bar_0250","video_relative_to_recording_start",rectangle,801,562,1138,576,,,,"A037","T004","B",loading,,,,,1,TRUE,6200.000,6250.000,878.892334,878.942322,1920,1046,"world_widget_loading_progress_bar_geometry",1,0,"video_relative_to_screen_recording_start",461.390961,417501.375,417551.375,1,461.390961,"1781611657574","../../../../../../Project/UE5/Gallery/Saved/ScreenRecordings/A037_20260616_200737_screen.mkv",417501.375,417551.375,417526.375,"1781612075075","1781612075125","2026-06-16T20:14:35.075+08:00","2026-06-16T20:14:35.125+08:00",872.692322,EXP1,"b_progress_bar",-1,-1,
"b_preview_panel","B条件预览面板","T004_b_preview_panel_0251","video_relative_to_recording_start",rectangle,780,44,1159,602,,,,"A037","T004","B",loading,,,,,1,TRUE,6250.000,6300.000,878.942322,878.992310,1920,1046,"world_widget_card_size_box_geometry",1,0,"video_relative_to_screen_recording_start",461.390961,417551.375,417601.344,1,461.390961,"1781611657574","../../../../../../Project/UE5/Gallery/Saved/ScreenRecordings/A037_20260616_200737_screen.mkv",417551.375,417601.344,417576.375,"1781612075125","1781612075175","2026-06-16T20:14:35.125+08:00","2026-06-16T20:14:35.175+08:00",872.692322,EXP1,"b_preview",-1,-1,
"b_progress_bar","B条件进度条区域","T004_b_progress_bar_0252","video_relative_to_recording_start",rectangle,801,562,1138,576,,,,"A037","T004","B",loading,,,,,1,TRUE,6250.000,6300.000,878.942322,878.992310,1920,1046,"world_widget_loading_progress_bar_geometry",1,0,"video_relative_to_screen_recording_start",461.390961,417551.375,417601.344,1,461.390961,"1781611657574","../../../../../../Project/UE5/Gallery/Saved/ScreenRecordings/A037_20260616_200737_screen.mkv",417551.375,417601.344,417576.375,"1781612075125","1781612075175","2026-06-16T20:14:35.125+08:00","2026-06-16T20:14:35.175+08:00",872.692322,EXP1,"b_progress_bar",-1,-1,
"b_preview_panel","B条件预览面板","T004_b_preview_panel_0253","video_relative_to_recording_start",rectangle,780,44,1159,602,,,,"A037","T004","B",loading,,,,,1,TRUE,6300.000,6350.000,878.992310,879.042297,1920,1046,"world_widget_card_size_box_geometry",1,0,"video_relative_to_screen_recording_start",461.390961,417601.344,417651.344,1,461.390961,"1781611657574","../../../../../../Project/UE5/Gallery/Saved/ScreenRecordings/A037_20260616_200737_screen.mkv",417601.344,417651.344,417626.344,"1781612075175","1781612075225","2026-06-16T20:14:35.175+08:00","2026-06-16T20:14:35.225+08:00",872.692322,EXP1,"b_preview",-1,-1,
"b_progress_bar","B条件进度条区域","T004_b_progress_bar_0254","video_relative_to_recording_start",rectangle,801,562,1138,576,,,,"A037","T004","B",loading,,,,,1,TRUE,6300.000,6350.000,878.992310,879.042297,1920,1046,"world_widget_loading_progress_bar_geometry",1,0,"video_relative_to_screen_recording_start",461.390961,417601.344,417651.344,1,461.390961,"1781611657574","../../../../../../Project/UE5/Gallery/Saved/ScreenRecordings/A037_20260616_200737_screen.mkv",417601.344,417651.344,417626.344,"1781612075175","1781612075225","2026-06-16T20:14:35.175+08:00","2026-06-16T20:14:35.225+08:00",872.692322,EXP1,"b_progress_bar",-1,-1,
"b_preview_panel","B条件预览面板","T004_b_preview_panel_0255","video_relative_to_recording_start",rectangle,780,44,1159,602,,,,"A037","T004","B",loading,,,,,1,TRUE,6350.000,6400.000,879.042297,879.092346,1920,1046,"world_widget_card_size_box_geometry",1,0,"video_relative_to_screen_recording_start",461.390961,417651.344,417701.375,1,461.390961,"1781611657574","../../../../../../Project/UE5/Gallery/Saved/ScreenRecordings/A037_20260616_200737_screen.mkv",417651.344,417701.375,417676.375,"1781612075225","1781612075275","2026-06-16T20:14:35.225+08:00","2026-06-16T20:14:35.275+08:00",872.692322,EXP1,"b_preview",-1,-1,
"b_progress_bar","B条件进度条区域","T004_b_progress_bar_0256","video_relative_to_recording_start",rectangle,801,562,1138,576,,,,"A037","T004","B",loading,,,,,1,TRUE,6350.000,6400.000,879.042297,879.092346,1920,1046,"world_widget_loading_progress_bar_geometry",1,0,"video_relative_to_screen_recording_start",461.390961,417651.344,417701.375,1,461.390961,"1781611657574","../../../../../../Project/UE5/Gallery/Saved/ScreenRecordings/A037_20260616_200737_screen.mkv",417651.344,417701.375,417676.375,"1781612075225","1781612075275","2026-06-16T20:14:35.225+08:00","2026-06-16T20:14:35.275+08:00",872.692322,EXP1,"b_progress_bar",-1,-1,
"b_preview_panel","B条件预览面板","T004_b_preview_panel_0257","video_relative_to_recording_start",rectangle,780,44,1159,602,,,,"A037","T004","B",loading,,,,,1,TRUE,6400.000,6450.000,879.092346,879.142334,1920,1046,"world_widget_card_size_box_geometry",1,0,"video_relative_to_screen_recording_start",461.390961,417701.375,417751.375,1,461.390961,"1781611657574","../../../../../../Project/UE5/Gallery/Saved/ScreenRecordings/A037_20260616_200737_screen.mkv",417701.375,417751.375,417726.375,"1781612075275","1781612075325","2026-06-16T20:14:35.275+08:00","2026-06-16T20:14:35.325+08:00",872.692322,EXP1,"b_preview",-1,-1,
"b_progress_bar","B条件进度条区域","T004_b_progress_bar_0258","video_relative_to_recording_start",rectangle,801,562,1138,576,,,,"A037","T004","B",loading,,,,,1,TRUE,6400.000,6450.000,879.092346,879.142334,1920,1046,"world_widget_loading_progress_bar_geometry",1,0,"video_relative_to_screen_recording_start",461.390961,417701.375,417751.375,1,461.390961,"1781611657574","../../../../../../Project/UE5/Gallery/Saved/ScreenRecordings/A037_20260616_200737_screen.mkv",417701.375,417751.375,417726.375,"1781612075275","1781612075325","2026-06-16T20:14:35.275+08:00","2026-06-16T20:14:35.325+08:00",872.692322,EXP1,"b_progress_bar",-1,-1,
"b_preview_panel","B条件预览面板","T004_b_preview_panel_0259","video_relative_to_recording_start",rectangle,780,44,1159,602,,,,"A037","T004","B",loading,,,,,1,TRUE,6450.000,6500.000,879.142334,879.192322,1920,1046,"world_widget_card_size_box_geometry",1,0,"video_relative_to_screen_recording_start",461.390961,417751.375,417801.375,1,461.390961,"1781611657574","../../../../../../Project/UE5/Gallery/Saved/ScreenRecordings/A037_20260616_200737_screen.mkv",417751.375,417801.375,417776.375,"1781612075325","1781612075375","2026-06-16T20:14:35.325+08:00","2026-06-16T20:14:35.375+08:00",872.692322,EXP1,"b_preview",-1,-1,
"b_progress_bar","B条件进度条区域","T004_b_progress_bar_0260","video_relative_to_recording_start",rectangle,801,562,1138,576,,,,"A037","T004","B",loading,,,,,1,TRUE,6450.000,6500.000,879.142334,879.192322,1920,1046,"world_widget_loading_progress_bar_geometry",1,0,"video_relative_to_screen_recording_start",461.390961,417751.375,417801.375,1,461.390961,"1781611657574","../../../../../../Project/UE5/Gallery/Saved/ScreenRecordings/A037_20260616_200737_screen.mkv",417751.375,417801.375,417776.375,"1781612075325","1781612075375","2026-06-16T20:14:35.325+08:00","2026-06-16T20:14:35.375+08:00",872.692322,EXP1,"b_progress_bar",-1,-1,
"b_preview_panel","B条件预览面板","T004_b_preview_panel_0261","video_relative_to_recording_start",rectangle,780,44,1159,602,,,,"A037","T004","B",loading,,,,,1,TRUE,6500.000,6550.000,879.192322,879.242310,1920,1046,"world_widget_card_size_box_geometry",1,0,"video_relative_to_screen_recording_start",461.390961,417801.375,417851.344,1,461.390961,"1781611657574","../../../../../../Project/UE5/Gallery/Saved/ScreenRecordings/A037_20260616_200737_screen.mkv",417801.375,417851.344,417826.375,"1781612075375","1781612075425","2026-06-16T20:14:35.375+08:00","2026-06-16T20:14:35.425+08:00",872.692322,EXP1,"b_preview",-1,-1,
"b_progress_bar","B条件进度条区域","T004_b_progress_bar_0262","video_relative_to_recording_start",rectangle,801,562,1138,576,,,,"A037","T004","B",loading,,,,,1,TRUE,6500.000,6550.000,879.192322,879.242310,1920,1046,"world_widget_loading_progress_bar_geometry",1,0,"video_relative_to_screen_recording_start",461.390961,417801.375,417851.344,1,461.390961,"1781611657574","../../../../../../Project/UE5/Gallery/Saved/ScreenRecordings/A037_20260616_200737_screen.mkv",417801.375,417851.344,417826.375,"1781612075375","1781612075425","2026-06-16T20:14:35.375+08:00","2026-06-16T20:14:35.425+08:00",872.692322,EXP1,"b_progress_bar",-1,-1,
"b_preview_panel","B条件预览面板","T004_b_preview_panel_0263","video_relative_to_recording_start",rectangle,780,44,1159,602,,,,"A037","T004","B",loading,,,,,1,TRUE,6550.000,6600.000,879.242310,879.292297,1920,1046,"world_widget_card_size_box_geometry",1,0,"video_relative_to_screen_recording_start",461.390961,417851.344,417901.344,1,461.390961,"1781611657574","../../../../../../Project/UE5/Gallery/Saved/ScreenRecordings/A037_20260616_200737_screen.mkv",417851.344,417901.344,417876.344,"1781612075425","1781612075475","2026-06-16T20:14:35.425+08:00","2026-06-16T20:14:35.475+08:00",872.692322,EXP1,"b_preview",-1,-1,
"b_progress_bar","B条件进度条区域","T004_b_progress_bar_0264","video_relative_to_recording_start",rectangle,801,562,1138,576,,,,"A037","T004","B",loading,,,,,1,TRUE,6550.000,6600.000,879.242310,879.292297,1920,1046,"world_widget_loading_progress_bar_geometry",1,0,"video_relative_to_screen_recording_start",461.390961,417851.344,417901.344,1,461.390961,"1781611657574","../../../../../../Project/UE5/Gallery/Saved/ScreenRecordings/A037_20260616_200737_screen.mkv",417851.344,417901.344,417876.344,"1781612075425","1781612075475","2026-06-16T20:14:35.425+08:00","2026-06-16T20:14:35.475+08:00",872.692322,EXP1,"b_progress_bar",-1,-1,
"b_preview_panel","B条件预览面板","T004_b_preview_panel_0265","video_relative_to_recording_start",rectangle,780,44,1159,602,,,,"A037","T004","B",loading,,,,,1,TRUE,6600.000,6650.000,879.292297,879.342346,1920,1046,"world_widget_card_size_box_geometry",1,0,"video_relative_to_screen_recording_start",461.390961,417901.344,417951.375,1,461.390961,"1781611657574","../../../../../../Project/UE5/Gallery/Saved/ScreenRecordings/A037_20260616_200737_screen.mkv",417901.344,417951.375,417926.375,"1781612075475","1781612075525","2026-06-16T20:14:35.475+08:00","2026-06-16T20:14:35.525+08:00",872.692322,EXP1,"b_preview",-1,-1,
"b_progress_bar","B条件进度条区域","T004_b_progress_bar_0266","video_relative_to_recording_start",rectangle,801,562,1138,576,,,,"A037","T004","B",loading,,,,,1,TRUE,6600.000,6650.000,879.292297,879.342346,1920,1046,"world_widget_loading_progress_bar_geometry",1,0,"video_relative_to_screen_recording_start",461.390961,417901.344,417951.375,1,461.390961,"1781611657574","../../../../../../Project/UE5/Gallery/Saved/ScreenRecordings/A037_20260616_200737_screen.mkv",417901.344,417951.375,417926.375,"1781612075475","1781612075525","2026-06-16T20:14:35.475+08:00","2026-06-16T20:14:35.525+08:00",872.692322,EXP1,"b_progress_bar",-1,-1,
"b_preview_panel","B条件预览面板","T004_b_preview_panel_0267","video_relative_to_recording_start",rectangle,780,44,1159,602,,,,"A037","T004","B",loading,,,,,1,TRUE,6650.000,6700.000,879.342346,879.392334,1920,1046,"world_widget_card_size_box_geometry",1,0,"video_relative_to_screen_recording_start",461.390961,417951.375,418001.375,1,461.390961,"1781611657574","../../../../../../Project/UE5/Gallery/Saved/ScreenRecordings/A037_20260616_200737_screen.mkv",417951.375,418001.375,417976.375,"1781612075525","1781612075575","2026-06-16T20:14:35.525+08:00","2026-06-16T20:14:35.575+08:00",872.692322,EXP1,"b_preview",-1,-1,
"b_progress_bar","B条件进度条区域","T004_b_progress_bar_0268","video_relative_to_recording_start",rectangle,801,562,1138,576,,,,"A037","T004","B",loading,,,,,1,TRUE,6650.000,6700.000,879.342346,879.392334,1920,1046,"world_widget_loading_progress_bar_geometry",1,0,"video_relative_to_screen_recording_start",461.390961,417951.375,418001.375,1,461.390961,"1781611657574","../../../../../../Project/UE5/Gallery/Saved/ScreenRecordings/A037_20260616_200737_screen.mkv",417951.375,418001.375,417976.375,"1781612075525","1781612075575","2026-06-16T20:14:35.525+08:00","2026-06-16T20:14:35.575+08:00",872.692322,EXP1,"b_progress_bar",-1,-1,
"b_preview_panel","B条件预览面板","T004_b_preview_panel_0269","video_relative_to_recording_start",rectangle,780,44,1159,602,,,,"A037","T004","B",loading,,,,,1,TRUE,6700.000,6750.000,879.392334,879.442322,1920,1046,"world_widget_card_size_box_geometry",1,0,"video_relative_to_screen_recording_start",461.390961,418001.375,418051.375,1,461.390961,"1781611657574","../../../../../../Project/UE5/Gallery/Saved/ScreenRecordings/A037_20260616_200737_screen.mkv",418001.375,418051.375,418026.375,"1781612075575","1781612075625","2026-06-16T20:14:35.575+08:00","2026-06-16T20:14:35.625+08:00",872.692322,EXP1,"b_preview",-1,-1,
"b_progress_bar","B条件进度条区域","T004_b_progress_bar_0270","video_relative_to_recording_start",rectangle,801,562,1138,576,,,,"A037","T004","B",loading,,,,,1,TRUE,6700.000,6750.000,879.392334,879.442322,1920,1046,"world_widget_loading_progress_bar_geometry",1,0,"video_relative_to_screen_recording_start",461.390961,418001.375,418051.375,1,461.390961,"1781611657574","../../../../../../Project/UE5/Gallery/Saved/ScreenRecordings/A037_20260616_200737_screen.mkv",418001.375,418051.375,418026.375,"1781612075575","1781612075625","2026-06-16T20:14:35.575+08:00","2026-06-16T20:14:35.625+08:00",872.692322,EXP1,"b_progress_bar",-1,-1,
"b_preview_panel","B条件预览面板","T004_b_preview_panel_0271","video_relative_to_recording_start",rectangle,780,44,1159,602,,,,"A037","T004","B",loading,,,,,1,TRUE,6750.000,6800.000,879.442322,879.492310,1920,1046,"world_widget_card_size_box_geometry",1,0,"video_relative_to_screen_recording_start",461.390961,418051.375,418101.344,1,461.390961,"1781611657574","../../../../../../Project/UE5/Gallery/Saved/ScreenRecordings/A037_20260616_200737_screen.mkv",418051.375,418101.344,418076.375,"1781612075625","1781612075675","2026-06-16T20:14:35.625+08:00","2026-06-16T20:14:35.675+08:00",872.692322,EXP1,"b_preview",-1,-1,
"b_progress_bar","B条件进度条区域","T004_b_progress_bar_0272","video_relative_to_recording_start",rectangle,801,562,1138,576,,,,"A037","T004","B",loading,,,,,1,TRUE,6750.000,6800.000,879.442322,879.492310,1920,1046,"world_widget_loading_progress_bar_geometry",1,0,"video_relative_to_screen_recording_start",461.390961,418051.375,418101.344,1,461.390961,"1781611657574","../../../../../../Project/UE5/Gallery/Saved/ScreenRecordings/A037_20260616_200737_screen.mkv",418051.375,418101.344,418076.375,"1781612075625","1781612075675","2026-06-16T20:14:35.625+08:00","2026-06-16T20:14:35.675+08:00",872.692322,EXP1,"b_progress_bar",-1,-1,
"b_preview_panel","B条件预览面板","T004_b_preview_panel_0273","video_relative_to_recording_start",rectangle,780,44,1159,602,,,,"A037","T004","B",loading,,,,,1,TRUE,6800.000,6850.000,879.492310,879.542297,1920,1046,"world_widget_card_size_box_geometry",1,0,"video_relative_to_screen_recording_start",461.390961,418101.344,418151.344,1,461.390961,"1781611657574","../../../../../../Project/UE5/Gallery/Saved/ScreenRecordings/A037_20260616_200737_screen.mkv",418101.344,418151.344,418126.344,"1781612075675","1781612075725","2026-06-16T20:14:35.675+08:00","2026-06-16T20:14:35.725+08:00",872.692322,EXP1,"b_preview",-1,-1,
"b_progress_bar","B条件进度条区域","T004_b_progress_bar_0274","video_relative_to_recording_start",rectangle,801,562,1138,576,,,,"A037","T004","B",loading,,,,,1,TRUE,6800.000,6850.000,879.492310,879.542297,1920,1046,"world_widget_loading_progress_bar_geometry",1,0,"video_relative_to_screen_recording_start",461.390961,418101.344,418151.344,1,461.390961,"1781611657574","../../../../../../Project/UE5/Gallery/Saved/ScreenRecordings/A037_20260616_200737_screen.mkv",418101.344,418151.344,418126.344,"1781612075675","1781612075725","2026-06-16T20:14:35.675+08:00","2026-06-16T20:14:35.725+08:00",872.692322,EXP1,"b_progress_bar",-1,-1,
"b_preview_panel","B条件预览面板","T004_b_preview_panel_0275","video_relative_to_recording_start",rectangle,780,44,1159,602,,,,"A037","T004","B",loading,,,,,1,TRUE,6850.000,6900.000,879.542297,879.592346,1920,1046,"world_widget_card_size_box_geometry",1,0,"video_relative_to_screen_recording_start",461.390961,418151.344,418201.375,1,461.390961,"1781611657574","../../../../../../Project/UE5/Gallery/Saved/ScreenRecordings/A037_20260616_200737_screen.mkv",418151.344,418201.375,418176.375,"1781612075725","1781612075775","2026-06-16T20:14:35.725+08:00","2026-06-16T20:14:35.775+08:00",872.692322,EXP1,"b_preview",-1,-1,
"b_progress_bar","B条件进度条区域","T004_b_progress_bar_0276","video_relative_to_recording_start",rectangle,801,562,1138,576,,,,"A037","T004","B",loading,,,,,1,TRUE,6850.000,6900.000,879.542297,879.592346,1920,1046,"world_widget_loading_progress_bar_geometry",1,0,"video_relative_to_screen_recording_start",461.390961,418151.344,418201.375,1,461.390961,"1781611657574","../../../../../../Project/UE5/Gallery/Saved/ScreenRecordings/A037_20260616_200737_screen.mkv",418151.344,418201.375,418176.375,"1781612075725","1781612075775","2026-06-16T20:14:35.725+08:00","2026-06-16T20:14:35.775+08:00",872.692322,EXP1,"b_progress_bar",-1,-1,
"b_preview_panel","B条件预览面板","T004_b_preview_panel_0277","video_relative_to_recording_start",rectangle,780,44,1159,602,,,,"A037","T004","B",loading,,,,,1,TRUE,6900.000,6950.000,879.592346,879.642334,1920,1046,"world_widget_card_size_box_geometry",1,0,"video_relative_to_screen_recording_start",461.390961,418201.375,418251.375,1,461.390961,"1781611657574","../../../../../../Project/UE5/Gallery/Saved/ScreenRecordings/A037_20260616_200737_screen.mkv",418201.375,418251.375,418226.375,"1781612075775","1781612075825","2026-06-16T20:14:35.775+08:00","2026-06-16T20:14:35.825+08:00",872.692322,EXP1,"b_preview",-1,-1,
"b_progress_bar","B条件进度条区域","T004_b_progress_bar_0278","video_relative_to_recording_start",rectangle,801,562,1138,576,,,,"A037","T004","B",loading,,,,,1,TRUE,6900.000,6950.000,879.592346,879.642334,1920,1046,"world_widget_loading_progress_bar_geometry",1,0,"video_relative_to_screen_recording_start",461.390961,418201.375,418251.375,1,461.390961,"1781611657574","../../../../../../Project/UE5/Gallery/Saved/ScreenRecordings/A037_20260616_200737_screen.mkv",418201.375,418251.375,418226.375,"1781612075775","1781612075825","2026-06-16T20:14:35.775+08:00","2026-06-16T20:14:35.825+08:00",872.692322,EXP1,"b_progress_bar",-1,-1,
"b_preview_panel","B条件预览面板","T004_b_preview_panel_0279","video_relative_to_recording_start",rectangle,780,44,1159,602,,,,"A037","T004","B",loading,,,,,1,TRUE,6950.000,7000.000,879.642334,879.692322,1920,1046,"world_widget_card_size_box_geometry",1,0,"video_relative_to_screen_recording_start",461.390961,418251.375,418301.375,1,461.390961,"1781611657574","../../../../../../Project/UE5/Gallery/Saved/ScreenRecordings/A037_20260616_200737_screen.mkv",418251.375,418301.375,418276.375,"1781612075825","1781612075875","2026-06-16T20:14:35.825+08:00","2026-06-16T20:14:35.875+08:00",872.692322,EXP1,"b_preview",-1,-1,
"b_progress_bar","B条件进度条区域","T004_b_progress_bar_0280","video_relative_to_recording_start",rectangle,801,562,1138,576,,,,"A037","T004","B",loading,,,,,1,TRUE,6950.000,7000.000,879.642334,879.692322,1920,1046,"world_widget_loading_progress_bar_geometry",1,0,"video_relative_to_screen_recording_start",461.390961,418251.375,418301.375,1,461.390961,"1781611657574","../../../../../../Project/UE5/Gallery/Saved/ScreenRecordings/A037_20260616_200737_screen.mkv",418251.375,418301.375,418276.375,"1781612075825","1781612075875","2026-06-16T20:14:35.825+08:00","2026-06-16T20:14:35.875+08:00",872.692322,EXP1,"b_progress_bar",-1,-1,
"b_preview_panel","B条件预览面板","T004_b_preview_panel_0281","video_relative_to_recording_start",rectangle,780,44,1159,602,,,,"A037","T004","B",loading,,,,,1,TRUE,7000.000,7050.000,879.692322,879.742310,1920,1046,"world_widget_card_size_box_geometry",1,0,"video_relative_to_screen_recording_start",461.390961,418301.375,418351.344,1,461.390961,"1781611657574","../../../../../../Project/UE5/Gallery/Saved/ScreenRecordings/A037_20260616_200737_screen.mkv",418301.375,418351.344,418326.375,"1781612075875","1781612075925","2026-06-16T20:14:35.875+08:00","2026-06-16T20:14:35.925+08:00",872.692322,EXP1,"b_preview",-1,-1,
"b_progress_bar","B条件进度条区域","T004_b_progress_bar_0282","video_relative_to_recording_start",rectangle,801,562,1138,576,,,,"A037","T004","B",loading,,,,,1,TRUE,7000.000,7050.000,879.692322,879.742310,1920,1046,"world_widget_loading_progress_bar_geometry",1,0,"video_relative_to_screen_recording_start",461.390961,418301.375,418351.344,1,461.390961,"1781611657574","../../../../../../Project/UE5/Gallery/Saved/ScreenRecordings/A037_20260616_200737_screen.mkv",418301.375,418351.344,418326.375,"1781612075875","1781612075925","2026-06-16T20:14:35.875+08:00","2026-06-16T20:14:35.925+08:00",872.692322,EXP1,"b_progress_bar",-1,-1,
"b_preview_panel","B条件预览面板","T004_b_preview_panel_0283","video_relative_to_recording_start",rectangle,780,44,1159,602,,,,"A037","T004","B",loading,,,,,1,TRUE,7050.000,7100.000,879.742310,879.792297,1920,1046,"world_widget_card_size_box_geometry",1,0,"video_relative_to_screen_recording_start",461.390961,418351.344,418401.344,1,461.390961,"1781611657574","../../../../../../Project/UE5/Gallery/Saved/ScreenRecordings/A037_20260616_200737_screen.mkv",418351.344,418401.344,418376.344,"1781612075925","1781612075975","2026-06-16T20:14:35.925+08:00","2026-06-16T20:14:35.975+08:00",872.692322,EXP1,"b_preview",-1,-1,
"b_progress_bar","B条件进度条区域","T004_b_progress_bar_0284","video_relative_to_recording_start",rectangle,801,562,1138,576,,,,"A037","T004","B",loading,,,,,1,TRUE,7050.000,7100.000,879.742310,879.792297,1920,1046,"world_widget_loading_progress_bar_geometry",1,0,"video_relative_to_screen_recording_start",461.390961,418351.344,418401.344,1,461.390961,"1781611657574","../../../../../../Project/UE5/Gallery/Saved/ScreenRecordings/A037_20260616_200737_screen.mkv",418351.344,418401.344,418376.344,"1781612075925","1781612075975","2026-06-16T20:14:35.925+08:00","2026-06-16T20:14:35.975+08:00",872.692322,EXP1,"b_progress_bar",-1,-1,
"b_preview_panel","B条件预览面板","T004_b_preview_panel_0285","video_relative_to_recording_start",rectangle,780,44,1159,602,,,,"A037","T004","B",loading,,,,,1,TRUE,7100.000,7150.000,879.792297,879.842346,1920,1046,"world_widget_card_size_box_geometry",1,0,"video_relative_to_screen_recording_start",461.390961,418401.344,418451.375,1,461.390961,"1781611657574","../../../../../../Project/UE5/Gallery/Saved/ScreenRecordings/A037_20260616_200737_screen.mkv",418401.344,418451.375,418426.375,"1781612075975","1781612076025","2026-06-16T20:14:35.975+08:00","2026-06-16T20:14:36.025+08:00",872.692322,EXP1,"b_preview",-1,-1,
"b_progress_bar","B条件进度条区域","T004_b_progress_bar_0286","video_relative_to_recording_start",rectangle,801,562,1138,576,,,,"A037","T004","B",loading,,,,,1,TRUE,7100.000,7150.000,879.792297,879.842346,1920,1046,"world_widget_loading_progress_bar_geometry",1,0,"video_relative_to_screen_recording_start",461.390961,418401.344,418451.375,1,461.390961,"1781611657574","../../../../../../Project/UE5/Gallery/Saved/ScreenRecordings/A037_20260616_200737_screen.mkv",418401.344,418451.375,418426.375,"1781612075975","1781612076025","2026-06-16T20:14:35.975+08:00","2026-06-16T20:14:36.025+08:00",872.692322,EXP1,"b_progress_bar",-1,-1,
"b_preview_panel","B条件预览面板","T004_b_preview_panel_0287","video_relative_to_recording_start",rectangle,780,44,1159,602,,,,"A037","T004","B",loading,,,,,1,TRUE,7150.000,7200.000,879.842346,879.892334,1920,1046,"world_widget_card_size_box_geometry",1,0,"video_relative_to_screen_recording_start",461.390961,418451.375,418501.375,1,461.390961,"1781611657574","../../../../../../Project/UE5/Gallery/Saved/ScreenRecordings/A037_20260616_200737_screen.mkv",418451.375,418501.375,418476.375,"1781612076025","1781612076075","2026-06-16T20:14:36.025+08:00","2026-06-16T20:14:36.075+08:00",872.692322,EXP1,"b_preview",-1,-1,
"b_progress_bar","B条件进度条区域","T004_b_progress_bar_0288","video_relative_to_recording_start",rectangle,801,562,1138,576,,,,"A037","T004","B",loading,,,,,1,TRUE,7150.000,7200.000,879.842346,879.892334,1920,1046,"world_widget_loading_progress_bar_geometry",1,0,"video_relative_to_screen_recording_start",461.390961,418451.375,418501.375,1,461.390961,"1781611657574","../../../../../../Project/UE5/Gallery/Saved/ScreenRecordings/A037_20260616_200737_screen.mkv",418451.375,418501.375,418476.375,"1781612076025","1781612076075","2026-06-16T20:14:36.025+08:00","2026-06-16T20:14:36.075+08:00",872.692322,EXP1,"b_progress_bar",-1,-1,
"b_preview_panel","B条件预览面板","T004_b_preview_panel_0289","video_relative_to_recording_start",rectangle,780,44,1159,602,,,,"A037","T004","B",loading,,,,,1,TRUE,7200.000,7250.000,879.892334,879.942322,1920,1046,"world_widget_card_size_box_geometry",1,0,"video_relative_to_screen_recording_start",461.390961,418501.375,418551.375,1,461.390961,"1781611657574","../../../../../../Project/UE5/Gallery/Saved/ScreenRecordings/A037_20260616_200737_screen.mkv",418501.375,418551.375,418526.375,"1781612076075","1781612076125","2026-06-16T20:14:36.075+08:00","2026-06-16T20:14:36.125+08:00",872.692322,EXP1,"b_preview",-1,-1,
"b_progress_bar","B条件进度条区域","T004_b_progress_bar_0290","video_relative_to_recording_start",rectangle,801,562,1138,576,,,,"A037","T004","B",loading,,,,,1,TRUE,7200.000,7250.000,879.892334,879.942322,1920,1046,"world_widget_loading_progress_bar_geometry",1,0,"video_relative_to_screen_recording_start",461.390961,418501.375,418551.375,1,461.390961,"1781611657574","../../../../../../Project/UE5/Gallery/Saved/ScreenRecordings/A037_20260616_200737_screen.mkv",418501.375,418551.375,418526.375,"1781612076075","1781612076125","2026-06-16T20:14:36.075+08:00","2026-06-16T20:14:36.125+08:00",872.692322,EXP1,"b_progress_bar",-1,-1,
"b_preview_panel","B条件预览面板","T004_b_preview_panel_0291","video_relative_to_recording_start",rectangle,780,44,1159,602,,,,"A037","T004","B",loading,,,,,1,TRUE,7250.000,7300.000,879.942322,879.992310,1920,1046,"world_widget_card_size_box_geometry",1,0,"video_relative_to_screen_recording_start",461.390961,418551.375,418601.344,1,461.390961,"1781611657574","../../../../../../Project/UE5/Gallery/Saved/ScreenRecordings/A037_20260616_200737_screen.mkv",418551.375,418601.344,418576.375,"1781612076125","1781612076175","2026-06-16T20:14:36.125+08:00","2026-06-16T20:14:36.175+08:00",872.692322,EXP1,"b_preview",-1,-1,
"b_progress_bar","B条件进度条区域","T004_b_progress_bar_0292","video_relative_to_recording_start",rectangle,801,562,1138,576,,,,"A037","T004","B",loading,,,,,1,TRUE,7250.000,7300.000,879.942322,879.992310,1920,1046,"world_widget_loading_progress_bar_geometry",1,0,"video_relative_to_screen_recording_start",461.390961,418551.375,418601.344,1,461.390961,"1781611657574","../../../../../../Project/UE5/Gallery/Saved/ScreenRecordings/A037_20260616_200737_screen.mkv",418551.375,418601.344,418576.375,"1781612076125","1781612076175","2026-06-16T20:14:36.125+08:00","2026-06-16T20:14:36.175+08:00",872.692322,EXP1,"b_progress_bar",-1,-1,
"b_preview_panel","B条件预览面板","T004_b_preview_panel_0293","video_relative_to_recording_start",rectangle,780,44,1159,602,,,,"A037","T004","B",loading,,,,,1,TRUE,7300.000,7350.000,879.992310,880.042297,1920,1046,"world_widget_card_size_box_geometry",1,0,"video_relative_to_screen_recording_start",461.390961,418601.344,418651.344,1,461.390961,"1781611657574","../../../../../../Project/UE5/Gallery/Saved/ScreenRecordings/A037_20260616_200737_screen.mkv",418601.344,418651.344,418626.344,"1781612076175","1781612076225","2026-06-16T20:14:36.175+08:00","2026-06-16T20:14:36.225+08:00",872.692322,EXP1,"b_preview",-1,-1,
"b_progress_bar","B条件进度条区域","T004_b_progress_bar_0294","video_relative_to_recording_start",rectangle,801,562,1138,576,,,,"A037","T004","B",loading,,,,,1,TRUE,7300.000,7350.000,879.992310,880.042297,1920,1046,"world_widget_loading_progress_bar_geometry",1,0,"video_relative_to_screen_recording_start",461.390961,418601.344,418651.344,1,461.390961,"1781611657574","../../../../../../Project/UE5/Gallery/Saved/ScreenRecordings/A037_20260616_200737_screen.mkv",418601.344,418651.344,418626.344,"1781612076175","1781612076225","2026-06-16T20:14:36.175+08:00","2026-06-16T20:14:36.225+08:00",872.692322,EXP1,"b_progress_bar",-1,-1,
"b_preview_panel","B条件预览面板","T004_b_preview_panel_0295","video_relative_to_recording_start",rectangle,780,44,1159,602,,,,"A037","T004","B",loading,,,,,1,TRUE,7350.000,7400.000,880.042297,880.092346,1920,1046,"world_widget_card_size_box_geometry",1,0,"video_relative_to_screen_recording_start",461.390961,418651.344,418701.375,1,461.390961,"1781611657574","../../../../../../Project/UE5/Gallery/Saved/ScreenRecordings/A037_20260616_200737_screen.mkv",418651.344,418701.375,418676.375,"1781612076225","1781612076275","2026-06-16T20:14:36.225+08:00","2026-06-16T20:14:36.275+08:00",872.692322,EXP1,"b_preview",-1,-1,
"b_progress_bar","B条件进度条区域","T004_b_progress_bar_0296","video_relative_to_recording_start",rectangle,801,562,1138,576,,,,"A037","T004","B",loading,,,,,1,TRUE,7350.000,7400.000,880.042297,880.092346,1920,1046,"world_widget_loading_progress_bar_geometry",1,0,"video_relative_to_screen_recording_start",461.390961,418651.344,418701.375,1,461.390961,"1781611657574","../../../../../../Project/UE5/Gallery/Saved/ScreenRecordings/A037_20260616_200737_screen.mkv",418651.344,418701.375,418676.375,"1781612076225","1781612076275","2026-06-16T20:14:36.225+08:00","2026-06-16T20:14:36.275+08:00",872.692322,EXP1,"b_progress_bar",-1,-1,
"b_preview_panel","B条件预览面板","T004_b_preview_panel_0297","video_relative_to_recording_start",rectangle,780,44,1159,602,,,,"A037","T004","B",loading,,,,,1,TRUE,7400.000,7450.000,880.092346,880.142334,1920,1046,"world_widget_card_size_box_geometry",1,0,"video_relative_to_screen_recording_start",461.390961,418701.375,418751.375,1,461.390961,"1781611657574","../../../../../../Project/UE5/Gallery/Saved/ScreenRecordings/A037_20260616_200737_screen.mkv",418701.375,418751.375,418726.375,"1781612076275","1781612076325","2026-06-16T20:14:36.275+08:00","2026-06-16T20:14:36.325+08:00",872.692322,EXP1,"b_preview",-1,-1,
"b_progress_bar","B条件进度条区域","T004_b_progress_bar_0298","video_relative_to_recording_start",rectangle,801,562,1138,576,,,,"A037","T004","B",loading,,,,,1,TRUE,7400.000,7450.000,880.092346,880.142334,1920,1046,"world_widget_loading_progress_bar_geometry",1,0,"video_relative_to_screen_recording_start",461.390961,418701.375,418751.375,1,461.390961,"1781611657574","../../../../../../Project/UE5/Gallery/Saved/ScreenRecordings/A037_20260616_200737_screen.mkv",418701.375,418751.375,418726.375,"1781612076275","1781612076325","2026-06-16T20:14:36.275+08:00","2026-06-16T20:14:36.325+08:00",872.692322,EXP1,"b_progress_bar",-1,-1,
"b_preview_panel","B条件预览面板","T004_b_preview_panel_0299","video_relative_to_recording_start",rectangle,780,44,1159,602,,,,"A037","T004","B",loading,,,,,1,TRUE,7450.000,7500.000,880.142334,880.192322,1920,1046,"world_widget_card_size_box_geometry",1,0,"video_relative_to_screen_recording_start",461.390961,418751.375,418801.375,1,461.390961,"1781611657574","../../../../../../Project/UE5/Gallery/Saved/ScreenRecordings/A037_20260616_200737_screen.mkv",418751.375,418801.375,418776.375,"1781612076325","1781612076375","2026-06-16T20:14:36.325+08:00","2026-06-16T20:14:36.375+08:00",872.692322,EXP1,"b_preview",-1,-1,
"b_progress_bar","B条件进度条区域","T004_b_progress_bar_0300","video_relative_to_recording_start",rectangle,801,562,1138,576,,,,"A037","T004","B",loading,,,,,1,TRUE,7450.000,7500.000,880.142334,880.192322,1920,1046,"world_widget_loading_progress_bar_geometry",1,0,"video_relative_to_screen_recording_start",461.390961,418751.375,418801.375,1,461.390961,"1781611657574","../../../../../../Project/UE5/Gallery/Saved/ScreenRecordings/A037_20260616_200737_screen.mkv",418751.375,418801.375,418776.375,"1781612076325","1781612076375","2026-06-16T20:14:36.325+08:00","2026-06-16T20:14:36.375+08:00",872.692322,EXP1,"b_progress_bar",-1,-1,
"b_preview_panel","B条件预览面板","T004_b_preview_panel_0301","video_relative_to_recording_start",rectangle,780,44,1159,602,,,,"A037","T004","B",loading,,,,,1,TRUE,7500.000,7550.000,880.192322,880.242310,1920,1046,"world_widget_card_size_box_geometry",1,0,"video_relative_to_screen_recording_start",461.390961,418801.375,418851.344,1,461.390961,"1781611657574","../../../../../../Project/UE5/Gallery/Saved/ScreenRecordings/A037_20260616_200737_screen.mkv",418801.375,418851.344,418826.375,"1781612076375","1781612076425","2026-06-16T20:14:36.375+08:00","2026-06-16T20:14:36.425+08:00",872.692322,EXP1,"b_preview",-1,-1,
"b_progress_bar","B条件进度条区域","T004_b_progress_bar_0302","video_relative_to_recording_start",rectangle,801,562,1138,576,,,,"A037","T004","B",loading,,,,,1,TRUE,7500.000,7550.000,880.192322,880.242310,1920,1046,"world_widget_loading_progress_bar_geometry",1,0,"video_relative_to_screen_recording_start",461.390961,418801.375,418851.344,1,461.390961,"1781611657574","../../../../../../Project/UE5/Gallery/Saved/ScreenRecordings/A037_20260616_200737_screen.mkv",418801.375,418851.344,418826.375,"1781612076375","1781612076425","2026-06-16T20:14:36.375+08:00","2026-06-16T20:14:36.425+08:00",872.692322,EXP1,"b_progress_bar",-1,-1,
"b_preview_panel","B条件预览面板","T004_b_preview_panel_0303","video_relative_to_recording_start",rectangle,780,44,1159,602,,,,"A037","T004","B",loading,,,,,1,TRUE,7550.000,7600.000,880.242310,880.292297,1920,1046,"world_widget_card_size_box_geometry",1,0,"video_relative_to_screen_recording_start",461.390961,418851.344,418901.344,1,461.390961,"1781611657574","../../../../../../Project/UE5/Gallery/Saved/ScreenRecordings/A037_20260616_200737_screen.mkv",418851.344,418901.344,418876.344,"1781612076425","1781612076475","2026-06-16T20:14:36.425+08:00","2026-06-16T20:14:36.475+08:00",872.692322,EXP1,"b_preview",-1,-1,
"b_progress_bar","B条件进度条区域","T004_b_progress_bar_0304","video_relative_to_recording_start",rectangle,801,562,1138,576,,,,"A037","T004","B",loading,,,,,1,TRUE,7550.000,7600.000,880.242310,880.292297,1920,1046,"world_widget_loading_progress_bar_geometry",1,0,"video_relative_to_screen_recording_start",461.390961,418851.344,418901.344,1,461.390961,"1781611657574","../../../../../../Project/UE5/Gallery/Saved/ScreenRecordings/A037_20260616_200737_screen.mkv",418851.344,418901.344,418876.344,"1781612076425","1781612076475","2026-06-16T20:14:36.425+08:00","2026-06-16T20:14:36.475+08:00",872.692322,EXP1,"b_progress_bar",-1,-1,
"b_preview_panel","B条件预览面板","T004_b_preview_panel_0305","video_relative_to_recording_start",rectangle,780,44,1159,602,,,,"A037","T004","B",loading,,,,,1,TRUE,7600.000,7650.000,880.292297,880.342346,1920,1046,"world_widget_card_size_box_geometry",1,0,"video_relative_to_screen_recording_start",461.390961,418901.344,418951.375,1,461.390961,"1781611657574","../../../../../../Project/UE5/Gallery/Saved/ScreenRecordings/A037_20260616_200737_screen.mkv",418901.344,418951.375,418926.375,"1781612076475","1781612076525","2026-06-16T20:14:36.475+08:00","2026-06-16T20:14:36.525+08:00",872.692322,EXP1,"b_preview",-1,-1,
"b_progress_bar","B条件进度条区域","T004_b_progress_bar_0306","video_relative_to_recording_start",rectangle,801,562,1138,576,,,,"A037","T004","B",loading,,,,,1,TRUE,7600.000,7650.000,880.292297,880.342346,1920,1046,"world_widget_loading_progress_bar_geometry",1,0,"video_relative_to_screen_recording_start",461.390961,418901.344,418951.375,1,461.390961,"1781611657574","../../../../../../Project/UE5/Gallery/Saved/ScreenRecordings/A037_20260616_200737_screen.mkv",418901.344,418951.375,418926.375,"1781612076475","1781612076525","2026-06-16T20:14:36.475+08:00","2026-06-16T20:14:36.525+08:00",872.692322,EXP1,"b_progress_bar",-1,-1,
"b_preview_panel","B条件预览面板","T004_b_preview_panel_0307","video_relative_to_recording_start",rectangle,780,44,1159,602,,,,"A037","T004","B",loading,,,,,1,TRUE,7650.000,7700.000,880.342346,880.392334,1920,1046,"world_widget_card_size_box_geometry",1,0,"video_relative_to_screen_recording_start",461.390961,418951.375,419001.375,1,461.390961,"1781611657574","../../../../../../Project/UE5/Gallery/Saved/ScreenRecordings/A037_20260616_200737_screen.mkv",418951.375,419001.375,418976.375,"1781612076525","1781612076575","2026-06-16T20:14:36.525+08:00","2026-06-16T20:14:36.575+08:00",872.692322,EXP1,"b_preview",-1,-1,
"b_progress_bar","B条件进度条区域","T004_b_progress_bar_0308","video_relative_to_recording_start",rectangle,801,562,1138,576,,,,"A037","T004","B",loading,,,,,1,TRUE,7650.000,7700.000,880.342346,880.392334,1920,1046,"world_widget_loading_progress_bar_geometry",1,0,"video_relative_to_screen_recording_start",461.390961,418951.375,419001.375,1,461.390961,"1781611657574","../../../../../../Project/UE5/Gallery/Saved/ScreenRecordings/A037_20260616_200737_screen.mkv",418951.375,419001.375,418976.375,"1781612076525","1781612076575","2026-06-16T20:14:36.525+08:00","2026-06-16T20:14:36.575+08:00",872.692322,EXP1,"b_progress_bar",-1,-1,
"b_preview_panel","B条件预览面板","T004_b_preview_panel_0309","video_relative_to_recording_start",rectangle,780,44,1159,602,,,,"A037","T004","B",loading,,,,,1,TRUE,7700.000,7750.000,880.392334,880.442322,1920,1046,"world_widget_card_size_box_geometry",1,0,"video_relative_to_screen_recording_start",461.390961,419001.375,419051.375,1,461.390961,"1781611657574","../../../../../../Project/UE5/Gallery/Saved/ScreenRecordings/A037_20260616_200737_screen.mkv",419001.375,419051.375,419026.375,"1781612076575","1781612076625","2026-06-16T20:14:36.575+08:00","2026-06-16T20:14:36.625+08:00",872.692322,EXP1,"b_preview",-1,-1,
"b_progress_bar","B条件进度条区域","T004_b_progress_bar_0310","video_relative_to_recording_start",rectangle,801,562,1138,576,,,,"A037","T004","B",loading,,,,,1,TRUE,7700.000,7750.000,880.392334,880.442322,1920,1046,"world_widget_loading_progress_bar_geometry",1,0,"video_relative_to_screen_recording_start",461.390961,419001.375,419051.375,1,461.390961,"1781611657574","../../../../../../Project/UE5/Gallery/Saved/ScreenRecordings/A037_20260616_200737_screen.mkv",419001.375,419051.375,419026.375,"1781612076575","1781612076625","2026-06-16T20:14:36.575+08:00","2026-06-16T20:14:36.625+08:00",872.692322,EXP1,"b_progress_bar",-1,-1,
"b_preview_panel","B条件预览面板","T004_b_preview_panel_0311","video_relative_to_recording_start",rectangle,780,44,1159,602,,,,"A037","T004","B",loading,,,,,1,TRUE,7750.000,7800.000,880.442322,880.492310,1920,1046,"world_widget_card_size_box_geometry",1,0,"video_relative_to_screen_recording_start",461.390961,419051.375,419101.344,1,461.390961,"1781611657574","../../../../../../Project/UE5/Gallery/Saved/ScreenRecordings/A037_20260616_200737_screen.mkv",419051.375,419101.344,419076.375,"1781612076625","1781612076675","2026-06-16T20:14:36.625+08:00","2026-06-16T20:14:36.675+08:00",872.692322,EXP1,"b_preview",-1,-1,
"b_progress_bar","B条件进度条区域","T004_b_progress_bar_0312","video_relative_to_recording_start",rectangle,801,562,1138,576,,,,"A037","T004","B",loading,,,,,1,TRUE,7750.000,7800.000,880.442322,880.492310,1920,1046,"world_widget_loading_progress_bar_geometry",1,0,"video_relative_to_screen_recording_start",461.390961,419051.375,419101.344,1,461.390961,"1781611657574","../../../../../../Project/UE5/Gallery/Saved/ScreenRecordings/A037_20260616_200737_screen.mkv",419051.375,419101.344,419076.375,"1781612076625","1781612076675","2026-06-16T20:14:36.625+08:00","2026-06-16T20:14:36.675+08:00",872.692322,EXP1,"b_progress_bar",-1,-1,
"b_preview_panel","B条件预览面板","T004_b_preview_panel_0313","video_relative_to_recording_start",rectangle,780,44,1159,602,,,,"A037","T004","B",loading,,,,,1,TRUE,7800.000,7850.000,880.492310,880.542297,1920,1046,"world_widget_card_size_box_geometry",1,0,"video_relative_to_screen_recording_start",461.390961,419101.344,419151.344,1,461.390961,"1781611657574","../../../../../../Project/UE5/Gallery/Saved/ScreenRecordings/A037_20260616_200737_screen.mkv",419101.344,419151.344,419126.344,"1781612076675","1781612076725","2026-06-16T20:14:36.675+08:00","2026-06-16T20:14:36.725+08:00",872.692322,EXP1,"b_preview",-1,-1,
"b_progress_bar","B条件进度条区域","T004_b_progress_bar_0314","video_relative_to_recording_start",rectangle,801,562,1138,576,,,,"A037","T004","B",loading,,,,,1,TRUE,7800.000,7850.000,880.492310,880.542297,1920,1046,"world_widget_loading_progress_bar_geometry",1,0,"video_relative_to_screen_recording_start",461.390961,419101.344,419151.344,1,461.390961,"1781611657574","../../../../../../Project/UE5/Gallery/Saved/ScreenRecordings/A037_20260616_200737_screen.mkv",419101.344,419151.344,419126.344,"1781612076675","1781612076725","2026-06-16T20:14:36.675+08:00","2026-06-16T20:14:36.725+08:00",872.692322,EXP1,"b_progress_bar",-1,-1,
"b_preview_panel","B条件预览面板","T004_b_preview_panel_0315","video_relative_to_recording_start",rectangle,780,44,1159,602,,,,"A037","T004","B",loading,,,,,1,TRUE,7850.000,7900.000,880.542297,880.592346,1920,1046,"world_widget_card_size_box_geometry",1,0,"video_relative_to_screen_recording_start",461.390961,419151.344,419201.375,1,461.390961,"1781611657574","../../../../../../Project/UE5/Gallery/Saved/ScreenRecordings/A037_20260616_200737_screen.mkv",419151.344,419201.375,419176.375,"1781612076725","1781612076775","2026-06-16T20:14:36.725+08:00","2026-06-16T20:14:36.775+08:00",872.692322,EXP1,"b_preview",-1,-1,
"b_progress_bar","B条件进度条区域","T004_b_progress_bar_0316","video_relative_to_recording_start",rectangle,801,562,1138,576,,,,"A037","T004","B",loading,,,,,1,TRUE,7850.000,7900.000,880.542297,880.592346,1920,1046,"world_widget_loading_progress_bar_geometry",1,0,"video_relative_to_screen_recording_start",461.390961,419151.344,419201.375,1,461.390961,"1781611657574","../../../../../../Project/UE5/Gallery/Saved/ScreenRecordings/A037_20260616_200737_screen.mkv",419151.344,419201.375,419176.375,"1781612076725","1781612076775","2026-06-16T20:14:36.725+08:00","2026-06-16T20:14:36.775+08:00",872.692322,EXP1,"b_progress_bar",-1,-1,
"b_preview_panel","B条件预览面板","T004_b_preview_panel_0317","video_relative_to_recording_start",rectangle,780,44,1159,602,,,,"A037","T004","B",loading,,,,,1,TRUE,7900.000,7950.000,880.592346,880.642334,1920,1046,"world_widget_card_size_box_geometry",1,0,"video_relative_to_screen_recording_start",461.390961,419201.375,419251.375,1,461.390961,"1781611657574","../../../../../../Project/UE5/Gallery/Saved/ScreenRecordings/A037_20260616_200737_screen.mkv",419201.375,419251.375,419226.375,"1781612076775","1781612076825","2026-06-16T20:14:36.775+08:00","2026-06-16T20:14:36.825+08:00",872.692322,EXP1,"b_preview",-1,-1,
"b_progress_bar","B条件进度条区域","T004_b_progress_bar_0318","video_relative_to_recording_start",rectangle,801,562,1138,576,,,,"A037","T004","B",loading,,,,,1,TRUE,7900.000,7950.000,880.592346,880.642334,1920,1046,"world_widget_loading_progress_bar_geometry",1,0,"video_relative_to_screen_recording_start",461.390961,419201.375,419251.375,1,461.390961,"1781611657574","../../../../../../Project/UE5/Gallery/Saved/ScreenRecordings/A037_20260616_200737_screen.mkv",419201.375,419251.375,419226.375,"1781612076775","1781612076825","2026-06-16T20:14:36.775+08:00","2026-06-16T20:14:36.825+08:00",872.692322,EXP1,"b_progress_bar",-1,-1,
"b_preview_panel","B条件预览面板","T004_b_preview_panel_0319","video_relative_to_recording_start",rectangle,780,44,1159,602,,,,"A037","T004","B",loading,,,,,1,TRUE,7950.000,8000.000,880.642334,880.692322,1920,1046,"world_widget_card_size_box_geometry",1,0,"video_relative_to_screen_recording_start",461.390961,419251.375,419301.375,1,461.390961,"1781611657574","../../../../../../Project/UE5/Gallery/Saved/ScreenRecordings/A037_20260616_200737_screen.mkv",419251.375,419301.375,419276.375,"1781612076825","1781612076875","2026-06-16T20:14:36.825+08:00","2026-06-16T20:14:36.875+08:00",872.692322,EXP1,"b_preview",-1,-1,
"b_progress_bar","B条件进度条区域","T004_b_progress_bar_0320","video_relative_to_recording_start",rectangle,801,562,1138,576,,,,"A037","T004","B",loading,,,,,1,TRUE,7950.000,8000.000,880.642334,880.692322,1920,1046,"world_widget_loading_progress_bar_geometry",1,0,"video_relative_to_screen_recording_start",461.390961,419251.375,419301.375,1,461.390961,"1781611657574","../../../../../../Project/UE5/Gallery/Saved/ScreenRecordings/A037_20260616_200737_screen.mkv",419251.375,419301.375,419276.375,"1781612076825","1781612076875","2026-06-16T20:14:36.825+08:00","2026-06-16T20:14:36.875+08:00",872.692322,EXP1,"b_progress_bar",-1,-1,
"b_preview_panel","B条件预览面板","T004_b_preview_panel_0321","video_relative_to_recording_start",rectangle,780,44,1159,602,,,,"A037","T004","B",loading,,,,,1,TRUE,8000.000,8050.000,880.692322,880.742310,1920,1046,"world_widget_card_size_box_geometry",1,0,"video_relative_to_screen_recording_start",461.390961,419301.375,419351.344,1,461.390961,"1781611657574","../../../../../../Project/UE5/Gallery/Saved/ScreenRecordings/A037_20260616_200737_screen.mkv",419301.375,419351.344,419326.375,"1781612076875","1781612076925","2026-06-16T20:14:36.875+08:00","2026-06-16T20:14:36.925+08:00",872.692322,EXP1,"b_preview",-1,-1,
"b_progress_bar","B条件进度条区域","T004_b_progress_bar_0322","video_relative_to_recording_start",rectangle,801,562,1138,576,,,,"A037","T004","B",loading,,,,,1,TRUE,8000.000,8050.000,880.692322,880.742310,1920,1046,"world_widget_loading_progress_bar_geometry",1,0,"video_relative_to_screen_recording_start",461.390961,419301.375,419351.344,1,461.390961,"1781611657574","../../../../../../Project/UE5/Gallery/Saved/ScreenRecordings/A037_20260616_200737_screen.mkv",419301.375,419351.344,419326.375,"1781612076875","1781612076925","2026-06-16T20:14:36.875+08:00","2026-06-16T20:14:36.925+08:00",872.692322,EXP1,"b_progress_bar",-1,-1,
"b_preview_panel","B条件预览面板","T004_b_preview_panel_0323","video_relative_to_recording_start",rectangle,780,44,1159,602,,,,"A037","T004","B",loading,,,,,1,TRUE,8050.000,8100.000,880.742310,880.792297,1920,1046,"world_widget_card_size_box_geometry",1,0,"video_relative_to_screen_recording_start",461.390961,419351.344,419401.344,1,461.390961,"1781611657574","../../../../../../Project/UE5/Gallery/Saved/ScreenRecordings/A037_20260616_200737_screen.mkv",419351.344,419401.344,419376.344,"1781612076925","1781612076975","2026-06-16T20:14:36.925+08:00","2026-06-16T20:14:36.975+08:00",872.692322,EXP1,"b_preview",-1,-1,
"b_progress_bar","B条件进度条区域","T004_b_progress_bar_0324","video_relative_to_recording_start",rectangle,801,562,1138,576,,,,"A037","T004","B",loading,,,,,1,TRUE,8050.000,8100.000,880.742310,880.792297,1920,1046,"world_widget_loading_progress_bar_geometry",1,0,"video_relative_to_screen_recording_start",461.390961,419351.344,419401.344,1,461.390961,"1781611657574","../../../../../../Project/UE5/Gallery/Saved/ScreenRecordings/A037_20260616_200737_screen.mkv",419351.344,419401.344,419376.344,"1781612076925","1781612076975","2026-06-16T20:14:36.925+08:00","2026-06-16T20:14:36.975+08:00",872.692322,EXP1,"b_progress_bar",-1,-1,
"b_preview_panel","B条件预览面板","T004_b_preview_panel_0325","video_relative_to_recording_start",rectangle,780,44,1159,602,,,,"A037","T004","B",loading,,,,,1,TRUE,8100.000,8150.000,880.792297,880.842346,1920,1046,"world_widget_card_size_box_geometry",1,0,"video_relative_to_screen_recording_start",461.390961,419401.344,419451.375,1,461.390961,"1781611657574","../../../../../../Project/UE5/Gallery/Saved/ScreenRecordings/A037_20260616_200737_screen.mkv",419401.344,419451.375,419426.375,"1781612076975","1781612077025","2026-06-16T20:14:36.975+08:00","2026-06-16T20:14:37.025+08:00",872.692322,EXP1,"b_preview",-1,-1,
"b_progress_bar","B条件进度条区域","T004_b_progress_bar_0326","video_relative_to_recording_start",rectangle,801,562,1138,576,,,,"A037","T004","B",loading,,,,,1,TRUE,8100.000,8150.000,880.792297,880.842346,1920,1046,"world_widget_loading_progress_bar_geometry",1,0,"video_relative_to_screen_recording_start",461.390961,419401.344,419451.375,1,461.390961,"1781611657574","../../../../../../Project/UE5/Gallery/Saved/ScreenRecordings/A037_20260616_200737_screen.mkv",419401.344,419451.375,419426.375,"1781612076975","1781612077025","2026-06-16T20:14:36.975+08:00","2026-06-16T20:14:37.025+08:00",872.692322,EXP1,"b_progress_bar",-1,-1,
"b_preview_panel","B条件预览面板","T004_b_preview_panel_0327","video_relative_to_recording_start",rectangle,780,44,1159,602,,,,"A037","T004","B",loading,,,,,1,TRUE,8150.000,8200.000,880.842346,880.892334,1920,1046,"world_widget_card_size_box_geometry",1,0,"video_relative_to_screen_recording_start",461.390961,419451.375,419501.375,1,461.390961,"1781611657574","../../../../../../Project/UE5/Gallery/Saved/ScreenRecordings/A037_20260616_200737_screen.mkv",419451.375,419501.375,419476.375,"1781612077025","1781612077075","2026-06-16T20:14:37.025+08:00","2026-06-16T20:14:37.075+08:00",872.692322,EXP1,"b_preview",-1,-1,
"b_progress_bar","B条件进度条区域","T004_b_progress_bar_0328","video_relative_to_recording_start",rectangle,801,562,1138,576,,,,"A037","T004","B",loading,,,,,1,TRUE,8150.000,8200.000,880.842346,880.892334,1920,1046,"world_widget_loading_progress_bar_geometry",1,0,"video_relative_to_screen_recording_start",461.390961,419451.375,419501.375,1,461.390961,"1781611657574","../../../../../../Project/UE5/Gallery/Saved/ScreenRecordings/A037_20260616_200737_screen.mkv",419451.375,419501.375,419476.375,"1781612077025","1781612077075","2026-06-16T20:14:37.025+08:00","2026-06-16T20:14:37.075+08:00",872.692322,EXP1,"b_progress_bar",-1,-1,
"b_preview_panel","B条件预览面板","T004_b_preview_panel_0329","video_relative_to_recording_start",rectangle,780,44,1159,602,,,,"A037","T004","B",loading,,,,,1,TRUE,8200.000,8250.000,880.892334,880.942322,1920,1046,"world_widget_card_size_box_geometry",1,0,"video_relative_to_screen_recording_start",461.390961,419501.375,419551.375,1,461.390961,"1781611657574","../../../../../../Project/UE5/Gallery/Saved/ScreenRecordings/A037_20260616_200737_screen.mkv",419501.375,419551.375,419526.375,"1781612077075","1781612077125","2026-06-16T20:14:37.075+08:00","2026-06-16T20:14:37.125+08:00",872.692322,EXP1,"b_preview",-1,-1,
"b_progress_bar","B条件进度条区域","T004_b_progress_bar_0330","video_relative_to_recording_start",rectangle,801,562,1138,576,,,,"A037","T004","B",loading,,,,,1,TRUE,8200.000,8250.000,880.892334,880.942322,1920,1046,"world_widget_loading_progress_bar_geometry",1,0,"video_relative_to_screen_recording_start",461.390961,419501.375,419551.375,1,461.390961,"1781611657574","../../../../../../Project/UE5/Gallery/Saved/ScreenRecordings/A037_20260616_200737_screen.mkv",419501.375,419551.375,419526.375,"1781612077075","1781612077125","2026-06-16T20:14:37.075+08:00","2026-06-16T20:14:37.125+08:00",872.692322,EXP1,"b_progress_bar",-1,-1,
"b_preview_panel","B条件预览面板","T004_b_preview_panel_0331","video_relative_to_recording_start",rectangle,780,44,1159,602,,,,"A037","T004","B",loading,,,,,1,TRUE,8250.000,8300.000,880.942322,880.992310,1920,1046,"world_widget_card_size_box_geometry",1,0,"video_relative_to_screen_recording_start",461.390961,419551.375,419601.344,1,461.390961,"1781611657574","../../../../../../Project/UE5/Gallery/Saved/ScreenRecordings/A037_20260616_200737_screen.mkv",419551.375,419601.344,419576.375,"1781612077125","1781612077175","2026-06-16T20:14:37.125+08:00","2026-06-16T20:14:37.175+08:00",872.692322,EXP1,"b_preview",-1,-1,
"b_progress_bar","B条件进度条区域","T004_b_progress_bar_0332","video_relative_to_recording_start",rectangle,801,562,1138,576,,,,"A037","T004","B",loading,,,,,1,TRUE,8250.000,8300.000,880.942322,880.992310,1920,1046,"world_widget_loading_progress_bar_geometry",1,0,"video_relative_to_screen_recording_start",461.390961,419551.375,419601.344,1,461.390961,"1781611657574","../../../../../../Project/UE5/Gallery/Saved/ScreenRecordings/A037_20260616_200737_screen.mkv",419551.375,419601.344,419576.375,"1781612077125","1781612077175","2026-06-16T20:14:37.125+08:00","2026-06-16T20:14:37.175+08:00",872.692322,EXP1,"b_progress_bar",-1,-1,
"b_preview_panel","B条件预览面板","T004_b_preview_panel_0333","video_relative_to_recording_start",rectangle,780,44,1159,602,,,,"A037","T004","B",loading,,,,,1,TRUE,8300.000,8350.000,880.992310,881.042297,1920,1046,"world_widget_card_size_box_geometry",1,0,"video_relative_to_screen_recording_start",461.390961,419601.344,419651.344,1,461.390961,"1781611657574","../../../../../../Project/UE5/Gallery/Saved/ScreenRecordings/A037_20260616_200737_screen.mkv",419601.344,419651.344,419626.344,"1781612077175","1781612077225","2026-06-16T20:14:37.175+08:00","2026-06-16T20:14:37.225+08:00",872.692322,EXP1,"b_preview",-1,-1,
"b_progress_bar","B条件进度条区域","T004_b_progress_bar_0334","video_relative_to_recording_start",rectangle,801,562,1138,576,,,,"A037","T004","B",loading,,,,,1,TRUE,8300.000,8350.000,880.992310,881.042297,1920,1046,"world_widget_loading_progress_bar_geometry",1,0,"video_relative_to_screen_recording_start",461.390961,419601.344,419651.344,1,461.390961,"1781611657574","../../../../../../Project/UE5/Gallery/Saved/ScreenRecordings/A037_20260616_200737_screen.mkv",419601.344,419651.344,419626.344,"1781612077175","1781612077225","2026-06-16T20:14:37.175+08:00","2026-06-16T20:14:37.225+08:00",872.692322,EXP1,"b_progress_bar",-1,-1,
"b_preview_panel","B条件预览面板","T004_b_preview_panel_0335","video_relative_to_recording_start",rectangle,780,44,1159,602,,,,"A037","T004","B",loading,,,,,1,TRUE,8350.000,8400.000,881.042297,881.092346,1920,1046,"world_widget_card_size_box_geometry",1,0,"video_relative_to_screen_recording_start",461.390961,419651.344,419701.375,1,461.390961,"1781611657574","../../../../../../Project/UE5/Gallery/Saved/ScreenRecordings/A037_20260616_200737_screen.mkv",419651.344,419701.375,419676.375,"1781612077225","1781612077275","2026-06-16T20:14:37.225+08:00","2026-06-16T20:14:37.275+08:00",872.692322,EXP1,"b_preview",-1,-1,
"b_progress_bar","B条件进度条区域","T004_b_progress_bar_0336","video_relative_to_recording_start",rectangle,801,562,1138,576,,,,"A037","T004","B",loading,,,,,1,TRUE,8350.000,8400.000,881.042297,881.092346,1920,1046,"world_widget_loading_progress_bar_geometry",1,0,"video_relative_to_screen_recording_start",461.390961,419651.344,419701.375,1,461.390961,"1781611657574","../../../../../../Project/UE5/Gallery/Saved/ScreenRecordings/A037_20260616_200737_screen.mkv",419651.344,419701.375,419676.375,"1781612077225","1781612077275","2026-06-16T20:14:37.225+08:00","2026-06-16T20:14:37.275+08:00",872.692322,EXP1,"b_progress_bar",-1,-1,
"b_preview_panel","B条件预览面板","T004_b_preview_panel_0337","video_relative_to_recording_start",rectangle,780,44,1159,602,,,,"A037","T004","B",loading,,,,,1,TRUE,8400.000,8450.000,881.092346,881.142334,1920,1046,"world_widget_card_size_box_geometry",1,0,"video_relative_to_screen_recording_start",461.390961,419701.375,419751.375,1,461.390961,"1781611657574","../../../../../../Project/UE5/Gallery/Saved/ScreenRecordings/A037_20260616_200737_screen.mkv",419701.375,419751.375,419726.375,"1781612077275","1781612077325","2026-06-16T20:14:37.275+08:00","2026-06-16T20:14:37.325+08:00",872.692322,EXP1,"b_preview",-1,-1,
"b_progress_bar","B条件进度条区域","T004_b_progress_bar_0338","video_relative_to_recording_start",rectangle,801,562,1138,576,,,,"A037","T004","B",loading,,,,,1,TRUE,8400.000,8450.000,881.092346,881.142334,1920,1046,"world_widget_loading_progress_bar_geometry",1,0,"video_relative_to_screen_recording_start",461.390961,419701.375,419751.375,1,461.390961,"1781611657574","../../../../../../Project/UE5/Gallery/Saved/ScreenRecordings/A037_20260616_200737_screen.mkv",419701.375,419751.375,419726.375,"1781612077275","1781612077325","2026-06-16T20:14:37.275+08:00","2026-06-16T20:14:37.325+08:00",872.692322,EXP1,"b_progress_bar",-1,-1,
"b_preview_panel","B条件预览面板","T004_b_preview_panel_0339","video_relative_to_recording_start",rectangle,780,44,1159,602,,,,"A037","T004","B",loading,,,,,1,TRUE,8450.000,8500.000,881.142334,881.192322,1920,1046,"world_widget_card_size_box_geometry",1,0,"video_relative_to_screen_recording_start",461.390961,419751.375,419801.375,1,461.390961,"1781611657574","../../../../../../Project/UE5/Gallery/Saved/ScreenRecordings/A037_20260616_200737_screen.mkv",419751.375,419801.375,419776.375,"1781612077325","1781612077375","2026-06-16T20:14:37.325+08:00","2026-06-16T20:14:37.375+08:00",872.692322,EXP1,"b_preview",-1,-1,
"b_progress_bar","B条件进度条区域","T004_b_progress_bar_0340","video_relative_to_recording_start",rectangle,801,562,1138,576,,,,"A037","T004","B",loading,,,,,1,TRUE,8450.000,8500.000,881.142334,881.192322,1920,1046,"world_widget_loading_progress_bar_geometry",1,0,"video_relative_to_screen_recording_start",461.390961,419751.375,419801.375,1,461.390961,"1781611657574","../../../../../../Project/UE5/Gallery/Saved/ScreenRecordings/A037_20260616_200737_screen.mkv",419751.375,419801.375,419776.375,"1781612077325","1781612077375","2026-06-16T20:14:37.325+08:00","2026-06-16T20:14:37.375+08:00",872.692322,EXP1,"b_progress_bar",-1,-1,
"b_preview_panel","B条件预览面板","T004_b_preview_panel_0341","video_relative_to_recording_start",rectangle,780,44,1159,602,,,,"A037","T004","B",loading,,,,,1,TRUE,8500.000,8550.000,881.192322,881.242310,1920,1046,"world_widget_card_size_box_geometry",1,0,"video_relative_to_screen_recording_start",461.390961,419801.375,419851.344,1,461.390961,"1781611657574","../../../../../../Project/UE5/Gallery/Saved/ScreenRecordings/A037_20260616_200737_screen.mkv",419801.375,419851.344,419826.375,"1781612077375","1781612077425","2026-06-16T20:14:37.375+08:00","2026-06-16T20:14:37.425+08:00",872.692322,EXP1,"b_preview",-1,-1,
"b_progress_bar","B条件进度条区域","T004_b_progress_bar_0342","video_relative_to_recording_start",rectangle,801,562,1138,576,,,,"A037","T004","B",loading,,,,,1,TRUE,8500.000,8550.000,881.192322,881.242310,1920,1046,"world_widget_loading_progress_bar_geometry",1,0,"video_relative_to_screen_recording_start",461.390961,419801.375,419851.344,1,461.390961,"1781611657574","../../../../../../Project/UE5/Gallery/Saved/ScreenRecordings/A037_20260616_200737_screen.mkv",419801.375,419851.344,419826.375,"1781612077375","1781612077425","2026-06-16T20:14:37.375+08:00","2026-06-16T20:14:37.425+08:00",872.692322,EXP1,"b_progress_bar",-1,-1,
"b_preview_panel","B条件预览面板","T004_b_preview_panel_0343","video_relative_to_recording_start",rectangle,780,44,1159,602,,,,"A037","T004","B",loading,,,,,1,TRUE,8550.000,8600.000,881.242310,881.292297,1920,1046,"world_widget_card_size_box_geometry",1,0,"video_relative_to_screen_recording_start",461.390961,419851.344,419901.344,1,461.390961,"1781611657574","../../../../../../Project/UE5/Gallery/Saved/ScreenRecordings/A037_20260616_200737_screen.mkv",419851.344,419901.344,419876.344,"1781612077425","1781612077475","2026-06-16T20:14:37.425+08:00","2026-06-16T20:14:37.475+08:00",872.692322,EXP1,"b_preview",-1,-1,
"b_progress_bar","B条件进度条区域","T004_b_progress_bar_0344","video_relative_to_recording_start",rectangle,801,562,1138,576,,,,"A037","T004","B",loading,,,,,1,TRUE,8550.000,8600.000,881.242310,881.292297,1920,1046,"world_widget_loading_progress_bar_geometry",1,0,"video_relative_to_screen_recording_start",461.390961,419851.344,419901.344,1,461.390961,"1781611657574","../../../../../../Project/UE5/Gallery/Saved/ScreenRecordings/A037_20260616_200737_screen.mkv",419851.344,419901.344,419876.344,"1781612077425","1781612077475","2026-06-16T20:14:37.425+08:00","2026-06-16T20:14:37.475+08:00",872.692322,EXP1,"b_progress_bar",-1,-1,
"b_preview_panel","B条件预览面板","T004_b_preview_panel_0345","video_relative_to_recording_start",rectangle,780,44,1159,602,,,,"A037","T004","B",loading,,,,,1,TRUE,8600.000,8650.000,881.292297,881.342346,1920,1046,"world_widget_card_size_box_geometry",1,0,"video_relative_to_screen_recording_start",461.390961,419901.344,419951.375,1,461.390961,"1781611657574","../../../../../../Project/UE5/Gallery/Saved/ScreenRecordings/A037_20260616_200737_screen.mkv",419901.344,419951.375,419926.375,"1781612077475","1781612077525","2026-06-16T20:14:37.475+08:00","2026-06-16T20:14:37.525+08:00",872.692322,EXP1,"b_preview",-1,-1,
"b_progress_bar","B条件进度条区域","T004_b_progress_bar_0346","video_relative_to_recording_start",rectangle,801,562,1138,576,,,,"A037","T004","B",loading,,,,,1,TRUE,8600.000,8650.000,881.292297,881.342346,1920,1046,"world_widget_loading_progress_bar_geometry",1,0,"video_relative_to_screen_recording_start",461.390961,419901.344,419951.375,1,461.390961,"1781611657574","../../../../../../Project/UE5/Gallery/Saved/ScreenRecordings/A037_20260616_200737_screen.mkv",419901.344,419951.375,419926.375,"1781612077475","1781612077525","2026-06-16T20:14:37.475+08:00","2026-06-16T20:14:37.525+08:00",872.692322,EXP1,"b_progress_bar",-1,-1,
"b_preview_panel","B条件预览面板","T004_b_preview_panel_0347","video_relative_to_recording_start",rectangle,780,44,1159,602,,,,"A037","T004","B",loading,,,,,1,TRUE,8650.000,8700.000,881.342346,881.392334,1920,1046,"world_widget_card_size_box_geometry",1,0,"video_relative_to_screen_recording_start",461.390961,419951.375,420001.375,1,461.390961,"1781611657574","../../../../../../Project/UE5/Gallery/Saved/ScreenRecordings/A037_20260616_200737_screen.mkv",419951.375,420001.375,419976.375,"1781612077525","1781612077575","2026-06-16T20:14:37.525+08:00","2026-06-16T20:14:37.575+08:00",872.692322,EXP1,"b_preview",-1,-1,
"b_progress_bar","B条件进度条区域","T004_b_progress_bar_0348","video_relative_to_recording_start",rectangle,801,562,1138,576,,,,"A037","T004","B",loading,,,,,1,TRUE,8650.000,8700.000,881.342346,881.392334,1920,1046,"world_widget_loading_progress_bar_geometry",1,0,"video_relative_to_screen_recording_start",461.390961,419951.375,420001.375,1,461.390961,"1781611657574","../../../../../../Project/UE5/Gallery/Saved/ScreenRecordings/A037_20260616_200737_screen.mkv",419951.375,420001.375,419976.375,"1781612077525","1781612077575","2026-06-16T20:14:37.525+08:00","2026-06-16T20:14:37.575+08:00",872.692322,EXP1,"b_progress_bar",-1,-1,
"b_preview_panel","B条件预览面板","T004_b_preview_panel_0349","video_relative_to_recording_start",rectangle,780,44,1159,602,,,,"A037","T004","B",loading,,,,,1,TRUE,8700.000,8750.000,881.392334,881.442322,1920,1046,"world_widget_card_size_box_geometry",1,0,"video_relative_to_screen_recording_start",461.390961,420001.375,420051.375,1,461.390961,"1781611657574","../../../../../../Project/UE5/Gallery/Saved/ScreenRecordings/A037_20260616_200737_screen.mkv",420001.375,420051.375,420026.375,"1781612077575","1781612077625","2026-06-16T20:14:37.575+08:00","2026-06-16T20:14:37.625+08:00",872.692322,EXP1,"b_preview",-1,-1,
"b_progress_bar","B条件进度条区域","T004_b_progress_bar_0350","video_relative_to_recording_start",rectangle,801,562,1138,576,,,,"A037","T004","B",loading,,,,,1,TRUE,8700.000,8750.000,881.392334,881.442322,1920,1046,"world_widget_loading_progress_bar_geometry",1,0,"video_relative_to_screen_recording_start",461.390961,420001.375,420051.375,1,461.390961,"1781611657574","../../../../../../Project/UE5/Gallery/Saved/ScreenRecordings/A037_20260616_200737_screen.mkv",420001.375,420051.375,420026.375,"1781612077575","1781612077625","2026-06-16T20:14:37.575+08:00","2026-06-16T20:14:37.625+08:00",872.692322,EXP1,"b_progress_bar",-1,-1,
"b_preview_panel","B条件预览面板","T004_b_preview_panel_0351","video_relative_to_recording_start",rectangle,780,44,1159,602,,,,"A037","T004","B",loading,,,,,1,TRUE,8750.000,8800.000,881.442322,881.492310,1920,1046,"world_widget_card_size_box_geometry",1,0,"video_relative_to_screen_recording_start",461.390961,420051.375,420101.344,1,461.390961,"1781611657574","../../../../../../Project/UE5/Gallery/Saved/ScreenRecordings/A037_20260616_200737_screen.mkv",420051.375,420101.344,420076.375,"1781612077625","1781612077675","2026-06-16T20:14:37.625+08:00","2026-06-16T20:14:37.675+08:00",872.692322,EXP1,"b_preview",-1,-1,
"b_progress_bar","B条件进度条区域","T004_b_progress_bar_0352","video_relative_to_recording_start",rectangle,801,562,1138,576,,,,"A037","T004","B",loading,,,,,1,TRUE,8750.000,8800.000,881.442322,881.492310,1920,1046,"world_widget_loading_progress_bar_geometry",1,0,"video_relative_to_screen_recording_start",461.390961,420051.375,420101.344,1,461.390961,"1781611657574","../../../../../../Project/UE5/Gallery/Saved/ScreenRecordings/A037_20260616_200737_screen.mkv",420051.375,420101.344,420076.375,"1781612077625","1781612077675","2026-06-16T20:14:37.625+08:00","2026-06-16T20:14:37.675+08:00",872.692322,EXP1,"b_progress_bar",-1,-1,
"b_preview_panel","B条件预览面板","T004_b_preview_panel_0353","video_relative_to_recording_start",rectangle,780,44,1159,602,,,,"A037","T004","B",loading,,,,,1,TRUE,8800.000,8850.000,881.492310,881.542297,1920,1046,"world_widget_card_size_box_geometry",1,0,"video_relative_to_screen_recording_start",461.390961,420101.344,420151.344,1,461.390961,"1781611657574","../../../../../../Project/UE5/Gallery/Saved/ScreenRecordings/A037_20260616_200737_screen.mkv",420101.344,420151.344,420126.344,"1781612077675","1781612077725","2026-06-16T20:14:37.675+08:00","2026-06-16T20:14:37.725+08:00",872.692322,EXP1,"b_preview",-1,-1,
"b_progress_bar","B条件进度条区域","T004_b_progress_bar_0354","video_relative_to_recording_start",rectangle,801,562,1138,576,,,,"A037","T004","B",loading,,,,,1,TRUE,8800.000,8850.000,881.492310,881.542297,1920,1046,"world_widget_loading_progress_bar_geometry",1,0,"video_relative_to_screen_recording_start",461.390961,420101.344,420151.344,1,461.390961,"1781611657574","../../../../../../Project/UE5/Gallery/Saved/ScreenRecordings/A037_20260616_200737_screen.mkv",420101.344,420151.344,420126.344,"1781612077675","1781612077725","2026-06-16T20:14:37.675+08:00","2026-06-16T20:14:37.725+08:00",872.692322,EXP1,"b_progress_bar",-1,-1,
"b_preview_panel","B条件预览面板","T004_b_preview_panel_0355","video_relative_to_recording_start",rectangle,780,44,1159,602,,,,"A037","T004","B",loading,,,,,1,TRUE,8850.000,8900.000,881.542297,881.592346,1920,1046,"world_widget_card_size_box_geometry",1,0,"video_relative_to_screen_recording_start",461.390961,420151.344,420201.375,1,461.390961,"1781611657574","../../../../../../Project/UE5/Gallery/Saved/ScreenRecordings/A037_20260616_200737_screen.mkv",420151.344,420201.375,420176.375,"1781612077725","1781612077775","2026-06-16T20:14:37.725+08:00","2026-06-16T20:14:37.775+08:00",872.692322,EXP1,"b_preview",-1,-1,
"b_progress_bar","B条件进度条区域","T004_b_progress_bar_0356","video_relative_to_recording_start",rectangle,801,562,1138,576,,,,"A037","T004","B",loading,,,,,1,TRUE,8850.000,8900.000,881.542297,881.592346,1920,1046,"world_widget_loading_progress_bar_geometry",1,0,"video_relative_to_screen_recording_start",461.390961,420151.344,420201.375,1,461.390961,"1781611657574","../../../../../../Project/UE5/Gallery/Saved/ScreenRecordings/A037_20260616_200737_screen.mkv",420151.344,420201.375,420176.375,"1781612077725","1781612077775","2026-06-16T20:14:37.725+08:00","2026-06-16T20:14:37.775+08:00",872.692322,EXP1,"b_progress_bar",-1,-1,
"b_preview_panel","B条件预览面板","T004_b_preview_panel_0357","video_relative_to_recording_start",rectangle,780,44,1159,602,,,,"A037","T004","B",loading,,,,,1,TRUE,8900.000,8950.000,881.592346,881.642334,1920,1046,"world_widget_card_size_box_geometry",1,0,"video_relative_to_screen_recording_start",461.390961,420201.375,420251.375,1,461.390961,"1781611657574","../../../../../../Project/UE5/Gallery/Saved/ScreenRecordings/A037_20260616_200737_screen.mkv",420201.375,420251.375,420226.375,"1781612077775","1781612077825","2026-06-16T20:14:37.775+08:00","2026-06-16T20:14:37.825+08:00",872.692322,EXP1,"b_preview",-1,-1,
"b_progress_bar","B条件进度条区域","T004_b_progress_bar_0358","video_relative_to_recording_start",rectangle,801,562,1138,576,,,,"A037","T004","B",loading,,,,,1,TRUE,8900.000,8950.000,881.592346,881.642334,1920,1046,"world_widget_loading_progress_bar_geometry",1,0,"video_relative_to_screen_recording_start",461.390961,420201.375,420251.375,1,461.390961,"1781611657574","../../../../../../Project/UE5/Gallery/Saved/ScreenRecordings/A037_20260616_200737_screen.mkv",420201.375,420251.375,420226.375,"1781612077775","1781612077825","2026-06-16T20:14:37.775+08:00","2026-06-16T20:14:37.825+08:00",872.692322,EXP1,"b_progress_bar",-1,-1,
"b_preview_panel","B条件预览面板","T004_b_preview_panel_0359","video_relative_to_recording_start",rectangle,780,44,1159,602,,,,"A037","T004","B",loading,,,,,1,TRUE,8950.000,9000.000,881.642334,881.692322,1920,1046,"world_widget_card_size_box_geometry",1,0,"video_relative_to_screen_recording_start",461.390961,420251.375,420301.375,1,461.390961,"1781611657574","../../../../../../Project/UE5/Gallery/Saved/ScreenRecordings/A037_20260616_200737_screen.mkv",420251.375,420301.375,420276.375,"1781612077825","1781612077875","2026-06-16T20:14:37.825+08:00","2026-06-16T20:14:37.875+08:00",872.692322,EXP1,"b_preview",-1,-1,
"b_progress_bar","B条件进度条区域","T004_b_progress_bar_0360","video_relative_to_recording_start",rectangle,801,562,1138,576,,,,"A037","T004","B",loading,,,,,1,TRUE,8950.000,9000.000,881.642334,881.692322,1920,1046,"world_widget_loading_progress_bar_geometry",1,0,"video_relative_to_screen_recording_start",461.390961,420251.375,420301.375,1,461.390961,"1781611657574","../../../../../../Project/UE5/Gallery/Saved/ScreenRecordings/A037_20260616_200737_screen.mkv",420251.375,420301.375,420276.375,"1781612077825","1781612077875","2026-06-16T20:14:37.825+08:00","2026-06-16T20:14:37.875+08:00",872.692322,EXP1,"b_progress_bar",-1,-1,
"b_preview_panel","B条件预览面板","T004_b_preview_panel_0361","video_relative_to_recording_start",rectangle,780,44,1159,602,,,,"A037","T004","B",loading,,,,,1,TRUE,9000.000,9050.000,881.692322,881.742310,1920,1046,"world_widget_card_size_box_geometry",1,0,"video_relative_to_screen_recording_start",461.390961,420301.375,420351.344,1,461.390961,"1781611657574","../../../../../../Project/UE5/Gallery/Saved/ScreenRecordings/A037_20260616_200737_screen.mkv",420301.375,420351.344,420326.375,"1781612077875","1781612077925","2026-06-16T20:14:37.875+08:00","2026-06-16T20:14:37.925+08:00",872.692322,EXP1,"b_preview",-1,-1,
"b_progress_bar","B条件进度条区域","T004_b_progress_bar_0362","video_relative_to_recording_start",rectangle,801,562,1138,576,,,,"A037","T004","B",loading,,,,,1,TRUE,9000.000,9050.000,881.692322,881.742310,1920,1046,"world_widget_loading_progress_bar_geometry",1,0,"video_relative_to_screen_recording_start",461.390961,420301.375,420351.344,1,461.390961,"1781611657574","../../../../../../Project/UE5/Gallery/Saved/ScreenRecordings/A037_20260616_200737_screen.mkv",420301.375,420351.344,420326.375,"1781612077875","1781612077925","2026-06-16T20:14:37.875+08:00","2026-06-16T20:14:37.925+08:00",872.692322,EXP1,"b_progress_bar",-1,-1,
"b_preview_panel","B条件预览面板","T004_b_preview_panel_0363","video_relative_to_recording_start",rectangle,780,44,1159,602,,,,"A037","T004","B",loading,,,,,1,TRUE,9050.000,9100.000,881.742310,881.792297,1920,1046,"world_widget_card_size_box_geometry",1,0,"video_relative_to_screen_recording_start",461.390961,420351.344,420401.344,1,461.390961,"1781611657574","../../../../../../Project/UE5/Gallery/Saved/ScreenRecordings/A037_20260616_200737_screen.mkv",420351.344,420401.344,420376.344,"1781612077925","1781612077975","2026-06-16T20:14:37.925+08:00","2026-06-16T20:14:37.975+08:00",872.692322,EXP1,"b_preview",-1,-1,
"b_progress_bar","B条件进度条区域","T004_b_progress_bar_0364","video_relative_to_recording_start",rectangle,801,562,1138,576,,,,"A037","T004","B",loading,,,,,1,TRUE,9050.000,9100.000,881.742310,881.792297,1920,1046,"world_widget_loading_progress_bar_geometry",1,0,"video_relative_to_screen_recording_start",461.390961,420351.344,420401.344,1,461.390961,"1781611657574","../../../../../../Project/UE5/Gallery/Saved/ScreenRecordings/A037_20260616_200737_screen.mkv",420351.344,420401.344,420376.344,"1781612077925","1781612077975","2026-06-16T20:14:37.925+08:00","2026-06-16T20:14:37.975+08:00",872.692322,EXP1,"b_progress_bar",-1,-1,
"b_preview_panel","B条件预览面板","T004_b_preview_panel_0365","video_relative_to_recording_start",rectangle,780,44,1159,602,,,,"A037","T004","B",loading,,,,,1,TRUE,9100.000,9150.000,881.792297,881.842346,1920,1046,"world_widget_card_size_box_geometry",1,0,"video_relative_to_screen_recording_start",461.390961,420401.344,420451.375,1,461.390961,"1781611657574","../../../../../../Project/UE5/Gallery/Saved/ScreenRecordings/A037_20260616_200737_screen.mkv",420401.344,420451.375,420426.375,"1781612077975","1781612078025","2026-06-16T20:14:37.975+08:00","2026-06-16T20:14:38.025+08:00",872.692322,EXP1,"b_preview",-1,-1,
"b_progress_bar","B条件进度条区域","T004_b_progress_bar_0366","video_relative_to_recording_start",rectangle,801,562,1138,576,,,,"A037","T004","B",loading,,,,,1,TRUE,9100.000,9150.000,881.792297,881.842346,1920,1046,"world_widget_loading_progress_bar_geometry",1,0,"video_relative_to_screen_recording_start",461.390961,420401.344,420451.375,1,461.390961,"1781611657574","../../../../../../Project/UE5/Gallery/Saved/ScreenRecordings/A037_20260616_200737_screen.mkv",420401.344,420451.375,420426.375,"1781612077975","1781612078025","2026-06-16T20:14:37.975+08:00","2026-06-16T20:14:38.025+08:00",872.692322,EXP1,"b_progress_bar",-1,-1,
"b_preview_panel","B条件预览面板","T004_b_preview_panel_0367","video_relative_to_recording_start",rectangle,780,44,1159,602,,,,"A037","T004","B",loading,,,,,1,TRUE,9150.000,9200.000,881.842346,881.892334,1920,1046,"world_widget_card_size_box_geometry",1,0,"video_relative_to_screen_recording_start",461.390961,420451.375,420501.375,1,461.390961,"1781611657574","../../../../../../Project/UE5/Gallery/Saved/ScreenRecordings/A037_20260616_200737_screen.mkv",420451.375,420501.375,420476.375,"1781612078025","1781612078075","2026-06-16T20:14:38.025+08:00","2026-06-16T20:14:38.075+08:00",872.692322,EXP1,"b_preview",-1,-1,
"b_progress_bar","B条件进度条区域","T004_b_progress_bar_0368","video_relative_to_recording_start",rectangle,801,562,1138,576,,,,"A037","T004","B",loading,,,,,1,TRUE,9150.000,9200.000,881.842346,881.892334,1920,1046,"world_widget_loading_progress_bar_geometry",1,0,"video_relative_to_screen_recording_start",461.390961,420451.375,420501.375,1,461.390961,"1781611657574","../../../../../../Project/UE5/Gallery/Saved/ScreenRecordings/A037_20260616_200737_screen.mkv",420451.375,420501.375,420476.375,"1781612078025","1781612078075","2026-06-16T20:14:38.025+08:00","2026-06-16T20:14:38.075+08:00",872.692322,EXP1,"b_progress_bar",-1,-1,
"b_preview_panel","B条件预览面板","T004_b_preview_panel_0369","video_relative_to_recording_start",rectangle,780,44,1159,602,,,,"A037","T004","B",loading,,,,,1,TRUE,9200.000,9250.000,881.892334,881.942322,1920,1046,"world_widget_card_size_box_geometry",1,0,"video_relative_to_screen_recording_start",461.390961,420501.375,420551.375,1,461.390961,"1781611657574","../../../../../../Project/UE5/Gallery/Saved/ScreenRecordings/A037_20260616_200737_screen.mkv",420501.375,420551.375,420526.375,"1781612078075","1781612078125","2026-06-16T20:14:38.075+08:00","2026-06-16T20:14:38.125+08:00",872.692322,EXP1,"b_preview",-1,-1,
"b_progress_bar","B条件进度条区域","T004_b_progress_bar_0370","video_relative_to_recording_start",rectangle,801,562,1138,576,,,,"A037","T004","B",loading,,,,,1,TRUE,9200.000,9250.000,881.892334,881.942322,1920,1046,"world_widget_loading_progress_bar_geometry",1,0,"video_relative_to_screen_recording_start",461.390961,420501.375,420551.375,1,461.390961,"1781611657574","../../../../../../Project/UE5/Gallery/Saved/ScreenRecordings/A037_20260616_200737_screen.mkv",420501.375,420551.375,420526.375,"1781612078075","1781612078125","2026-06-16T20:14:38.075+08:00","2026-06-16T20:14:38.125+08:00",872.692322,EXP1,"b_progress_bar",-1,-1,
"b_preview_panel","B条件预览面板","T004_b_preview_panel_0371","video_relative_to_recording_start",rectangle,780,44,1159,602,,,,"A037","T004","B",loading,,,,,1,TRUE,9250.000,9300.000,881.942322,881.992310,1920,1046,"world_widget_card_size_box_geometry",1,0,"video_relative_to_screen_recording_start",461.390961,420551.375,420601.344,1,461.390961,"1781611657574","../../../../../../Project/UE5/Gallery/Saved/ScreenRecordings/A037_20260616_200737_screen.mkv",420551.375,420601.344,420576.375,"1781612078125","1781612078175","2026-06-16T20:14:38.125+08:00","2026-06-16T20:14:38.175+08:00",872.692322,EXP1,"b_preview",-1,-1,
"b_progress_bar","B条件进度条区域","T004_b_progress_bar_0372","video_relative_to_recording_start",rectangle,801,562,1138,576,,,,"A037","T004","B",loading,,,,,1,TRUE,9250.000,9300.000,881.942322,881.992310,1920,1046,"world_widget_loading_progress_bar_geometry",1,0,"video_relative_to_screen_recording_start",461.390961,420551.375,420601.344,1,461.390961,"1781611657574","../../../../../../Project/UE5/Gallery/Saved/ScreenRecordings/A037_20260616_200737_screen.mkv",420551.375,420601.344,420576.375,"1781612078125","1781612078175","2026-06-16T20:14:38.125+08:00","2026-06-16T20:14:38.175+08:00",872.692322,EXP1,"b_progress_bar",-1,-1,
"b_preview_panel","B条件预览面板","T004_b_preview_panel_0373","video_relative_to_recording_start",rectangle,780,44,1159,602,,,,"A037","T004","B",loading,,,,,1,TRUE,9300.000,9350.000,881.992310,882.042297,1920,1046,"world_widget_card_size_box_geometry",1,0,"video_relative_to_screen_recording_start",461.390961,420601.344,420651.344,1,461.390961,"1781611657574","../../../../../../Project/UE5/Gallery/Saved/ScreenRecordings/A037_20260616_200737_screen.mkv",420601.344,420651.344,420626.344,"1781612078175","1781612078225","2026-06-16T20:14:38.175+08:00","2026-06-16T20:14:38.225+08:00",872.692322,EXP1,"b_preview",-1,-1,
"b_progress_bar","B条件进度条区域","T004_b_progress_bar_0374","video_relative_to_recording_start",rectangle,801,562,1138,576,,,,"A037","T004","B",loading,,,,,1,TRUE,9300.000,9350.000,881.992310,882.042297,1920,1046,"world_widget_loading_progress_bar_geometry",1,0,"video_relative_to_screen_recording_start",461.390961,420601.344,420651.344,1,461.390961,"1781611657574","../../../../../../Project/UE5/Gallery/Saved/ScreenRecordings/A037_20260616_200737_screen.mkv",420601.344,420651.344,420626.344,"1781612078175","1781612078225","2026-06-16T20:14:38.175+08:00","2026-06-16T20:14:38.225+08:00",872.692322,EXP1,"b_progress_bar",-1,-1,
"b_preview_panel","B条件预览面板","T004_b_preview_panel_0375","video_relative_to_recording_start",rectangle,780,44,1159,602,,,,"A037","T004","B",loading,,,,,1,TRUE,9350.000,9400.000,882.042297,882.092346,1920,1046,"world_widget_card_size_box_geometry",1,0,"video_relative_to_screen_recording_start",461.390961,420651.344,420701.375,1,461.390961,"1781611657574","../../../../../../Project/UE5/Gallery/Saved/ScreenRecordings/A037_20260616_200737_screen.mkv",420651.344,420701.375,420676.375,"1781612078225","1781612078275","2026-06-16T20:14:38.225+08:00","2026-06-16T20:14:38.275+08:00",872.692322,EXP1,"b_preview",-1,-1,
"b_progress_bar","B条件进度条区域","T004_b_progress_bar_0376","video_relative_to_recording_start",rectangle,801,562,1138,576,,,,"A037","T004","B",loading,,,,,1,TRUE,9350.000,9400.000,882.042297,882.092346,1920,1046,"world_widget_loading_progress_bar_geometry",1,0,"video_relative_to_screen_recording_start",461.390961,420651.344,420701.375,1,461.390961,"1781611657574","../../../../../../Project/UE5/Gallery/Saved/ScreenRecordings/A037_20260616_200737_screen.mkv",420651.344,420701.375,420676.375,"1781612078225","1781612078275","2026-06-16T20:14:38.225+08:00","2026-06-16T20:14:38.275+08:00",872.692322,EXP1,"b_progress_bar",-1,-1,
"b_preview_panel","B条件预览面板","T004_b_preview_panel_0377","video_relative_to_recording_start",rectangle,780,44,1159,602,,,,"A037","T004","B",loading,,,,,1,TRUE,9400.000,9450.000,882.092346,882.142334,1920,1046,"world_widget_card_size_box_geometry",1,0,"video_relative_to_screen_recording_start",461.390961,420701.375,420751.375,1,461.390961,"1781611657574","../../../../../../Project/UE5/Gallery/Saved/ScreenRecordings/A037_20260616_200737_screen.mkv",420701.375,420751.375,420726.375,"1781612078275","1781612078325","2026-06-16T20:14:38.275+08:00","2026-06-16T20:14:38.325+08:00",872.692322,EXP1,"b_preview",-1,-1,
"b_progress_bar","B条件进度条区域","T004_b_progress_bar_0378","video_relative_to_recording_start",rectangle,801,562,1138,576,,,,"A037","T004","B",loading,,,,,1,TRUE,9400.000,9450.000,882.092346,882.142334,1920,1046,"world_widget_loading_progress_bar_geometry",1,0,"video_relative_to_screen_recording_start",461.390961,420701.375,420751.375,1,461.390961,"1781611657574","../../../../../../Project/UE5/Gallery/Saved/ScreenRecordings/A037_20260616_200737_screen.mkv",420701.375,420751.375,420726.375,"1781612078275","1781612078325","2026-06-16T20:14:38.275+08:00","2026-06-16T20:14:38.325+08:00",872.692322,EXP1,"b_progress_bar",-1,-1,
"b_preview_panel","B条件预览面板","T004_b_preview_panel_0379","video_relative_to_recording_start",rectangle,780,44,1159,602,,,,"A037","T004","B",loading,,,,,1,TRUE,9450.000,9500.000,882.142334,882.192322,1920,1046,"world_widget_card_size_box_geometry",1,0,"video_relative_to_screen_recording_start",461.390961,420751.375,420801.375,1,461.390961,"1781611657574","../../../../../../Project/UE5/Gallery/Saved/ScreenRecordings/A037_20260616_200737_screen.mkv",420751.375,420801.375,420776.375,"1781612078325","1781612078375","2026-06-16T20:14:38.325+08:00","2026-06-16T20:14:38.375+08:00",872.692322,EXP1,"b_preview",-1,-1,
"b_progress_bar","B条件进度条区域","T004_b_progress_bar_0380","video_relative_to_recording_start",rectangle,801,562,1138,576,,,,"A037","T004","B",loading,,,,,1,TRUE,9450.000,9500.000,882.142334,882.192322,1920,1046,"world_widget_loading_progress_bar_geometry",1,0,"video_relative_to_screen_recording_start",461.390961,420751.375,420801.375,1,461.390961,"1781611657574","../../../../../../Project/UE5/Gallery/Saved/ScreenRecordings/A037_20260616_200737_screen.mkv",420751.375,420801.375,420776.375,"1781612078325","1781612078375","2026-06-16T20:14:38.325+08:00","2026-06-16T20:14:38.375+08:00",872.692322,EXP1,"b_progress_bar",-1,-1,
"b_preview_panel","B条件预览面板","T004_b_preview_panel_0381","video_relative_to_recording_start",rectangle,780,44,1159,602,,,,"A037","T004","B",loading,,,,,1,TRUE,9500.000,9550.000,882.192322,882.242310,1920,1046,"world_widget_card_size_box_geometry",1,0,"video_relative_to_screen_recording_start",461.390961,420801.375,420851.344,1,461.390961,"1781611657574","../../../../../../Project/UE5/Gallery/Saved/ScreenRecordings/A037_20260616_200737_screen.mkv",420801.375,420851.344,420826.375,"1781612078375","1781612078425","2026-06-16T20:14:38.375+08:00","2026-06-16T20:14:38.425+08:00",872.692322,EXP1,"b_preview",-1,-1,
"b_progress_bar","B条件进度条区域","T004_b_progress_bar_0382","video_relative_to_recording_start",rectangle,801,562,1138,576,,,,"A037","T004","B",loading,,,,,1,TRUE,9500.000,9550.000,882.192322,882.242310,1920,1046,"world_widget_loading_progress_bar_geometry",1,0,"video_relative_to_screen_recording_start",461.390961,420801.375,420851.344,1,461.390961,"1781611657574","../../../../../../Project/UE5/Gallery/Saved/ScreenRecordings/A037_20260616_200737_screen.mkv",420801.375,420851.344,420826.375,"1781612078375","1781612078425","2026-06-16T20:14:38.375+08:00","2026-06-16T20:14:38.425+08:00",872.692322,EXP1,"b_progress_bar",-1,-1,
"b_preview_panel","B条件预览面板","T004_b_preview_panel_0383","video_relative_to_recording_start",rectangle,780,44,1159,602,,,,"A037","T004","B",loading,,,,,1,TRUE,9550.000,9600.000,882.242310,882.292297,1920,1046,"world_widget_card_size_box_geometry",1,0,"video_relative_to_screen_recording_start",461.390961,420851.344,420901.344,1,461.390961,"1781611657574","../../../../../../Project/UE5/Gallery/Saved/ScreenRecordings/A037_20260616_200737_screen.mkv",420851.344,420901.344,420876.344,"1781612078425","1781612078475","2026-06-16T20:14:38.425+08:00","2026-06-16T20:14:38.475+08:00",872.692322,EXP1,"b_preview",-1,-1,
"b_progress_bar","B条件进度条区域","T004_b_progress_bar_0384","video_relative_to_recording_start",rectangle,801,562,1138,576,,,,"A037","T004","B",loading,,,,,1,TRUE,9550.000,9600.000,882.242310,882.292297,1920,1046,"world_widget_loading_progress_bar_geometry",1,0,"video_relative_to_screen_recording_start",461.390961,420851.344,420901.344,1,461.390961,"1781611657574","../../../../../../Project/UE5/Gallery/Saved/ScreenRecordings/A037_20260616_200737_screen.mkv",420851.344,420901.344,420876.344,"1781612078425","1781612078475","2026-06-16T20:14:38.425+08:00","2026-06-16T20:14:38.475+08:00",872.692322,EXP1,"b_progress_bar",-1,-1,
"b_preview_panel","B条件预览面板","T004_b_preview_panel_0385","video_relative_to_recording_start",rectangle,780,44,1159,602,,,,"A037","T004","B",loading,,,,,1,TRUE,9600.000,9650.000,882.292297,882.342346,1920,1046,"world_widget_card_size_box_geometry",1,0,"video_relative_to_screen_recording_start",461.390961,420901.344,420951.375,1,461.390961,"1781611657574","../../../../../../Project/UE5/Gallery/Saved/ScreenRecordings/A037_20260616_200737_screen.mkv",420901.344,420951.375,420926.375,"1781612078475","1781612078525","2026-06-16T20:14:38.475+08:00","2026-06-16T20:14:38.525+08:00",872.692322,EXP1,"b_preview",-1,-1,
"b_progress_bar","B条件进度条区域","T004_b_progress_bar_0386","video_relative_to_recording_start",rectangle,801,562,1138,576,,,,"A037","T004","B",loading,,,,,1,TRUE,9600.000,9650.000,882.292297,882.342346,1920,1046,"world_widget_loading_progress_bar_geometry",1,0,"video_relative_to_screen_recording_start",461.390961,420901.344,420951.375,1,461.390961,"1781611657574","../../../../../../Project/UE5/Gallery/Saved/ScreenRecordings/A037_20260616_200737_screen.mkv",420901.344,420951.375,420926.375,"1781612078475","1781612078525","2026-06-16T20:14:38.475+08:00","2026-06-16T20:14:38.525+08:00",872.692322,EXP1,"b_progress_bar",-1,-1,
"b_preview_panel","B条件预览面板","T004_b_preview_panel_0387","video_relative_to_recording_start",rectangle,780,44,1159,602,,,,"A037","T004","B",loading,,,,,1,TRUE,9650.000,9700.000,882.342346,882.392334,1920,1046,"world_widget_card_size_box_geometry",1,0,"video_relative_to_screen_recording_start",461.390961,420951.375,421001.375,1,461.390961,"1781611657574","../../../../../../Project/UE5/Gallery/Saved/ScreenRecordings/A037_20260616_200737_screen.mkv",420951.375,421001.375,420976.375,"1781612078525","1781612078575","2026-06-16T20:14:38.525+08:00","2026-06-16T20:14:38.575+08:00",872.692322,EXP1,"b_preview",-1,-1,
"b_progress_bar","B条件进度条区域","T004_b_progress_bar_0388","video_relative_to_recording_start",rectangle,801,562,1138,576,,,,"A037","T004","B",loading,,,,,1,TRUE,9650.000,9700.000,882.342346,882.392334,1920,1046,"world_widget_loading_progress_bar_geometry",1,0,"video_relative_to_screen_recording_start",461.390961,420951.375,421001.375,1,461.390961,"1781611657574","../../../../../../Project/UE5/Gallery/Saved/ScreenRecordings/A037_20260616_200737_screen.mkv",420951.375,421001.375,420976.375,"1781612078525","1781612078575","2026-06-16T20:14:38.525+08:00","2026-06-16T20:14:38.575+08:00",872.692322,EXP1,"b_progress_bar",-1,-1,
"b_preview_panel","B条件预览面板","T004_b_preview_panel_0389","video_relative_to_recording_start",rectangle,780,44,1159,602,,,,"A037","T004","B",loading,,,,,1,TRUE,9700.000,9750.000,882.392334,882.442322,1920,1046,"world_widget_card_size_box_geometry",1,0,"video_relative_to_screen_recording_start",461.390961,421001.375,421051.375,1,461.390961,"1781611657574","../../../../../../Project/UE5/Gallery/Saved/ScreenRecordings/A037_20260616_200737_screen.mkv",421001.375,421051.375,421026.375,"1781612078575","1781612078625","2026-06-16T20:14:38.575+08:00","2026-06-16T20:14:38.625+08:00",872.692322,EXP1,"b_preview",-1,-1,
"b_progress_bar","B条件进度条区域","T004_b_progress_bar_0390","video_relative_to_recording_start",rectangle,801,562,1138,576,,,,"A037","T004","B",loading,,,,,1,TRUE,9700.000,9750.000,882.392334,882.442322,1920,1046,"world_widget_loading_progress_bar_geometry",1,0,"video_relative_to_screen_recording_start",461.390961,421001.375,421051.375,1,461.390961,"1781611657574","../../../../../../Project/UE5/Gallery/Saved/ScreenRecordings/A037_20260616_200737_screen.mkv",421001.375,421051.375,421026.375,"1781612078575","1781612078625","2026-06-16T20:14:38.575+08:00","2026-06-16T20:14:38.625+08:00",872.692322,EXP1,"b_progress_bar",-1,-1,
"b_preview_panel","B条件预览面板","T004_b_preview_panel_0391","video_relative_to_recording_start",rectangle,780,44,1159,602,,,,"A037","T004","B",loading,,,,,1,TRUE,9750.000,9800.000,882.442322,882.492310,1920,1046,"world_widget_card_size_box_geometry",1,0,"video_relative_to_screen_recording_start",461.390961,421051.375,421101.344,1,461.390961,"1781611657574","../../../../../../Project/UE5/Gallery/Saved/ScreenRecordings/A037_20260616_200737_screen.mkv",421051.375,421101.344,421076.375,"1781612078625","1781612078675","2026-06-16T20:14:38.625+08:00","2026-06-16T20:14:38.675+08:00",872.692322,EXP1,"b_preview",-1,-1,
"b_progress_bar","B条件进度条区域","T004_b_progress_bar_0392","video_relative_to_recording_start",rectangle,801,562,1138,576,,,,"A037","T004","B",loading,,,,,1,TRUE,9750.000,9800.000,882.442322,882.492310,1920,1046,"world_widget_loading_progress_bar_geometry",1,0,"video_relative_to_screen_recording_start",461.390961,421051.375,421101.344,1,461.390961,"1781611657574","../../../../../../Project/UE5/Gallery/Saved/ScreenRecordings/A037_20260616_200737_screen.mkv",421051.375,421101.344,421076.375,"1781612078625","1781612078675","2026-06-16T20:14:38.625+08:00","2026-06-16T20:14:38.675+08:00",872.692322,EXP1,"b_progress_bar",-1,-1,
"b_preview_panel","B条件预览面板","T004_b_preview_panel_0393","video_relative_to_recording_start",rectangle,780,44,1159,602,,,,"A037","T004","B",loading,,,,,1,TRUE,9800.000,9850.000,882.492310,882.542297,1920,1046,"world_widget_card_size_box_geometry",1,0,"video_relative_to_screen_recording_start",461.390961,421101.344,421151.344,1,461.390961,"1781611657574","../../../../../../Project/UE5/Gallery/Saved/ScreenRecordings/A037_20260616_200737_screen.mkv",421101.344,421151.344,421126.344,"1781612078675","1781612078725","2026-06-16T20:14:38.675+08:00","2026-06-16T20:14:38.725+08:00",872.692322,EXP1,"b_preview",-1,-1,
"b_progress_bar","B条件进度条区域","T004_b_progress_bar_0394","video_relative_to_recording_start",rectangle,801,562,1138,576,,,,"A037","T004","B",loading,,,,,1,TRUE,9800.000,9850.000,882.492310,882.542297,1920,1046,"world_widget_loading_progress_bar_geometry",1,0,"video_relative_to_screen_recording_start",461.390961,421101.344,421151.344,1,461.390961,"1781611657574","../../../../../../Project/UE5/Gallery/Saved/ScreenRecordings/A037_20260616_200737_screen.mkv",421101.344,421151.344,421126.344,"1781612078675","1781612078725","2026-06-16T20:14:38.675+08:00","2026-06-16T20:14:38.725+08:00",872.692322,EXP1,"b_progress_bar",-1,-1,
"b_preview_panel","B条件预览面板","T004_b_preview_panel_0395","video_relative_to_recording_start",rectangle,780,44,1159,602,,,,"A037","T004","B",loading,,,,,1,TRUE,9850.000,9900.000,882.542297,882.592346,1920,1046,"world_widget_card_size_box_geometry",1,0,"video_relative_to_screen_recording_start",461.390961,421151.344,421201.375,1,461.390961,"1781611657574","../../../../../../Project/UE5/Gallery/Saved/ScreenRecordings/A037_20260616_200737_screen.mkv",421151.344,421201.375,421176.375,"1781612078725","1781612078775","2026-06-16T20:14:38.725+08:00","2026-06-16T20:14:38.775+08:00",872.692322,EXP1,"b_preview",-1,-1,
"b_progress_bar","B条件进度条区域","T004_b_progress_bar_0396","video_relative_to_recording_start",rectangle,801,562,1138,576,,,,"A037","T004","B",loading,,,,,1,TRUE,9850.000,9900.000,882.542297,882.592346,1920,1046,"world_widget_loading_progress_bar_geometry",1,0,"video_relative_to_screen_recording_start",461.390961,421151.344,421201.375,1,461.390961,"1781611657574","../../../../../../Project/UE5/Gallery/Saved/ScreenRecordings/A037_20260616_200737_screen.mkv",421151.344,421201.375,421176.375,"1781612078725","1781612078775","2026-06-16T20:14:38.725+08:00","2026-06-16T20:14:38.775+08:00",872.692322,EXP1,"b_progress_bar",-1,-1,
"b_preview_panel","B条件预览面板","T004_b_preview_panel_0397","video_relative_to_recording_start",rectangle,780,44,1159,602,,,,"A037","T004","B",loading,,,,,1,TRUE,9900.000,9950.000,882.592346,882.642334,1920,1046,"world_widget_card_size_box_geometry",1,0,"video_relative_to_screen_recording_start",461.390961,421201.375,421251.375,1,461.390961,"1781611657574","../../../../../../Project/UE5/Gallery/Saved/ScreenRecordings/A037_20260616_200737_screen.mkv",421201.375,421251.375,421226.375,"1781612078775","1781612078825","2026-06-16T20:14:38.775+08:00","2026-06-16T20:14:38.825+08:00",872.692322,EXP1,"b_preview",-1,-1,
"b_progress_bar","B条件进度条区域","T004_b_progress_bar_0398","video_relative_to_recording_start",rectangle,801,562,1138,576,,,,"A037","T004","B",loading,,,,,1,TRUE,9900.000,9950.000,882.592346,882.642334,1920,1046,"world_widget_loading_progress_bar_geometry",1,0,"video_relative_to_screen_recording_start",461.390961,421201.375,421251.375,1,461.390961,"1781611657574","../../../../../../Project/UE5/Gallery/Saved/ScreenRecordings/A037_20260616_200737_screen.mkv",421201.375,421251.375,421226.375,"1781612078775","1781612078825","2026-06-16T20:14:38.775+08:00","2026-06-16T20:14:38.825+08:00",872.692322,EXP1,"b_progress_bar",-1,-1,
"b_preview_panel","B条件预览面板","T004_b_preview_panel_0399","video_relative_to_recording_start",rectangle,780,44,1159,602,,,,"A037","T004","B",loading,,,,,1,TRUE,9950.000,10002.546,882.642334,882.694885,1920,1046,"world_widget_card_size_box_geometry",1,0,"video_relative_to_screen_recording_start",461.390961,421251.375,421303.938,1,461.390961,"1781611657574","../../../../../../Project/UE5/Gallery/Saved/ScreenRecordings/A037_20260616_200737_screen.mkv",421251.375,421303.938,421277.656,"1781612078825","1781612078878","2026-06-16T20:14:38.825+08:00","2026-06-16T20:14:38.877+08:00",872.692322,EXP1,"b_preview",-1,-1,
"b_progress_bar","B条件进度条区域","T004_b_progress_bar_0400","video_relative_to_recording_start",rectangle,801,562,1138,576,,,,"A037","T004","B",loading,,,,,1,TRUE,9950.000,10002.546,882.642334,882.694885,1920,1046,"world_widget_loading_progress_bar_geometry",1,0,"video_relative_to_screen_recording_start",461.390961,421251.375,421303.938,1,461.390961,"1781611657574","../../../../../../Project/UE5/Gallery/Saved/ScreenRecordings/A037_20260616_200737_screen.mkv",421251.375,421303.938,421277.656,"1781612078825","1781612078878","2026-06-16T20:14:38.825+08:00","2026-06-16T20:14:38.877+08:00",872.692322,EXP1,"b_progress_bar",-1,-1,
